ISO-10303-21;
HEADER;
/* Generated by software containing ST-Developer
 * from STEP Tools, Inc. (www.steptools.com) 
 */

FILE_DESCRIPTION(
/* description */ (''),
/* implementation_level */ '2;1');

FILE_NAME(
/* name */ 'Board_housing.step',
/* time_stamp */ '2026-09-20T22:47:50+05:30',
/* author */ (''),
/* organization */ (''),
/* preprocessor_version */ 'ST-DEVELOPER v20.2',
/* originating_system */ 'Autodesk Translation Framework v15.15.0.0',
/* authorisation */ '');

FILE_SCHEMA (('AUTOMOTIVE_DESIGN { 1 0 10303 214 3 1 1 }'));
ENDSEC;

DATA;
#10=MECHANICAL_DESIGN_GEOMETRIC_PRESENTATION_REPRESENTATION('',(#13,#14,
#15,#16),#17861);
#11=SHAPE_REPRESENTATION_RELATIONSHIP('SRR','None',#17868,#12);
#12=ADVANCED_BREP_SHAPE_REPRESENTATION('',(#17,#18,#19,#20),#17860);
#13=STYLED_ITEM('',(#17877),#17);
#14=STYLED_ITEM('',(#17877),#18);
#15=STYLED_ITEM('',(#17877),#19);
#16=STYLED_ITEM('',(#17877),#20);
#17=MANIFOLD_SOLID_BREP('Body1',#10228);
#18=MANIFOLD_SOLID_BREP('Body3',#10229);
#19=MANIFOLD_SOLID_BREP('Body4',#10230);
#20=MANIFOLD_SOLID_BREP('Body5',#10231);
#21=(
BOUNDED_CURVE()
B_SPLINE_CURVE(5,(#16502,#16503,#16504,#16505,#16506,#16507,#16508,#16509,
#16510,#16511,#16512,#16513,#16514,#16515,#16516,#16517,#16518,#16519,#16520,
#16521,#16522,#16523,#16524,#16525,#16526,#16527,#16528,#16529,#16530,#16531,
#16532,#16533,#16534,#16535,#16536,#16537,#16538,#16539,#16540,#16541,#16542,
#16543,#16544,#16545,#16546,#16547,#16548,#16549,#16550,#16551,#16552,#16553,
#16554,#16555,#16556,#16557,#16558,#16559,#16560,#16561,#16562,#16563,#16564,
#16565,#16566,#16567,#16568,#16569,#16570,#16571,#16572,#16573,#16574,#16575,
#16576,#16577,#16578,#16579,#16580,#16581,#16582,#16583,#16584,#16585,#16586,
#16587,#16588,#16589,#16590,#16591,#16592,#16593,#16594,#16595,#16596,#16597,
#16598,#16599,#16600,#16601,#16602,#16603,#16604,#16605,#16606,#16607,#16608,
#16609,#16610,#16611,#16612,#16613,#16614,#16615,#16616,#16617,#16618,#16619,
#16620,#16621,#16622,#16623,#16624,#16625,#16626,#16627,#16628,#16629,#16630,
#16631,#16632,#16633,#16634,#16635,#16636,#16637,#16638,#16639,#16640,#16641,
#16642,#16643,#16644,#16645,#16646,#16647,#16648,#16649,#16650,#16651,#16652,
#16653,#16654,#16655,#16656,#16657,#16658,#16659,#16660,#16661,#16662,#16663,
#16664,#16665,#16666,#16667,#16668,#16669,#16670,#16671,#16672,#16673,#16674,
#16675,#16676),.UNSPECIFIED.,.F.,.F.)
B_SPLINE_CURVE_WITH_KNOTS((6,1,1,1,1,1,1,1,1,1,1,1,1,1,1,1,1,1,1,1,1,1,
1,1,1,1,1,1,1,1,1,1,1,1,1,1,1,1,1,1,1,1,1,1,1,1,1,1,1,1,1,1,1,1,1,1,1,1,
1,1,1,1,1,1,1,1,1,1,1,1,1,1,1,1,1,1,1,1,1,1,1,1,1,1,1,1,1,1,1,1,1,1,1,1,
1,1,1,1,1,1,1,1,1,1,1,1,1,1,1,1,1,1,1,1,1,1,1,1,1,1,1,1,1,1,1,1,1,1,1,1,
1,1,1,1,1,1,1,1,1,1,1,1,1,1,1,1,1,1,1,1,1,1,1,1,1,1,1,1,1,1,1,1,1,1,1,1,
1,1,1,1,6),(-1.,-0.994117647058821,-0.988235294117645,-0.982352941176468,
-0.976470588235292,-0.970588235294115,-0.964705882352939,-0.958823529411762,
-0.952941176470586,-0.94705882352941,-0.941176470588233,-0.935294117647057,
-0.92941176470588,-0.923529411764704,-0.917647058823527,-0.911764705882351,
-0.905882352941174,-0.899999999999998,-0.894117647058821,-0.888235294117645,
-0.882352941176469,-0.876470588235292,-0.870588235294116,-0.864705882352939,
-0.858823529411763,-0.852941176470586,-0.84705882352941,-0.841176470588233,
-0.835294117647057,-0.829411764705881,-0.823529411764704,-0.817647058823528,
-0.811764705882351,-0.805882352941175,-0.799999999999998,-0.794117647058822,
-0.788235294117645,-0.782352941176469,-0.776470588235292,-0.770588235294116,
-0.76470588235294,-0.758823529411763,-0.752941176470587,-0.74705882352941,
-0.741176470588234,-0.735294117647057,-0.729411764705881,-0.723529411764704,
-0.717647058823528,-0.711764705882352,-0.705882352941175,-0.699999999999999,
-0.694117647058822,-0.688235294117646,-0.682352941176469,-0.676470588235293,
-0.670588235294116,-0.66470588235294,-0.658823529411763,-0.652941176470587,
-0.647058823529411,-0.641176470588234,-0.635294117647058,-0.629411764705881,
-0.623529411764705,-0.617647058823528,-0.611764705882352,-0.605882352941175,
-0.599999999999999,-0.594117647058823,-0.588235294117646,-0.58235294117647,
-0.576470588235293,-0.570588235294117,-0.56470588235294,-0.558823529411764,
-0.552941176470587,-0.547058823529411,-0.541176470588234,-0.535294117647058,
-0.529411764705882,-0.523529411764705,-0.517647058823529,-0.511764705882352,
-0.505882352941176,-0.499999999999999,-0.494117647058823,-0.488235294117646,
-0.48235294117647,-0.476470588235294,-0.470588235294117,-0.464705882352941,
-0.458823529411764,-0.452941176470588,-0.447058823529411,-0.441176470588235,
-0.435294117647058,-0.429411764705882,-0.423529411764705,-0.417647058823529,
-0.411764705882353,-0.405882352941176,-0.4,-0.394117647058823,-0.388235294117647,
-0.38235294117647,-0.376470588235294,-0.370588235294117,-0.364705882352941,
-0.358823529411765,-0.352941176470588,-0.347058823529412,-0.341176470588235,
-0.335294117647059,-0.329411764705882,-0.323529411764706,-0.317647058823529,
-0.311764705882353,-0.305882352941176,-0.3,-0.294117647058824,-0.288235294117647,
-0.282352941176471,-0.276470588235294,-0.270588235294118,-0.264705882352941,
-0.258823529411765,-0.252941176470588,-0.247058823529412,-0.241176470588235,
-0.235294117647059,-0.229411764705883,-0.223529411764706,-0.21764705882353,
-0.211764705882353,-0.205882352941177,-0.2,-0.194117647058824,-0.188235294117647,
-0.182352941176471,-0.176470588235294,-0.170588235294118,-0.164705882352941,
-0.158823529411765,-0.152941176470588,-0.147058823529412,-0.141176470588235,
-0.135294117647059,-0.129411764705882,-0.123529411764706,-0.117647058823529,
-0.111764705882353,-0.105882352941177,-0.1,-0.0941176470588236,-0.0882352941176471,
-0.0823529411764706,-0.0764705882352941,-0.0705882352941176,-0.0647058823529412,
-0.0588235294117647,-0.0529411764705882,-0.0470588235294118,-0.0411764705882353,
-0.0352941176470588,-0.0294117647058824,-0.0235294117647059,-0.0176470588235294,
-0.0117647058823529,-0.00588235294117647,0.),.UNSPECIFIED.)
CURVE()
GEOMETRIC_REPRESENTATION_ITEM()
RATIONAL_B_SPLINE_CURVE((1.,1.,1.,1.,1.,1.,1.,1.,1.,1.,1.,1.,1.,1.,1.,1.,
1.,1.,1.,1.,1.,1.,1.,1.,1.,1.,1.,1.,1.,1.,1.,1.,1.,1.,1.,1.,1.,1.,1.,1.,
1.,1.,1.,1.,1.,1.,1.,1.,1.,1.,1.,1.,1.,1.,1.,1.,1.,1.,1.,1.,1.,1.,1.,1.,
1.,1.,1.,1.,1.,1.,1.,1.,1.,1.,1.,1.,1.,1.,1.,1.,1.,1.,1.,1.,1.,1.,1.,1.,
1.,1.,1.,1.,1.,1.,1.,1.,1.,1.,1.,1.,1.,1.,1.,1.,1.,1.,1.,1.,1.,1.,1.,1.,
1.,1.,1.,1.,1.,1.,1.,1.,1.,1.,1.,1.,1.,1.,1.,1.,1.,1.,1.,1.,1.,1.,1.,1.,
1.,1.,1.,1.,1.,1.,1.,1.,1.,1.,1.,1.,1.,1.,1.,1.,1.,1.,1.,1.,1.,1.,1.,1.,
1.,1.,1.,1.,1.,1.,1.,1.,1.,1.,1.,1.,1.,1.,1.))
REPRESENTATION_ITEM('')
);
#22=(
BOUNDED_CURVE()
B_SPLINE_CURVE(5,(#16680,#16681,#16682,#16683,#16684,#16685,#16686,#16687,
#16688,#16689,#16690,#16691,#16692,#16693,#16694,#16695,#16696,#16697,#16698,
#16699,#16700,#16701,#16702,#16703,#16704,#16705,#16706,#16707,#16708,#16709,
#16710,#16711,#16712,#16713,#16714,#16715,#16716,#16717,#16718,#16719,#16720,
#16721,#16722,#16723,#16724,#16725,#16726,#16727,#16728,#16729,#16730,#16731,
#16732,#16733,#16734,#16735,#16736,#16737,#16738,#16739,#16740,#16741,#16742,
#16743,#16744,#16745,#16746,#16747,#16748,#16749,#16750,#16751,#16752,#16753,
#16754,#16755,#16756,#16757,#16758,#16759,#16760,#16761,#16762,#16763,#16764,
#16765,#16766,#16767,#16768,#16769,#16770,#16771,#16772,#16773,#16774,#16775,
#16776,#16777,#16778,#16779,#16780,#16781,#16782,#16783,#16784,#16785,#16786,
#16787,#16788,#16789,#16790,#16791,#16792,#16793,#16794,#16795,#16796,#16797,
#16798,#16799,#16800,#16801,#16802,#16803,#16804,#16805,#16806,#16807,#16808,
#16809,#16810,#16811,#16812,#16813,#16814,#16815,#16816,#16817,#16818,#16819,
#16820,#16821,#16822,#16823,#16824,#16825,#16826,#16827,#16828,#16829,#16830,
#16831,#16832,#16833,#16834,#16835,#16836,#16837,#16838,#16839,#16840,#16841,
#16842,#16843,#16844,#16845,#16846,#16847,#16848,#16849,#16850,#16851,#16852,
#16853,#16854),.UNSPECIFIED.,.F.,.F.)
B_SPLINE_CURVE_WITH_KNOTS((6,1,1,1,1,1,1,1,1,1,1,1,1,1,1,1,1,1,1,1,1,1,
1,1,1,1,1,1,1,1,1,1,1,1,1,1,1,1,1,1,1,1,1,1,1,1,1,1,1,1,1,1,1,1,1,1,1,1,
1,1,1,1,1,1,1,1,1,1,1,1,1,1,1,1,1,1,1,1,1,1,1,1,1,1,1,1,1,1,1,1,1,1,1,1,
1,1,1,1,1,1,1,1,1,1,1,1,1,1,1,1,1,1,1,1,1,1,1,1,1,1,1,1,1,1,1,1,1,1,1,1,
1,1,1,1,1,1,1,1,1,1,1,1,1,1,1,1,1,1,1,1,1,1,1,1,1,1,1,1,1,1,1,1,1,1,1,1,
1,1,1,1,6),(-1.,-0.994117647058821,-0.988235294117645,-0.982352941176468,
-0.976470588235292,-0.970588235294115,-0.964705882352939,-0.958823529411762,
-0.952941176470586,-0.94705882352941,-0.941176470588233,-0.935294117647057,
-0.92941176470588,-0.923529411764704,-0.917647058823527,-0.911764705882351,
-0.905882352941174,-0.899999999999998,-0.894117647058821,-0.888235294117645,
-0.882352941176469,-0.876470588235292,-0.870588235294116,-0.864705882352939,
-0.858823529411763,-0.852941176470586,-0.84705882352941,-0.841176470588233,
-0.835294117647057,-0.829411764705881,-0.823529411764704,-0.817647058823528,
-0.811764705882351,-0.805882352941175,-0.799999999999998,-0.794117647058822,
-0.788235294117645,-0.782352941176469,-0.776470588235292,-0.770588235294116,
-0.76470588235294,-0.758823529411763,-0.752941176470587,-0.74705882352941,
-0.741176470588234,-0.735294117647057,-0.729411764705881,-0.723529411764704,
-0.717647058823528,-0.711764705882352,-0.705882352941175,-0.699999999999999,
-0.694117647058822,-0.688235294117646,-0.682352941176469,-0.676470588235293,
-0.670588235294116,-0.66470588235294,-0.658823529411763,-0.652941176470587,
-0.647058823529411,-0.641176470588234,-0.635294117647058,-0.629411764705881,
-0.623529411764705,-0.617647058823528,-0.611764705882352,-0.605882352941175,
-0.599999999999999,-0.594117647058823,-0.588235294117646,-0.58235294117647,
-0.576470588235293,-0.570588235294117,-0.56470588235294,-0.558823529411764,
-0.552941176470587,-0.547058823529411,-0.541176470588234,-0.535294117647058,
-0.529411764705882,-0.523529411764705,-0.517647058823529,-0.511764705882352,
-0.505882352941176,-0.499999999999999,-0.494117647058823,-0.488235294117646,
-0.48235294117647,-0.476470588235294,-0.470588235294117,-0.464705882352941,
-0.458823529411764,-0.452941176470588,-0.447058823529411,-0.441176470588235,
-0.435294117647058,-0.429411764705882,-0.423529411764705,-0.417647058823529,
-0.411764705882353,-0.405882352941176,-0.4,-0.394117647058823,-0.388235294117647,
-0.38235294117647,-0.376470588235294,-0.370588235294117,-0.364705882352941,
-0.358823529411765,-0.352941176470588,-0.347058823529412,-0.341176470588235,
-0.335294117647059,-0.329411764705882,-0.323529411764706,-0.317647058823529,
-0.311764705882353,-0.305882352941176,-0.3,-0.294117647058824,-0.288235294117647,
-0.282352941176471,-0.276470588235294,-0.270588235294118,-0.264705882352941,
-0.258823529411765,-0.252941176470588,-0.247058823529412,-0.241176470588235,
-0.235294117647059,-0.229411764705883,-0.223529411764706,-0.21764705882353,
-0.211764705882353,-0.205882352941177,-0.2,-0.194117647058824,-0.188235294117647,
-0.182352941176471,-0.176470588235294,-0.170588235294118,-0.164705882352941,
-0.158823529411765,-0.152941176470588,-0.147058823529412,-0.141176470588235,
-0.135294117647059,-0.129411764705882,-0.123529411764706,-0.117647058823529,
-0.111764705882353,-0.105882352941177,-0.1,-0.0941176470588236,-0.0882352941176471,
-0.0823529411764706,-0.0764705882352941,-0.0705882352941176,-0.0647058823529412,
-0.0588235294117647,-0.0529411764705882,-0.0470588235294118,-0.0411764705882353,
-0.0352941176470588,-0.0294117647058824,-0.0235294117647059,-0.0176470588235294,
-0.0117647058823529,-0.00588235294117647,0.),.UNSPECIFIED.)
CURVE()
GEOMETRIC_REPRESENTATION_ITEM()
RATIONAL_B_SPLINE_CURVE((1.,1.,1.,1.,1.,1.,1.,1.,1.,1.,1.,1.,1.,1.,1.,1.,
1.,1.,1.,1.,1.,1.,1.,1.,1.,1.,1.,1.,1.,1.,1.,1.,1.,1.,1.,1.,1.,1.,1.,1.,
1.,1.,1.,1.,1.,1.,1.,1.,1.,1.,1.,1.,1.,1.,1.,1.,1.,1.,1.,1.,1.,1.,1.,1.,
1.,1.,1.,1.,1.,1.,1.,1.,1.,1.,1.,1.,1.,1.,1.,1.,1.,1.,1.,1.,1.,1.,1.,1.,
1.,1.,1.,1.,1.,1.,1.,1.,1.,1.,1.,1.,1.,1.,1.,1.,1.,1.,1.,1.,1.,1.,1.,1.,
1.,1.,1.,1.,1.,1.,1.,1.,1.,1.,1.,1.,1.,1.,1.,1.,1.,1.,1.,1.,1.,1.,1.,1.,
1.,1.,1.,1.,1.,1.,1.,1.,1.,1.,1.,1.,1.,1.,1.,1.,1.,1.,1.,1.,1.,1.,1.,1.,
1.,1.,1.,1.,1.,1.,1.,1.,1.,1.,1.,1.,1.,1.,1.))
REPRESENTATION_ITEM('')
);
#23=(
BOUNDED_CURVE()
B_SPLINE_CURVE(5,(#17143,#17144,#17145,#17146,#17147,#17148,#17149,#17150,
#17151,#17152,#17153,#17154,#17155,#17156,#17157,#17158,#17159,#17160,#17161,
#17162,#17163,#17164,#17165,#17166,#17167,#17168,#17169,#17170,#17171,#17172,
#17173,#17174,#17175,#17176,#17177,#17178,#17179,#17180,#17181,#17182,#17183,
#17184,#17185,#17186,#17187,#17188,#17189,#17190,#17191,#17192,#17193,#17194,
#17195,#17196,#17197,#17198,#17199,#17200,#17201,#17202,#17203,#17204,#17205,
#17206,#17207,#17208,#17209,#17210,#17211,#17212,#17213,#17214,#17215,#17216,
#17217,#17218,#17219,#17220,#17221,#17222,#17223,#17224,#17225,#17226,#17227,
#17228,#17229,#17230,#17231,#17232,#17233,#17234,#17235,#17236,#17237,#17238,
#17239,#17240,#17241,#17242,#17243,#17244,#17245,#17246,#17247,#17248,#17249,
#17250,#17251,#17252,#17253,#17254,#17255,#17256,#17257,#17258,#17259,#17260,
#17261,#17262,#17263,#17264,#17265,#17266,#17267,#17268,#17269,#17270,#17271,
#17272,#17273,#17274,#17275,#17276,#17277,#17278,#17279,#17280,#17281,#17282),
 .UNSPECIFIED.,.F.,.F.)
B_SPLINE_CURVE_WITH_KNOTS((6,1,1,1,1,1,1,1,1,1,1,1,1,1,1,1,1,1,1,1,1,1,
1,1,1,1,1,1,1,1,1,1,1,1,1,1,1,1,1,1,1,1,1,1,1,1,1,1,1,1,1,1,1,1,1,1,1,1,
1,1,1,1,1,1,1,1,1,1,1,1,1,1,1,1,1,1,1,1,1,1,1,1,1,1,1,1,1,1,1,1,1,1,1,1,
1,1,1,1,1,1,1,1,1,1,1,1,1,1,1,1,1,1,1,1,1,1,1,1,1,1,1,1,1,1,1,1,1,1,1,1,
1,1,1,1,1,6),(-1.,-0.992592592592594,-0.985185185185186,-0.977777777777779,
-0.970370370370372,-0.962962962962964,-0.955555555555557,-0.948148148148149,
-0.940740740740742,-0.933333333333334,-0.925925925925927,-0.91851851851852,
-0.911111111111112,-0.903703703703705,-0.896296296296297,-0.88888888888889,
-0.881481481481483,-0.874074074074075,-0.866666666666668,-0.85925925925926,
-0.851851851851853,-0.844444444444445,-0.837037037037038,-0.829629629629631,
-0.822222222222223,-0.814814814814816,-0.807407407407408,-0.800000000000001,
-0.792592592592594,-0.785185185185186,-0.777777777777779,-0.770370370370371,
-0.762962962962964,-0.755555555555556,-0.748148148148149,-0.740740740740742,
-0.733333333333334,-0.725925925925927,-0.718518518518519,-0.711111111111112,
-0.703703703703704,-0.696296296296297,-0.68888888888889,-0.681481481481482,
-0.674074074074075,-0.666666666666667,-0.65925925925926,-0.651851851851853,
-0.644444444444445,-0.637037037037038,-0.62962962962963,-0.622222222222223,
-0.614814814814815,-0.607407407407408,-0.600000000000001,-0.592592592592593,
-0.585185185185186,-0.577777777777778,-0.570370370370371,-0.562962962962964,
-0.555555555555556,-0.548148148148149,-0.540740740740741,-0.533333333333334,
-0.525925925925926,-0.518518518518519,-0.511111111111112,-0.503703703703704,
-0.496296296296297,-0.488888888888889,-0.481481481481482,-0.474074074074075,
-0.466666666666667,-0.45925925925926,-0.451851851851852,-0.444444444444445,
-0.437037037037037,-0.42962962962963,-0.422222222222223,-0.414814814814815,
-0.407407407407408,-0.4,-0.392592592592593,-0.385185185185186,-0.377777777777778,
-0.370370370370371,-0.362962962962963,-0.355555555555556,-0.348148148148148,
-0.340740740740741,-0.333333333333334,-0.325925925925926,-0.318518518518519,
-0.311111111111111,-0.303703703703704,-0.296296296296297,-0.288888888888889,
-0.281481481481482,-0.274074074074074,-0.266666666666667,-0.259259259259259,
-0.251851851851852,-0.244444444444445,-0.237037037037037,-0.22962962962963,
-0.222222222222222,-0.214814814814815,-0.207407407407407,-0.2,-0.192592592592593,
-0.185185185185185,-0.177777777777778,-0.17037037037037,-0.162962962962963,
-0.155555555555556,-0.148148148148148,-0.140740740740741,-0.133333333333333,
-0.125925925925926,-0.118518518518518,-0.111111111111111,-0.103703703703704,
-0.0962962962962963,-0.0888888888888889,-0.0814814814814815,-0.0740740740740741,
-0.0666666666666667,-0.0592592592592592,-0.0518518518518518,-0.0444444444444444,
-0.037037037037037,-0.0296296296296296,-0.0222222222222222,-0.0148148148148148,
-0.00740740740740741,0.),.UNSPECIFIED.)
CURVE()
GEOMETRIC_REPRESENTATION_ITEM()
RATIONAL_B_SPLINE_CURVE((1.,1.,1.,1.,1.,1.,1.,1.,1.,1.,1.,1.,1.,1.,1.,1.,
1.,1.,1.,1.,1.,1.,1.,1.,1.,1.,1.,1.,1.,1.,1.,1.,1.,1.,1.,1.,1.,1.,1.,1.,
1.,1.,1.,1.,1.,1.,1.,1.,1.,1.,1.,1.,1.,1.,1.,1.,1.,1.,1.,1.,1.,1.,1.,1.,
1.,1.,1.,1.,1.,1.,1.,1.,1.,1.,1.,1.,1.,1.,1.,1.,1.,1.,1.,1.,1.,1.,1.,1.,
1.,1.,1.,1.,1.,1.,1.,1.,1.,1.,1.,1.,1.,1.,1.,1.,1.,1.,1.,1.,1.,1.,1.,1.,
1.,1.,1.,1.,1.,1.,1.,1.,1.,1.,1.,1.,1.,1.,1.,1.,1.,1.,1.,1.,1.,1.,1.,1.,
1.,1.,1.,1.))
REPRESENTATION_ITEM('')
);
#24=(
BOUNDED_CURVE()
B_SPLINE_CURVE(5,(#17285,#17286,#17287,#17288,#17289,#17290,#17291,#17292,
#17293,#17294,#17295,#17296,#17297,#17298,#17299,#17300,#17301,#17302,#17303,
#17304,#17305,#17306,#17307,#17308,#17309,#17310,#17311,#17312,#17313,#17314,
#17315,#17316,#17317,#17318,#17319,#17320,#17321,#17322,#17323,#17324,#17325,
#17326,#17327,#17328,#17329,#17330,#17331,#17332,#17333,#17334,#17335,#17336,
#17337,#17338,#17339,#17340,#17341,#17342,#17343,#17344,#17345,#17346,#17347,
#17348,#17349,#17350,#17351,#17352,#17353,#17354,#17355,#17356,#17357,#17358,
#17359,#17360,#17361,#17362,#17363,#17364,#17365,#17366,#17367,#17368,#17369,
#17370,#17371,#17372,#17373,#17374,#17375,#17376,#17377,#17378,#17379,#17380,
#17381,#17382,#17383,#17384,#17385,#17386,#17387,#17388,#17389,#17390,#17391,
#17392,#17393,#17394,#17395,#17396,#17397,#17398,#17399,#17400,#17401,#17402,
#17403,#17404,#17405,#17406,#17407,#17408,#17409,#17410,#17411,#17412,#17413,
#17414,#17415,#17416,#17417,#17418,#17419,#17420,#17421,#17422,#17423,#17424),
 .UNSPECIFIED.,.F.,.F.)
B_SPLINE_CURVE_WITH_KNOTS((6,1,1,1,1,1,1,1,1,1,1,1,1,1,1,1,1,1,1,1,1,1,
1,1,1,1,1,1,1,1,1,1,1,1,1,1,1,1,1,1,1,1,1,1,1,1,1,1,1,1,1,1,1,1,1,1,1,1,
1,1,1,1,1,1,1,1,1,1,1,1,1,1,1,1,1,1,1,1,1,1,1,1,1,1,1,1,1,1,1,1,1,1,1,1,
1,1,1,1,1,1,1,1,1,1,1,1,1,1,1,1,1,1,1,1,1,1,1,1,1,1,1,1,1,1,1,1,1,1,1,1,
1,1,1,1,1,6),(-1.,-0.992592592592594,-0.985185185185186,-0.977777777777779,
-0.970370370370372,-0.962962962962964,-0.955555555555557,-0.948148148148149,
-0.940740740740742,-0.933333333333334,-0.925925925925927,-0.91851851851852,
-0.911111111111112,-0.903703703703705,-0.896296296296297,-0.88888888888889,
-0.881481481481483,-0.874074074074075,-0.866666666666668,-0.85925925925926,
-0.851851851851853,-0.844444444444445,-0.837037037037038,-0.829629629629631,
-0.822222222222223,-0.814814814814816,-0.807407407407408,-0.800000000000001,
-0.792592592592594,-0.785185185185186,-0.777777777777779,-0.770370370370371,
-0.762962962962964,-0.755555555555556,-0.748148148148149,-0.740740740740742,
-0.733333333333334,-0.725925925925927,-0.718518518518519,-0.711111111111112,
-0.703703703703704,-0.696296296296297,-0.68888888888889,-0.681481481481482,
-0.674074074074075,-0.666666666666667,-0.65925925925926,-0.651851851851853,
-0.644444444444445,-0.637037037037038,-0.62962962962963,-0.622222222222223,
-0.614814814814815,-0.607407407407408,-0.600000000000001,-0.592592592592593,
-0.585185185185186,-0.577777777777778,-0.570370370370371,-0.562962962962964,
-0.555555555555556,-0.548148148148149,-0.540740740740741,-0.533333333333334,
-0.525925925925926,-0.518518518518519,-0.511111111111112,-0.503703703703704,
-0.496296296296297,-0.488888888888889,-0.481481481481482,-0.474074074074075,
-0.466666666666667,-0.45925925925926,-0.451851851851852,-0.444444444444445,
-0.437037037037037,-0.42962962962963,-0.422222222222223,-0.414814814814815,
-0.407407407407408,-0.4,-0.392592592592593,-0.385185185185186,-0.377777777777778,
-0.370370370370371,-0.362962962962963,-0.355555555555556,-0.348148148148148,
-0.340740740740741,-0.333333333333334,-0.325925925925926,-0.318518518518519,
-0.311111111111111,-0.303703703703704,-0.296296296296297,-0.288888888888889,
-0.281481481481482,-0.274074074074074,-0.266666666666667,-0.259259259259259,
-0.251851851851852,-0.244444444444445,-0.237037037037037,-0.22962962962963,
-0.222222222222222,-0.214814814814815,-0.207407407407407,-0.2,-0.192592592592593,
-0.185185185185185,-0.177777777777778,-0.17037037037037,-0.162962962962963,
-0.155555555555556,-0.148148148148148,-0.140740740740741,-0.133333333333333,
-0.125925925925926,-0.118518518518518,-0.111111111111111,-0.103703703703704,
-0.0962962962962963,-0.0888888888888889,-0.0814814814814815,-0.0740740740740741,
-0.0666666666666667,-0.0592592592592592,-0.0518518518518518,-0.0444444444444444,
-0.037037037037037,-0.0296296296296296,-0.0222222222222222,-0.0148148148148148,
-0.00740740740740741,0.),.UNSPECIFIED.)
CURVE()
GEOMETRIC_REPRESENTATION_ITEM()
RATIONAL_B_SPLINE_CURVE((1.,1.,1.,1.,1.,1.,1.,1.,1.,1.,1.,1.,1.,1.,1.,1.,
1.,1.,1.,1.,1.,1.,1.,1.,1.,1.,1.,1.,1.,1.,1.,1.,1.,1.,1.,1.,1.,1.,1.,1.,
1.,1.,1.,1.,1.,1.,1.,1.,1.,1.,1.,1.,1.,1.,1.,1.,1.,1.,1.,1.,1.,1.,1.,1.,
1.,1.,1.,1.,1.,1.,1.,1.,1.,1.,1.,1.,1.,1.,1.,1.,1.,1.,1.,1.,1.,1.,1.,1.,
1.,1.,1.,1.,1.,1.,1.,1.,1.,1.,1.,1.,1.,1.,1.,1.,1.,1.,1.,1.,1.,1.,1.,1.,
1.,1.,1.,1.,1.,1.,1.,1.,1.,1.,1.,1.,1.,1.,1.,1.,1.,1.,1.,1.,1.,1.,1.,1.,
1.,1.,1.,1.))
REPRESENTATION_ITEM('')
);
#25=(
BOUNDED_SURFACE()
B_SPLINE_SURFACE(5,1,((#16150,#16151),(#16152,#16153),(#16154,#16155),(#16156,
#16157),(#16158,#16159),(#16160,#16161),(#16162,#16163),(#16164,#16165),
(#16166,#16167),(#16168,#16169),(#16170,#16171),(#16172,#16173),(#16174,
#16175),(#16176,#16177),(#16178,#16179),(#16180,#16181),(#16182,#16183),
(#16184,#16185),(#16186,#16187),(#16188,#16189),(#16190,#16191),(#16192,
#16193),(#16194,#16195),(#16196,#16197),(#16198,#16199),(#16200,#16201),
(#16202,#16203),(#16204,#16205),(#16206,#16207),(#16208,#16209),(#16210,
#16211),(#16212,#16213),(#16214,#16215),(#16216,#16217),(#16218,#16219),
(#16220,#16221),(#16222,#16223),(#16224,#16225),(#16226,#16227),(#16228,
#16229),(#16230,#16231),(#16232,#16233),(#16234,#16235),(#16236,#16237),
(#16238,#16239),(#16240,#16241),(#16242,#16243),(#16244,#16245),(#16246,
#16247),(#16248,#16249),(#16250,#16251),(#16252,#16253),(#16254,#16255),
(#16256,#16257),(#16258,#16259),(#16260,#16261),(#16262,#16263),(#16264,
#16265),(#16266,#16267),(#16268,#16269),(#16270,#16271),(#16272,#16273),
(#16274,#16275),(#16276,#16277),(#16278,#16279),(#16280,#16281),(#16282,
#16283),(#16284,#16285),(#16286,#16287),(#16288,#16289),(#16290,#16291),
(#16292,#16293),(#16294,#16295),(#16296,#16297),(#16298,#16299),(#16300,
#16301),(#16302,#16303),(#16304,#16305),(#16306,#16307),(#16308,#16309),
(#16310,#16311),(#16312,#16313),(#16314,#16315),(#16316,#16317),(#16318,
#16319),(#16320,#16321),(#16322,#16323),(#16324,#16325),(#16326,#16327),
(#16328,#16329),(#16330,#16331),(#16332,#16333),(#16334,#16335),(#16336,
#16337),(#16338,#16339),(#16340,#16341),(#16342,#16343),(#16344,#16345),
(#16346,#16347),(#16348,#16349),(#16350,#16351),(#16352,#16353),(#16354,
#16355),(#16356,#16357),(#16358,#16359),(#16360,#16361),(#16362,#16363),
(#16364,#16365),(#16366,#16367),(#16368,#16369),(#16370,#16371),(#16372,
#16373),(#16374,#16375),(#16376,#16377),(#16378,#16379),(#16380,#16381),
(#16382,#16383),(#16384,#16385),(#16386,#16387),(#16388,#16389),(#16390,
#16391),(#16392,#16393),(#16394,#16395),(#16396,#16397),(#16398,#16399),
(#16400,#16401),(#16402,#16403),(#16404,#16405),(#16406,#16407),(#16408,
#16409),(#16410,#16411),(#16412,#16413),(#16414,#16415),(#16416,#16417),
(#16418,#16419),(#16420,#16421),(#16422,#16423),(#16424,#16425),(#16426,
#16427),(#16428,#16429),(#16430,#16431),(#16432,#16433),(#16434,#16435),
(#16436,#16437),(#16438,#16439),(#16440,#16441),(#16442,#16443),(#16444,
#16445),(#16446,#16447),(#16448,#16449),(#16450,#16451),(#16452,#16453),
(#16454,#16455),(#16456,#16457),(#16458,#16459),(#16460,#16461),(#16462,
#16463),(#16464,#16465),(#16466,#16467),(#16468,#16469),(#16470,#16471),
(#16472,#16473),(#16474,#16475),(#16476,#16477),(#16478,#16479),(#16480,
#16481),(#16482,#16483),(#16484,#16485),(#16486,#16487),(#16488,#16489),
(#16490,#16491),(#16492,#16493),(#16494,#16495),(#16496,#16497),(#16498,
#16499)),.UNSPECIFIED.,.F.,.F.,.F.)
B_SPLINE_SURFACE_WITH_KNOTS((6,1,1,1,1,1,1,1,1,1,1,1,1,1,1,1,1,1,1,1,1,
1,1,1,1,1,1,1,1,1,1,1,1,1,1,1,1,1,1,1,1,1,1,1,1,1,1,1,1,1,1,1,1,1,1,1,1,
1,1,1,1,1,1,1,1,1,1,1,1,1,1,1,1,1,1,1,1,1,1,1,1,1,1,1,1,1,1,1,1,1,1,1,1,
1,1,1,1,1,1,1,1,1,1,1,1,1,1,1,1,1,1,1,1,1,1,1,1,1,1,1,1,1,1,1,1,1,1,1,1,
1,1,1,1,1,1,1,1,1,1,1,1,1,1,1,1,1,1,1,1,1,1,1,1,1,1,1,1,1,1,1,1,1,1,1,1,
1,1,1,1,1,6),(2,2),(-1.,-0.994117647058821,-0.988235294117645,-0.982352941176468,
-0.976470588235292,-0.970588235294115,-0.964705882352939,-0.958823529411762,
-0.952941176470586,-0.94705882352941,-0.941176470588233,-0.935294117647057,
-0.92941176470588,-0.923529411764704,-0.917647058823527,-0.911764705882351,
-0.905882352941174,-0.899999999999998,-0.894117647058821,-0.888235294117645,
-0.882352941176469,-0.876470588235292,-0.870588235294116,-0.864705882352939,
-0.858823529411763,-0.852941176470586,-0.84705882352941,-0.841176470588233,
-0.835294117647057,-0.829411764705881,-0.823529411764704,-0.817647058823528,
-0.811764705882351,-0.805882352941175,-0.799999999999998,-0.794117647058822,
-0.788235294117645,-0.782352941176469,-0.776470588235292,-0.770588235294116,
-0.76470588235294,-0.758823529411763,-0.752941176470587,-0.74705882352941,
-0.741176470588234,-0.735294117647057,-0.729411764705881,-0.723529411764704,
-0.717647058823528,-0.711764705882352,-0.705882352941175,-0.699999999999999,
-0.694117647058822,-0.688235294117646,-0.682352941176469,-0.676470588235293,
-0.670588235294116,-0.66470588235294,-0.658823529411763,-0.652941176470587,
-0.647058823529411,-0.641176470588234,-0.635294117647058,-0.629411764705881,
-0.623529411764705,-0.617647058823528,-0.611764705882352,-0.605882352941175,
-0.599999999999999,-0.594117647058823,-0.588235294117646,-0.58235294117647,
-0.576470588235293,-0.570588235294117,-0.56470588235294,-0.558823529411764,
-0.552941176470587,-0.547058823529411,-0.541176470588234,-0.535294117647058,
-0.529411764705882,-0.523529411764705,-0.517647058823529,-0.511764705882352,
-0.505882352941176,-0.499999999999999,-0.494117647058823,-0.488235294117646,
-0.48235294117647,-0.476470588235294,-0.470588235294117,-0.464705882352941,
-0.458823529411764,-0.452941176470588,-0.447058823529411,-0.441176470588235,
-0.435294117647058,-0.429411764705882,-0.423529411764705,-0.417647058823529,
-0.411764705882353,-0.405882352941176,-0.4,-0.394117647058823,-0.388235294117647,
-0.38235294117647,-0.376470588235294,-0.370588235294117,-0.364705882352941,
-0.358823529411765,-0.352941176470588,-0.347058823529412,-0.341176470588235,
-0.335294117647059,-0.329411764705882,-0.323529411764706,-0.317647058823529,
-0.311764705882353,-0.305882352941176,-0.3,-0.294117647058824,-0.288235294117647,
-0.282352941176471,-0.276470588235294,-0.270588235294118,-0.264705882352941,
-0.258823529411765,-0.252941176470588,-0.247058823529412,-0.241176470588235,
-0.235294117647059,-0.229411764705883,-0.223529411764706,-0.21764705882353,
-0.211764705882353,-0.205882352941177,-0.2,-0.194117647058824,-0.188235294117647,
-0.182352941176471,-0.176470588235294,-0.170588235294118,-0.164705882352941,
-0.158823529411765,-0.152941176470588,-0.147058823529412,-0.141176470588235,
-0.135294117647059,-0.129411764705882,-0.123529411764706,-0.117647058823529,
-0.111764705882353,-0.105882352941177,-0.1,-0.0941176470588236,-0.0882352941176471,
-0.0823529411764706,-0.0764705882352941,-0.0705882352941176,-0.0647058823529412,
-0.0588235294117647,-0.0529411764705882,-0.0470588235294118,-0.0411764705882353,
-0.0352941176470588,-0.0294117647058824,-0.0235294117647059,-0.0176470588235294,
-0.0117647058823529,-0.00588235294117647,0.),(0.,0.2),.UNSPECIFIED.)
GEOMETRIC_REPRESENTATION_ITEM()
RATIONAL_B_SPLINE_SURFACE(((1.,1.),(1.,1.),(1.,1.),(1.,1.),(1.,1.),(1.,
1.),(1.,1.),(1.,1.),(1.,1.),(1.,1.),(1.,1.),(1.,1.),(1.,1.),(1.,1.),(1.,
1.),(1.,1.),(1.,1.),(1.,1.),(1.,1.),(1.,1.),(1.,1.),(1.,1.),(1.,1.),(1.,
1.),(1.,1.),(1.,1.),(1.,1.),(1.,1.),(1.,1.),(1.,1.),(1.,1.),(1.,1.),(1.,
1.),(1.,1.),(1.,1.),(1.,1.),(1.,1.),(1.,1.),(1.,1.),(1.,1.),(1.,1.),(1.,
1.),(1.,1.),(1.,1.),(1.,1.),(1.,1.),(1.,1.),(1.,1.),(1.,1.),(1.,1.),(1.,
1.),(1.,1.),(1.,1.),(1.,1.),(1.,1.),(1.,1.),(1.,1.),(1.,1.),(1.,1.),(1.,
1.),(1.,1.),(1.,1.),(1.,1.),(1.,1.),(1.,1.),(1.,1.),(1.,1.),(1.,1.),(1.,
1.),(1.,1.),(1.,1.),(1.,1.),(1.,1.),(1.,1.),(1.,1.),(1.,1.),(1.,1.),(1.,
1.),(1.,1.),(1.,1.),(1.,1.),(1.,1.),(1.,1.),(1.,1.),(1.,1.),(1.,1.),(1.,
1.),(1.,1.),(1.,1.),(1.,1.),(1.,1.),(1.,1.),(1.,1.),(1.,1.),(1.,1.),(1.,
1.),(1.,1.),(1.,1.),(1.,1.),(1.,1.),(1.,1.),(1.,1.),(1.,1.),(1.,1.),(1.,
1.),(1.,1.),(1.,1.),(1.,1.),(1.,1.),(1.,1.),(1.,1.),(1.,1.),(1.,1.),(1.,
1.),(1.,1.),(1.,1.),(1.,1.),(1.,1.),(1.,1.),(1.,1.),(1.,1.),(1.,1.),(1.,
1.),(1.,1.),(1.,1.),(1.,1.),(1.,1.),(1.,1.),(1.,1.),(1.,1.),(1.,1.),(1.,
1.),(1.,1.),(1.,1.),(1.,1.),(1.,1.),(1.,1.),(1.,1.),(1.,1.),(1.,1.),(1.,
1.),(1.,1.),(1.,1.),(1.,1.),(1.,1.),(1.,1.),(1.,1.),(1.,1.),(1.,1.),(1.,
1.),(1.,1.),(1.,1.),(1.,1.),(1.,1.),(1.,1.),(1.,1.),(1.,1.),(1.,1.),(1.,
1.),(1.,1.),(1.,1.),(1.,1.),(1.,1.),(1.,1.),(1.,1.),(1.,1.),(1.,1.),(1.,
1.),(1.,1.),(1.,1.),(1.,1.),(1.,1.),(1.,1.),(1.,1.),(1.,1.)))
REPRESENTATION_ITEM('')
SURFACE()
);
#26=(
BOUNDED_SURFACE()
B_SPLINE_SURFACE(5,1,((#16862,#16863),(#16864,#16865),(#16866,#16867),(#16868,
#16869),(#16870,#16871),(#16872,#16873),(#16874,#16875),(#16876,#16877),
(#16878,#16879),(#16880,#16881),(#16882,#16883),(#16884,#16885),(#16886,
#16887),(#16888,#16889),(#16890,#16891),(#16892,#16893),(#16894,#16895),
(#16896,#16897),(#16898,#16899),(#16900,#16901),(#16902,#16903),(#16904,
#16905),(#16906,#16907),(#16908,#16909),(#16910,#16911),(#16912,#16913),
(#16914,#16915),(#16916,#16917),(#16918,#16919),(#16920,#16921),(#16922,
#16923),(#16924,#16925),(#16926,#16927),(#16928,#16929),(#16930,#16931),
(#16932,#16933),(#16934,#16935),(#16936,#16937),(#16938,#16939),(#16940,
#16941),(#16942,#16943),(#16944,#16945),(#16946,#16947),(#16948,#16949),
(#16950,#16951),(#16952,#16953),(#16954,#16955),(#16956,#16957),(#16958,
#16959),(#16960,#16961),(#16962,#16963),(#16964,#16965),(#16966,#16967),
(#16968,#16969),(#16970,#16971),(#16972,#16973),(#16974,#16975),(#16976,
#16977),(#16978,#16979),(#16980,#16981),(#16982,#16983),(#16984,#16985),
(#16986,#16987),(#16988,#16989),(#16990,#16991),(#16992,#16993),(#16994,
#16995),(#16996,#16997),(#16998,#16999),(#17000,#17001),(#17002,#17003),
(#17004,#17005),(#17006,#17007),(#17008,#17009),(#17010,#17011),(#17012,
#17013),(#17014,#17015),(#17016,#17017),(#17018,#17019),(#17020,#17021),
(#17022,#17023),(#17024,#17025),(#17026,#17027),(#17028,#17029),(#17030,
#17031),(#17032,#17033),(#17034,#17035),(#17036,#17037),(#17038,#17039),
(#17040,#17041),(#17042,#17043),(#17044,#17045),(#17046,#17047),(#17048,
#17049),(#17050,#17051),(#17052,#17053),(#17054,#17055),(#17056,#17057),
(#17058,#17059),(#17060,#17061),(#17062,#17063),(#17064,#17065),(#17066,
#17067),(#17068,#17069),(#17070,#17071),(#17072,#17073),(#17074,#17075),
(#17076,#17077),(#17078,#17079),(#17080,#17081),(#17082,#17083),(#17084,
#17085),(#17086,#17087),(#17088,#17089),(#17090,#17091),(#17092,#17093),
(#17094,#17095),(#17096,#17097),(#17098,#17099),(#17100,#17101),(#17102,
#17103),(#17104,#17105),(#17106,#17107),(#17108,#17109),(#17110,#17111),
(#17112,#17113),(#17114,#17115),(#17116,#17117),(#17118,#17119),(#17120,
#17121),(#17122,#17123),(#17124,#17125),(#17126,#17127),(#17128,#17129),
(#17130,#17131),(#17132,#17133),(#17134,#17135),(#17136,#17137),(#17138,
#17139),(#17140,#17141)),.UNSPECIFIED.,.F.,.F.,.F.)
B_SPLINE_SURFACE_WITH_KNOTS((6,1,1,1,1,1,1,1,1,1,1,1,1,1,1,1,1,1,1,1,1,
1,1,1,1,1,1,1,1,1,1,1,1,1,1,1,1,1,1,1,1,1,1,1,1,1,1,1,1,1,1,1,1,1,1,1,1,
1,1,1,1,1,1,1,1,1,1,1,1,1,1,1,1,1,1,1,1,1,1,1,1,1,1,1,1,1,1,1,1,1,1,1,1,
1,1,1,1,1,1,1,1,1,1,1,1,1,1,1,1,1,1,1,1,1,1,1,1,1,1,1,1,1,1,1,1,1,1,1,1,
1,1,1,1,1,1,6),(2,2),(-1.,-0.992592592592594,-0.985185185185186,-0.977777777777779,
-0.970370370370372,-0.962962962962964,-0.955555555555557,-0.948148148148149,
-0.940740740740742,-0.933333333333334,-0.925925925925927,-0.91851851851852,
-0.911111111111112,-0.903703703703705,-0.896296296296297,-0.88888888888889,
-0.881481481481483,-0.874074074074075,-0.866666666666668,-0.85925925925926,
-0.851851851851853,-0.844444444444445,-0.837037037037038,-0.829629629629631,
-0.822222222222223,-0.814814814814816,-0.807407407407408,-0.800000000000001,
-0.792592592592594,-0.785185185185186,-0.777777777777779,-0.770370370370371,
-0.762962962962964,-0.755555555555556,-0.748148148148149,-0.740740740740742,
-0.733333333333334,-0.725925925925927,-0.718518518518519,-0.711111111111112,
-0.703703703703704,-0.696296296296297,-0.68888888888889,-0.681481481481482,
-0.674074074074075,-0.666666666666667,-0.65925925925926,-0.651851851851853,
-0.644444444444445,-0.637037037037038,-0.62962962962963,-0.622222222222223,
-0.614814814814815,-0.607407407407408,-0.600000000000001,-0.592592592592593,
-0.585185185185186,-0.577777777777778,-0.570370370370371,-0.562962962962964,
-0.555555555555556,-0.548148148148149,-0.540740740740741,-0.533333333333334,
-0.525925925925926,-0.518518518518519,-0.511111111111112,-0.503703703703704,
-0.496296296296297,-0.488888888888889,-0.481481481481482,-0.474074074074075,
-0.466666666666667,-0.45925925925926,-0.451851851851852,-0.444444444444445,
-0.437037037037037,-0.42962962962963,-0.422222222222223,-0.414814814814815,
-0.407407407407408,-0.4,-0.392592592592593,-0.385185185185186,-0.377777777777778,
-0.370370370370371,-0.362962962962963,-0.355555555555556,-0.348148148148148,
-0.340740740740741,-0.333333333333334,-0.325925925925926,-0.318518518518519,
-0.311111111111111,-0.303703703703704,-0.296296296296297,-0.288888888888889,
-0.281481481481482,-0.274074074074074,-0.266666666666667,-0.259259259259259,
-0.251851851851852,-0.244444444444445,-0.237037037037037,-0.22962962962963,
-0.222222222222222,-0.214814814814815,-0.207407407407407,-0.2,-0.192592592592593,
-0.185185185185185,-0.177777777777778,-0.17037037037037,-0.162962962962963,
-0.155555555555556,-0.148148148148148,-0.140740740740741,-0.133333333333333,
-0.125925925925926,-0.118518518518518,-0.111111111111111,-0.103703703703704,
-0.0962962962962963,-0.0888888888888889,-0.0814814814814815,-0.0740740740740741,
-0.0666666666666667,-0.0592592592592592,-0.0518518518518518,-0.0444444444444444,
-0.037037037037037,-0.0296296296296296,-0.0222222222222222,-0.0148148148148148,
-0.00740740740740741,0.),(0.,0.2),.UNSPECIFIED.)
GEOMETRIC_REPRESENTATION_ITEM()
RATIONAL_B_SPLINE_SURFACE(((1.,1.),(1.,1.),(1.,1.),(1.,1.),(1.,1.),(1.,
1.),(1.,1.),(1.,1.),(1.,1.),(1.,1.),(1.,1.),(1.,1.),(1.,1.),(1.,1.),(1.,
1.),(1.,1.),(1.,1.),(1.,1.),(1.,1.),(1.,1.),(1.,1.),(1.,1.),(1.,1.),(1.,
1.),(1.,1.),(1.,1.),(1.,1.),(1.,1.),(1.,1.),(1.,1.),(1.,1.),(1.,1.),(1.,
1.),(1.,1.),(1.,1.),(1.,1.),(1.,1.),(1.,1.),(1.,1.),(1.,1.),(1.,1.),(1.,
1.),(1.,1.),(1.,1.),(1.,1.),(1.,1.),(1.,1.),(1.,1.),(1.,1.),(1.,1.),(1.,
1.),(1.,1.),(1.,1.),(1.,1.),(1.,1.),(1.,1.),(1.,1.),(1.,1.),(1.,1.),(1.,
1.),(1.,1.),(1.,1.),(1.,1.),(1.,1.),(1.,1.),(1.,1.),(1.,1.),(1.,1.),(1.,
1.),(1.,1.),(1.,1.),(1.,1.),(1.,1.),(1.,1.),(1.,1.),(1.,1.),(1.,1.),(1.,
1.),(1.,1.),(1.,1.),(1.,1.),(1.,1.),(1.,1.),(1.,1.),(1.,1.),(1.,1.),(1.,
1.),(1.,1.),(1.,1.),(1.,1.),(1.,1.),(1.,1.),(1.,1.),(1.,1.),(1.,1.),(1.,
1.),(1.,1.),(1.,1.),(1.,1.),(1.,1.),(1.,1.),(1.,1.),(1.,1.),(1.,1.),(1.,
1.),(1.,1.),(1.,1.),(1.,1.),(1.,1.),(1.,1.),(1.,1.),(1.,1.),(1.,1.),(1.,
1.),(1.,1.),(1.,1.),(1.,1.),(1.,1.),(1.,1.),(1.,1.),(1.,1.),(1.,1.),(1.,
1.),(1.,1.),(1.,1.),(1.,1.),(1.,1.),(1.,1.),(1.,1.),(1.,1.),(1.,1.),(1.,
1.),(1.,1.),(1.,1.),(1.,1.),(1.,1.),(1.,1.),(1.,1.),(1.,1.),(1.,1.)))
REPRESENTATION_ITEM('')
SURFACE()
);
#27=FACE_BOUND('',#983,.T.);
#28=FACE_BOUND('',#998,.T.);
#29=FACE_BOUND('',#1007,.T.);
#30=FACE_BOUND('',#1022,.T.);
#31=FACE_BOUND('',#1031,.T.);
#32=FACE_BOUND('',#1040,.T.);
#33=FACE_BOUND('',#1081,.T.);
#34=FACE_BOUND('',#1103,.T.);
#35=FACE_BOUND('',#1107,.T.);
#36=FACE_BOUND('',#1116,.T.);
#37=FACE_BOUND('',#1125,.T.);
#38=FACE_BOUND('',#1206,.T.);
#39=FACE_BOUND('',#1229,.T.);
#40=FACE_BOUND('',#1298,.T.);
#41=FACE_BOUND('',#1315,.T.);
#42=FACE_BOUND('',#1316,.T.);
#43=FACE_BOUND('',#1318,.T.);
#44=FACE_BOUND('',#1319,.T.);
#45=FACE_BOUND('',#1328,.T.);
#46=FACE_BOUND('',#1330,.T.);
#47=FACE_BOUND('',#1331,.T.);
#48=FACE_BOUND('',#1333,.T.);
#49=FACE_BOUND('',#1343,.T.);
#50=FACE_BOUND('',#1344,.T.);
#51=FACE_BOUND('',#1359,.T.);
#52=FACE_BOUND('',#1370,.T.);
#53=FACE_BOUND('',#1371,.T.);
#54=FACE_BOUND('',#1373,.T.);
#55=FACE_BOUND('',#1374,.T.);
#56=FACE_BOUND('',#1375,.T.);
#57=FACE_BOUND('',#1376,.T.);
#58=FACE_BOUND('',#1377,.T.);
#59=FACE_BOUND('',#1378,.T.);
#60=FACE_BOUND('',#1379,.T.);
#61=FACE_BOUND('',#1380,.T.);
#62=FACE_BOUND('',#1381,.T.);
#63=FACE_BOUND('',#1382,.T.);
#64=FACE_BOUND('',#1383,.T.);
#65=FACE_BOUND('',#1384,.T.);
#66=FACE_BOUND('',#1385,.T.);
#67=FACE_BOUND('',#1386,.T.);
#68=FACE_BOUND('',#1387,.T.);
#69=FACE_BOUND('',#1388,.T.);
#70=FACE_BOUND('',#1389,.T.);
#71=FACE_BOUND('',#1390,.T.);
#72=FACE_BOUND('',#1391,.T.);
#73=FACE_BOUND('',#1392,.T.);
#74=FACE_BOUND('',#1393,.T.);
#75=FACE_BOUND('',#1394,.T.);
#76=FACE_BOUND('',#1395,.T.);
#77=FACE_BOUND('',#1396,.T.);
#78=FACE_BOUND('',#1397,.T.);
#79=FACE_BOUND('',#1398,.T.);
#80=FACE_BOUND('',#1399,.T.);
#81=FACE_BOUND('',#1400,.T.);
#82=FACE_BOUND('',#1401,.T.);
#83=FACE_BOUND('',#1402,.T.);
#84=FACE_BOUND('',#1403,.T.);
#85=FACE_BOUND('',#1404,.T.);
#86=FACE_BOUND('',#1405,.T.);
#87=FACE_BOUND('',#1406,.T.);
#88=FACE_BOUND('',#1407,.T.);
#89=FACE_BOUND('',#1408,.T.);
#90=FACE_BOUND('',#1409,.T.);
#91=FACE_BOUND('',#1410,.T.);
#92=FACE_BOUND('',#1411,.T.);
#93=FACE_BOUND('',#1412,.T.);
#94=FACE_BOUND('',#1413,.T.);
#95=FACE_BOUND('',#1414,.T.);
#96=FACE_BOUND('',#1424,.T.);
#97=FACE_BOUND('',#1433,.T.);
#98=FACE_BOUND('',#1488,.T.);
#99=FACE_BOUND('',#1523,.T.);
#100=FACE_BOUND('',#1524,.T.);
#101=FACE_BOUND('',#1525,.T.);
#102=FACE_BOUND('',#1526,.T.);
#103=FACE_BOUND('',#1527,.T.);
#104=FACE_BOUND('',#1528,.T.);
#105=FACE_BOUND('',#1529,.T.);
#106=FACE_BOUND('',#1530,.T.);
#107=FACE_BOUND('',#1531,.T.);
#108=FACE_BOUND('',#1550,.T.);
#109=FACE_BOUND('',#1553,.T.);
#110=FACE_BOUND('',#1575,.T.);
#111=FACE_BOUND('',#1578,.T.);
#112=CIRCLE('',#10268,1.06590313055351);
#113=CIRCLE('',#10269,1.06590313055351);
#114=CIRCLE('',#10271,1.92571345807664);
#115=CIRCLE('',#10272,1.92571345807664);
#116=CIRCLE('',#10286,1.4865628671706);
#117=CIRCLE('',#10287,1.4865628671706);
#118=CIRCLE('',#10292,2.52800267116079);
#119=CIRCLE('',#10293,2.52800267116079);
#120=CIRCLE('',#10298,1.05463119935495);
#121=CIRCLE('',#10299,1.05463119935495);
#122=CIRCLE('',#10302,1.957609350091);
#123=CIRCLE('',#10303,1.957609350091);
#124=CIRCLE('',#10316,1.50951849880972);
#125=CIRCLE('',#10317,1.50951849880972);
#126=CIRCLE('',#10322,2.54723531300417);
#127=CIRCLE('',#10323,2.54723531300417);
#128=CIRCLE('',#10328,1.06203196648648);
#129=CIRCLE('',#10329,1.06203196648648);
#130=CIRCLE('',#10331,2.02231656420159);
#131=CIRCLE('',#10332,2.02231656420159);
#132=CIRCLE('',#10340,1.0225418154385);
#133=CIRCLE('',#10341,1.0225418154385);
#134=CIRCLE('',#10344,1.89713610850067);
#135=CIRCLE('',#10345,1.89713610850067);
#136=CIRCLE('',#10359,1.43012533633278);
#137=CIRCLE('',#10360,1.43012533633278);
#138=CIRCLE('',#10362,1.27885834055912);
#139=CIRCLE('',#10363,1.27885834055912);
#140=CIRCLE('',#10370,0.642040324176587);
#141=CIRCLE('',#10371,0.642040324176587);
#142=CIRCLE('',#10376,0.640503185436654);
#143=CIRCLE('',#10377,0.640503185436654);
#144=CIRCLE('',#10381,0.606355721738741);
#145=CIRCLE('',#10382,0.606355721738741);
#146=CIRCLE('',#10390,1.7115991340887);
#147=CIRCLE('',#10391,1.7115991340887);
#148=CIRCLE('',#10398,1.20988016771826);
#149=CIRCLE('',#10399,1.20988016771826);
#150=CIRCLE('',#10403,1.05910892706532);
#151=CIRCLE('',#10404,1.05910892706532);
#152=CIRCLE('',#10406,2.07888546472839);
#153=CIRCLE('',#10407,2.07888546472839);
#154=CIRCLE('',#10410,0.645991749664034);
#155=CIRCLE('',#10411,0.645991749664034);
#156=CIRCLE('',#10414,1.51596001892064);
#157=CIRCLE('',#10415,1.51596001892064);
#158=CIRCLE('',#10422,0.805989945543197);
#159=CIRCLE('',#10423,0.805989945543197);
#160=CIRCLE('',#10429,1.04536326474161);
#161=CIRCLE('',#10430,1.04536326474161);
#162=CIRCLE('',#10432,1.94611403810042);
#163=CIRCLE('',#10433,1.94611403810042);
#164=CIRCLE('',#10441,1.07407302512474);
#165=CIRCLE('',#10442,1.07407302512474);
#166=CIRCLE('',#10444,2.130254128617);
#167=CIRCLE('',#10445,2.130254128617);
#168=CIRCLE('',#10448,1.05565026759626);
#169=CIRCLE('',#10449,1.05565026759626);
#170=CIRCLE('',#10451,1.93415437441526);
#171=CIRCLE('',#10452,1.93415437441526);
#172=CIRCLE('',#10460,1.07663411960669);
#173=CIRCLE('',#10461,1.07663411960669);
#174=CIRCLE('',#10463,1.96796971949069);
#175=CIRCLE('',#10464,1.96796971949069);
#176=CIRCLE('',#10472,2.71553830480311);
#177=CIRCLE('',#10473,2.71553830480311);
#178=CIRCLE('',#10479,1.60969852086955);
#179=CIRCLE('',#10480,1.60969852086955);
#180=CIRCLE('',#10484,1.14797903007127);
#181=CIRCLE('',#10485,1.14797903007127);
#182=CIRCLE('',#10487,1.08811181529882);
#183=CIRCLE('',#10488,1.08811181529882);
#184=CIRCLE('',#10490,2.74432093671409);
#185=CIRCLE('',#10491,2.74432093671409);
#186=CIRCLE('',#10493,0.299923654524889);
#187=CIRCLE('',#10494,0.299923654524889);
#188=CIRCLE('',#10496,1.63998505783462);
#189=CIRCLE('',#10497,1.63998505783462);
#190=CIRCLE('',#10499,1.16014248401168);
#191=CIRCLE('',#10500,1.16014248401168);
#192=CIRCLE('',#10503,1.53597604266712);
#193=CIRCLE('',#10504,1.53597604266712);
#194=CIRCLE('',#10506,3.12899435690172);
#195=CIRCLE('',#10507,3.12899435690172);
#196=CIRCLE('',#10509,1.09010304523299);
#197=CIRCLE('',#10510,1.09010304523299);
#198=CIRCLE('',#10512,1.77902092715677);
#199=CIRCLE('',#10513,1.77902092715677);
#200=CIRCLE('',#10515,0.8580352832125);
#201=CIRCLE('',#10516,0.8580352832125);
#202=CIRCLE('',#10518,0.339523145278508);
#203=CIRCLE('',#10519,0.339523145278508);
#204=CIRCLE('',#10521,0.913580193976841);
#205=CIRCLE('',#10522,0.913580193976841);
#206=CIRCLE('',#10525,1.97735861400443);
#207=CIRCLE('',#10526,1.97735861400443);
#208=CIRCLE('',#10531,1.55076419090864);
#209=CIRCLE('',#10532,1.55076419090864);
#210=CIRCLE('',#10539,0.841290550034697);
#211=CIRCLE('',#10540,0.841290550034697);
#212=CIRCLE('',#10546,1.44493099488672);
#213=CIRCLE('',#10547,1.44493099488672);
#214=CIRCLE('',#10549,1.43745703266931);
#215=CIRCLE('',#10550,1.43745703266931);
#216=CIRCLE('',#10557,0.67570892885695);
#217=CIRCLE('',#10558,0.67570892885695);
#218=CIRCLE('',#10563,0.653837592401047);
#219=CIRCLE('',#10564,0.653837592401047);
#220=CIRCLE('',#10573,0.54200252082758);
#221=CIRCLE('',#10574,0.54200252082758);
#222=CIRCLE('',#10577,1.38094273357151);
#223=CIRCLE('',#10578,1.38094273357151);
#224=CIRCLE('',#10585,1.09665299826202);
#225=CIRCLE('',#10586,1.09665299826202);
#226=CIRCLE('',#10602,0.578809709868509);
#227=CIRCLE('',#10603,0.578809709868509);
#228=CIRCLE('',#10611,0.588790998715076);
#229=CIRCLE('',#10612,0.588790998715076);
#230=CIRCLE('',#10620,1.07418703723283);
#231=CIRCLE('',#10621,1.07418703723283);
#232=CIRCLE('',#10623,1.97222294422363);
#233=CIRCLE('',#10624,1.97222294422363);
#234=CIRCLE('',#10632,1.52251509643928);
#235=CIRCLE('',#10633,1.52251509643928);
#236=CIRCLE('',#10640,0.798970370829561);
#237=CIRCLE('',#10641,0.798970370829561);
#238=CIRCLE('',#10664,1.06320411368105);
#239=CIRCLE('',#10665,1.06320411368105);
#240=CIRCLE('',#10668,1.38571019065691);
#241=CIRCLE('',#10669,1.38571019065691);
#242=CIRCLE('',#10672,1.60730651636292);
#243=CIRCLE('',#10673,1.60730651636292);
#244=CIRCLE('',#10680,1.10686529547804);
#245=CIRCLE('',#10681,1.10686529547804);
#246=CIRCLE('',#10728,4.);
#247=CIRCLE('',#10729,4.);
#248=CIRCLE('',#10730,3.17524639561284);
#249=CIRCLE('',#10731,3.17524639561284);
#250=CIRCLE('',#10742,2.60903529593324);
#251=CIRCLE('',#10743,2.60903529593324);
#252=CIRCLE('',#10753,3.17524639561284);
#253=CIRCLE('',#10754,3.17524639561284);
#254=CIRCLE('',#10755,4.);
#255=CIRCLE('',#10756,4.);
#256=CIRCLE('',#10773,2.60903529593324);
#257=CIRCLE('',#10776,2.60903529593324);
#258=CIRCLE('',#10785,1.70627811481616);
#259=CIRCLE('',#10786,1.70627811481616);
#260=CIRCLE('',#10791,2.91304358742312);
#261=CIRCLE('',#10792,2.91304358742312);
#262=CIRCLE('',#10794,1.69704918997135);
#263=CIRCLE('',#10795,1.69704918997135);
#264=CIRCLE('',#10798,2.87152286323544);
#265=CIRCLE('',#10799,2.87152286323544);
#266=CIRCLE('',#10802,1.7898617053266);
#267=CIRCLE('',#10803,1.7898617053266);
#268=CIRCLE('',#10810,2.98170670836187);
#269=CIRCLE('',#10811,2.98170670836187);
#270=CIRCLE('',#10843,2.4127262062769);
#271=CIRCLE('',#10844,2.4127262062769);
#272=CIRCLE('',#10851,1.34607771676054);
#273=CIRCLE('',#10852,1.34607771676054);
#274=CIRCLE('',#10861,1.76177075800043);
#275=CIRCLE('',#10862,1.76177075800043);
#276=CIRCLE('',#10864,3.11585056589586);
#277=CIRCLE('',#10865,3.11585056589586);
#278=CIRCLE('',#10867,2.27036251758487);
#279=CIRCLE('',#10868,2.27036251758487);
#280=CIRCLE('',#10870,3.59465340285842);
#281=CIRCLE('',#10871,3.59465340285842);
#282=CIRCLE('',#10874,2.0322326066373);
#283=CIRCLE('',#10875,2.0322326066373);
#284=CIRCLE('',#10877,0.970253965754162);
#285=CIRCLE('',#10878,0.970253965754162);
#286=CIRCLE('',#10889,1.80859310100951);
#287=CIRCLE('',#10890,1.80859310100951);
#288=CIRCLE('',#10895,0.72750023367838);
#289=CIRCLE('',#10896,0.72750023367838);
#290=CIRCLE('',#10929,5.);
#291=CIRCLE('',#10930,5.);
#292=CIRCLE('',#10933,5.);
#293=CIRCLE('',#10934,5.);
#294=CIRCLE('',#10937,5.00000000000002);
#295=CIRCLE('',#10938,5.00000000000002);
#296=CIRCLE('',#10941,5.00000000000003);
#297=CIRCLE('',#10942,5.00000000000003);
#298=CIRCLE('',#10950,6.99999999999999);
#299=CIRCLE('',#10951,6.99999999999999);
#300=CIRCLE('',#10952,5.00000000000002);
#301=CIRCLE('',#10953,5.);
#302=CIRCLE('',#10956,6.99999999999999);
#303=CIRCLE('',#10959,6.99999999999999);
#304=CIRCLE('',#10963,5.);
#305=CIRCLE('',#10966,5.00000000000002);
#306=CIRCLE('',#10973,6.5);
#307=CIRCLE('',#10974,6.5);
#308=CIRCLE('',#10977,6.5);
#309=CIRCLE('',#10978,6.5);
#310=CYLINDRICAL_SURFACE('',#10267,1.06590313055351);
#311=CYLINDRICAL_SURFACE('',#10270,1.92571345807664);
#312=CYLINDRICAL_SURFACE('',#10285,1.4865628671706);
#313=CYLINDRICAL_SURFACE('',#10291,2.52800267116079);
#314=CYLINDRICAL_SURFACE('',#10297,1.05463119935495);
#315=CYLINDRICAL_SURFACE('',#10301,1.957609350091);
#316=CYLINDRICAL_SURFACE('',#10315,1.50951849880972);
#317=CYLINDRICAL_SURFACE('',#10321,2.54723531300417);
#318=CYLINDRICAL_SURFACE('',#10327,1.06203196648648);
#319=CYLINDRICAL_SURFACE('',#10330,2.02231656420159);
#320=CYLINDRICAL_SURFACE('',#10339,1.0225418154385);
#321=CYLINDRICAL_SURFACE('',#10343,1.89713610850067);
#322=CYLINDRICAL_SURFACE('',#10358,1.43012533633278);
#323=CYLINDRICAL_SURFACE('',#10361,1.27885834055912);
#324=CYLINDRICAL_SURFACE('',#10369,0.642040324176587);
#325=CYLINDRICAL_SURFACE('',#10375,0.640503185436654);
#326=CYLINDRICAL_SURFACE('',#10380,0.606355721738741);
#327=CYLINDRICAL_SURFACE('',#10389,1.7115991340887);
#328=CYLINDRICAL_SURFACE('',#10397,1.20988016771826);
#329=CYLINDRICAL_SURFACE('',#10402,1.05910892706532);
#330=CYLINDRICAL_SURFACE('',#10405,2.07888546472839);
#331=CYLINDRICAL_SURFACE('',#10409,0.645991749664034);
#332=CYLINDRICAL_SURFACE('',#10413,1.51596001892064);
#333=CYLINDRICAL_SURFACE('',#10421,0.805989945543197);
#334=CYLINDRICAL_SURFACE('',#10428,1.04536326474161);
#335=CYLINDRICAL_SURFACE('',#10431,1.94611403810042);
#336=CYLINDRICAL_SURFACE('',#10440,1.07407302512474);
#337=CYLINDRICAL_SURFACE('',#10443,2.130254128617);
#338=CYLINDRICAL_SURFACE('',#10447,1.05565026759626);
#339=CYLINDRICAL_SURFACE('',#10450,1.93415437441526);
#340=CYLINDRICAL_SURFACE('',#10459,1.07663411960669);
#341=CYLINDRICAL_SURFACE('',#10462,1.96796971949069);
#342=CYLINDRICAL_SURFACE('',#10471,2.71553830480311);
#343=CYLINDRICAL_SURFACE('',#10478,1.60969852086955);
#344=CYLINDRICAL_SURFACE('',#10483,1.14797903007127);
#345=CYLINDRICAL_SURFACE('',#10486,1.08811181529882);
#346=CYLINDRICAL_SURFACE('',#10489,2.74432093671409);
#347=CYLINDRICAL_SURFACE('',#10492,0.299923654524889);
#348=CYLINDRICAL_SURFACE('',#10495,1.63998505783462);
#349=CYLINDRICAL_SURFACE('',#10498,1.16014248401168);
#350=CYLINDRICAL_SURFACE('',#10502,1.53597604266712);
#351=CYLINDRICAL_SURFACE('',#10505,3.12899435690172);
#352=CYLINDRICAL_SURFACE('',#10508,1.09010304523299);
#353=CYLINDRICAL_SURFACE('',#10511,1.77902092715677);
#354=CYLINDRICAL_SURFACE('',#10514,0.8580352832125);
#355=CYLINDRICAL_SURFACE('',#10517,0.339523145278508);
#356=CYLINDRICAL_SURFACE('',#10520,0.913580193976841);
#357=CYLINDRICAL_SURFACE('',#10524,1.97735861400443);
#358=CYLINDRICAL_SURFACE('',#10530,1.55076419090864);
#359=CYLINDRICAL_SURFACE('',#10538,0.841290550034697);
#360=CYLINDRICAL_SURFACE('',#10545,1.44493099488672);
#361=CYLINDRICAL_SURFACE('',#10548,1.43745703266931);
#362=CYLINDRICAL_SURFACE('',#10556,0.67570892885695);
#363=CYLINDRICAL_SURFACE('',#10562,0.653837592401047);
#364=CYLINDRICAL_SURFACE('',#10572,0.54200252082758);
#365=CYLINDRICAL_SURFACE('',#10576,1.38094273357151);
#366=CYLINDRICAL_SURFACE('',#10584,1.09665299826202);
#367=CYLINDRICAL_SURFACE('',#10601,0.578809709868509);
#368=CYLINDRICAL_SURFACE('',#10610,0.588790998715076);
#369=CYLINDRICAL_SURFACE('',#10619,1.07418703723283);
#370=CYLINDRICAL_SURFACE('',#10622,1.97222294422363);
#371=CYLINDRICAL_SURFACE('',#10631,1.52251509643928);
#372=CYLINDRICAL_SURFACE('',#10639,0.798970370829561);
#373=CYLINDRICAL_SURFACE('',#10663,1.06320411368105);
#374=CYLINDRICAL_SURFACE('',#10667,1.38571019065691);
#375=CYLINDRICAL_SURFACE('',#10671,1.60730651636292);
#376=CYLINDRICAL_SURFACE('',#10679,1.10686529547804);
#377=CYLINDRICAL_SURFACE('',#10758,4.);
#378=CYLINDRICAL_SURFACE('',#10760,4.);
#379=CYLINDRICAL_SURFACE('',#10772,2.60903529593324);
#380=CYLINDRICAL_SURFACE('',#10775,2.60903529593324);
#381=CYLINDRICAL_SURFACE('',#10778,3.17524639561282);
#382=CYLINDRICAL_SURFACE('',#10780,3.17524639561282);
#383=CYLINDRICAL_SURFACE('',#10784,1.70627811481616);
#384=CYLINDRICAL_SURFACE('',#10790,2.91304358742312);
#385=CYLINDRICAL_SURFACE('',#10793,1.69704918997135);
#386=CYLINDRICAL_SURFACE('',#10797,2.87152286323544);
#387=CYLINDRICAL_SURFACE('',#10801,1.7898617053266);
#388=CYLINDRICAL_SURFACE('',#10809,2.98170670836187);
#389=CYLINDRICAL_SURFACE('',#10842,2.4127262062769);
#390=CYLINDRICAL_SURFACE('',#10850,1.34607771676054);
#391=CYLINDRICAL_SURFACE('',#10860,1.76177075800043);
#392=CYLINDRICAL_SURFACE('',#10863,3.11585056589586);
#393=CYLINDRICAL_SURFACE('',#10866,2.27036251758487);
#394=CYLINDRICAL_SURFACE('',#10869,3.59465340285842);
#395=CYLINDRICAL_SURFACE('',#10873,2.0322326066373);
#396=CYLINDRICAL_SURFACE('',#10876,0.970253965754162);
#397=CYLINDRICAL_SURFACE('',#10888,1.80859310100951);
#398=CYLINDRICAL_SURFACE('',#10894,0.72750023367838);
#399=CYLINDRICAL_SURFACE('',#10928,5.);
#400=CYLINDRICAL_SURFACE('',#10932,5.);
#401=CYLINDRICAL_SURFACE('',#10936,5.00000000000002);
#402=CYLINDRICAL_SURFACE('',#10940,5.00000000000003);
#403=CYLINDRICAL_SURFACE('',#10955,6.99999999999999);
#404=CYLINDRICAL_SURFACE('',#10958,6.99999999999999);
#405=CYLINDRICAL_SURFACE('',#10962,5.);
#406=CYLINDRICAL_SURFACE('',#10965,5.00000000000002);
#407=CYLINDRICAL_SURFACE('',#10972,6.5);
#408=CYLINDRICAL_SURFACE('',#10976,6.5);
#409=FACE_OUTER_BOUND('',#953,.T.);
#410=FACE_OUTER_BOUND('',#954,.T.);
#411=FACE_OUTER_BOUND('',#955,.T.);
#412=FACE_OUTER_BOUND('',#956,.T.);
#413=FACE_OUTER_BOUND('',#957,.T.);
#414=FACE_OUTER_BOUND('',#958,.T.);
#415=FACE_OUTER_BOUND('',#959,.T.);
#416=FACE_OUTER_BOUND('',#960,.T.);
#417=FACE_OUTER_BOUND('',#961,.T.);
#418=FACE_OUTER_BOUND('',#962,.T.);
#419=FACE_OUTER_BOUND('',#963,.T.);
#420=FACE_OUTER_BOUND('',#964,.T.);
#421=FACE_OUTER_BOUND('',#965,.T.);
#422=FACE_OUTER_BOUND('',#966,.T.);
#423=FACE_OUTER_BOUND('',#967,.T.);
#424=FACE_OUTER_BOUND('',#968,.T.);
#425=FACE_OUTER_BOUND('',#969,.T.);
#426=FACE_OUTER_BOUND('',#970,.T.);
#427=FACE_OUTER_BOUND('',#971,.T.);
#428=FACE_OUTER_BOUND('',#972,.T.);
#429=FACE_OUTER_BOUND('',#973,.T.);
#430=FACE_OUTER_BOUND('',#974,.T.);
#431=FACE_OUTER_BOUND('',#975,.T.);
#432=FACE_OUTER_BOUND('',#976,.T.);
#433=FACE_OUTER_BOUND('',#977,.T.);
#434=FACE_OUTER_BOUND('',#978,.T.);
#435=FACE_OUTER_BOUND('',#979,.T.);
#436=FACE_OUTER_BOUND('',#980,.T.);
#437=FACE_OUTER_BOUND('',#981,.T.);
#438=FACE_OUTER_BOUND('',#982,.T.);
#439=FACE_OUTER_BOUND('',#984,.T.);
#440=FACE_OUTER_BOUND('',#985,.T.);
#441=FACE_OUTER_BOUND('',#986,.T.);
#442=FACE_OUTER_BOUND('',#987,.T.);
#443=FACE_OUTER_BOUND('',#988,.T.);
#444=FACE_OUTER_BOUND('',#989,.T.);
#445=FACE_OUTER_BOUND('',#990,.T.);
#446=FACE_OUTER_BOUND('',#991,.T.);
#447=FACE_OUTER_BOUND('',#992,.T.);
#448=FACE_OUTER_BOUND('',#993,.T.);
#449=FACE_OUTER_BOUND('',#994,.T.);
#450=FACE_OUTER_BOUND('',#995,.T.);
#451=FACE_OUTER_BOUND('',#996,.T.);
#452=FACE_OUTER_BOUND('',#997,.T.);
#453=FACE_OUTER_BOUND('',#999,.T.);
#454=FACE_OUTER_BOUND('',#1000,.T.);
#455=FACE_OUTER_BOUND('',#1001,.T.);
#456=FACE_OUTER_BOUND('',#1002,.T.);
#457=FACE_OUTER_BOUND('',#1003,.T.);
#458=FACE_OUTER_BOUND('',#1004,.T.);
#459=FACE_OUTER_BOUND('',#1005,.T.);
#460=FACE_OUTER_BOUND('',#1006,.T.);
#461=FACE_OUTER_BOUND('',#1008,.T.);
#462=FACE_OUTER_BOUND('',#1009,.T.);
#463=FACE_OUTER_BOUND('',#1010,.T.);
#464=FACE_OUTER_BOUND('',#1011,.T.);
#465=FACE_OUTER_BOUND('',#1012,.T.);
#466=FACE_OUTER_BOUND('',#1013,.T.);
#467=FACE_OUTER_BOUND('',#1014,.T.);
#468=FACE_OUTER_BOUND('',#1015,.T.);
#469=FACE_OUTER_BOUND('',#1016,.T.);
#470=FACE_OUTER_BOUND('',#1017,.T.);
#471=FACE_OUTER_BOUND('',#1018,.T.);
#472=FACE_OUTER_BOUND('',#1019,.T.);
#473=FACE_OUTER_BOUND('',#1020,.T.);
#474=FACE_OUTER_BOUND('',#1021,.T.);
#475=FACE_OUTER_BOUND('',#1023,.T.);
#476=FACE_OUTER_BOUND('',#1024,.T.);
#477=FACE_OUTER_BOUND('',#1025,.T.);
#478=FACE_OUTER_BOUND('',#1026,.T.);
#479=FACE_OUTER_BOUND('',#1027,.T.);
#480=FACE_OUTER_BOUND('',#1028,.T.);
#481=FACE_OUTER_BOUND('',#1029,.T.);
#482=FACE_OUTER_BOUND('',#1030,.T.);
#483=FACE_OUTER_BOUND('',#1032,.T.);
#484=FACE_OUTER_BOUND('',#1033,.T.);
#485=FACE_OUTER_BOUND('',#1034,.T.);
#486=FACE_OUTER_BOUND('',#1035,.T.);
#487=FACE_OUTER_BOUND('',#1036,.T.);
#488=FACE_OUTER_BOUND('',#1037,.T.);
#489=FACE_OUTER_BOUND('',#1038,.T.);
#490=FACE_OUTER_BOUND('',#1039,.T.);
#491=FACE_OUTER_BOUND('',#1041,.T.);
#492=FACE_OUTER_BOUND('',#1042,.T.);
#493=FACE_OUTER_BOUND('',#1043,.T.);
#494=FACE_OUTER_BOUND('',#1044,.T.);
#495=FACE_OUTER_BOUND('',#1045,.T.);
#496=FACE_OUTER_BOUND('',#1046,.T.);
#497=FACE_OUTER_BOUND('',#1047,.T.);
#498=FACE_OUTER_BOUND('',#1048,.T.);
#499=FACE_OUTER_BOUND('',#1049,.T.);
#500=FACE_OUTER_BOUND('',#1050,.T.);
#501=FACE_OUTER_BOUND('',#1051,.T.);
#502=FACE_OUTER_BOUND('',#1052,.T.);
#503=FACE_OUTER_BOUND('',#1053,.T.);
#504=FACE_OUTER_BOUND('',#1054,.T.);
#505=FACE_OUTER_BOUND('',#1055,.T.);
#506=FACE_OUTER_BOUND('',#1056,.T.);
#507=FACE_OUTER_BOUND('',#1057,.T.);
#508=FACE_OUTER_BOUND('',#1058,.T.);
#509=FACE_OUTER_BOUND('',#1059,.T.);
#510=FACE_OUTER_BOUND('',#1060,.T.);
#511=FACE_OUTER_BOUND('',#1061,.T.);
#512=FACE_OUTER_BOUND('',#1062,.T.);
#513=FACE_OUTER_BOUND('',#1063,.T.);
#514=FACE_OUTER_BOUND('',#1064,.T.);
#515=FACE_OUTER_BOUND('',#1065,.T.);
#516=FACE_OUTER_BOUND('',#1066,.T.);
#517=FACE_OUTER_BOUND('',#1067,.T.);
#518=FACE_OUTER_BOUND('',#1068,.T.);
#519=FACE_OUTER_BOUND('',#1069,.T.);
#520=FACE_OUTER_BOUND('',#1070,.T.);
#521=FACE_OUTER_BOUND('',#1071,.T.);
#522=FACE_OUTER_BOUND('',#1072,.T.);
#523=FACE_OUTER_BOUND('',#1073,.T.);
#524=FACE_OUTER_BOUND('',#1074,.T.);
#525=FACE_OUTER_BOUND('',#1075,.T.);
#526=FACE_OUTER_BOUND('',#1076,.T.);
#527=FACE_OUTER_BOUND('',#1077,.T.);
#528=FACE_OUTER_BOUND('',#1078,.T.);
#529=FACE_OUTER_BOUND('',#1079,.T.);
#530=FACE_OUTER_BOUND('',#1080,.T.);
#531=FACE_OUTER_BOUND('',#1082,.T.);
#532=FACE_OUTER_BOUND('',#1083,.T.);
#533=FACE_OUTER_BOUND('',#1084,.T.);
#534=FACE_OUTER_BOUND('',#1085,.T.);
#535=FACE_OUTER_BOUND('',#1086,.T.);
#536=FACE_OUTER_BOUND('',#1087,.T.);
#537=FACE_OUTER_BOUND('',#1088,.T.);
#538=FACE_OUTER_BOUND('',#1089,.T.);
#539=FACE_OUTER_BOUND('',#1090,.T.);
#540=FACE_OUTER_BOUND('',#1091,.T.);
#541=FACE_OUTER_BOUND('',#1092,.T.);
#542=FACE_OUTER_BOUND('',#1093,.T.);
#543=FACE_OUTER_BOUND('',#1094,.T.);
#544=FACE_OUTER_BOUND('',#1095,.T.);
#545=FACE_OUTER_BOUND('',#1096,.T.);
#546=FACE_OUTER_BOUND('',#1097,.T.);
#547=FACE_OUTER_BOUND('',#1098,.T.);
#548=FACE_OUTER_BOUND('',#1099,.T.);
#549=FACE_OUTER_BOUND('',#1100,.T.);
#550=FACE_OUTER_BOUND('',#1101,.T.);
#551=FACE_OUTER_BOUND('',#1102,.T.);
#552=FACE_OUTER_BOUND('',#1104,.T.);
#553=FACE_OUTER_BOUND('',#1105,.T.);
#554=FACE_OUTER_BOUND('',#1106,.T.);
#555=FACE_OUTER_BOUND('',#1108,.T.);
#556=FACE_OUTER_BOUND('',#1109,.T.);
#557=FACE_OUTER_BOUND('',#1110,.T.);
#558=FACE_OUTER_BOUND('',#1111,.T.);
#559=FACE_OUTER_BOUND('',#1112,.T.);
#560=FACE_OUTER_BOUND('',#1113,.T.);
#561=FACE_OUTER_BOUND('',#1114,.T.);
#562=FACE_OUTER_BOUND('',#1115,.T.);
#563=FACE_OUTER_BOUND('',#1117,.T.);
#564=FACE_OUTER_BOUND('',#1118,.T.);
#565=FACE_OUTER_BOUND('',#1119,.T.);
#566=FACE_OUTER_BOUND('',#1120,.T.);
#567=FACE_OUTER_BOUND('',#1121,.T.);
#568=FACE_OUTER_BOUND('',#1122,.T.);
#569=FACE_OUTER_BOUND('',#1123,.T.);
#570=FACE_OUTER_BOUND('',#1124,.T.);
#571=FACE_OUTER_BOUND('',#1126,.T.);
#572=FACE_OUTER_BOUND('',#1127,.T.);
#573=FACE_OUTER_BOUND('',#1128,.T.);
#574=FACE_OUTER_BOUND('',#1129,.T.);
#575=FACE_OUTER_BOUND('',#1130,.T.);
#576=FACE_OUTER_BOUND('',#1131,.T.);
#577=FACE_OUTER_BOUND('',#1132,.T.);
#578=FACE_OUTER_BOUND('',#1133,.T.);
#579=FACE_OUTER_BOUND('',#1134,.T.);
#580=FACE_OUTER_BOUND('',#1135,.T.);
#581=FACE_OUTER_BOUND('',#1136,.T.);
#582=FACE_OUTER_BOUND('',#1137,.T.);
#583=FACE_OUTER_BOUND('',#1138,.T.);
#584=FACE_OUTER_BOUND('',#1139,.T.);
#585=FACE_OUTER_BOUND('',#1140,.T.);
#586=FACE_OUTER_BOUND('',#1141,.T.);
#587=FACE_OUTER_BOUND('',#1142,.T.);
#588=FACE_OUTER_BOUND('',#1143,.T.);
#589=FACE_OUTER_BOUND('',#1144,.T.);
#590=FACE_OUTER_BOUND('',#1145,.T.);
#591=FACE_OUTER_BOUND('',#1146,.T.);
#592=FACE_OUTER_BOUND('',#1147,.T.);
#593=FACE_OUTER_BOUND('',#1148,.T.);
#594=FACE_OUTER_BOUND('',#1149,.T.);
#595=FACE_OUTER_BOUND('',#1150,.T.);
#596=FACE_OUTER_BOUND('',#1151,.T.);
#597=FACE_OUTER_BOUND('',#1152,.T.);
#598=FACE_OUTER_BOUND('',#1153,.T.);
#599=FACE_OUTER_BOUND('',#1154,.T.);
#600=FACE_OUTER_BOUND('',#1155,.T.);
#601=FACE_OUTER_BOUND('',#1156,.T.);
#602=FACE_OUTER_BOUND('',#1157,.T.);
#603=FACE_OUTER_BOUND('',#1158,.T.);
#604=FACE_OUTER_BOUND('',#1159,.T.);
#605=FACE_OUTER_BOUND('',#1160,.T.);
#606=FACE_OUTER_BOUND('',#1161,.T.);
#607=FACE_OUTER_BOUND('',#1162,.T.);
#608=FACE_OUTER_BOUND('',#1163,.T.);
#609=FACE_OUTER_BOUND('',#1164,.T.);
#610=FACE_OUTER_BOUND('',#1165,.T.);
#611=FACE_OUTER_BOUND('',#1166,.T.);
#612=FACE_OUTER_BOUND('',#1167,.T.);
#613=FACE_OUTER_BOUND('',#1168,.T.);
#614=FACE_OUTER_BOUND('',#1169,.T.);
#615=FACE_OUTER_BOUND('',#1170,.T.);
#616=FACE_OUTER_BOUND('',#1171,.T.);
#617=FACE_OUTER_BOUND('',#1172,.T.);
#618=FACE_OUTER_BOUND('',#1173,.T.);
#619=FACE_OUTER_BOUND('',#1174,.T.);
#620=FACE_OUTER_BOUND('',#1175,.T.);
#621=FACE_OUTER_BOUND('',#1176,.T.);
#622=FACE_OUTER_BOUND('',#1177,.T.);
#623=FACE_OUTER_BOUND('',#1178,.T.);
#624=FACE_OUTER_BOUND('',#1179,.T.);
#625=FACE_OUTER_BOUND('',#1180,.T.);
#626=FACE_OUTER_BOUND('',#1181,.T.);
#627=FACE_OUTER_BOUND('',#1182,.T.);
#628=FACE_OUTER_BOUND('',#1183,.T.);
#629=FACE_OUTER_BOUND('',#1184,.T.);
#630=FACE_OUTER_BOUND('',#1185,.T.);
#631=FACE_OUTER_BOUND('',#1186,.T.);
#632=FACE_OUTER_BOUND('',#1187,.T.);
#633=FACE_OUTER_BOUND('',#1188,.T.);
#634=FACE_OUTER_BOUND('',#1189,.T.);
#635=FACE_OUTER_BOUND('',#1190,.T.);
#636=FACE_OUTER_BOUND('',#1191,.T.);
#637=FACE_OUTER_BOUND('',#1192,.T.);
#638=FACE_OUTER_BOUND('',#1193,.T.);
#639=FACE_OUTER_BOUND('',#1194,.T.);
#640=FACE_OUTER_BOUND('',#1195,.T.);
#641=FACE_OUTER_BOUND('',#1196,.T.);
#642=FACE_OUTER_BOUND('',#1197,.T.);
#643=FACE_OUTER_BOUND('',#1198,.T.);
#644=FACE_OUTER_BOUND('',#1199,.T.);
#645=FACE_OUTER_BOUND('',#1200,.T.);
#646=FACE_OUTER_BOUND('',#1201,.T.);
#647=FACE_OUTER_BOUND('',#1202,.T.);
#648=FACE_OUTER_BOUND('',#1203,.T.);
#649=FACE_OUTER_BOUND('',#1204,.T.);
#650=FACE_OUTER_BOUND('',#1205,.T.);
#651=FACE_OUTER_BOUND('',#1207,.T.);
#652=FACE_OUTER_BOUND('',#1208,.T.);
#653=FACE_OUTER_BOUND('',#1209,.T.);
#654=FACE_OUTER_BOUND('',#1210,.T.);
#655=FACE_OUTER_BOUND('',#1211,.T.);
#656=FACE_OUTER_BOUND('',#1212,.T.);
#657=FACE_OUTER_BOUND('',#1213,.T.);
#658=FACE_OUTER_BOUND('',#1214,.T.);
#659=FACE_OUTER_BOUND('',#1215,.T.);
#660=FACE_OUTER_BOUND('',#1216,.T.);
#661=FACE_OUTER_BOUND('',#1217,.T.);
#662=FACE_OUTER_BOUND('',#1218,.T.);
#663=FACE_OUTER_BOUND('',#1219,.T.);
#664=FACE_OUTER_BOUND('',#1220,.T.);
#665=FACE_OUTER_BOUND('',#1221,.T.);
#666=FACE_OUTER_BOUND('',#1222,.T.);
#667=FACE_OUTER_BOUND('',#1223,.T.);
#668=FACE_OUTER_BOUND('',#1224,.T.);
#669=FACE_OUTER_BOUND('',#1225,.T.);
#670=FACE_OUTER_BOUND('',#1226,.T.);
#671=FACE_OUTER_BOUND('',#1227,.T.);
#672=FACE_OUTER_BOUND('',#1228,.T.);
#673=FACE_OUTER_BOUND('',#1230,.T.);
#674=FACE_OUTER_BOUND('',#1231,.T.);
#675=FACE_OUTER_BOUND('',#1232,.T.);
#676=FACE_OUTER_BOUND('',#1233,.T.);
#677=FACE_OUTER_BOUND('',#1234,.T.);
#678=FACE_OUTER_BOUND('',#1235,.T.);
#679=FACE_OUTER_BOUND('',#1236,.T.);
#680=FACE_OUTER_BOUND('',#1237,.T.);
#681=FACE_OUTER_BOUND('',#1238,.T.);
#682=FACE_OUTER_BOUND('',#1239,.T.);
#683=FACE_OUTER_BOUND('',#1240,.T.);
#684=FACE_OUTER_BOUND('',#1241,.T.);
#685=FACE_OUTER_BOUND('',#1242,.T.);
#686=FACE_OUTER_BOUND('',#1243,.T.);
#687=FACE_OUTER_BOUND('',#1244,.T.);
#688=FACE_OUTER_BOUND('',#1245,.T.);
#689=FACE_OUTER_BOUND('',#1246,.T.);
#690=FACE_OUTER_BOUND('',#1247,.T.);
#691=FACE_OUTER_BOUND('',#1248,.T.);
#692=FACE_OUTER_BOUND('',#1249,.T.);
#693=FACE_OUTER_BOUND('',#1250,.T.);
#694=FACE_OUTER_BOUND('',#1251,.T.);
#695=FACE_OUTER_BOUND('',#1252,.T.);
#696=FACE_OUTER_BOUND('',#1253,.T.);
#697=FACE_OUTER_BOUND('',#1254,.T.);
#698=FACE_OUTER_BOUND('',#1255,.T.);
#699=FACE_OUTER_BOUND('',#1256,.T.);
#700=FACE_OUTER_BOUND('',#1257,.T.);
#701=FACE_OUTER_BOUND('',#1258,.T.);
#702=FACE_OUTER_BOUND('',#1259,.T.);
#703=FACE_OUTER_BOUND('',#1260,.T.);
#704=FACE_OUTER_BOUND('',#1261,.T.);
#705=FACE_OUTER_BOUND('',#1262,.T.);
#706=FACE_OUTER_BOUND('',#1263,.T.);
#707=FACE_OUTER_BOUND('',#1264,.T.);
#708=FACE_OUTER_BOUND('',#1265,.T.);
#709=FACE_OUTER_BOUND('',#1266,.T.);
#710=FACE_OUTER_BOUND('',#1267,.T.);
#711=FACE_OUTER_BOUND('',#1268,.T.);
#712=FACE_OUTER_BOUND('',#1269,.T.);
#713=FACE_OUTER_BOUND('',#1270,.T.);
#714=FACE_OUTER_BOUND('',#1271,.T.);
#715=FACE_OUTER_BOUND('',#1272,.T.);
#716=FACE_OUTER_BOUND('',#1273,.T.);
#717=FACE_OUTER_BOUND('',#1274,.T.);
#718=FACE_OUTER_BOUND('',#1275,.T.);
#719=FACE_OUTER_BOUND('',#1276,.T.);
#720=FACE_OUTER_BOUND('',#1277,.T.);
#721=FACE_OUTER_BOUND('',#1278,.T.);
#722=FACE_OUTER_BOUND('',#1279,.T.);
#723=FACE_OUTER_BOUND('',#1280,.T.);
#724=FACE_OUTER_BOUND('',#1281,.T.);
#725=FACE_OUTER_BOUND('',#1282,.T.);
#726=FACE_OUTER_BOUND('',#1283,.T.);
#727=FACE_OUTER_BOUND('',#1284,.T.);
#728=FACE_OUTER_BOUND('',#1285,.T.);
#729=FACE_OUTER_BOUND('',#1286,.T.);
#730=FACE_OUTER_BOUND('',#1287,.T.);
#731=FACE_OUTER_BOUND('',#1288,.T.);
#732=FACE_OUTER_BOUND('',#1289,.T.);
#733=FACE_OUTER_BOUND('',#1290,.T.);
#734=FACE_OUTER_BOUND('',#1291,.T.);
#735=FACE_OUTER_BOUND('',#1292,.T.);
#736=FACE_OUTER_BOUND('',#1293,.T.);
#737=FACE_OUTER_BOUND('',#1294,.T.);
#738=FACE_OUTER_BOUND('',#1295,.T.);
#739=FACE_OUTER_BOUND('',#1296,.T.);
#740=FACE_OUTER_BOUND('',#1297,.T.);
#741=FACE_OUTER_BOUND('',#1299,.T.);
#742=FACE_OUTER_BOUND('',#1300,.T.);
#743=FACE_OUTER_BOUND('',#1301,.T.);
#744=FACE_OUTER_BOUND('',#1302,.T.);
#745=FACE_OUTER_BOUND('',#1303,.T.);
#746=FACE_OUTER_BOUND('',#1304,.T.);
#747=FACE_OUTER_BOUND('',#1305,.T.);
#748=FACE_OUTER_BOUND('',#1306,.T.);
#749=FACE_OUTER_BOUND('',#1307,.T.);
#750=FACE_OUTER_BOUND('',#1308,.T.);
#751=FACE_OUTER_BOUND('',#1309,.T.);
#752=FACE_OUTER_BOUND('',#1310,.T.);
#753=FACE_OUTER_BOUND('',#1311,.T.);
#754=FACE_OUTER_BOUND('',#1312,.T.);
#755=FACE_OUTER_BOUND('',#1313,.T.);
#756=FACE_OUTER_BOUND('',#1314,.T.);
#757=FACE_OUTER_BOUND('',#1317,.T.);
#758=FACE_OUTER_BOUND('',#1320,.T.);
#759=FACE_OUTER_BOUND('',#1321,.T.);
#760=FACE_OUTER_BOUND('',#1322,.T.);
#761=FACE_OUTER_BOUND('',#1323,.T.);
#762=FACE_OUTER_BOUND('',#1324,.T.);
#763=FACE_OUTER_BOUND('',#1325,.T.);
#764=FACE_OUTER_BOUND('',#1326,.T.);
#765=FACE_OUTER_BOUND('',#1327,.T.);
#766=FACE_OUTER_BOUND('',#1329,.T.);
#767=FACE_OUTER_BOUND('',#1332,.T.);
#768=FACE_OUTER_BOUND('',#1334,.T.);
#769=FACE_OUTER_BOUND('',#1335,.T.);
#770=FACE_OUTER_BOUND('',#1336,.T.);
#771=FACE_OUTER_BOUND('',#1337,.T.);
#772=FACE_OUTER_BOUND('',#1338,.T.);
#773=FACE_OUTER_BOUND('',#1339,.T.);
#774=FACE_OUTER_BOUND('',#1340,.T.);
#775=FACE_OUTER_BOUND('',#1341,.T.);
#776=FACE_OUTER_BOUND('',#1342,.T.);
#777=FACE_OUTER_BOUND('',#1345,.T.);
#778=FACE_OUTER_BOUND('',#1346,.T.);
#779=FACE_OUTER_BOUND('',#1347,.T.);
#780=FACE_OUTER_BOUND('',#1348,.T.);
#781=FACE_OUTER_BOUND('',#1349,.T.);
#782=FACE_OUTER_BOUND('',#1350,.T.);
#783=FACE_OUTER_BOUND('',#1351,.T.);
#784=FACE_OUTER_BOUND('',#1352,.T.);
#785=FACE_OUTER_BOUND('',#1353,.T.);
#786=FACE_OUTER_BOUND('',#1354,.T.);
#787=FACE_OUTER_BOUND('',#1355,.T.);
#788=FACE_OUTER_BOUND('',#1356,.T.);
#789=FACE_OUTER_BOUND('',#1357,.T.);
#790=FACE_OUTER_BOUND('',#1358,.T.);
#791=FACE_OUTER_BOUND('',#1360,.T.);
#792=FACE_OUTER_BOUND('',#1361,.T.);
#793=FACE_OUTER_BOUND('',#1362,.T.);
#794=FACE_OUTER_BOUND('',#1363,.T.);
#795=FACE_OUTER_BOUND('',#1364,.T.);
#796=FACE_OUTER_BOUND('',#1365,.T.);
#797=FACE_OUTER_BOUND('',#1366,.T.);
#798=FACE_OUTER_BOUND('',#1367,.T.);
#799=FACE_OUTER_BOUND('',#1368,.T.);
#800=FACE_OUTER_BOUND('',#1369,.T.);
#801=FACE_OUTER_BOUND('',#1372,.T.);
#802=FACE_OUTER_BOUND('',#1415,.T.);
#803=FACE_OUTER_BOUND('',#1416,.T.);
#804=FACE_OUTER_BOUND('',#1417,.T.);
#805=FACE_OUTER_BOUND('',#1418,.T.);
#806=FACE_OUTER_BOUND('',#1419,.T.);
#807=FACE_OUTER_BOUND('',#1420,.T.);
#808=FACE_OUTER_BOUND('',#1421,.T.);
#809=FACE_OUTER_BOUND('',#1422,.T.);
#810=FACE_OUTER_BOUND('',#1423,.T.);
#811=FACE_OUTER_BOUND('',#1425,.T.);
#812=FACE_OUTER_BOUND('',#1426,.T.);
#813=FACE_OUTER_BOUND('',#1427,.T.);
#814=FACE_OUTER_BOUND('',#1428,.T.);
#815=FACE_OUTER_BOUND('',#1429,.T.);
#816=FACE_OUTER_BOUND('',#1430,.T.);
#817=FACE_OUTER_BOUND('',#1431,.T.);
#818=FACE_OUTER_BOUND('',#1432,.T.);
#819=FACE_OUTER_BOUND('',#1434,.T.);
#820=FACE_OUTER_BOUND('',#1435,.T.);
#821=FACE_OUTER_BOUND('',#1436,.T.);
#822=FACE_OUTER_BOUND('',#1437,.T.);
#823=FACE_OUTER_BOUND('',#1438,.T.);
#824=FACE_OUTER_BOUND('',#1439,.T.);
#825=FACE_OUTER_BOUND('',#1440,.T.);
#826=FACE_OUTER_BOUND('',#1441,.T.);
#827=FACE_OUTER_BOUND('',#1442,.T.);
#828=FACE_OUTER_BOUND('',#1443,.T.);
#829=FACE_OUTER_BOUND('',#1444,.T.);
#830=FACE_OUTER_BOUND('',#1445,.T.);
#831=FACE_OUTER_BOUND('',#1446,.T.);
#832=FACE_OUTER_BOUND('',#1447,.T.);
#833=FACE_OUTER_BOUND('',#1448,.T.);
#834=FACE_OUTER_BOUND('',#1449,.T.);
#835=FACE_OUTER_BOUND('',#1450,.T.);
#836=FACE_OUTER_BOUND('',#1451,.T.);
#837=FACE_OUTER_BOUND('',#1452,.T.);
#838=FACE_OUTER_BOUND('',#1453,.T.);
#839=FACE_OUTER_BOUND('',#1454,.T.);
#840=FACE_OUTER_BOUND('',#1455,.T.);
#841=FACE_OUTER_BOUND('',#1456,.T.);
#842=FACE_OUTER_BOUND('',#1457,.T.);
#843=FACE_OUTER_BOUND('',#1458,.T.);
#844=FACE_OUTER_BOUND('',#1459,.T.);
#845=FACE_OUTER_BOUND('',#1460,.T.);
#846=FACE_OUTER_BOUND('',#1461,.T.);
#847=FACE_OUTER_BOUND('',#1462,.T.);
#848=FACE_OUTER_BOUND('',#1463,.T.);
#849=FACE_OUTER_BOUND('',#1464,.T.);
#850=FACE_OUTER_BOUND('',#1465,.T.);
#851=FACE_OUTER_BOUND('',#1466,.T.);
#852=FACE_OUTER_BOUND('',#1467,.T.);
#853=FACE_OUTER_BOUND('',#1468,.T.);
#854=FACE_OUTER_BOUND('',#1469,.T.);
#855=FACE_OUTER_BOUND('',#1470,.T.);
#856=FACE_OUTER_BOUND('',#1471,.T.);
#857=FACE_OUTER_BOUND('',#1472,.T.);
#858=FACE_OUTER_BOUND('',#1473,.T.);
#859=FACE_OUTER_BOUND('',#1474,.T.);
#860=FACE_OUTER_BOUND('',#1475,.T.);
#861=FACE_OUTER_BOUND('',#1476,.T.);
#862=FACE_OUTER_BOUND('',#1477,.T.);
#863=FACE_OUTER_BOUND('',#1478,.T.);
#864=FACE_OUTER_BOUND('',#1479,.T.);
#865=FACE_OUTER_BOUND('',#1480,.T.);
#866=FACE_OUTER_BOUND('',#1481,.T.);
#867=FACE_OUTER_BOUND('',#1482,.T.);
#868=FACE_OUTER_BOUND('',#1483,.T.);
#869=FACE_OUTER_BOUND('',#1484,.T.);
#870=FACE_OUTER_BOUND('',#1485,.T.);
#871=FACE_OUTER_BOUND('',#1486,.T.);
#872=FACE_OUTER_BOUND('',#1487,.T.);
#873=FACE_OUTER_BOUND('',#1489,.T.);
#874=FACE_OUTER_BOUND('',#1490,.T.);
#875=FACE_OUTER_BOUND('',#1491,.T.);
#876=FACE_OUTER_BOUND('',#1492,.T.);
#877=FACE_OUTER_BOUND('',#1493,.T.);
#878=FACE_OUTER_BOUND('',#1494,.T.);
#879=FACE_OUTER_BOUND('',#1495,.T.);
#880=FACE_OUTER_BOUND('',#1496,.T.);
#881=FACE_OUTER_BOUND('',#1497,.T.);
#882=FACE_OUTER_BOUND('',#1498,.T.);
#883=FACE_OUTER_BOUND('',#1499,.T.);
#884=FACE_OUTER_BOUND('',#1500,.T.);
#885=FACE_OUTER_BOUND('',#1501,.T.);
#886=FACE_OUTER_BOUND('',#1502,.T.);
#887=FACE_OUTER_BOUND('',#1503,.T.);
#888=FACE_OUTER_BOUND('',#1504,.T.);
#889=FACE_OUTER_BOUND('',#1505,.T.);
#890=FACE_OUTER_BOUND('',#1506,.T.);
#891=FACE_OUTER_BOUND('',#1507,.T.);
#892=FACE_OUTER_BOUND('',#1508,.T.);
#893=FACE_OUTER_BOUND('',#1509,.T.);
#894=FACE_OUTER_BOUND('',#1510,.T.);
#895=FACE_OUTER_BOUND('',#1511,.T.);
#896=FACE_OUTER_BOUND('',#1512,.T.);
#897=FACE_OUTER_BOUND('',#1513,.T.);
#898=FACE_OUTER_BOUND('',#1514,.T.);
#899=FACE_OUTER_BOUND('',#1515,.T.);
#900=FACE_OUTER_BOUND('',#1516,.T.);
#901=FACE_OUTER_BOUND('',#1517,.T.);
#902=FACE_OUTER_BOUND('',#1518,.T.);
#903=FACE_OUTER_BOUND('',#1519,.T.);
#904=FACE_OUTER_BOUND('',#1520,.T.);
#905=FACE_OUTER_BOUND('',#1521,.T.);
#906=FACE_OUTER_BOUND('',#1522,.T.);
#907=FACE_OUTER_BOUND('',#1532,.T.);
#908=FACE_OUTER_BOUND('',#1533,.T.);
#909=FACE_OUTER_BOUND('',#1534,.T.);
#910=FACE_OUTER_BOUND('',#1535,.T.);
#911=FACE_OUTER_BOUND('',#1536,.T.);
#912=FACE_OUTER_BOUND('',#1537,.T.);
#913=FACE_OUTER_BOUND('',#1538,.T.);
#914=FACE_OUTER_BOUND('',#1539,.T.);
#915=FACE_OUTER_BOUND('',#1540,.T.);
#916=FACE_OUTER_BOUND('',#1541,.T.);
#917=FACE_OUTER_BOUND('',#1542,.T.);
#918=FACE_OUTER_BOUND('',#1543,.T.);
#919=FACE_OUTER_BOUND('',#1544,.T.);
#920=FACE_OUTER_BOUND('',#1545,.T.);
#921=FACE_OUTER_BOUND('',#1546,.T.);
#922=FACE_OUTER_BOUND('',#1547,.T.);
#923=FACE_OUTER_BOUND('',#1548,.T.);
#924=FACE_OUTER_BOUND('',#1549,.T.);
#925=FACE_OUTER_BOUND('',#1551,.T.);
#926=FACE_OUTER_BOUND('',#1552,.T.);
#927=FACE_OUTER_BOUND('',#1554,.T.);
#928=FACE_OUTER_BOUND('',#1555,.T.);
#929=FACE_OUTER_BOUND('',#1556,.T.);
#930=FACE_OUTER_BOUND('',#1557,.T.);
#931=FACE_OUTER_BOUND('',#1558,.T.);
#932=FACE_OUTER_BOUND('',#1559,.T.);
#933=FACE_OUTER_BOUND('',#1560,.T.);
#934=FACE_OUTER_BOUND('',#1561,.T.);
#935=FACE_OUTER_BOUND('',#1562,.T.);
#936=FACE_OUTER_BOUND('',#1563,.T.);
#937=FACE_OUTER_BOUND('',#1564,.T.);
#938=FACE_OUTER_BOUND('',#1565,.T.);
#939=FACE_OUTER_BOUND('',#1566,.T.);
#940=FACE_OUTER_BOUND('',#1567,.T.);
#941=FACE_OUTER_BOUND('',#1568,.T.);
#942=FACE_OUTER_BOUND('',#1569,.T.);
#943=FACE_OUTER_BOUND('',#1570,.T.);
#944=FACE_OUTER_BOUND('',#1571,.T.);
#945=FACE_OUTER_BOUND('',#1572,.T.);
#946=FACE_OUTER_BOUND('',#1573,.T.);
#947=FACE_OUTER_BOUND('',#1574,.T.);
#948=FACE_OUTER_BOUND('',#1576,.T.);
#949=FACE_OUTER_BOUND('',#1577,.T.);
#950=FACE_OUTER_BOUND('',#1579,.T.);
#951=FACE_OUTER_BOUND('',#1580,.T.);
#952=FACE_OUTER_BOUND('',#1581,.T.);
#953=EDGE_LOOP('',(#6395,#6396,#6397,#6398));
#954=EDGE_LOOP('',(#6399,#6400,#6401,#6402));
#955=EDGE_LOOP('',(#6403,#6404,#6405,#6406));
#956=EDGE_LOOP('',(#6407,#6408,#6409,#6410));
#957=EDGE_LOOP('',(#6411,#6412,#6413,#6414));
#958=EDGE_LOOP('',(#6415,#6416,#6417,#6418));
#959=EDGE_LOOP('',(#6419,#6420,#6421,#6422));
#960=EDGE_LOOP('',(#6423,#6424,#6425,#6426));
#961=EDGE_LOOP('',(#6427,#6428,#6429,#6430));
#962=EDGE_LOOP('',(#6431,#6432,#6433,#6434));
#963=EDGE_LOOP('',(#6435,#6436,#6437,#6438));
#964=EDGE_LOOP('',(#6439,#6440,#6441,#6442));
#965=EDGE_LOOP('',(#6443,#6444,#6445,#6446));
#966=EDGE_LOOP('',(#6447,#6448,#6449,#6450,#6451,#6452,#6453,#6454,#6455,
#6456,#6457,#6458,#6459));
#967=EDGE_LOOP('',(#6460,#6461,#6462,#6463));
#968=EDGE_LOOP('',(#6464,#6465,#6466,#6467));
#969=EDGE_LOOP('',(#6468,#6469,#6470,#6471));
#970=EDGE_LOOP('',(#6472,#6473,#6474,#6475));
#971=EDGE_LOOP('',(#6476,#6477,#6478,#6479));
#972=EDGE_LOOP('',(#6480,#6481,#6482,#6483));
#973=EDGE_LOOP('',(#6484,#6485,#6486,#6487));
#974=EDGE_LOOP('',(#6488,#6489,#6490,#6491,#6492,#6493,#6494));
#975=EDGE_LOOP('',(#6495,#6496,#6497,#6498));
#976=EDGE_LOOP('',(#6499,#6500,#6501,#6502));
#977=EDGE_LOOP('',(#6503,#6504,#6505,#6506));
#978=EDGE_LOOP('',(#6507,#6508,#6509,#6510));
#979=EDGE_LOOP('',(#6511,#6512,#6513,#6514));
#980=EDGE_LOOP('',(#6515,#6516,#6517,#6518));
#981=EDGE_LOOP('',(#6519,#6520,#6521,#6522));
#982=EDGE_LOOP('',(#6523,#6524,#6525,#6526,#6527,#6528));
#983=EDGE_LOOP('',(#6529));
#984=EDGE_LOOP('',(#6530,#6531,#6532,#6533));
#985=EDGE_LOOP('',(#6534,#6535,#6536,#6537));
#986=EDGE_LOOP('',(#6538,#6539,#6540,#6541));
#987=EDGE_LOOP('',(#6542,#6543,#6544,#6545));
#988=EDGE_LOOP('',(#6546,#6547,#6548,#6549));
#989=EDGE_LOOP('',(#6550,#6551,#6552,#6553));
#990=EDGE_LOOP('',(#6554,#6555,#6556,#6557));
#991=EDGE_LOOP('',(#6558,#6559,#6560,#6561));
#992=EDGE_LOOP('',(#6562,#6563,#6564,#6565));
#993=EDGE_LOOP('',(#6566,#6567,#6568,#6569));
#994=EDGE_LOOP('',(#6570,#6571,#6572,#6573));
#995=EDGE_LOOP('',(#6574,#6575,#6576,#6577));
#996=EDGE_LOOP('',(#6578,#6579,#6580,#6581));
#997=EDGE_LOOP('',(#6582,#6583,#6584,#6585));
#998=EDGE_LOOP('',(#6586,#6587,#6588,#6589));
#999=EDGE_LOOP('',(#6590,#6591,#6592,#6593));
#1000=EDGE_LOOP('',(#6594,#6595,#6596,#6597));
#1001=EDGE_LOOP('',(#6598,#6599,#6600,#6601));
#1002=EDGE_LOOP('',(#6602,#6603,#6604,#6605));
#1003=EDGE_LOOP('',(#6606,#6607,#6608,#6609));
#1004=EDGE_LOOP('',(#6610,#6611,#6612,#6613));
#1005=EDGE_LOOP('',(#6614,#6615,#6616,#6617));
#1006=EDGE_LOOP('',(#6618,#6619,#6620,#6621,#6622,#6623));
#1007=EDGE_LOOP('',(#6624));
#1008=EDGE_LOOP('',(#6625,#6626,#6627,#6628));
#1009=EDGE_LOOP('',(#6629,#6630,#6631,#6632));
#1010=EDGE_LOOP('',(#6633,#6634,#6635,#6636));
#1011=EDGE_LOOP('',(#6637,#6638,#6639,#6640));
#1012=EDGE_LOOP('',(#6641,#6642,#6643,#6644));
#1013=EDGE_LOOP('',(#6645,#6646,#6647,#6648));
#1014=EDGE_LOOP('',(#6649,#6650,#6651,#6652));
#1015=EDGE_LOOP('',(#6653,#6654,#6655,#6656));
#1016=EDGE_LOOP('',(#6657,#6658,#6659,#6660));
#1017=EDGE_LOOP('',(#6661,#6662,#6663,#6664));
#1018=EDGE_LOOP('',(#6665,#6666,#6667,#6668));
#1019=EDGE_LOOP('',(#6669,#6670,#6671,#6672));
#1020=EDGE_LOOP('',(#6673,#6674,#6675,#6676));
#1021=EDGE_LOOP('',(#6677,#6678,#6679,#6680));
#1022=EDGE_LOOP('',(#6681,#6682,#6683,#6684));
#1023=EDGE_LOOP('',(#6685,#6686,#6687,#6688));
#1024=EDGE_LOOP('',(#6689,#6690,#6691,#6692));
#1025=EDGE_LOOP('',(#6693,#6694,#6695,#6696));
#1026=EDGE_LOOP('',(#6697,#6698,#6699,#6700));
#1027=EDGE_LOOP('',(#6701,#6702,#6703,#6704));
#1028=EDGE_LOOP('',(#6705,#6706,#6707,#6708));
#1029=EDGE_LOOP('',(#6709,#6710,#6711,#6712));
#1030=EDGE_LOOP('',(#6713,#6714,#6715,#6716,#6717,#6718));
#1031=EDGE_LOOP('',(#6719));
#1032=EDGE_LOOP('',(#6720,#6721,#6722,#6723));
#1033=EDGE_LOOP('',(#6724,#6725,#6726,#6727));
#1034=EDGE_LOOP('',(#6728,#6729,#6730,#6731));
#1035=EDGE_LOOP('',(#6732,#6733,#6734,#6735));
#1036=EDGE_LOOP('',(#6736,#6737,#6738,#6739));
#1037=EDGE_LOOP('',(#6740,#6741,#6742,#6743));
#1038=EDGE_LOOP('',(#6744,#6745,#6746,#6747));
#1039=EDGE_LOOP('',(#6748,#6749,#6750,#6751,#6752,#6753));
#1040=EDGE_LOOP('',(#6754));
#1041=EDGE_LOOP('',(#6755,#6756,#6757,#6758));
#1042=EDGE_LOOP('',(#6759,#6760,#6761,#6762));
#1043=EDGE_LOOP('',(#6763,#6764,#6765,#6766));
#1044=EDGE_LOOP('',(#6767,#6768,#6769,#6770));
#1045=EDGE_LOOP('',(#6771,#6772,#6773,#6774));
#1046=EDGE_LOOP('',(#6775,#6776,#6777,#6778));
#1047=EDGE_LOOP('',(#6779,#6780,#6781,#6782));
#1048=EDGE_LOOP('',(#6783,#6784,#6785,#6786));
#1049=EDGE_LOOP('',(#6787,#6788,#6789,#6790));
#1050=EDGE_LOOP('',(#6791,#6792,#6793,#6794));
#1051=EDGE_LOOP('',(#6795,#6796,#6797,#6798));
#1052=EDGE_LOOP('',(#6799,#6800,#6801,#6802));
#1053=EDGE_LOOP('',(#6803,#6804,#6805,#6806));
#1054=EDGE_LOOP('',(#6807,#6808,#6809,#6810));
#1055=EDGE_LOOP('',(#6811,#6812,#6813,#6814));
#1056=EDGE_LOOP('',(#6815,#6816,#6817,#6818));
#1057=EDGE_LOOP('',(#6819,#6820,#6821,#6822));
#1058=EDGE_LOOP('',(#6823,#6824,#6825,#6826));
#1059=EDGE_LOOP('',(#6827,#6828,#6829,#6830));
#1060=EDGE_LOOP('',(#6831,#6832,#6833,#6834));
#1061=EDGE_LOOP('',(#6835,#6836,#6837,#6838,#6839,#6840,#6841,#6842,#6843,
#6844,#6845,#6846,#6847,#6848,#6849));
#1062=EDGE_LOOP('',(#6850,#6851,#6852,#6853));
#1063=EDGE_LOOP('',(#6854));
#1064=EDGE_LOOP('',(#6855,#6856,#6857,#6858));
#1065=EDGE_LOOP('',(#6859,#6860,#6861,#6862));
#1066=EDGE_LOOP('',(#6863,#6864,#6865,#6866));
#1067=EDGE_LOOP('',(#6867,#6868,#6869,#6870));
#1068=EDGE_LOOP('',(#6871,#6872,#6873,#6874));
#1069=EDGE_LOOP('',(#6875,#6876,#6877,#6878));
#1070=EDGE_LOOP('',(#6879,#6880,#6881,#6882));
#1071=EDGE_LOOP('',(#6883,#6884,#6885,#6886));
#1072=EDGE_LOOP('',(#6887,#6888,#6889,#6890));
#1073=EDGE_LOOP('',(#6891,#6892,#6893,#6894));
#1074=EDGE_LOOP('',(#6895,#6896,#6897,#6898));
#1075=EDGE_LOOP('',(#6899,#6900,#6901,#6902));
#1076=EDGE_LOOP('',(#6903,#6904,#6905,#6906));
#1077=EDGE_LOOP('',(#6907,#6908,#6909,#6910,#6911,#6912,#6913,#6914));
#1078=EDGE_LOOP('',(#6915,#6916,#6917,#6918));
#1079=EDGE_LOOP('',(#6919,#6920,#6921,#6922));
#1080=EDGE_LOOP('',(#6923));
#1081=EDGE_LOOP('',(#6924));
#1082=EDGE_LOOP('',(#6925,#6926,#6927,#6928));
#1083=EDGE_LOOP('',(#6929));
#1084=EDGE_LOOP('',(#6930,#6931,#6932,#6933));
#1085=EDGE_LOOP('',(#6934,#6935,#6936,#6937));
#1086=EDGE_LOOP('',(#6938,#6939,#6940,#6941));
#1087=EDGE_LOOP('',(#6942,#6943,#6944,#6945));
#1088=EDGE_LOOP('',(#6946,#6947,#6948,#6949));
#1089=EDGE_LOOP('',(#6950,#6951,#6952,#6953));
#1090=EDGE_LOOP('',(#6954,#6955,#6956,#6957));
#1091=EDGE_LOOP('',(#6958,#6959,#6960,#6961));
#1092=EDGE_LOOP('',(#6962,#6963,#6964,#6965));
#1093=EDGE_LOOP('',(#6966,#6967,#6968,#6969));
#1094=EDGE_LOOP('',(#6970,#6971,#6972,#6973,#6974,#6975,#6976,#6977,#6978,
#6979));
#1095=EDGE_LOOP('',(#6980,#6981,#6982,#6983));
#1096=EDGE_LOOP('',(#6984,#6985,#6986,#6987));
#1097=EDGE_LOOP('',(#6988,#6989,#6990,#6991));
#1098=EDGE_LOOP('',(#6992,#6993,#6994,#6995));
#1099=EDGE_LOOP('',(#6996,#6997,#6998,#6999));
#1100=EDGE_LOOP('',(#7000,#7001,#7002,#7003));
#1101=EDGE_LOOP('',(#7004,#7005,#7006,#7007));
#1102=EDGE_LOOP('',(#7008,#7009,#7010,#7011,#7012,#7013));
#1103=EDGE_LOOP('',(#7014));
#1104=EDGE_LOOP('',(#7015,#7016,#7017,#7018));
#1105=EDGE_LOOP('',(#7019,#7020,#7021,#7022));
#1106=EDGE_LOOP('',(#7023));
#1107=EDGE_LOOP('',(#7024));
#1108=EDGE_LOOP('',(#7025,#7026,#7027,#7028));
#1109=EDGE_LOOP('',(#7029,#7030,#7031,#7032));
#1110=EDGE_LOOP('',(#7033,#7034,#7035,#7036));
#1111=EDGE_LOOP('',(#7037,#7038,#7039,#7040));
#1112=EDGE_LOOP('',(#7041,#7042,#7043,#7044));
#1113=EDGE_LOOP('',(#7045,#7046,#7047,#7048));
#1114=EDGE_LOOP('',(#7049,#7050,#7051,#7052));
#1115=EDGE_LOOP('',(#7053,#7054,#7055,#7056,#7057,#7058));
#1116=EDGE_LOOP('',(#7059));
#1117=EDGE_LOOP('',(#7060,#7061,#7062,#7063));
#1118=EDGE_LOOP('',(#7064,#7065,#7066,#7067));
#1119=EDGE_LOOP('',(#7068,#7069,#7070,#7071));
#1120=EDGE_LOOP('',(#7072,#7073,#7074,#7075));
#1121=EDGE_LOOP('',(#7076,#7077,#7078,#7079));
#1122=EDGE_LOOP('',(#7080,#7081,#7082,#7083));
#1123=EDGE_LOOP('',(#7084,#7085,#7086,#7087));
#1124=EDGE_LOOP('',(#7088,#7089,#7090,#7091,#7092,#7093));
#1125=EDGE_LOOP('',(#7094));
#1126=EDGE_LOOP('',(#7095,#7096,#7097,#7098));
#1127=EDGE_LOOP('',(#7099,#7100,#7101,#7102));
#1128=EDGE_LOOP('',(#7103,#7104,#7105,#7106));
#1129=EDGE_LOOP('',(#7107,#7108,#7109,#7110));
#1130=EDGE_LOOP('',(#7111,#7112,#7113,#7114));
#1131=EDGE_LOOP('',(#7115,#7116,#7117,#7118));
#1132=EDGE_LOOP('',(#7119,#7120,#7121,#7122));
#1133=EDGE_LOOP('',(#7123,#7124,#7125,#7126,#7127,#7128,#7129));
#1134=EDGE_LOOP('',(#7130,#7131,#7132,#7133));
#1135=EDGE_LOOP('',(#7134,#7135,#7136,#7137));
#1136=EDGE_LOOP('',(#7138,#7139,#7140,#7141));
#1137=EDGE_LOOP('',(#7142,#7143,#7144,#7145));
#1138=EDGE_LOOP('',(#7146,#7147,#7148,#7149));
#1139=EDGE_LOOP('',(#7150,#7151,#7152,#7153));
#1140=EDGE_LOOP('',(#7154,#7155,#7156,#7157));
#1141=EDGE_LOOP('',(#7158,#7159,#7160,#7161));
#1142=EDGE_LOOP('',(#7162,#7163,#7164,#7165));
#1143=EDGE_LOOP('',(#7166,#7167,#7168,#7169));
#1144=EDGE_LOOP('',(#7170,#7171,#7172,#7173));
#1145=EDGE_LOOP('',(#7174,#7175,#7176,#7177));
#1146=EDGE_LOOP('',(#7178,#7179,#7180,#7181));
#1147=EDGE_LOOP('',(#7182,#7183,#7184,#7185));
#1148=EDGE_LOOP('',(#7186,#7187,#7188,#7189));
#1149=EDGE_LOOP('',(#7190,#7191,#7192,#7193));
#1150=EDGE_LOOP('',(#7194,#7195,#7196,#7197,#7198,#7199,#7200,#7201,#7202,
#7203,#7204,#7205,#7206,#7207,#7208,#7209));
#1151=EDGE_LOOP('',(#7210,#7211,#7212,#7213));
#1152=EDGE_LOOP('',(#7214,#7215,#7216,#7217));
#1153=EDGE_LOOP('',(#7218,#7219,#7220,#7221));
#1154=EDGE_LOOP('',(#7222,#7223,#7224,#7225));
#1155=EDGE_LOOP('',(#7226,#7227,#7228,#7229));
#1156=EDGE_LOOP('',(#7230,#7231,#7232,#7233));
#1157=EDGE_LOOP('',(#7234,#7235,#7236,#7237));
#1158=EDGE_LOOP('',(#7238,#7239,#7240,#7241));
#1159=EDGE_LOOP('',(#7242,#7243,#7244,#7245));
#1160=EDGE_LOOP('',(#7246,#7247,#7248,#7249));
#1161=EDGE_LOOP('',(#7250,#7251,#7252,#7253,#7254,#7255,#7256,#7257,#7258,
#7259));
#1162=EDGE_LOOP('',(#7260,#7261,#7262,#7263));
#1163=EDGE_LOOP('',(#7264,#7265,#7266,#7267));
#1164=EDGE_LOOP('',(#7268,#7269,#7270,#7271));
#1165=EDGE_LOOP('',(#7272,#7273,#7274,#7275));
#1166=EDGE_LOOP('',(#7276,#7277,#7278,#7279));
#1167=EDGE_LOOP('',(#7280,#7281,#7282,#7283));
#1168=EDGE_LOOP('',(#7284,#7285,#7286,#7287));
#1169=EDGE_LOOP('',(#7288,#7289,#7290,#7291));
#1170=EDGE_LOOP('',(#7292,#7293,#7294,#7295));
#1171=EDGE_LOOP('',(#7296,#7297,#7298,#7299));
#1172=EDGE_LOOP('',(#7300,#7301,#7302,#7303));
#1173=EDGE_LOOP('',(#7304,#7305,#7306,#7307));
#1174=EDGE_LOOP('',(#7308,#7309,#7310,#7311));
#1175=EDGE_LOOP('',(#7312,#7313,#7314,#7315));
#1176=EDGE_LOOP('',(#7316,#7317,#7318,#7319));
#1177=EDGE_LOOP('',(#7320,#7321,#7322,#7323,#7324,#7325,#7326,#7327,#7328,
#7329,#7330,#7331,#7332,#7333,#7334));
#1178=EDGE_LOOP('',(#7335,#7336,#7337,#7338));
#1179=EDGE_LOOP('',(#7339,#7340,#7341,#7342));
#1180=EDGE_LOOP('',(#7343,#7344,#7345,#7346));
#1181=EDGE_LOOP('',(#7347,#7348,#7349,#7350));
#1182=EDGE_LOOP('',(#7351,#7352,#7353,#7354));
#1183=EDGE_LOOP('',(#7355,#7356,#7357,#7358));
#1184=EDGE_LOOP('',(#7359));
#1185=EDGE_LOOP('',(#7360,#7361,#7362,#7363));
#1186=EDGE_LOOP('',(#7364,#7365,#7366,#7367));
#1187=EDGE_LOOP('',(#7368,#7369,#7370,#7371));
#1188=EDGE_LOOP('',(#7372,#7373,#7374,#7375));
#1189=EDGE_LOOP('',(#7376,#7377,#7378,#7379));
#1190=EDGE_LOOP('',(#7380,#7381,#7382,#7383));
#1191=EDGE_LOOP('',(#7384,#7385,#7386,#7387));
#1192=EDGE_LOOP('',(#7388,#7389,#7390,#7391));
#1193=EDGE_LOOP('',(#7392,#7393,#7394,#7395,#7396,#7397,#7398,#7399));
#1194=EDGE_LOOP('',(#7400,#7401,#7402,#7403));
#1195=EDGE_LOOP('',(#7404,#7405,#7406,#7407));
#1196=EDGE_LOOP('',(#7408,#7409,#7410,#7411));
#1197=EDGE_LOOP('',(#7412,#7413,#7414,#7415));
#1198=EDGE_LOOP('',(#7416,#7417,#7418,#7419));
#1199=EDGE_LOOP('',(#7420,#7421,#7422,#7423));
#1200=EDGE_LOOP('',(#7424,#7425,#7426,#7427));
#1201=EDGE_LOOP('',(#7428,#7429,#7430,#7431));
#1202=EDGE_LOOP('',(#7432,#7433,#7434,#7435));
#1203=EDGE_LOOP('',(#7436,#7437,#7438,#7439));
#1204=EDGE_LOOP('',(#7440,#7441,#7442,#7443));
#1205=EDGE_LOOP('',(#7444,#7445,#7446,#7447,#7448,#7449,#7450,#7451));
#1206=EDGE_LOOP('',(#7452,#7453,#7454));
#1207=EDGE_LOOP('',(#7455,#7456,#7457,#7458));
#1208=EDGE_LOOP('',(#7459));
#1209=EDGE_LOOP('',(#7460,#7461,#7462,#7463));
#1210=EDGE_LOOP('',(#7464,#7465,#7466,#7467));
#1211=EDGE_LOOP('',(#7468,#7469,#7470,#7471));
#1212=EDGE_LOOP('',(#7472,#7473,#7474,#7475));
#1213=EDGE_LOOP('',(#7476,#7477,#7478,#7479));
#1214=EDGE_LOOP('',(#7480,#7481,#7482,#7483));
#1215=EDGE_LOOP('',(#7484));
#1216=EDGE_LOOP('',(#7485,#7486,#7487,#7488));
#1217=EDGE_LOOP('',(#7489,#7490,#7491,#7492));
#1218=EDGE_LOOP('',(#7493,#7494,#7495,#7496));
#1219=EDGE_LOOP('',(#7497,#7498,#7499,#7500));
#1220=EDGE_LOOP('',(#7501,#7502,#7503,#7504));
#1221=EDGE_LOOP('',(#7505,#7506,#7507,#7508));
#1222=EDGE_LOOP('',(#7509,#7510,#7511,#7512));
#1223=EDGE_LOOP('',(#7513,#7514,#7515,#7516));
#1224=EDGE_LOOP('',(#7517,#7518,#7519,#7520));
#1225=EDGE_LOOP('',(#7521,#7522,#7523,#7524));
#1226=EDGE_LOOP('',(#7525,#7526,#7527,#7528));
#1227=EDGE_LOOP('',(#7529,#7530,#7531,#7532));
#1228=EDGE_LOOP('',(#7533,#7534,#7535,#7536,#7537,#7538));
#1229=EDGE_LOOP('',(#7539));
#1230=EDGE_LOOP('',(#7540,#7541,#7542,#7543));
#1231=EDGE_LOOP('',(#7544,#7545,#7546,#7547));
#1232=EDGE_LOOP('',(#7548,#7549,#7550,#7551));
#1233=EDGE_LOOP('',(#7552,#7553,#7554,#7555));
#1234=EDGE_LOOP('',(#7556,#7557,#7558,#7559));
#1235=EDGE_LOOP('',(#7560,#7561,#7562,#7563));
#1236=EDGE_LOOP('',(#7564,#7565,#7566,#7567));
#1237=EDGE_LOOP('',(#7568,#7569,#7570,#7571));
#1238=EDGE_LOOP('',(#7572,#7573,#7574,#7575));
#1239=EDGE_LOOP('',(#7576,#7577,#7578,#7579));
#1240=EDGE_LOOP('',(#7580,#7581,#7582,#7583,#7584,#7585,#7586,#7587,#7588,
#7589));
#1241=EDGE_LOOP('',(#7590,#7591,#7592,#7593));
#1242=EDGE_LOOP('',(#7594,#7595,#7596,#7597));
#1243=EDGE_LOOP('',(#7598,#7599,#7600,#7601));
#1244=EDGE_LOOP('',(#7602,#7603,#7604,#7605));
#1245=EDGE_LOOP('',(#7606,#7607,#7608,#7609));
#1246=EDGE_LOOP('',(#7610,#7611,#7612,#7613));
#1247=EDGE_LOOP('',(#7614,#7615,#7616,#7617));
#1248=EDGE_LOOP('',(#7618,#7619,#7620,#7621));
#1249=EDGE_LOOP('',(#7622,#7623,#7624,#7625));
#1250=EDGE_LOOP('',(#7626,#7627,#7628,#7629));
#1251=EDGE_LOOP('',(#7630,#7631,#7632,#7633));
#1252=EDGE_LOOP('',(#7634,#7635,#7636,#7637,#7638,#7639,#7640,#7641,#7642,
#7643,#7644));
#1253=EDGE_LOOP('',(#7645,#7646,#7647,#7648));
#1254=EDGE_LOOP('',(#7649,#7650,#7651,#7652));
#1255=EDGE_LOOP('',(#7653,#7654,#7655,#7656));
#1256=EDGE_LOOP('',(#7657,#7658,#7659,#7660));
#1257=EDGE_LOOP('',(#7661,#7662,#7663,#7664));
#1258=EDGE_LOOP('',(#7665,#7666,#7667,#7668));
#1259=EDGE_LOOP('',(#7669,#7670,#7671,#7672));
#1260=EDGE_LOOP('',(#7673,#7674,#7675,#7676));
#1261=EDGE_LOOP('',(#7677,#7678,#7679,#7680,#7681,#7682,#7683,#7684));
#1262=EDGE_LOOP('',(#7685,#7686,#7687,#7688));
#1263=EDGE_LOOP('',(#7689,#7690,#7691,#7692));
#1264=EDGE_LOOP('',(#7693,#7694,#7695,#7696));
#1265=EDGE_LOOP('',(#7697,#7698,#7699,#7700));
#1266=EDGE_LOOP('',(#7701,#7702,#7703,#7704));
#1267=EDGE_LOOP('',(#7705,#7706,#7707,#7708));
#1268=EDGE_LOOP('',(#7709,#7710,#7711,#7712));
#1269=EDGE_LOOP('',(#7713,#7714,#7715,#7716));
#1270=EDGE_LOOP('',(#7717,#7718,#7719,#7720,#7721,#7722,#7723,#7724));
#1271=EDGE_LOOP('',(#7725,#7726,#7727,#7728));
#1272=EDGE_LOOP('',(#7729,#7730,#7731,#7732));
#1273=EDGE_LOOP('',(#7733,#7734,#7735,#7736));
#1274=EDGE_LOOP('',(#7737,#7738,#7739,#7740));
#1275=EDGE_LOOP('',(#7741,#7742,#7743,#7744));
#1276=EDGE_LOOP('',(#7745,#7746,#7747,#7748));
#1277=EDGE_LOOP('',(#7749,#7750,#7751,#7752));
#1278=EDGE_LOOP('',(#7753,#7754,#7755,#7756));
#1279=EDGE_LOOP('',(#7757,#7758,#7759,#7760));
#1280=EDGE_LOOP('',(#7761,#7762,#7763,#7764));
#1281=EDGE_LOOP('',(#7765,#7766,#7767,#7768));
#1282=EDGE_LOOP('',(#7769,#7770,#7771,#7772));
#1283=EDGE_LOOP('',(#7773,#7774,#7775,#7776,#7777,#7778,#7779,#7780,#7781,
#7782,#7783,#7784));
#1284=EDGE_LOOP('',(#7785));
#1285=EDGE_LOOP('',(#7786,#7787,#7788));
#1286=EDGE_LOOP('',(#7789));
#1287=EDGE_LOOP('',(#7790));
#1288=EDGE_LOOP('',(#7791));
#1289=EDGE_LOOP('',(#7792));
#1290=EDGE_LOOP('',(#7793));
#1291=EDGE_LOOP('',(#7794));
#1292=EDGE_LOOP('',(#7795));
#1293=EDGE_LOOP('',(#7796,#7797,#7798,#7799));
#1294=EDGE_LOOP('',(#7800));
#1295=EDGE_LOOP('',(#7801,#7802,#7803,#7804));
#1296=EDGE_LOOP('',(#7805));
#1297=EDGE_LOOP('',(#7806,#7807,#7808,#7809));
#1298=EDGE_LOOP('',(#7810,#7811,#7812,#7813));
#1299=EDGE_LOOP('',(#7814,#7815,#7816,#7817));
#1300=EDGE_LOOP('',(#7818,#7819,#7820,#7821));
#1301=EDGE_LOOP('',(#7822,#7823,#7824,#7825));
#1302=EDGE_LOOP('',(#7826,#7827,#7828,#7829));
#1303=EDGE_LOOP('',(#7830,#7831,#7832,#7833));
#1304=EDGE_LOOP('',(#7834,#7835,#7836,#7837));
#1305=EDGE_LOOP('',(#7838,#7839,#7840,#7841,#7842,#7843));
#1306=EDGE_LOOP('',(#7844,#7845,#7846,#7847));
#1307=EDGE_LOOP('',(#7848,#7849,#7850,#7851,#7852,#7853,#7854,#7855));
#1308=EDGE_LOOP('',(#7856,#7857,#7858,#7859));
#1309=EDGE_LOOP('',(#7860,#7861,#7862,#7863));
#1310=EDGE_LOOP('',(#7864,#7865,#7866,#7867));
#1311=EDGE_LOOP('',(#7868,#7869,#7870,#7871));
#1312=EDGE_LOOP('',(#7872,#7873,#7874,#7875));
#1313=EDGE_LOOP('',(#7876,#7877,#7878,#7879));
#1314=EDGE_LOOP('',(#7880,#7881,#7882,#7883,#7884,#7885,#7886,#7887,#7888,
#7889,#7890,#7891));
#1315=EDGE_LOOP('',(#7892,#7893,#7894,#7895));
#1316=EDGE_LOOP('',(#7896,#7897,#7898,#7899));
#1317=EDGE_LOOP('',(#7900,#7901,#7902,#7903,#7904,#7905,#7906,#7907,#7908,
#7909,#7910,#7911,#7912,#7913,#7914,#7915,#7916,#7917,#7918,#7919,#7920,
#7921,#7922,#7923,#7924));
#1318=EDGE_LOOP('',(#7925,#7926,#7927,#7928));
#1319=EDGE_LOOP('',(#7929,#7930,#7931,#7932));
#1320=EDGE_LOOP('',(#7933,#7934,#7935,#7936));
#1321=EDGE_LOOP('',(#7937,#7938,#7939,#7940));
#1322=EDGE_LOOP('',(#7941,#7942,#7943,#7944));
#1323=EDGE_LOOP('',(#7945,#7946,#7947,#7948));
#1324=EDGE_LOOP('',(#7949,#7950,#7951,#7952));
#1325=EDGE_LOOP('',(#7953,#7954,#7955,#7956));
#1326=EDGE_LOOP('',(#7957,#7958,#7959,#7960));
#1327=EDGE_LOOP('',(#7961,#7962,#7963,#7964));
#1328=EDGE_LOOP('',(#7965,#7966,#7967,#7968));
#1329=EDGE_LOOP('',(#7969,#7970,#7971,#7972,#7973,#7974,#7975,#7976,#7977,
#7978));
#1330=EDGE_LOOP('',(#7979,#7980,#7981,#7982));
#1331=EDGE_LOOP('',(#7983,#7984,#7985,#7986));
#1332=EDGE_LOOP('',(#7987,#7988,#7989,#7990,#7991,#7992,#7993,#7994,#7995,
#7996,#7997,#7998,#7999,#8000,#8001,#8002,#8003,#8004));
#1333=EDGE_LOOP('',(#8005,#8006,#8007,#8008));
#1334=EDGE_LOOP('',(#8009,#8010,#8011,#8012));
#1335=EDGE_LOOP('',(#8013,#8014,#8015,#8016));
#1336=EDGE_LOOP('',(#8017,#8018,#8019,#8020));
#1337=EDGE_LOOP('',(#8021,#8022,#8023,#8024));
#1338=EDGE_LOOP('',(#8025,#8026,#8027,#8028));
#1339=EDGE_LOOP('',(#8029,#8030,#8031,#8032));
#1340=EDGE_LOOP('',(#8033,#8034,#8035,#8036));
#1341=EDGE_LOOP('',(#8037,#8038,#8039,#8040,#8041,#8042,#8043,#8044));
#1342=EDGE_LOOP('',(#8045,#8046,#8047,#8048,#8049,#8050,#8051,#8052,#8053,
#8054,#8055,#8056));
#1343=EDGE_LOOP('',(#8057,#8058,#8059,#8060));
#1344=EDGE_LOOP('',(#8061,#8062,#8063,#8064));
#1345=EDGE_LOOP('',(#8065,#8066,#8067,#8068));
#1346=EDGE_LOOP('',(#8069,#8070,#8071,#8072));
#1347=EDGE_LOOP('',(#8073,#8074,#8075,#8076));
#1348=EDGE_LOOP('',(#8077,#8078,#8079,#8080));
#1349=EDGE_LOOP('',(#8081,#8082,#8083,#8084,#8085,#8086,#8087));
#1350=EDGE_LOOP('',(#8088,#8089,#8090,#8091));
#1351=EDGE_LOOP('',(#8092,#8093,#8094,#8095));
#1352=EDGE_LOOP('',(#8096,#8097,#8098,#8099,#8100,#8101));
#1353=EDGE_LOOP('',(#8102,#8103,#8104,#8105,#8106,#8107,#8108,#8109));
#1354=EDGE_LOOP('',(#8110,#8111,#8112,#8113));
#1355=EDGE_LOOP('',(#8114,#8115,#8116,#8117,#8118));
#1356=EDGE_LOOP('',(#8119,#8120,#8121,#8122));
#1357=EDGE_LOOP('',(#8123,#8124,#8125,#8126,#8127));
#1358=EDGE_LOOP('',(#8128,#8129,#8130,#8131,#8132,#8133,#8134,#8135));
#1359=EDGE_LOOP('',(#8136,#8137,#8138,#8139));
#1360=EDGE_LOOP('',(#8140,#8141,#8142,#8143));
#1361=EDGE_LOOP('',(#8144,#8145,#8146,#8147));
#1362=EDGE_LOOP('',(#8148,#8149,#8150,#8151));
#1363=EDGE_LOOP('',(#8152,#8153,#8154,#8155));
#1364=EDGE_LOOP('',(#8156,#8157,#8158,#8159));
#1365=EDGE_LOOP('',(#8160,#8161,#8162,#8163));
#1366=EDGE_LOOP('',(#8164,#8165,#8166,#8167));
#1367=EDGE_LOOP('',(#8168,#8169,#8170,#8171));
#1368=EDGE_LOOP('',(#8172,#8173,#8174,#8175,#8176,#8177,#8178,#8179));
#1369=EDGE_LOOP('',(#8180,#8181,#8182,#8183,#8184,#8185,#8186,#8187,#8188,
#8189,#8190));
#1370=EDGE_LOOP('',(#8191,#8192,#8193,#8194));
#1371=EDGE_LOOP('',(#8195,#8196,#8197,#8198));
#1372=EDGE_LOOP('',(#8199,#8200,#8201,#8202,#8203,#8204));
#1373=EDGE_LOOP('',(#8205,#8206,#8207));
#1374=EDGE_LOOP('',(#8208,#8209,#8210,#8211));
#1375=EDGE_LOOP('',(#8212,#8213,#8214,#8215,#8216,#8217,#8218,#8219,#8220,
#8221,#8222,#8223));
#1376=EDGE_LOOP('',(#8224,#8225,#8226,#8227,#8228,#8229,#8230,#8231));
#1377=EDGE_LOOP('',(#8232,#8233,#8234,#8235,#8236,#8237,#8238,#8239));
#1378=EDGE_LOOP('',(#8240,#8241,#8242,#8243,#8244,#8245,#8246,#8247,#8248,
#8249,#8250));
#1379=EDGE_LOOP('',(#8251,#8252,#8253,#8254,#8255,#8256,#8257,#8258,#8259,
#8260));
#1380=EDGE_LOOP('',(#8261,#8262,#8263,#8264,#8265,#8266));
#1381=EDGE_LOOP('',(#8267,#8268,#8269,#8270));
#1382=EDGE_LOOP('',(#8271));
#1383=EDGE_LOOP('',(#8272,#8273,#8274,#8275));
#1384=EDGE_LOOP('',(#8276));
#1385=EDGE_LOOP('',(#8277,#8278,#8279,#8280,#8281,#8282,#8283,#8284));
#1386=EDGE_LOOP('',(#8285,#8286,#8287,#8288,#8289,#8290,#8291,#8292));
#1387=EDGE_LOOP('',(#8293));
#1388=EDGE_LOOP('',(#8294,#8295,#8296,#8297));
#1389=EDGE_LOOP('',(#8298,#8299,#8300,#8301,#8302,#8303,#8304,#8305,#8306,
#8307,#8308,#8309,#8310,#8311,#8312));
#1390=EDGE_LOOP('',(#8313,#8314,#8315,#8316,#8317,#8318,#8319,#8320,#8321,
#8322));
#1391=EDGE_LOOP('',(#8323,#8324,#8325,#8326,#8327,#8328,#8329,#8330,#8331,
#8332,#8333,#8334,#8335,#8336,#8337,#8338));
#1392=EDGE_LOOP('',(#8339,#8340,#8341,#8342,#8343,#8344,#8345));
#1393=EDGE_LOOP('',(#8346,#8347,#8348,#8349,#8350,#8351));
#1394=EDGE_LOOP('',(#8352,#8353,#8354,#8355,#8356,#8357));
#1395=EDGE_LOOP('',(#8358));
#1396=EDGE_LOOP('',(#8359,#8360,#8361,#8362,#8363,#8364));
#1397=EDGE_LOOP('',(#8365,#8366,#8367,#8368,#8369,#8370,#8371,#8372,#8373,
#8374));
#1398=EDGE_LOOP('',(#8375));
#1399=EDGE_LOOP('',(#8376));
#1400=EDGE_LOOP('',(#8377,#8378,#8379,#8380,#8381,#8382,#8383,#8384));
#1401=EDGE_LOOP('',(#8385,#8386,#8387,#8388));
#1402=EDGE_LOOP('',(#8389));
#1403=EDGE_LOOP('',(#8390,#8391,#8392,#8393,#8394,#8395,#8396,#8397,#8398,
#8399,#8400,#8401,#8402,#8403,#8404));
#1404=EDGE_LOOP('',(#8405,#8406,#8407,#8408));
#1405=EDGE_LOOP('',(#8409,#8410,#8411,#8412,#8413,#8414));
#1406=EDGE_LOOP('',(#8415,#8416,#8417,#8418,#8419,#8420));
#1407=EDGE_LOOP('',(#8421,#8422,#8423,#8424));
#1408=EDGE_LOOP('',(#8425,#8426,#8427,#8428));
#1409=EDGE_LOOP('',(#8429,#8430,#8431,#8432,#8433,#8434));
#1410=EDGE_LOOP('',(#8435,#8436,#8437,#8438));
#1411=EDGE_LOOP('',(#8439,#8440,#8441,#8442));
#1412=EDGE_LOOP('',(#8443,#8444,#8445,#8446,#8447,#8448));
#1413=EDGE_LOOP('',(#8449,#8450,#8451,#8452,#8453,#8454,#8455));
#1414=EDGE_LOOP('',(#8456,#8457,#8458,#8459,#8460,#8461,#8462,#8463,#8464,
#8465,#8466,#8467,#8468));
#1415=EDGE_LOOP('',(#8469,#8470,#8471,#8472));
#1416=EDGE_LOOP('',(#8473,#8474,#8475,#8476));
#1417=EDGE_LOOP('',(#8477,#8478,#8479,#8480));
#1418=EDGE_LOOP('',(#8481,#8482,#8483,#8484));
#1419=EDGE_LOOP('',(#8485,#8486,#8487,#8488));
#1420=EDGE_LOOP('',(#8489,#8490,#8491,#8492));
#1421=EDGE_LOOP('',(#8493,#8494,#8495,#8496));
#1422=EDGE_LOOP('',(#8497,#8498,#8499,#8500));
#1423=EDGE_LOOP('',(#8501,#8502,#8503,#8504,#8505,#8506,#8507));
#1424=EDGE_LOOP('',(#8508));
#1425=EDGE_LOOP('',(#8509,#8510,#8511,#8512));
#1426=EDGE_LOOP('',(#8513,#8514,#8515,#8516));
#1427=EDGE_LOOP('',(#8517,#8518,#8519,#8520));
#1428=EDGE_LOOP('',(#8521,#8522,#8523,#8524));
#1429=EDGE_LOOP('',(#8525,#8526,#8527,#8528));
#1430=EDGE_LOOP('',(#8529,#8530,#8531,#8532));
#1431=EDGE_LOOP('',(#8533,#8534,#8535,#8536));
#1432=EDGE_LOOP('',(#8537,#8538,#8539,#8540,#8541,#8542));
#1433=EDGE_LOOP('',(#8543));
#1434=EDGE_LOOP('',(#8544,#8545,#8546,#8547));
#1435=EDGE_LOOP('',(#8548,#8549,#8550,#8551));
#1436=EDGE_LOOP('',(#8552,#8553,#8554,#8555));
#1437=EDGE_LOOP('',(#8556,#8557,#8558,#8559));
#1438=EDGE_LOOP('',(#8560,#8561,#8562,#8563));
#1439=EDGE_LOOP('',(#8564,#8565,#8566,#8567));
#1440=EDGE_LOOP('',(#8568,#8569,#8570,#8571));
#1441=EDGE_LOOP('',(#8572,#8573,#8574,#8575));
#1442=EDGE_LOOP('',(#8576,#8577,#8578,#8579));
#1443=EDGE_LOOP('',(#8580,#8581,#8582,#8583));
#1444=EDGE_LOOP('',(#8584,#8585,#8586,#8587));
#1445=EDGE_LOOP('',(#8588,#8589,#8590,#8591));
#1446=EDGE_LOOP('',(#8592,#8593,#8594,#8595));
#1447=EDGE_LOOP('',(#8596,#8597,#8598,#8599,#8600,#8601,#8602,#8603,#8604,
#8605,#8606,#8607,#8608));
#1448=EDGE_LOOP('',(#8609,#8610,#8611,#8612));
#1449=EDGE_LOOP('',(#8613,#8614,#8615,#8616));
#1450=EDGE_LOOP('',(#8617,#8618,#8619,#8620));
#1451=EDGE_LOOP('',(#8621,#8622,#8623,#8624));
#1452=EDGE_LOOP('',(#8625,#8626,#8627,#8628));
#1453=EDGE_LOOP('',(#8629,#8630,#8631,#8632));
#1454=EDGE_LOOP('',(#8633,#8634,#8635,#8636));
#1455=EDGE_LOOP('',(#8637,#8638,#8639,#8640));
#1456=EDGE_LOOP('',(#8641,#8642,#8643,#8644));
#1457=EDGE_LOOP('',(#8645,#8646,#8647,#8648));
#1458=EDGE_LOOP('',(#8649,#8650,#8651,#8652));
#1459=EDGE_LOOP('',(#8653,#8654,#8655,#8656));
#1460=EDGE_LOOP('',(#8657,#8658,#8659,#8660));
#1461=EDGE_LOOP('',(#8661,#8662,#8663,#8664,#8665,#8666,#8667,#8668,#8669,
#8670,#8671,#8672,#8673));
#1462=EDGE_LOOP('',(#8674,#8675,#8676,#8677));
#1463=EDGE_LOOP('',(#8678,#8679,#8680,#8681));
#1464=EDGE_LOOP('',(#8682,#8683,#8684,#8685));
#1465=EDGE_LOOP('',(#8686,#8687,#8688,#8689));
#1466=EDGE_LOOP('',(#8690,#8691,#8692,#8693));
#1467=EDGE_LOOP('',(#8694,#8695,#8696,#8697));
#1468=EDGE_LOOP('',(#8698,#8699,#8700,#8701));
#1469=EDGE_LOOP('',(#8702,#8703,#8704,#8705));
#1470=EDGE_LOOP('',(#8706,#8707,#8708,#8709));
#1471=EDGE_LOOP('',(#8710,#8711,#8712,#8713));
#1472=EDGE_LOOP('',(#8714,#8715,#8716,#8717,#8718,#8719,#8720,#8721,#8722,
#8723));
#1473=EDGE_LOOP('',(#8724,#8725,#8726,#8727));
#1474=EDGE_LOOP('',(#8728,#8729,#8730,#8731));
#1475=EDGE_LOOP('',(#8732,#8733,#8734,#8735));
#1476=EDGE_LOOP('',(#8736,#8737,#8738,#8739));
#1477=EDGE_LOOP('',(#8740,#8741,#8742,#8743));
#1478=EDGE_LOOP('',(#8744,#8745,#8746,#8747));
#1479=EDGE_LOOP('',(#8748,#8749,#8750,#8751));
#1480=EDGE_LOOP('',(#8752,#8753,#8754,#8755));
#1481=EDGE_LOOP('',(#8756,#8757,#8758,#8759));
#1482=EDGE_LOOP('',(#8760,#8761,#8762,#8763));
#1483=EDGE_LOOP('',(#8764,#8765,#8766,#8767));
#1484=EDGE_LOOP('',(#8768,#8769,#8770,#8771));
#1485=EDGE_LOOP('',(#8772,#8773,#8774,#8775));
#1486=EDGE_LOOP('',(#8776,#8777,#8778,#8779));
#1487=EDGE_LOOP('',(#8780,#8781,#8782,#8783,#8784,#8785,#8786));
#1488=EDGE_LOOP('',(#8787,#8788));
#1489=EDGE_LOOP('',(#8789,#8790,#8791,#8792));
#1490=EDGE_LOOP('',(#8793,#8794,#8795,#8796));
#1491=EDGE_LOOP('',(#8797,#8798,#8799,#8800));
#1492=EDGE_LOOP('',(#8801,#8802,#8803,#8804));
#1493=EDGE_LOOP('',(#8805,#8806,#8807,#8808));
#1494=EDGE_LOOP('',(#8809,#8810,#8811,#8812));
#1495=EDGE_LOOP('',(#8813,#8814,#8815,#8816));
#1496=EDGE_LOOP('',(#8817,#8818,#8819,#8820));
#1497=EDGE_LOOP('',(#8821,#8822,#8823,#8824));
#1498=EDGE_LOOP('',(#8825,#8826,#8827,#8828));
#1499=EDGE_LOOP('',(#8829,#8830,#8831,#8832));
#1500=EDGE_LOOP('',(#8833,#8834,#8835,#8836));
#1501=EDGE_LOOP('',(#8837,#8838,#8839,#8840));
#1502=EDGE_LOOP('',(#8841,#8842,#8843,#8844));
#1503=EDGE_LOOP('',(#8845,#8846,#8847,#8848));
#1504=EDGE_LOOP('',(#8849,#8850,#8851,#8852));
#1505=EDGE_LOOP('',(#8853,#8854,#8855,#8856));
#1506=EDGE_LOOP('',(#8857,#8858,#8859,#8860));
#1507=EDGE_LOOP('',(#8861,#8862,#8863,#8864));
#1508=EDGE_LOOP('',(#8865,#8866,#8867,#8868));
#1509=EDGE_LOOP('',(#8869,#8870,#8871,#8872));
#1510=EDGE_LOOP('',(#8873,#8874,#8875,#8876,#8877,#8878,#8879,#8880,#8881,
#8882,#8883,#8884,#8885,#8886,#8887,#8888));
#1511=EDGE_LOOP('',(#8889,#8890));
#1512=EDGE_LOOP('',(#8891));
#1513=EDGE_LOOP('',(#8892));
#1514=EDGE_LOOP('',(#8893,#8894,#8895,#8896,#8897));
#1515=EDGE_LOOP('',(#8898,#8899,#8900));
#1516=EDGE_LOOP('',(#8901,#8902,#8903,#8904));
#1517=EDGE_LOOP('',(#8905,#8906,#8907,#8908));
#1518=EDGE_LOOP('',(#8909,#8910,#8911,#8912));
#1519=EDGE_LOOP('',(#8913,#8914,#8915,#8916));
#1520=EDGE_LOOP('',(#8917,#8918,#8919,#8920));
#1521=EDGE_LOOP('',(#8921,#8922,#8923,#8924));
#1522=EDGE_LOOP('',(#8925,#8926,#8927,#8928,#8929,#8930));
#1523=EDGE_LOOP('',(#8931,#8932,#8933,#8934,#8935,#8936,#8937,#8938,#8939,
#8940,#8941,#8942,#8943,#8944,#8945,#8946));
#1524=EDGE_LOOP('',(#8947,#8948,#8949,#8950));
#1525=EDGE_LOOP('',(#8951,#8952,#8953,#8954,#8955,#8956,#8957));
#1526=EDGE_LOOP('',(#8958,#8959,#8960,#8961));
#1527=EDGE_LOOP('',(#8962,#8963,#8964,#8965,#8966,#8967,#8968,#8969,#8970,
#8971));
#1528=EDGE_LOOP('',(#8972,#8973,#8974,#8975,#8976,#8977,#8978,#8979,#8980,
#8981,#8982,#8983,#8984));
#1529=EDGE_LOOP('',(#8985,#8986,#8987,#8988,#8989,#8990,#8991,#8992,#8993,
#8994,#8995,#8996,#8997));
#1530=EDGE_LOOP('',(#8998,#8999,#9000,#9001,#9002,#9003));
#1531=EDGE_LOOP('',(#9004,#9005,#9006,#9007,#9008,#9009,#9010));
#1532=EDGE_LOOP('',(#9011,#9012,#9013,#9014));
#1533=EDGE_LOOP('',(#9015,#9016,#9017,#9018));
#1534=EDGE_LOOP('',(#9019,#9020,#9021,#9022));
#1535=EDGE_LOOP('',(#9023,#9024,#9025,#9026));
#1536=EDGE_LOOP('',(#9027,#9028,#9029,#9030));
#1537=EDGE_LOOP('',(#9031,#9032,#9033));
#1538=EDGE_LOOP('',(#9034,#9035,#9036));
#1539=EDGE_LOOP('',(#9037,#9038,#9039,#9040));
#1540=EDGE_LOOP('',(#9041,#9042,#9043,#9044,#9045,#9046,#9047,#9048));
#1541=EDGE_LOOP('',(#9049,#9050,#9051,#9052));
#1542=EDGE_LOOP('',(#9053,#9054,#9055,#9056));
#1543=EDGE_LOOP('',(#9057,#9058,#9059,#9060));
#1544=EDGE_LOOP('',(#9061,#9062,#9063,#9064));
#1545=EDGE_LOOP('',(#9065,#9066,#9067,#9068));
#1546=EDGE_LOOP('',(#9069,#9070,#9071,#9072));
#1547=EDGE_LOOP('',(#9073,#9074,#9075,#9076));
#1548=EDGE_LOOP('',(#9077,#9078,#9079,#9080));
#1549=EDGE_LOOP('',(#9081,#9082,#9083,#9084));
#1550=EDGE_LOOP('',(#9085,#9086,#9087,#9088,#9089,#9090,#9091,#9092));
#1551=EDGE_LOOP('',(#9093,#9094,#9095,#9096));
#1552=EDGE_LOOP('',(#9097,#9098,#9099,#9100,#9101,#9102,#9103,#9104));
#1553=EDGE_LOOP('',(#9105,#9106,#9107,#9108,#9109,#9110,#9111,#9112));
#1554=EDGE_LOOP('',(#9113,#9114,#9115,#9116));
#1555=EDGE_LOOP('',(#9117,#9118,#9119,#9120));
#1556=EDGE_LOOP('',(#9121,#9122,#9123,#9124,#9125,#9126,#9127,#9128,#9129,
#9130,#9131,#9132));
#1557=EDGE_LOOP('',(#9133,#9134,#9135,#9136));
#1558=EDGE_LOOP('',(#9137,#9138,#9139,#9140));
#1559=EDGE_LOOP('',(#9141,#9142,#9143,#9144));
#1560=EDGE_LOOP('',(#9145,#9146,#9147,#9148));
#1561=EDGE_LOOP('',(#9149,#9150,#9151,#9152));
#1562=EDGE_LOOP('',(#9153,#9154,#9155,#9156));
#1563=EDGE_LOOP('',(#9157,#9158,#9159,#9160));
#1564=EDGE_LOOP('',(#9161,#9162,#9163,#9164));
#1565=EDGE_LOOP('',(#9165,#9166,#9167,#9168));
#1566=EDGE_LOOP('',(#9169,#9170,#9171,#9172));
#1567=EDGE_LOOP('',(#9173,#9174,#9175,#9176));
#1568=EDGE_LOOP('',(#9177,#9178,#9179,#9180));
#1569=EDGE_LOOP('',(#9181,#9182,#9183,#9184,#9185,#9186,#9187,#9188,#9189,
#9190,#9191,#9192));
#1570=EDGE_LOOP('',(#9193,#9194,#9195,#9196));
#1571=EDGE_LOOP('',(#9197,#9198,#9199,#9200));
#1572=EDGE_LOOP('',(#9201,#9202,#9203,#9204));
#1573=EDGE_LOOP('',(#9205,#9206,#9207,#9208));
#1574=EDGE_LOOP('',(#9209,#9210,#9211,#9212));
#1575=EDGE_LOOP('',(#9213,#9214,#9215,#9216));
#1576=EDGE_LOOP('',(#9217,#9218,#9219,#9220));
#1577=EDGE_LOOP('',(#9221,#9222,#9223,#9224));
#1578=EDGE_LOOP('',(#9225,#9226,#9227,#9228));
#1579=EDGE_LOOP('',(#9229,#9230,#9231,#9232));
#1580=EDGE_LOOP('',(#9233,#9234,#9235,#9236));
#1581=EDGE_LOOP('',(#9237,#9238,#9239,#9240));
#1582=LINE('',#13692,#2803);
#1583=LINE('',#13694,#2804);
#1584=LINE('',#13696,#2805);
#1585=LINE('',#13697,#2806);
#1586=LINE('',#13700,#2807);
#1587=LINE('',#13702,#2808);
#1588=LINE('',#13703,#2809);
#1589=LINE('',#13706,#2810);
#1590=LINE('',#13708,#2811);
#1591=LINE('',#13709,#2812);
#1592=LINE('',#13712,#2813);
#1593=LINE('',#13714,#2814);
#1594=LINE('',#13715,#2815);
#1595=LINE('',#13718,#2816);
#1596=LINE('',#13720,#2817);
#1597=LINE('',#13721,#2818);
#1598=LINE('',#13724,#2819);
#1599=LINE('',#13726,#2820);
#1600=LINE('',#13727,#2821);
#1601=LINE('',#13730,#2822);
#1602=LINE('',#13732,#2823);
#1603=LINE('',#13733,#2824);
#1604=LINE('',#13736,#2825);
#1605=LINE('',#13738,#2826);
#1606=LINE('',#13739,#2827);
#1607=LINE('',#13742,#2828);
#1608=LINE('',#13744,#2829);
#1609=LINE('',#13745,#2830);
#1610=LINE('',#13748,#2831);
#1611=LINE('',#13750,#2832);
#1612=LINE('',#13751,#2833);
#1613=LINE('',#13754,#2834);
#1614=LINE('',#13756,#2835);
#1615=LINE('',#13757,#2836);
#1616=LINE('',#13760,#2837);
#1617=LINE('',#13762,#2838);
#1618=LINE('',#13763,#2839);
#1619=LINE('',#13765,#2840);
#1620=LINE('',#13766,#2841);
#1621=LINE('',#13771,#2842);
#1622=LINE('',#13773,#2843);
#1623=LINE('',#13775,#2844);
#1624=LINE('',#13776,#2845);
#1625=LINE('',#13779,#2846);
#1626=LINE('',#13781,#2847);
#1627=LINE('',#13782,#2848);
#1628=LINE('',#13785,#2849);
#1629=LINE('',#13787,#2850);
#1630=LINE('',#13788,#2851);
#1631=LINE('',#13791,#2852);
#1632=LINE('',#13793,#2853);
#1633=LINE('',#13794,#2854);
#1634=LINE('',#13797,#2855);
#1635=LINE('',#13799,#2856);
#1636=LINE('',#13800,#2857);
#1637=LINE('',#13803,#2858);
#1638=LINE('',#13805,#2859);
#1639=LINE('',#13806,#2860);
#1640=LINE('',#13808,#2861);
#1641=LINE('',#13809,#2862);
#1642=LINE('',#13815,#2863);
#1643=LINE('',#13822,#2864);
#1644=LINE('',#13825,#2865);
#1645=LINE('',#13828,#2866);
#1646=LINE('',#13830,#2867);
#1647=LINE('',#13831,#2868);
#1648=LINE('',#13834,#2869);
#1649=LINE('',#13836,#2870);
#1650=LINE('',#13837,#2871);
#1651=LINE('',#13840,#2872);
#1652=LINE('',#13842,#2873);
#1653=LINE('',#13843,#2874);
#1654=LINE('',#13846,#2875);
#1655=LINE('',#13848,#2876);
#1656=LINE('',#13849,#2877);
#1657=LINE('',#13851,#2878);
#1658=LINE('',#13852,#2879);
#1659=LINE('',#13857,#2880);
#1660=LINE('',#13859,#2881);
#1661=LINE('',#13861,#2882);
#1662=LINE('',#13862,#2883);
#1663=LINE('',#13865,#2884);
#1664=LINE('',#13867,#2885);
#1665=LINE('',#13868,#2886);
#1666=LINE('',#13871,#2887);
#1667=LINE('',#13873,#2888);
#1668=LINE('',#13874,#2889);
#1669=LINE('',#13876,#2890);
#1670=LINE('',#13877,#2891);
#1671=LINE('',#13882,#2892);
#1672=LINE('',#13884,#2893);
#1673=LINE('',#13886,#2894);
#1674=LINE('',#13887,#2895);
#1675=LINE('',#13892,#2896);
#1676=LINE('',#13896,#2897);
#1677=LINE('',#13898,#2898);
#1678=LINE('',#13899,#2899);
#1679=LINE('',#13901,#2900);
#1680=LINE('',#13902,#2901);
#1681=LINE('',#13906,#2902);
#1682=LINE('',#13908,#2903);
#1683=LINE('',#13910,#2904);
#1684=LINE('',#13911,#2905);
#1685=LINE('',#13916,#2906);
#1686=LINE('',#13920,#2907);
#1687=LINE('',#13922,#2908);
#1688=LINE('',#13923,#2909);
#1689=LINE('',#13925,#2910);
#1690=LINE('',#13926,#2911);
#1691=LINE('',#13932,#2912);
#1692=LINE('',#13937,#2913);
#1693=LINE('',#13939,#2914);
#1694=LINE('',#13941,#2915);
#1695=LINE('',#13942,#2916);
#1696=LINE('',#13947,#2917);
#1697=LINE('',#13951,#2918);
#1698=LINE('',#13953,#2919);
#1699=LINE('',#13954,#2920);
#1700=LINE('',#13957,#2921);
#1701=LINE('',#13959,#2922);
#1702=LINE('',#13960,#2923);
#1703=LINE('',#13963,#2924);
#1704=LINE('',#13965,#2925);
#1705=LINE('',#13966,#2926);
#1706=LINE('',#13968,#2927);
#1707=LINE('',#13969,#2928);
#1708=LINE('',#13974,#2929);
#1709=LINE('',#13976,#2930);
#1710=LINE('',#13978,#2931);
#1711=LINE('',#13979,#2932);
#1712=LINE('',#13982,#2933);
#1713=LINE('',#13984,#2934);
#1714=LINE('',#13985,#2935);
#1715=LINE('',#13988,#2936);
#1716=LINE('',#13990,#2937);
#1717=LINE('',#13991,#2938);
#1718=LINE('',#13993,#2939);
#1719=LINE('',#13994,#2940);
#1720=LINE('',#13999,#2941);
#1721=LINE('',#14001,#2942);
#1722=LINE('',#14003,#2943);
#1723=LINE('',#14004,#2944);
#1724=LINE('',#14009,#2945);
#1725=LINE('',#14013,#2946);
#1726=LINE('',#14015,#2947);
#1727=LINE('',#14016,#2948);
#1728=LINE('',#14018,#2949);
#1729=LINE('',#14019,#2950);
#1730=LINE('',#14023,#2951);
#1731=LINE('',#14025,#2952);
#1732=LINE('',#14027,#2953);
#1733=LINE('',#14028,#2954);
#1734=LINE('',#14033,#2955);
#1735=LINE('',#14037,#2956);
#1736=LINE('',#14039,#2957);
#1737=LINE('',#14040,#2958);
#1738=LINE('',#14042,#2959);
#1739=LINE('',#14043,#2960);
#1740=LINE('',#14049,#2961);
#1741=LINE('',#14056,#2962);
#1742=LINE('',#14059,#2963);
#1743=LINE('',#14062,#2964);
#1744=LINE('',#14064,#2965);
#1745=LINE('',#14065,#2966);
#1746=LINE('',#14068,#2967);
#1747=LINE('',#14070,#2968);
#1748=LINE('',#14071,#2969);
#1749=LINE('',#14074,#2970);
#1750=LINE('',#14076,#2971);
#1751=LINE('',#14077,#2972);
#1752=LINE('',#14080,#2973);
#1753=LINE('',#14082,#2974);
#1754=LINE('',#14083,#2975);
#1755=LINE('',#14085,#2976);
#1756=LINE('',#14086,#2977);
#1757=LINE('',#14092,#2978);
#1758=LINE('',#14097,#2979);
#1759=LINE('',#14099,#2980);
#1760=LINE('',#14101,#2981);
#1761=LINE('',#14102,#2982);
#1762=LINE('',#14107,#2983);
#1763=LINE('',#14111,#2984);
#1764=LINE('',#14113,#2985);
#1765=LINE('',#14114,#2986);
#1766=LINE('',#14117,#2987);
#1767=LINE('',#14119,#2988);
#1768=LINE('',#14120,#2989);
#1769=LINE('',#14123,#2990);
#1770=LINE('',#14125,#2991);
#1771=LINE('',#14126,#2992);
#1772=LINE('',#14128,#2993);
#1773=LINE('',#14129,#2994);
#1774=LINE('',#14134,#2995);
#1775=LINE('',#14136,#2996);
#1776=LINE('',#14138,#2997);
#1777=LINE('',#14139,#2998);
#1778=LINE('',#14142,#2999);
#1779=LINE('',#14144,#3000);
#1780=LINE('',#14145,#3001);
#1781=LINE('',#14148,#3002);
#1782=LINE('',#14150,#3003);
#1783=LINE('',#14151,#3004);
#1784=LINE('',#14153,#3005);
#1785=LINE('',#14154,#3006);
#1786=LINE('',#14159,#3007);
#1787=LINE('',#14161,#3008);
#1788=LINE('',#14163,#3009);
#1789=LINE('',#14164,#3010);
#1790=LINE('',#14167,#3011);
#1791=LINE('',#14169,#3012);
#1792=LINE('',#14170,#3013);
#1793=LINE('',#14175,#3014);
#1794=LINE('',#14181,#3015);
#1795=LINE('',#14185,#3016);
#1796=LINE('',#14187,#3017);
#1797=LINE('',#14188,#3018);
#1798=LINE('',#14191,#3019);
#1799=LINE('',#14193,#3020);
#1800=LINE('',#14194,#3021);
#1801=LINE('',#14197,#3022);
#1802=LINE('',#14199,#3023);
#1803=LINE('',#14200,#3024);
#1804=LINE('',#14203,#3025);
#1805=LINE('',#14205,#3026);
#1806=LINE('',#14206,#3027);
#1807=LINE('',#14209,#3028);
#1808=LINE('',#14211,#3029);
#1809=LINE('',#14212,#3030);
#1810=LINE('',#14217,#3031);
#1811=LINE('',#14221,#3032);
#1812=LINE('',#14223,#3033);
#1813=LINE('',#14224,#3034);
#1814=LINE('',#14227,#3035);
#1815=LINE('',#14229,#3036);
#1816=LINE('',#14230,#3037);
#1817=LINE('',#14233,#3038);
#1818=LINE('',#14235,#3039);
#1819=LINE('',#14236,#3040);
#1820=LINE('',#14241,#3041);
#1821=LINE('',#14244,#3042);
#1822=LINE('',#14245,#3043);
#1823=LINE('',#14251,#3044);
#1824=LINE('',#14257,#3045);
#1825=LINE('',#14259,#3046);
#1826=LINE('',#14261,#3047);
#1827=LINE('',#14262,#3048);
#1828=LINE('',#14265,#3049);
#1829=LINE('',#14267,#3050);
#1830=LINE('',#14268,#3051);
#1831=LINE('',#14271,#3052);
#1832=LINE('',#14273,#3053);
#1833=LINE('',#14274,#3054);
#1834=LINE('',#14276,#3055);
#1835=LINE('',#14277,#3056);
#1836=LINE('',#14284,#3057);
#1837=LINE('',#14287,#3058);
#1838=LINE('',#14290,#3059);
#1839=LINE('',#14292,#3060);
#1840=LINE('',#14293,#3061);
#1841=LINE('',#14296,#3062);
#1842=LINE('',#14298,#3063);
#1843=LINE('',#14299,#3064);
#1844=LINE('',#14302,#3065);
#1845=LINE('',#14304,#3066);
#1846=LINE('',#14305,#3067);
#1847=LINE('',#14308,#3068);
#1848=LINE('',#14310,#3069);
#1849=LINE('',#14311,#3070);
#1850=LINE('',#14314,#3071);
#1851=LINE('',#14316,#3072);
#1852=LINE('',#14317,#3073);
#1853=LINE('',#14322,#3074);
#1854=LINE('',#14325,#3075);
#1855=LINE('',#14326,#3076);
#1856=LINE('',#14332,#3077);
#1857=LINE('',#14338,#3078);
#1858=LINE('',#14345,#3079);
#1859=LINE('',#14353,#3080);
#1860=LINE('',#14356,#3081);
#1861=LINE('',#14359,#3082);
#1862=LINE('',#14361,#3083);
#1863=LINE('',#14362,#3084);
#1864=LINE('',#14365,#3085);
#1865=LINE('',#14367,#3086);
#1866=LINE('',#14368,#3087);
#1867=LINE('',#14371,#3088);
#1868=LINE('',#14373,#3089);
#1869=LINE('',#14374,#3090);
#1870=LINE('',#14377,#3091);
#1871=LINE('',#14379,#3092);
#1872=LINE('',#14380,#3093);
#1873=LINE('',#14383,#3094);
#1874=LINE('',#14385,#3095);
#1875=LINE('',#14386,#3096);
#1876=LINE('',#14391,#3097);
#1877=LINE('',#14395,#3098);
#1878=LINE('',#14397,#3099);
#1879=LINE('',#14398,#3100);
#1880=LINE('',#14401,#3101);
#1881=LINE('',#14403,#3102);
#1882=LINE('',#14404,#3103);
#1883=LINE('',#14406,#3104);
#1884=LINE('',#14407,#3105);
#1885=LINE('',#14413,#3106);
#1886=LINE('',#14420,#3107);
#1887=LINE('',#14423,#3108);
#1888=LINE('',#14426,#3109);
#1889=LINE('',#14428,#3110);
#1890=LINE('',#14429,#3111);
#1891=LINE('',#14432,#3112);
#1892=LINE('',#14434,#3113);
#1893=LINE('',#14435,#3114);
#1894=LINE('',#14438,#3115);
#1895=LINE('',#14440,#3116);
#1896=LINE('',#14441,#3117);
#1897=LINE('',#14444,#3118);
#1898=LINE('',#14446,#3119);
#1899=LINE('',#14447,#3120);
#1900=LINE('',#14449,#3121);
#1901=LINE('',#14450,#3122);
#1902=LINE('',#14456,#3123);
#1903=LINE('',#14462,#3124);
#1904=LINE('',#14469,#3125);
#1905=LINE('',#14476,#3126);
#1906=LINE('',#14479,#3127);
#1907=LINE('',#14482,#3128);
#1908=LINE('',#14484,#3129);
#1909=LINE('',#14485,#3130);
#1910=LINE('',#14488,#3131);
#1911=LINE('',#14490,#3132);
#1912=LINE('',#14491,#3133);
#1913=LINE('',#14494,#3134);
#1914=LINE('',#14496,#3135);
#1915=LINE('',#14497,#3136);
#1916=LINE('',#14500,#3137);
#1917=LINE('',#14502,#3138);
#1918=LINE('',#14503,#3139);
#1919=LINE('',#14505,#3140);
#1920=LINE('',#14506,#3141);
#1921=LINE('',#14512,#3142);
#1922=LINE('',#14519,#3143);
#1923=LINE('',#14522,#3144);
#1924=LINE('',#14525,#3145);
#1925=LINE('',#14527,#3146);
#1926=LINE('',#14528,#3147);
#1927=LINE('',#14531,#3148);
#1928=LINE('',#14533,#3149);
#1929=LINE('',#14534,#3150);
#1930=LINE('',#14537,#3151);
#1931=LINE('',#14539,#3152);
#1932=LINE('',#14540,#3153);
#1933=LINE('',#14543,#3154);
#1934=LINE('',#14545,#3155);
#1935=LINE('',#14546,#3156);
#1936=LINE('',#14548,#3157);
#1937=LINE('',#14549,#3158);
#1938=LINE('',#14556,#3159);
#1939=LINE('',#14559,#3160);
#1940=LINE('',#14562,#3161);
#1941=LINE('',#14564,#3162);
#1942=LINE('',#14565,#3163);
#1943=LINE('',#14568,#3164);
#1944=LINE('',#14570,#3165);
#1945=LINE('',#14571,#3166);
#1946=LINE('',#14574,#3167);
#1947=LINE('',#14576,#3168);
#1948=LINE('',#14577,#3169);
#1949=LINE('',#14580,#3170);
#1950=LINE('',#14582,#3171);
#1951=LINE('',#14583,#3172);
#1952=LINE('',#14588,#3173);
#1953=LINE('',#14591,#3174);
#1954=LINE('',#14592,#3175);
#1955=LINE('',#14599,#3176);
#1956=LINE('',#14602,#3177);
#1957=LINE('',#14607,#3178);
#1958=LINE('',#14613,#3179);
#1959=LINE('',#14619,#3180);
#1960=LINE('',#14625,#3181);
#1961=LINE('',#14631,#3182);
#1962=LINE('',#14635,#3183);
#1963=LINE('',#14637,#3184);
#1964=LINE('',#14638,#3185);
#1965=LINE('',#14643,#3186);
#1966=LINE('',#14649,#3187);
#1967=LINE('',#14655,#3188);
#1968=LINE('',#14661,#3189);
#1969=LINE('',#14667,#3190);
#1970=LINE('',#14673,#3191);
#1971=LINE('',#14679,#3192);
#1972=LINE('',#14683,#3193);
#1973=LINE('',#14685,#3194);
#1974=LINE('',#14686,#3195);
#1975=LINE('',#14694,#3196);
#1976=LINE('',#14696,#3197);
#1977=LINE('',#14698,#3198);
#1978=LINE('',#14699,#3199);
#1979=LINE('',#14702,#3200);
#1980=LINE('',#14704,#3201);
#1981=LINE('',#14705,#3202);
#1982=LINE('',#14710,#3203);
#1983=LINE('',#14714,#3204);
#1984=LINE('',#14716,#3205);
#1985=LINE('',#14717,#3206);
#1986=LINE('',#14720,#3207);
#1987=LINE('',#14722,#3208);
#1988=LINE('',#14723,#3209);
#1989=LINE('',#14726,#3210);
#1990=LINE('',#14728,#3211);
#1991=LINE('',#14729,#3212);
#1992=LINE('',#14732,#3213);
#1993=LINE('',#14734,#3214);
#1994=LINE('',#14735,#3215);
#1995=LINE('',#14738,#3216);
#1996=LINE('',#14740,#3217);
#1997=LINE('',#14741,#3218);
#1998=LINE('',#14746,#3219);
#1999=LINE('',#14749,#3220);
#2000=LINE('',#14750,#3221);
#2001=LINE('',#14755,#3222);
#2002=LINE('',#14757,#3223);
#2003=LINE('',#14759,#3224);
#2004=LINE('',#14760,#3225);
#2005=LINE('',#14763,#3226);
#2006=LINE('',#14765,#3227);
#2007=LINE('',#14766,#3228);
#2008=LINE('',#14771,#3229);
#2009=LINE('',#14777,#3230);
#2010=LINE('',#14781,#3231);
#2011=LINE('',#14783,#3232);
#2012=LINE('',#14784,#3233);
#2013=LINE('',#14787,#3234);
#2014=LINE('',#14789,#3235);
#2015=LINE('',#14790,#3236);
#2016=LINE('',#14793,#3237);
#2017=LINE('',#14795,#3238);
#2018=LINE('',#14796,#3239);
#2019=LINE('',#14799,#3240);
#2020=LINE('',#14801,#3241);
#2021=LINE('',#14802,#3242);
#2022=LINE('',#14805,#3243);
#2023=LINE('',#14807,#3244);
#2024=LINE('',#14808,#3245);
#2025=LINE('',#14813,#3246);
#2026=LINE('',#14817,#3247);
#2027=LINE('',#14819,#3248);
#2028=LINE('',#14820,#3249);
#2029=LINE('',#14823,#3250);
#2030=LINE('',#14825,#3251);
#2031=LINE('',#14826,#3252);
#2032=LINE('',#14829,#3253);
#2033=LINE('',#14831,#3254);
#2034=LINE('',#14832,#3255);
#2035=LINE('',#14837,#3256);
#2036=LINE('',#14840,#3257);
#2037=LINE('',#14841,#3258);
#2038=LINE('',#14846,#3259);
#2039=LINE('',#14848,#3260);
#2040=LINE('',#14850,#3261);
#2041=LINE('',#14851,#3262);
#2042=LINE('',#14854,#3263);
#2043=LINE('',#14856,#3264);
#2044=LINE('',#14857,#3265);
#2045=LINE('',#14860,#3266);
#2046=LINE('',#14862,#3267);
#2047=LINE('',#14863,#3268);
#2048=LINE('',#14865,#3269);
#2049=LINE('',#14866,#3270);
#2050=LINE('',#14872,#3271);
#2051=LINE('',#14880,#3272);
#2052=LINE('',#14883,#3273);
#2053=LINE('',#14886,#3274);
#2054=LINE('',#14888,#3275);
#2055=LINE('',#14889,#3276);
#2056=LINE('',#14892,#3277);
#2057=LINE('',#14894,#3278);
#2058=LINE('',#14895,#3279);
#2059=LINE('',#14898,#3280);
#2060=LINE('',#14900,#3281);
#2061=LINE('',#14901,#3282);
#2062=LINE('',#14904,#3283);
#2063=LINE('',#14906,#3284);
#2064=LINE('',#14907,#3285);
#2065=LINE('',#14910,#3286);
#2066=LINE('',#14912,#3287);
#2067=LINE('',#14913,#3288);
#2068=LINE('',#14918,#3289);
#2069=LINE('',#14921,#3290);
#2070=LINE('',#14922,#3291);
#2071=LINE('',#14927,#3292);
#2072=LINE('',#14929,#3293);
#2073=LINE('',#14931,#3294);
#2074=LINE('',#14932,#3295);
#2075=LINE('',#14935,#3296);
#2076=LINE('',#14937,#3297);
#2077=LINE('',#14938,#3298);
#2078=LINE('',#14940,#3299);
#2079=LINE('',#14941,#3300);
#2080=LINE('',#14945,#3301);
#2081=LINE('',#14947,#3302);
#2082=LINE('',#14949,#3303);
#2083=LINE('',#14950,#3304);
#2084=LINE('',#14953,#3305);
#2085=LINE('',#14955,#3306);
#2086=LINE('',#14956,#3307);
#2087=LINE('',#14959,#3308);
#2088=LINE('',#14961,#3309);
#2089=LINE('',#14962,#3310);
#2090=LINE('',#14965,#3311);
#2091=LINE('',#14967,#3312);
#2092=LINE('',#14968,#3313);
#2093=LINE('',#14971,#3314);
#2094=LINE('',#14973,#3315);
#2095=LINE('',#14974,#3316);
#2096=LINE('',#14977,#3317);
#2097=LINE('',#14979,#3318);
#2098=LINE('',#14980,#3319);
#2099=LINE('',#14983,#3320);
#2100=LINE('',#14985,#3321);
#2101=LINE('',#14986,#3322);
#2102=LINE('',#14988,#3323);
#2103=LINE('',#14989,#3324);
#2104=LINE('',#14995,#3325);
#2105=LINE('',#15001,#3326);
#2106=LINE('',#15003,#3327);
#2107=LINE('',#15005,#3328);
#2108=LINE('',#15006,#3329);
#2109=LINE('',#15009,#3330);
#2110=LINE('',#15011,#3331);
#2111=LINE('',#15012,#3332);
#2112=LINE('',#15015,#3333);
#2113=LINE('',#15017,#3334);
#2114=LINE('',#15018,#3335);
#2115=LINE('',#15020,#3336);
#2116=LINE('',#15021,#3337);
#2117=LINE('',#15027,#3338);
#2118=LINE('',#15033,#3339);
#2119=LINE('',#15035,#3340);
#2120=LINE('',#15037,#3341);
#2121=LINE('',#15038,#3342);
#2122=LINE('',#15041,#3343);
#2123=LINE('',#15043,#3344);
#2124=LINE('',#15044,#3345);
#2125=LINE('',#15047,#3346);
#2126=LINE('',#15049,#3347);
#2127=LINE('',#15050,#3348);
#2128=LINE('',#15052,#3349);
#2129=LINE('',#15053,#3350);
#2130=LINE('',#15059,#3351);
#2131=LINE('',#15066,#3352);
#2132=LINE('',#15069,#3353);
#2133=LINE('',#15072,#3354);
#2134=LINE('',#15074,#3355);
#2135=LINE('',#15075,#3356);
#2136=LINE('',#15078,#3357);
#2137=LINE('',#15080,#3358);
#2138=LINE('',#15081,#3359);
#2139=LINE('',#15084,#3360);
#2140=LINE('',#15086,#3361);
#2141=LINE('',#15087,#3362);
#2142=LINE('',#15090,#3363);
#2143=LINE('',#15092,#3364);
#2144=LINE('',#15093,#3365);
#2145=LINE('',#15095,#3366);
#2146=LINE('',#15096,#3367);
#2147=LINE('',#15103,#3368);
#2148=LINE('',#15106,#3369);
#2149=LINE('',#15109,#3370);
#2150=LINE('',#15111,#3371);
#2151=LINE('',#15112,#3372);
#2152=LINE('',#15115,#3373);
#2153=LINE('',#15117,#3374);
#2154=LINE('',#15118,#3375);
#2155=LINE('',#15121,#3376);
#2156=LINE('',#15123,#3377);
#2157=LINE('',#15124,#3378);
#2158=LINE('',#15127,#3379);
#2159=LINE('',#15129,#3380);
#2160=LINE('',#15130,#3381);
#2161=LINE('',#15133,#3382);
#2162=LINE('',#15135,#3383);
#2163=LINE('',#15136,#3384);
#2164=LINE('',#15141,#3385);
#2165=LINE('',#15145,#3386);
#2166=LINE('',#15147,#3387);
#2167=LINE('',#15148,#3388);
#2168=LINE('',#15151,#3389);
#2169=LINE('',#15153,#3390);
#2170=LINE('',#15154,#3391);
#2171=LINE('',#15156,#3392);
#2172=LINE('',#15157,#3393);
#2173=LINE('',#15162,#3394);
#2174=LINE('',#15164,#3395);
#2175=LINE('',#15166,#3396);
#2176=LINE('',#15167,#3397);
#2177=LINE('',#15170,#3398);
#2178=LINE('',#15172,#3399);
#2179=LINE('',#15173,#3400);
#2180=LINE('',#15176,#3401);
#2181=LINE('',#15178,#3402);
#2182=LINE('',#15179,#3403);
#2183=LINE('',#15182,#3404);
#2184=LINE('',#15184,#3405);
#2185=LINE('',#15185,#3406);
#2186=LINE('',#15188,#3407);
#2187=LINE('',#15190,#3408);
#2188=LINE('',#15191,#3409);
#2189=LINE('',#15194,#3410);
#2190=LINE('',#15196,#3411);
#2191=LINE('',#15197,#3412);
#2192=LINE('',#15200,#3413);
#2193=LINE('',#15202,#3414);
#2194=LINE('',#15203,#3415);
#2195=LINE('',#15206,#3416);
#2196=LINE('',#15208,#3417);
#2197=LINE('',#15209,#3418);
#2198=LINE('',#15212,#3419);
#2199=LINE('',#15214,#3420);
#2200=LINE('',#15215,#3421);
#2201=LINE('',#15218,#3422);
#2202=LINE('',#15220,#3423);
#2203=LINE('',#15221,#3424);
#2204=LINE('',#15223,#3425);
#2205=LINE('',#15224,#3426);
#2206=LINE('',#15229,#3427);
#2207=LINE('',#15231,#3428);
#2208=LINE('',#15233,#3429);
#2209=LINE('',#15234,#3430);
#2210=LINE('',#15237,#3431);
#2211=LINE('',#15239,#3432);
#2212=LINE('',#15240,#3433);
#2213=LINE('',#15243,#3434);
#2214=LINE('',#15245,#3435);
#2215=LINE('',#15246,#3436);
#2216=LINE('',#15249,#3437);
#2217=LINE('',#15251,#3438);
#2218=LINE('',#15252,#3439);
#2219=LINE('',#15255,#3440);
#2220=LINE('',#15257,#3441);
#2221=LINE('',#15258,#3442);
#2222=LINE('',#15263,#3443);
#2223=LINE('',#15267,#3444);
#2224=LINE('',#15269,#3445);
#2225=LINE('',#15270,#3446);
#2226=LINE('',#15280,#3447);
#2227=LINE('',#15283,#3448);
#2228=LINE('',#15286,#3449);
#2229=LINE('',#15288,#3450);
#2230=LINE('',#15289,#3451);
#2231=LINE('',#15292,#3452);
#2232=LINE('',#15294,#3453);
#2233=LINE('',#15295,#3454);
#2234=LINE('',#15298,#3455);
#2235=LINE('',#15300,#3456);
#2236=LINE('',#15301,#3457);
#2237=LINE('',#15304,#3458);
#2238=LINE('',#15306,#3459);
#2239=LINE('',#15307,#3460);
#2240=LINE('',#15310,#3461);
#2241=LINE('',#15312,#3462);
#2242=LINE('',#15313,#3463);
#2243=LINE('',#15318,#3464);
#2244=LINE('',#15321,#3465);
#2245=LINE('',#15322,#3466);
#2246=LINE('',#15327,#3467);
#2247=LINE('',#15329,#3468);
#2248=LINE('',#15331,#3469);
#2249=LINE('',#15332,#3470);
#2250=LINE('',#15335,#3471);
#2251=LINE('',#15337,#3472);
#2252=LINE('',#15338,#3473);
#2253=LINE('',#15341,#3474);
#2254=LINE('',#15343,#3475);
#2255=LINE('',#15344,#3476);
#2256=LINE('',#15347,#3477);
#2257=LINE('',#15349,#3478);
#2258=LINE('',#15350,#3479);
#2259=LINE('',#15353,#3480);
#2260=LINE('',#15355,#3481);
#2261=LINE('',#15356,#3482);
#2262=LINE('',#15359,#3483);
#2263=LINE('',#15361,#3484);
#2264=LINE('',#15362,#3485);
#2265=LINE('',#15365,#3486);
#2266=LINE('',#15367,#3487);
#2267=LINE('',#15368,#3488);
#2268=LINE('',#15371,#3489);
#2269=LINE('',#15373,#3490);
#2270=LINE('',#15374,#3491);
#2271=LINE('',#15377,#3492);
#2272=LINE('',#15379,#3493);
#2273=LINE('',#15380,#3494);
#2274=LINE('',#15383,#3495);
#2275=LINE('',#15385,#3496);
#2276=LINE('',#15386,#3497);
#2277=LINE('',#15389,#3498);
#2278=LINE('',#15391,#3499);
#2279=LINE('',#15392,#3500);
#2280=LINE('',#15394,#3501);
#2281=LINE('',#15395,#3502);
#2282=LINE('',#15413,#3503);
#2283=LINE('',#15415,#3504);
#2284=LINE('',#15417,#3505);
#2285=LINE('',#15418,#3506);
#2286=LINE('',#15421,#3507);
#2287=LINE('',#15423,#3508);
#2288=LINE('',#15425,#3509);
#2289=LINE('',#15426,#3510);
#2290=LINE('',#15429,#3511);
#2291=LINE('',#15431,#3512);
#2292=LINE('',#15432,#3513);
#2293=LINE('',#15436,#3514);
#2294=LINE('',#15437,#3515);
#2295=LINE('',#15438,#3516);
#2296=LINE('',#15441,#3517);
#2297=LINE('',#15442,#3518);
#2298=LINE('',#15445,#3519);
#2299=LINE('',#15446,#3520);
#2300=LINE('',#15448,#3521);
#2301=LINE('',#15451,#3522);
#2302=LINE('',#15452,#3523);
#2303=LINE('',#15456,#3524);
#2304=LINE('',#15458,#3525);
#2305=LINE('',#15459,#3526);
#2306=LINE('',#15460,#3527);
#2307=LINE('',#15463,#3528);
#2308=LINE('',#15465,#3529);
#2309=LINE('',#15466,#3530);
#2310=LINE('',#15470,#3531);
#2311=LINE('',#15472,#3532);
#2312=LINE('',#15474,#3533);
#2313=LINE('',#15476,#3534);
#2314=LINE('',#15478,#3535);
#2315=LINE('',#15480,#3536);
#2316=LINE('',#15482,#3537);
#2317=LINE('',#15483,#3538);
#2318=LINE('',#15486,#3539);
#2319=LINE('',#15488,#3540);
#2320=LINE('',#15489,#3541);
#2321=LINE('',#15492,#3542);
#2322=LINE('',#15494,#3543);
#2323=LINE('',#15495,#3544);
#2324=LINE('',#15498,#3545);
#2325=LINE('',#15499,#3546);
#2326=LINE('',#15502,#3547);
#2327=LINE('',#15503,#3548);
#2328=LINE('',#15506,#3549);
#2329=LINE('',#15507,#3550);
#2330=LINE('',#15511,#3551);
#2331=LINE('',#15513,#3552);
#2332=LINE('',#15515,#3553);
#2333=LINE('',#15516,#3554);
#2334=LINE('',#15520,#3555);
#2335=LINE('',#15522,#3556);
#2336=LINE('',#15524,#3557);
#2337=LINE('',#15526,#3558);
#2338=LINE('',#15528,#3559);
#2339=LINE('',#15529,#3560);
#2340=LINE('',#15530,#3561);
#2341=LINE('',#15532,#3562);
#2342=LINE('',#15533,#3563);
#2343=LINE('',#15536,#3564);
#2344=LINE('',#15538,#3565);
#2345=LINE('',#15540,#3566);
#2346=LINE('',#15541,#3567);
#2347=LINE('',#15542,#3568);
#2348=LINE('',#15545,#3569);
#2349=LINE('',#15547,#3570);
#2350=LINE('',#15549,#3571);
#2351=LINE('',#15550,#3572);
#2352=LINE('',#15552,#3573);
#2353=LINE('',#15554,#3574);
#2354=LINE('',#15555,#3575);
#2355=LINE('',#15557,#3576);
#2356=LINE('',#15559,#3577);
#2357=LINE('',#15561,#3578);
#2358=LINE('',#15563,#3579);
#2359=LINE('',#15565,#3580);
#2360=LINE('',#15567,#3581);
#2361=LINE('',#15569,#3582);
#2362=LINE('',#15571,#3583);
#2363=LINE('',#15572,#3584);
#2364=LINE('',#15575,#3585);
#2365=LINE('',#15579,#3586);
#2366=LINE('',#15583,#3587);
#2367=LINE('',#15587,#3588);
#2368=LINE('',#15592,#3589);
#2369=LINE('',#15594,#3590);
#2370=LINE('',#15596,#3591);
#2371=LINE('',#15597,#3592);
#2372=LINE('',#15601,#3593);
#2373=LINE('',#15603,#3594);
#2374=LINE('',#15605,#3595);
#2375=LINE('',#15606,#3596);
#2376=LINE('',#15609,#3597);
#2377=LINE('',#15611,#3598);
#2378=LINE('',#15612,#3599);
#2379=LINE('',#15615,#3600);
#2380=LINE('',#15617,#3601);
#2381=LINE('',#15618,#3602);
#2382=LINE('',#15620,#3603);
#2383=LINE('',#15621,#3604);
#2384=LINE('',#15625,#3605);
#2385=LINE('',#15627,#3606);
#2386=LINE('',#15629,#3607);
#2387=LINE('',#15630,#3608);
#2388=LINE('',#15632,#3609);
#2389=LINE('',#15633,#3610);
#2390=LINE('',#15635,#3611);
#2391=LINE('',#15637,#3612);
#2392=LINE('',#15639,#3613);
#2393=LINE('',#15640,#3614);
#2394=LINE('',#15643,#3615);
#2395=LINE('',#15645,#3616);
#2396=LINE('',#15647,#3617);
#2397=LINE('',#15649,#3618);
#2398=LINE('',#15651,#3619);
#2399=LINE('',#15653,#3620);
#2400=LINE('',#15655,#3621);
#2401=LINE('',#15657,#3622);
#2402=LINE('',#15659,#3623);
#2403=LINE('',#15660,#3624);
#2404=LINE('',#15663,#3625);
#2405=LINE('',#15667,#3626);
#2406=LINE('',#15671,#3627);
#2407=LINE('',#15672,#3628);
#2408=LINE('',#15675,#3629);
#2409=LINE('',#15676,#3630);
#2410=LINE('',#15679,#3631);
#2411=LINE('',#15680,#3632);
#2412=LINE('',#15682,#3633);
#2413=LINE('',#15685,#3634);
#2414=LINE('',#15686,#3635);
#2415=LINE('',#15688,#3636);
#2416=LINE('',#15691,#3637);
#2417=LINE('',#15693,#3638);
#2418=LINE('',#15694,#3639);
#2419=LINE('',#15698,#3640);
#2420=LINE('',#15700,#3641);
#2421=LINE('',#15702,#3642);
#2422=LINE('',#15704,#3643);
#2423=LINE('',#15706,#3644);
#2424=LINE('',#15707,#3645);
#2425=LINE('',#15710,#3646);
#2426=LINE('',#15714,#3647);
#2427=LINE('',#15718,#3648);
#2428=LINE('',#15722,#3649);
#2429=LINE('',#15725,#3650);
#2430=LINE('',#15726,#3651);
#2431=LINE('',#15728,#3652);
#2432=LINE('',#15730,#3653);
#2433=LINE('',#15733,#3654);
#2434=LINE('',#15735,#3655);
#2435=LINE('',#15736,#3656);
#2436=LINE('',#15738,#3657);
#2437=LINE('',#15740,#3658);
#2438=LINE('',#15743,#3659);
#2439=LINE('',#15744,#3660);
#2440=LINE('',#15748,#3661);
#2441=LINE('',#15750,#3662);
#2442=LINE('',#15752,#3663);
#2443=LINE('',#15753,#3664);
#2444=LINE('',#15756,#3665);
#2445=LINE('',#15758,#3666);
#2446=LINE('',#15760,#3667);
#2447=LINE('',#15761,#3668);
#2448=LINE('',#15764,#3669);
#2449=LINE('',#15766,#3670);
#2450=LINE('',#15767,#3671);
#2451=LINE('',#15770,#3672);
#2452=LINE('',#15771,#3673);
#2453=LINE('',#15772,#3674);
#2454=LINE('',#15774,#3675);
#2455=LINE('',#15775,#3676);
#2456=LINE('',#15776,#3677);
#2457=LINE('',#15779,#3678);
#2458=LINE('',#15781,#3679);
#2459=LINE('',#15783,#3680);
#2460=LINE('',#15784,#3681);
#2461=LINE('',#15787,#3682);
#2462=LINE('',#15789,#3683);
#2463=LINE('',#15790,#3684);
#2464=LINE('',#15794,#3685);
#2465=LINE('',#15797,#3686);
#2466=LINE('',#15798,#3687);
#2467=LINE('',#15802,#3688);
#2468=LINE('',#15803,#3689);
#2469=LINE('',#15805,#3690);
#2470=LINE('',#15807,#3691);
#2471=LINE('',#15810,#3692);
#2472=LINE('',#15813,#3693);
#2473=LINE('',#15815,#3694);
#2474=LINE('',#15817,#3695);
#2475=LINE('',#15818,#3696);
#2476=LINE('',#15821,#3697);
#2477=LINE('',#15823,#3698);
#2478=LINE('',#15825,#3699);
#2479=LINE('',#15826,#3700);
#2480=LINE('',#15829,#3701);
#2481=LINE('',#15831,#3702);
#2482=LINE('',#15832,#3703);
#2483=LINE('',#15835,#3704);
#2484=LINE('',#15837,#3705);
#2485=LINE('',#15838,#3706);
#2486=LINE('',#15843,#3707);
#2487=LINE('',#15848,#3708);
#2488=LINE('',#15850,#3709);
#2489=LINE('',#15852,#3710);
#2490=LINE('',#15853,#3711);
#2491=LINE('',#15856,#3712);
#2492=LINE('',#15858,#3713);
#2493=LINE('',#15859,#3714);
#2494=LINE('',#15862,#3715);
#2495=LINE('',#15864,#3716);
#2496=LINE('',#15865,#3717);
#2497=LINE('',#15870,#3718);
#2498=LINE('',#15876,#3719);
#2499=LINE('',#15880,#3720);
#2500=LINE('',#15882,#3721);
#2501=LINE('',#15883,#3722);
#2502=LINE('',#15892,#3723);
#2503=LINE('',#15897,#3724);
#2504=LINE('',#15899,#3725);
#2505=LINE('',#15901,#3726);
#2506=LINE('',#15902,#3727);
#2507=LINE('',#15905,#3728);
#2508=LINE('',#15907,#3729);
#2509=LINE('',#15908,#3730);
#2510=LINE('',#15911,#3731);
#2511=LINE('',#15913,#3732);
#2512=LINE('',#15914,#3733);
#2513=LINE('',#15917,#3734);
#2514=LINE('',#15919,#3735);
#2515=LINE('',#15920,#3736);
#2516=LINE('',#15923,#3737);
#2517=LINE('',#15925,#3738);
#2518=LINE('',#15926,#3739);
#2519=LINE('',#15934,#3740);
#2520=LINE('',#15936,#3741);
#2521=LINE('',#15938,#3742);
#2522=LINE('',#15939,#3743);
#2523=LINE('',#15942,#3744);
#2524=LINE('',#15944,#3745);
#2525=LINE('',#15945,#3746);
#2526=LINE('',#15948,#3747);
#2527=LINE('',#15950,#3748);
#2528=LINE('',#15951,#3749);
#2529=LINE('',#15954,#3750);
#2530=LINE('',#15956,#3751);
#2531=LINE('',#15957,#3752);
#2532=LINE('',#15960,#3753);
#2533=LINE('',#15962,#3754);
#2534=LINE('',#15963,#3755);
#2535=LINE('',#15966,#3756);
#2536=LINE('',#15968,#3757);
#2537=LINE('',#15969,#3758);
#2538=LINE('',#15972,#3759);
#2539=LINE('',#15974,#3760);
#2540=LINE('',#15975,#3761);
#2541=LINE('',#15978,#3762);
#2542=LINE('',#15980,#3763);
#2543=LINE('',#15981,#3764);
#2544=LINE('',#15984,#3765);
#2545=LINE('',#15986,#3766);
#2546=LINE('',#15987,#3767);
#2547=LINE('',#15990,#3768);
#2548=LINE('',#15992,#3769);
#2549=LINE('',#15993,#3770);
#2550=LINE('',#15996,#3771);
#2551=LINE('',#15998,#3772);
#2552=LINE('',#15999,#3773);
#2553=LINE('',#16002,#3774);
#2554=LINE('',#16004,#3775);
#2555=LINE('',#16005,#3776);
#2556=LINE('',#16007,#3777);
#2557=LINE('',#16008,#3778);
#2558=LINE('',#16013,#3779);
#2559=LINE('',#16015,#3780);
#2560=LINE('',#16017,#3781);
#2561=LINE('',#16018,#3782);
#2562=LINE('',#16021,#3783);
#2563=LINE('',#16023,#3784);
#2564=LINE('',#16024,#3785);
#2565=LINE('',#16027,#3786);
#2566=LINE('',#16029,#3787);
#2567=LINE('',#16030,#3788);
#2568=LINE('',#16033,#3789);
#2569=LINE('',#16035,#3790);
#2570=LINE('',#16036,#3791);
#2571=LINE('',#16039,#3792);
#2572=LINE('',#16041,#3793);
#2573=LINE('',#16042,#3794);
#2574=LINE('',#16045,#3795);
#2575=LINE('',#16047,#3796);
#2576=LINE('',#16048,#3797);
#2577=LINE('',#16051,#3798);
#2578=LINE('',#16053,#3799);
#2579=LINE('',#16054,#3800);
#2580=LINE('',#16057,#3801);
#2581=LINE('',#16059,#3802);
#2582=LINE('',#16060,#3803);
#2583=LINE('',#16063,#3804);
#2584=LINE('',#16065,#3805);
#2585=LINE('',#16066,#3806);
#2586=LINE('',#16069,#3807);
#2587=LINE('',#16071,#3808);
#2588=LINE('',#16072,#3809);
#2589=LINE('',#16075,#3810);
#2590=LINE('',#16077,#3811);
#2591=LINE('',#16078,#3812);
#2592=LINE('',#16081,#3813);
#2593=LINE('',#16083,#3814);
#2594=LINE('',#16084,#3815);
#2595=LINE('',#16086,#3816);
#2596=LINE('',#16087,#3817);
#2597=LINE('',#16092,#3818);
#2598=LINE('',#16094,#3819);
#2599=LINE('',#16096,#3820);
#2600=LINE('',#16097,#3821);
#2601=LINE('',#16102,#3822);
#2602=LINE('',#16106,#3823);
#2603=LINE('',#16108,#3824);
#2604=LINE('',#16109,#3825);
#2605=LINE('',#16112,#3826);
#2606=LINE('',#16114,#3827);
#2607=LINE('',#16115,#3828);
#2608=LINE('',#16118,#3829);
#2609=LINE('',#16120,#3830);
#2610=LINE('',#16121,#3831);
#2611=LINE('',#16124,#3832);
#2612=LINE('',#16126,#3833);
#2613=LINE('',#16127,#3834);
#2614=LINE('',#16130,#3835);
#2615=LINE('',#16132,#3836);
#2616=LINE('',#16133,#3837);
#2617=LINE('',#16138,#3838);
#2618=LINE('',#16142,#3839);
#2619=LINE('',#16144,#3840);
#2620=LINE('',#16145,#3841);
#2621=LINE('',#16147,#3842);
#2622=LINE('',#16148,#3843);
#2623=LINE('',#16678,#3844);
#2624=LINE('',#16855,#3845);
#2625=LINE('',#16858,#3846);
#2626=LINE('',#16860,#3847);
#2627=LINE('',#16861,#3848);
#2628=LINE('',#17284,#3849);
#2629=LINE('',#17426,#3850);
#2630=LINE('',#17427,#3851);
#2631=LINE('',#17432,#3852);
#2632=LINE('',#17434,#3853);
#2633=LINE('',#17436,#3854);
#2634=LINE('',#17437,#3855);
#2635=LINE('',#17446,#3856);
#2636=LINE('',#17449,#3857);
#2637=LINE('',#17454,#3858);
#2638=LINE('',#17460,#3859);
#2639=LINE('',#17464,#3860);
#2640=LINE('',#17466,#3861);
#2641=LINE('',#17467,#3862);
#2642=LINE('',#17472,#3863);
#2643=LINE('',#17478,#3864);
#2644=LINE('',#17481,#3865);
#2645=LINE('',#17482,#3866);
#2646=LINE('',#17487,#3867);
#2647=LINE('',#17489,#3868);
#2648=LINE('',#17491,#3869);
#2649=LINE('',#17492,#3870);
#2650=LINE('',#17495,#3871);
#2651=LINE('',#17497,#3872);
#2652=LINE('',#17498,#3873);
#2653=LINE('',#17501,#3874);
#2654=LINE('',#17503,#3875);
#2655=LINE('',#17504,#3876);
#2656=LINE('',#17506,#3877);
#2657=LINE('',#17507,#3878);
#2658=LINE('',#17512,#3879);
#2659=LINE('',#17514,#3880);
#2660=LINE('',#17516,#3881);
#2661=LINE('',#17517,#3882);
#2662=LINE('',#17520,#3883);
#2663=LINE('',#17522,#3884);
#2664=LINE('',#17523,#3885);
#2665=LINE('',#17528,#3886);
#2666=LINE('',#17532,#3887);
#2667=LINE('',#17534,#3888);
#2668=LINE('',#17535,#3889);
#2669=LINE('',#17538,#3890);
#2670=LINE('',#17540,#3891);
#2671=LINE('',#17541,#3892);
#2672=LINE('',#17544,#3893);
#2673=LINE('',#17546,#3894);
#2674=LINE('',#17547,#3895);
#2675=LINE('',#17552,#3896);
#2676=LINE('',#17556,#3897);
#2677=LINE('',#17558,#3898);
#2678=LINE('',#17559,#3899);
#2679=LINE('',#17562,#3900);
#2680=LINE('',#17564,#3901);
#2681=LINE('',#17565,#3902);
#2682=LINE('',#17568,#3903);
#2683=LINE('',#17570,#3904);
#2684=LINE('',#17571,#3905);
#2685=LINE('',#17574,#3906);
#2686=LINE('',#17576,#3907);
#2687=LINE('',#17577,#3908);
#2688=LINE('',#17580,#3909);
#2689=LINE('',#17582,#3910);
#2690=LINE('',#17583,#3911);
#2691=LINE('',#17586,#3912);
#2692=LINE('',#17588,#3913);
#2693=LINE('',#17589,#3914);
#2694=LINE('',#17592,#3915);
#2695=LINE('',#17594,#3916);
#2696=LINE('',#17595,#3917);
#2697=LINE('',#17598,#3918);
#2698=LINE('',#17600,#3919);
#2699=LINE('',#17601,#3920);
#2700=LINE('',#17603,#3921);
#2701=LINE('',#17604,#3922);
#2702=LINE('',#17610,#3923);
#2703=LINE('',#17613,#3924);
#2704=LINE('',#17614,#3925);
#2705=LINE('',#17617,#3926);
#2706=LINE('',#17619,#3927);
#2707=LINE('',#17620,#3928);
#2708=LINE('',#17622,#3929);
#2709=LINE('',#17623,#3930);
#2710=LINE('',#17625,#3931);
#2711=LINE('',#17627,#3932);
#2712=LINE('',#17629,#3933);
#2713=LINE('',#17632,#3934);
#2714=LINE('',#17634,#3935);
#2715=LINE('',#17635,#3936);
#2716=LINE('',#17637,#3937);
#2717=LINE('',#17639,#3938);
#2718=LINE('',#17645,#3939);
#2719=LINE('',#17647,#3940);
#2720=LINE('',#17648,#3941);
#2721=LINE('',#17652,#3942);
#2722=LINE('',#17654,#3943);
#2723=LINE('',#17655,#3944);
#2724=LINE('',#17657,#3945);
#2725=LINE('',#17658,#3946);
#2726=LINE('',#17661,#3947);
#2727=LINE('',#17663,#3948);
#2728=LINE('',#17665,#3949);
#2729=LINE('',#17667,#3950);
#2730=LINE('',#17668,#3951);
#2731=LINE('',#17674,#3952);
#2732=LINE('',#17677,#3953);
#2733=LINE('',#17680,#3954);
#2734=LINE('',#17682,#3955);
#2735=LINE('',#17683,#3956);
#2736=LINE('',#17689,#3957);
#2737=LINE('',#17692,#3958);
#2738=LINE('',#17694,#3959);
#2739=LINE('',#17695,#3960);
#2740=LINE('',#17701,#3961);
#2741=LINE('',#17704,#3962);
#2742=LINE('',#17706,#3963);
#2743=LINE('',#17707,#3964);
#2744=LINE('',#17713,#3965);
#2745=LINE('',#17715,#3966);
#2746=LINE('',#17716,#3967);
#2747=LINE('',#17719,#3968);
#2748=LINE('',#17721,#3969);
#2749=LINE('',#17722,#3970);
#2750=LINE('',#17725,#3971);
#2751=LINE('',#17727,#3972);
#2752=LINE('',#17728,#3973);
#2753=LINE('',#17730,#3974);
#2754=LINE('',#17731,#3975);
#2755=LINE('',#17737,#3976);
#2756=LINE('',#17739,#3977);
#2757=LINE('',#17743,#3978);
#2758=LINE('',#17747,#3979);
#2759=LINE('',#17749,#3980);
#2760=LINE('',#17751,#3981);
#2761=LINE('',#17755,#3982);
#2762=LINE('',#17758,#3983);
#2763=LINE('',#17761,#3984);
#2764=LINE('',#17763,#3985);
#2765=LINE('',#17764,#3986);
#2766=LINE('',#17767,#3987);
#2767=LINE('',#17771,#3988);
#2768=LINE('',#17772,#3989);
#2769=LINE('',#17775,#3990);
#2770=LINE('',#17779,#3991);
#2771=LINE('',#17780,#3992);
#2772=LINE('',#17783,#3993);
#2773=LINE('',#17784,#3994);
#2774=LINE('',#17787,#3995);
#2775=LINE('',#17790,#3996);
#2776=LINE('',#17793,#3997);
#2777=LINE('',#17794,#3998);
#2778=LINE('',#17797,#3999);
#2779=LINE('',#17801,#4000);
#2780=LINE('',#17802,#4001);
#2781=LINE('',#17804,#4002);
#2782=LINE('',#17806,#4003);
#2783=LINE('',#17811,#4004);
#2784=LINE('',#17813,#4005);
#2785=LINE('',#17815,#4006);
#2786=LINE('',#17816,#4007);
#2787=LINE('',#17822,#4008);
#2788=LINE('',#17825,#4009);
#2789=LINE('',#17827,#4010);
#2790=LINE('',#17828,#4011);
#2791=LINE('',#17835,#4012);
#2792=LINE('',#17837,#4013);
#2793=LINE('',#17839,#4014);
#2794=LINE('',#17840,#4015);
#2795=LINE('',#17843,#4016);
#2796=LINE('',#17845,#4017);
#2797=LINE('',#17846,#4018);
#2798=LINE('',#17849,#4019);
#2799=LINE('',#17851,#4020);
#2800=LINE('',#17852,#4021);
#2801=LINE('',#17854,#4022);
#2802=LINE('',#17855,#4023);
#2803=VECTOR('',#10989,10.);
#2804=VECTOR('',#10990,10.);
#2805=VECTOR('',#10991,10.);
#2806=VECTOR('',#10992,10.);
#2807=VECTOR('',#10995,10.);
#2808=VECTOR('',#10996,10.);
#2809=VECTOR('',#10997,10.);
#2810=VECTOR('',#11000,10.);
#2811=VECTOR('',#11001,10.);
#2812=VECTOR('',#11002,10.);
#2813=VECTOR('',#11005,10.);
#2814=VECTOR('',#11006,10.);
#2815=VECTOR('',#11007,10.);
#2816=VECTOR('',#11010,10.);
#2817=VECTOR('',#11011,10.);
#2818=VECTOR('',#11012,10.);
#2819=VECTOR('',#11015,10.);
#2820=VECTOR('',#11016,10.);
#2821=VECTOR('',#11017,10.);
#2822=VECTOR('',#11020,10.);
#2823=VECTOR('',#11021,10.);
#2824=VECTOR('',#11022,10.);
#2825=VECTOR('',#11025,10.);
#2826=VECTOR('',#11026,10.);
#2827=VECTOR('',#11027,10.);
#2828=VECTOR('',#11030,10.);
#2829=VECTOR('',#11031,10.);
#2830=VECTOR('',#11032,10.);
#2831=VECTOR('',#11035,10.);
#2832=VECTOR('',#11036,10.);
#2833=VECTOR('',#11037,10.);
#2834=VECTOR('',#11040,10.);
#2835=VECTOR('',#11041,10.);
#2836=VECTOR('',#11042,10.);
#2837=VECTOR('',#11045,10.);
#2838=VECTOR('',#11046,10.);
#2839=VECTOR('',#11047,10.);
#2840=VECTOR('',#11050,10.);
#2841=VECTOR('',#11051,10.);
#2842=VECTOR('',#11056,10.);
#2843=VECTOR('',#11057,10.);
#2844=VECTOR('',#11058,10.);
#2845=VECTOR('',#11059,10.);
#2846=VECTOR('',#11062,10.);
#2847=VECTOR('',#11063,10.);
#2848=VECTOR('',#11064,10.);
#2849=VECTOR('',#11067,10.);
#2850=VECTOR('',#11068,10.);
#2851=VECTOR('',#11069,10.);
#2852=VECTOR('',#11072,10.);
#2853=VECTOR('',#11073,10.);
#2854=VECTOR('',#11074,10.);
#2855=VECTOR('',#11077,10.);
#2856=VECTOR('',#11078,10.);
#2857=VECTOR('',#11079,10.);
#2858=VECTOR('',#11082,10.);
#2859=VECTOR('',#11083,10.);
#2860=VECTOR('',#11084,10.);
#2861=VECTOR('',#11087,10.);
#2862=VECTOR('',#11088,10.);
#2863=VECTOR('',#11095,1.06590313055351);
#2864=VECTOR('',#11102,10.);
#2865=VECTOR('',#11105,10.);
#2866=VECTOR('',#11108,10.);
#2867=VECTOR('',#11109,10.);
#2868=VECTOR('',#11110,10.);
#2869=VECTOR('',#11113,10.);
#2870=VECTOR('',#11114,10.);
#2871=VECTOR('',#11115,10.);
#2872=VECTOR('',#11118,10.);
#2873=VECTOR('',#11119,10.);
#2874=VECTOR('',#11120,10.);
#2875=VECTOR('',#11123,10.);
#2876=VECTOR('',#11124,10.);
#2877=VECTOR('',#11125,10.);
#2878=VECTOR('',#11128,10.);
#2879=VECTOR('',#11129,10.);
#2880=VECTOR('',#11134,10.);
#2881=VECTOR('',#11135,10.);
#2882=VECTOR('',#11136,10.);
#2883=VECTOR('',#11137,10.);
#2884=VECTOR('',#11140,10.);
#2885=VECTOR('',#11141,10.);
#2886=VECTOR('',#11142,10.);
#2887=VECTOR('',#11145,10.);
#2888=VECTOR('',#11146,10.);
#2889=VECTOR('',#11147,10.);
#2890=VECTOR('',#11150,10.);
#2891=VECTOR('',#11151,10.);
#2892=VECTOR('',#11156,10.);
#2893=VECTOR('',#11157,10.);
#2894=VECTOR('',#11158,10.);
#2895=VECTOR('',#11159,10.);
#2896=VECTOR('',#11164,10.);
#2897=VECTOR('',#11169,10.);
#2898=VECTOR('',#11170,10.);
#2899=VECTOR('',#11171,10.);
#2900=VECTOR('',#11174,10.);
#2901=VECTOR('',#11175,10.);
#2902=VECTOR('',#11178,10.);
#2903=VECTOR('',#11179,10.);
#2904=VECTOR('',#11180,10.);
#2905=VECTOR('',#11181,10.);
#2906=VECTOR('',#11186,10.);
#2907=VECTOR('',#11191,10.);
#2908=VECTOR('',#11192,10.);
#2909=VECTOR('',#11193,10.);
#2910=VECTOR('',#11196,10.);
#2911=VECTOR('',#11197,10.);
#2912=VECTOR('',#11204,1.05463119935495);
#2913=VECTOR('',#11209,10.);
#2914=VECTOR('',#11210,10.);
#2915=VECTOR('',#11211,10.);
#2916=VECTOR('',#11212,10.);
#2917=VECTOR('',#11217,10.);
#2918=VECTOR('',#11222,10.);
#2919=VECTOR('',#11223,10.);
#2920=VECTOR('',#11224,10.);
#2921=VECTOR('',#11227,10.);
#2922=VECTOR('',#11228,10.);
#2923=VECTOR('',#11229,10.);
#2924=VECTOR('',#11232,10.);
#2925=VECTOR('',#11233,10.);
#2926=VECTOR('',#11234,10.);
#2927=VECTOR('',#11237,10.);
#2928=VECTOR('',#11238,10.);
#2929=VECTOR('',#11243,10.);
#2930=VECTOR('',#11244,10.);
#2931=VECTOR('',#11245,10.);
#2932=VECTOR('',#11246,10.);
#2933=VECTOR('',#11249,10.);
#2934=VECTOR('',#11250,10.);
#2935=VECTOR('',#11251,10.);
#2936=VECTOR('',#11254,10.);
#2937=VECTOR('',#11255,10.);
#2938=VECTOR('',#11256,10.);
#2939=VECTOR('',#11259,10.);
#2940=VECTOR('',#11260,10.);
#2941=VECTOR('',#11265,10.);
#2942=VECTOR('',#11266,10.);
#2943=VECTOR('',#11267,10.);
#2944=VECTOR('',#11268,10.);
#2945=VECTOR('',#11273,10.);
#2946=VECTOR('',#11278,10.);
#2947=VECTOR('',#11279,10.);
#2948=VECTOR('',#11280,10.);
#2949=VECTOR('',#11283,10.);
#2950=VECTOR('',#11284,10.);
#2951=VECTOR('',#11287,10.);
#2952=VECTOR('',#11288,10.);
#2953=VECTOR('',#11289,10.);
#2954=VECTOR('',#11290,10.);
#2955=VECTOR('',#11295,10.);
#2956=VECTOR('',#11300,10.);
#2957=VECTOR('',#11301,10.);
#2958=VECTOR('',#11302,10.);
#2959=VECTOR('',#11305,10.);
#2960=VECTOR('',#11306,10.);
#2961=VECTOR('',#11313,1.06203196648648);
#2962=VECTOR('',#11320,10.);
#2963=VECTOR('',#11323,10.);
#2964=VECTOR('',#11326,10.);
#2965=VECTOR('',#11327,10.);
#2966=VECTOR('',#11328,10.);
#2967=VECTOR('',#11331,10.);
#2968=VECTOR('',#11332,10.);
#2969=VECTOR('',#11333,10.);
#2970=VECTOR('',#11336,10.);
#2971=VECTOR('',#11337,10.);
#2972=VECTOR('',#11338,10.);
#2973=VECTOR('',#11341,10.);
#2974=VECTOR('',#11342,10.);
#2975=VECTOR('',#11343,10.);
#2976=VECTOR('',#11346,10.);
#2977=VECTOR('',#11347,10.);
#2978=VECTOR('',#11354,1.0225418154385);
#2979=VECTOR('',#11359,10.);
#2980=VECTOR('',#11360,10.);
#2981=VECTOR('',#11361,10.);
#2982=VECTOR('',#11362,10.);
#2983=VECTOR('',#11367,10.);
#2984=VECTOR('',#11372,10.);
#2985=VECTOR('',#11373,10.);
#2986=VECTOR('',#11374,10.);
#2987=VECTOR('',#11377,10.);
#2988=VECTOR('',#11378,10.);
#2989=VECTOR('',#11379,10.);
#2990=VECTOR('',#11382,10.);
#2991=VECTOR('',#11383,10.);
#2992=VECTOR('',#11384,10.);
#2993=VECTOR('',#11387,10.);
#2994=VECTOR('',#11388,10.);
#2995=VECTOR('',#11393,10.);
#2996=VECTOR('',#11394,10.);
#2997=VECTOR('',#11395,10.);
#2998=VECTOR('',#11396,10.);
#2999=VECTOR('',#11399,10.);
#3000=VECTOR('',#11400,10.);
#3001=VECTOR('',#11401,10.);
#3002=VECTOR('',#11404,10.);
#3003=VECTOR('',#11405,10.);
#3004=VECTOR('',#11406,10.);
#3005=VECTOR('',#11409,10.);
#3006=VECTOR('',#11410,10.);
#3007=VECTOR('',#11415,10.);
#3008=VECTOR('',#11416,10.);
#3009=VECTOR('',#11417,10.);
#3010=VECTOR('',#11418,10.);
#3011=VECTOR('',#11421,10.);
#3012=VECTOR('',#11422,10.);
#3013=VECTOR('',#11423,10.);
#3014=VECTOR('',#11428,10.);
#3015=VECTOR('',#11435,10.);
#3016=VECTOR('',#11440,10.);
#3017=VECTOR('',#11441,10.);
#3018=VECTOR('',#11442,10.);
#3019=VECTOR('',#11445,10.);
#3020=VECTOR('',#11446,10.);
#3021=VECTOR('',#11447,10.);
#3022=VECTOR('',#11450,10.);
#3023=VECTOR('',#11451,10.);
#3024=VECTOR('',#11452,10.);
#3025=VECTOR('',#11455,10.);
#3026=VECTOR('',#11456,10.);
#3027=VECTOR('',#11457,10.);
#3028=VECTOR('',#11460,10.);
#3029=VECTOR('',#11461,10.);
#3030=VECTOR('',#11462,10.);
#3031=VECTOR('',#11467,10.);
#3032=VECTOR('',#11472,10.);
#3033=VECTOR('',#11473,10.);
#3034=VECTOR('',#11474,10.);
#3035=VECTOR('',#11477,10.);
#3036=VECTOR('',#11478,10.);
#3037=VECTOR('',#11479,10.);
#3038=VECTOR('',#11482,10.);
#3039=VECTOR('',#11483,10.);
#3040=VECTOR('',#11484,10.);
#3041=VECTOR('',#11489,10.);
#3042=VECTOR('',#11494,10.);
#3043=VECTOR('',#11495,10.);
#3044=VECTOR('',#11502,0.606355721738741);
#3045=VECTOR('',#11509,10.);
#3046=VECTOR('',#11510,10.);
#3047=VECTOR('',#11511,10.);
#3048=VECTOR('',#11512,10.);
#3049=VECTOR('',#11515,10.);
#3050=VECTOR('',#11516,10.);
#3051=VECTOR('',#11517,10.);
#3052=VECTOR('',#11520,10.);
#3053=VECTOR('',#11521,10.);
#3054=VECTOR('',#11522,10.);
#3055=VECTOR('',#11525,10.);
#3056=VECTOR('',#11526,10.);
#3057=VECTOR('',#11533,10.);
#3058=VECTOR('',#11536,10.);
#3059=VECTOR('',#11539,10.);
#3060=VECTOR('',#11540,10.);
#3061=VECTOR('',#11541,10.);
#3062=VECTOR('',#11544,10.);
#3063=VECTOR('',#11545,10.);
#3064=VECTOR('',#11546,10.);
#3065=VECTOR('',#11549,10.);
#3066=VECTOR('',#11550,10.);
#3067=VECTOR('',#11551,10.);
#3068=VECTOR('',#11554,10.);
#3069=VECTOR('',#11555,10.);
#3070=VECTOR('',#11556,10.);
#3071=VECTOR('',#11559,10.);
#3072=VECTOR('',#11560,10.);
#3073=VECTOR('',#11561,10.);
#3074=VECTOR('',#11566,10.);
#3075=VECTOR('',#11571,10.);
#3076=VECTOR('',#11572,10.);
#3077=VECTOR('',#11579,1.05910892706532);
#3078=VECTOR('',#11586,2.07888546472839);
#3079=VECTOR('',#11595,0.645991749664034);
#3080=VECTOR('',#11604,10.);
#3081=VECTOR('',#11607,10.);
#3082=VECTOR('',#11610,10.);
#3083=VECTOR('',#11611,10.);
#3084=VECTOR('',#11612,10.);
#3085=VECTOR('',#11615,10.);
#3086=VECTOR('',#11616,10.);
#3087=VECTOR('',#11617,10.);
#3088=VECTOR('',#11620,10.);
#3089=VECTOR('',#11621,10.);
#3090=VECTOR('',#11622,10.);
#3091=VECTOR('',#11625,10.);
#3092=VECTOR('',#11626,10.);
#3093=VECTOR('',#11627,10.);
#3094=VECTOR('',#11630,10.);
#3095=VECTOR('',#11631,10.);
#3096=VECTOR('',#11632,10.);
#3097=VECTOR('',#11637,10.);
#3098=VECTOR('',#11642,10.);
#3099=VECTOR('',#11643,10.);
#3100=VECTOR('',#11644,10.);
#3101=VECTOR('',#11647,10.);
#3102=VECTOR('',#11648,10.);
#3103=VECTOR('',#11649,10.);
#3104=VECTOR('',#11652,10.);
#3105=VECTOR('',#11653,10.);
#3106=VECTOR('',#11660,1.04536326474161);
#3107=VECTOR('',#11667,10.);
#3108=VECTOR('',#11670,10.);
#3109=VECTOR('',#11673,10.);
#3110=VECTOR('',#11674,10.);
#3111=VECTOR('',#11675,10.);
#3112=VECTOR('',#11678,10.);
#3113=VECTOR('',#11679,10.);
#3114=VECTOR('',#11680,10.);
#3115=VECTOR('',#11683,10.);
#3116=VECTOR('',#11684,10.);
#3117=VECTOR('',#11685,10.);
#3118=VECTOR('',#11688,10.);
#3119=VECTOR('',#11689,10.);
#3120=VECTOR('',#11690,10.);
#3121=VECTOR('',#11693,10.);
#3122=VECTOR('',#11694,10.);
#3123=VECTOR('',#11701,1.07407302512474);
#3124=VECTOR('',#11708,2.130254128617);
#3125=VECTOR('',#11717,1.05565026759626);
#3126=VECTOR('',#11724,10.);
#3127=VECTOR('',#11727,10.);
#3128=VECTOR('',#11730,10.);
#3129=VECTOR('',#11731,10.);
#3130=VECTOR('',#11732,10.);
#3131=VECTOR('',#11735,10.);
#3132=VECTOR('',#11736,10.);
#3133=VECTOR('',#11737,10.);
#3134=VECTOR('',#11740,10.);
#3135=VECTOR('',#11741,10.);
#3136=VECTOR('',#11742,10.);
#3137=VECTOR('',#11745,10.);
#3138=VECTOR('',#11746,10.);
#3139=VECTOR('',#11747,10.);
#3140=VECTOR('',#11750,10.);
#3141=VECTOR('',#11751,10.);
#3142=VECTOR('',#11758,1.07663411960669);
#3143=VECTOR('',#11765,10.);
#3144=VECTOR('',#11768,10.);
#3145=VECTOR('',#11771,10.);
#3146=VECTOR('',#11772,10.);
#3147=VECTOR('',#11773,10.);
#3148=VECTOR('',#11776,10.);
#3149=VECTOR('',#11777,10.);
#3150=VECTOR('',#11778,10.);
#3151=VECTOR('',#11781,10.);
#3152=VECTOR('',#11782,10.);
#3153=VECTOR('',#11783,10.);
#3154=VECTOR('',#11786,10.);
#3155=VECTOR('',#11787,10.);
#3156=VECTOR('',#11788,10.);
#3157=VECTOR('',#11791,10.);
#3158=VECTOR('',#11792,10.);
#3159=VECTOR('',#11799,10.);
#3160=VECTOR('',#11802,10.);
#3161=VECTOR('',#11805,10.);
#3162=VECTOR('',#11806,10.);
#3163=VECTOR('',#11807,10.);
#3164=VECTOR('',#11810,10.);
#3165=VECTOR('',#11811,10.);
#3166=VECTOR('',#11812,10.);
#3167=VECTOR('',#11815,10.);
#3168=VECTOR('',#11816,10.);
#3169=VECTOR('',#11817,10.);
#3170=VECTOR('',#11820,10.);
#3171=VECTOR('',#11821,10.);
#3172=VECTOR('',#11822,10.);
#3173=VECTOR('',#11827,10.);
#3174=VECTOR('',#11832,10.);
#3175=VECTOR('',#11833,10.);
#3176=VECTOR('',#11840,10.);
#3177=VECTOR('',#11843,10.);
#3178=VECTOR('',#11848,10.);
#3179=VECTOR('',#11855,10.);
#3180=VECTOR('',#11862,10.);
#3181=VECTOR('',#11869,10.);
#3182=VECTOR('',#11876,10.);
#3183=VECTOR('',#11881,10.);
#3184=VECTOR('',#11882,10.);
#3185=VECTOR('',#11883,10.);
#3186=VECTOR('',#11888,10.);
#3187=VECTOR('',#11895,10.);
#3188=VECTOR('',#11902,10.);
#3189=VECTOR('',#11909,10.);
#3190=VECTOR('',#11916,10.);
#3191=VECTOR('',#11923,10.);
#3192=VECTOR('',#11930,10.);
#3193=VECTOR('',#11935,10.);
#3194=VECTOR('',#11936,10.);
#3195=VECTOR('',#11937,10.);
#3196=VECTOR('',#11948,10.);
#3197=VECTOR('',#11949,10.);
#3198=VECTOR('',#11950,10.);
#3199=VECTOR('',#11951,10.);
#3200=VECTOR('',#11954,10.);
#3201=VECTOR('',#11955,10.);
#3202=VECTOR('',#11956,10.);
#3203=VECTOR('',#11961,10.);
#3204=VECTOR('',#11966,10.);
#3205=VECTOR('',#11967,10.);
#3206=VECTOR('',#11968,10.);
#3207=VECTOR('',#11971,10.);
#3208=VECTOR('',#11972,10.);
#3209=VECTOR('',#11973,10.);
#3210=VECTOR('',#11976,10.);
#3211=VECTOR('',#11977,10.);
#3212=VECTOR('',#11978,10.);
#3213=VECTOR('',#11981,10.);
#3214=VECTOR('',#11982,10.);
#3215=VECTOR('',#11983,10.);
#3216=VECTOR('',#11986,10.);
#3217=VECTOR('',#11987,10.);
#3218=VECTOR('',#11988,10.);
#3219=VECTOR('',#11993,10.);
#3220=VECTOR('',#11998,10.);
#3221=VECTOR('',#11999,10.);
#3222=VECTOR('',#12004,10.);
#3223=VECTOR('',#12005,10.);
#3224=VECTOR('',#12006,10.);
#3225=VECTOR('',#12007,10.);
#3226=VECTOR('',#12010,10.);
#3227=VECTOR('',#12011,10.);
#3228=VECTOR('',#12012,10.);
#3229=VECTOR('',#12017,10.);
#3230=VECTOR('',#12024,10.);
#3231=VECTOR('',#12029,10.);
#3232=VECTOR('',#12030,10.);
#3233=VECTOR('',#12031,10.);
#3234=VECTOR('',#12034,10.);
#3235=VECTOR('',#12035,10.);
#3236=VECTOR('',#12036,10.);
#3237=VECTOR('',#12039,10.);
#3238=VECTOR('',#12040,10.);
#3239=VECTOR('',#12041,10.);
#3240=VECTOR('',#12044,10.);
#3241=VECTOR('',#12045,10.);
#3242=VECTOR('',#12046,10.);
#3243=VECTOR('',#12049,10.);
#3244=VECTOR('',#12050,10.);
#3245=VECTOR('',#12051,10.);
#3246=VECTOR('',#12056,10.);
#3247=VECTOR('',#12061,10.);
#3248=VECTOR('',#12062,10.);
#3249=VECTOR('',#12063,10.);
#3250=VECTOR('',#12066,10.);
#3251=VECTOR('',#12067,10.);
#3252=VECTOR('',#12068,10.);
#3253=VECTOR('',#12071,10.);
#3254=VECTOR('',#12072,10.);
#3255=VECTOR('',#12073,10.);
#3256=VECTOR('',#12078,10.);
#3257=VECTOR('',#12083,10.);
#3258=VECTOR('',#12084,10.);
#3259=VECTOR('',#12089,10.);
#3260=VECTOR('',#12090,10.);
#3261=VECTOR('',#12091,10.);
#3262=VECTOR('',#12092,10.);
#3263=VECTOR('',#12095,10.);
#3264=VECTOR('',#12096,10.);
#3265=VECTOR('',#12097,10.);
#3266=VECTOR('',#12100,10.);
#3267=VECTOR('',#12101,10.);
#3268=VECTOR('',#12102,10.);
#3269=VECTOR('',#12105,10.);
#3270=VECTOR('',#12106,10.);
#3271=VECTOR('',#12113,0.54200252082758);
#3272=VECTOR('',#12122,10.);
#3273=VECTOR('',#12125,10.);
#3274=VECTOR('',#12128,10.);
#3275=VECTOR('',#12129,10.);
#3276=VECTOR('',#12130,10.);
#3277=VECTOR('',#12133,10.);
#3278=VECTOR('',#12134,10.);
#3279=VECTOR('',#12135,10.);
#3280=VECTOR('',#12138,10.);
#3281=VECTOR('',#12139,10.);
#3282=VECTOR('',#12140,10.);
#3283=VECTOR('',#12143,10.);
#3284=VECTOR('',#12144,10.);
#3285=VECTOR('',#12145,10.);
#3286=VECTOR('',#12148,10.);
#3287=VECTOR('',#12149,10.);
#3288=VECTOR('',#12150,10.);
#3289=VECTOR('',#12155,10.);
#3290=VECTOR('',#12160,10.);
#3291=VECTOR('',#12161,10.);
#3292=VECTOR('',#12166,10.);
#3293=VECTOR('',#12167,10.);
#3294=VECTOR('',#12168,10.);
#3295=VECTOR('',#12169,10.);
#3296=VECTOR('',#12172,10.);
#3297=VECTOR('',#12173,10.);
#3298=VECTOR('',#12174,10.);
#3299=VECTOR('',#12177,10.);
#3300=VECTOR('',#12178,10.);
#3301=VECTOR('',#12181,10.);
#3302=VECTOR('',#12182,10.);
#3303=VECTOR('',#12183,10.);
#3304=VECTOR('',#12184,10.);
#3305=VECTOR('',#12187,10.);
#3306=VECTOR('',#12188,10.);
#3307=VECTOR('',#12189,10.);
#3308=VECTOR('',#12192,10.);
#3309=VECTOR('',#12193,10.);
#3310=VECTOR('',#12194,10.);
#3311=VECTOR('',#12197,10.);
#3312=VECTOR('',#12198,10.);
#3313=VECTOR('',#12199,10.);
#3314=VECTOR('',#12202,10.);
#3315=VECTOR('',#12203,10.);
#3316=VECTOR('',#12204,10.);
#3317=VECTOR('',#12207,10.);
#3318=VECTOR('',#12208,10.);
#3319=VECTOR('',#12209,10.);
#3320=VECTOR('',#12212,10.);
#3321=VECTOR('',#12213,10.);
#3322=VECTOR('',#12214,10.);
#3323=VECTOR('',#12217,10.);
#3324=VECTOR('',#12218,10.);
#3325=VECTOR('',#12225,0.578809709868509);
#3326=VECTOR('',#12232,10.);
#3327=VECTOR('',#12233,10.);
#3328=VECTOR('',#12234,10.);
#3329=VECTOR('',#12235,10.);
#3330=VECTOR('',#12238,10.);
#3331=VECTOR('',#12239,10.);
#3332=VECTOR('',#12240,10.);
#3333=VECTOR('',#12243,10.);
#3334=VECTOR('',#12244,10.);
#3335=VECTOR('',#12245,10.);
#3336=VECTOR('',#12248,10.);
#3337=VECTOR('',#12249,10.);
#3338=VECTOR('',#12256,0.588790998715076);
#3339=VECTOR('',#12263,10.);
#3340=VECTOR('',#12264,10.);
#3341=VECTOR('',#12265,10.);
#3342=VECTOR('',#12266,10.);
#3343=VECTOR('',#12269,10.);
#3344=VECTOR('',#12270,10.);
#3345=VECTOR('',#12271,10.);
#3346=VECTOR('',#12274,10.);
#3347=VECTOR('',#12275,10.);
#3348=VECTOR('',#12276,10.);
#3349=VECTOR('',#12279,10.);
#3350=VECTOR('',#12280,10.);
#3351=VECTOR('',#12287,1.07418703723283);
#3352=VECTOR('',#12294,10.);
#3353=VECTOR('',#12297,10.);
#3354=VECTOR('',#12300,10.);
#3355=VECTOR('',#12301,10.);
#3356=VECTOR('',#12302,10.);
#3357=VECTOR('',#12305,10.);
#3358=VECTOR('',#12306,10.);
#3359=VECTOR('',#12307,10.);
#3360=VECTOR('',#12310,10.);
#3361=VECTOR('',#12311,10.);
#3362=VECTOR('',#12312,10.);
#3363=VECTOR('',#12315,10.);
#3364=VECTOR('',#12316,10.);
#3365=VECTOR('',#12317,10.);
#3366=VECTOR('',#12320,10.);
#3367=VECTOR('',#12321,10.);
#3368=VECTOR('',#12328,10.);
#3369=VECTOR('',#12331,10.);
#3370=VECTOR('',#12334,10.);
#3371=VECTOR('',#12335,10.);
#3372=VECTOR('',#12336,10.);
#3373=VECTOR('',#12339,10.);
#3374=VECTOR('',#12340,10.);
#3375=VECTOR('',#12341,10.);
#3376=VECTOR('',#12344,10.);
#3377=VECTOR('',#12345,10.);
#3378=VECTOR('',#12346,10.);
#3379=VECTOR('',#12349,10.);
#3380=VECTOR('',#12350,10.);
#3381=VECTOR('',#12351,10.);
#3382=VECTOR('',#12354,10.);
#3383=VECTOR('',#12355,10.);
#3384=VECTOR('',#12356,10.);
#3385=VECTOR('',#12361,10.);
#3386=VECTOR('',#12366,10.);
#3387=VECTOR('',#12367,10.);
#3388=VECTOR('',#12368,10.);
#3389=VECTOR('',#12371,10.);
#3390=VECTOR('',#12372,10.);
#3391=VECTOR('',#12373,10.);
#3392=VECTOR('',#12376,10.);
#3393=VECTOR('',#12377,10.);
#3394=VECTOR('',#12382,10.);
#3395=VECTOR('',#12383,10.);
#3396=VECTOR('',#12384,10.);
#3397=VECTOR('',#12385,10.);
#3398=VECTOR('',#12388,10.);
#3399=VECTOR('',#12389,10.);
#3400=VECTOR('',#12390,10.);
#3401=VECTOR('',#12393,10.);
#3402=VECTOR('',#12394,10.);
#3403=VECTOR('',#12395,10.);
#3404=VECTOR('',#12398,10.);
#3405=VECTOR('',#12399,10.);
#3406=VECTOR('',#12400,10.);
#3407=VECTOR('',#12403,10.);
#3408=VECTOR('',#12404,10.);
#3409=VECTOR('',#12405,10.);
#3410=VECTOR('',#12408,10.);
#3411=VECTOR('',#12409,10.);
#3412=VECTOR('',#12410,10.);
#3413=VECTOR('',#12413,10.);
#3414=VECTOR('',#12414,10.);
#3415=VECTOR('',#12415,10.);
#3416=VECTOR('',#12418,10.);
#3417=VECTOR('',#12419,10.);
#3418=VECTOR('',#12420,10.);
#3419=VECTOR('',#12423,10.);
#3420=VECTOR('',#12424,10.);
#3421=VECTOR('',#12425,10.);
#3422=VECTOR('',#12428,10.);
#3423=VECTOR('',#12429,10.);
#3424=VECTOR('',#12430,10.);
#3425=VECTOR('',#12433,10.);
#3426=VECTOR('',#12434,10.);
#3427=VECTOR('',#12439,10.);
#3428=VECTOR('',#12440,10.);
#3429=VECTOR('',#12441,10.);
#3430=VECTOR('',#12442,10.);
#3431=VECTOR('',#12445,10.);
#3432=VECTOR('',#12446,10.);
#3433=VECTOR('',#12447,10.);
#3434=VECTOR('',#12450,10.);
#3435=VECTOR('',#12451,10.);
#3436=VECTOR('',#12452,10.);
#3437=VECTOR('',#12455,10.);
#3438=VECTOR('',#12456,10.);
#3439=VECTOR('',#12457,10.);
#3440=VECTOR('',#12460,10.);
#3441=VECTOR('',#12461,10.);
#3442=VECTOR('',#12462,10.);
#3443=VECTOR('',#12467,10.);
#3444=VECTOR('',#12472,10.);
#3445=VECTOR('',#12473,10.);
#3446=VECTOR('',#12474,10.);
#3447=VECTOR('',#12487,10.);
#3448=VECTOR('',#12490,10.);
#3449=VECTOR('',#12493,10.);
#3450=VECTOR('',#12494,10.);
#3451=VECTOR('',#12495,10.);
#3452=VECTOR('',#12498,10.);
#3453=VECTOR('',#12499,10.);
#3454=VECTOR('',#12500,10.);
#3455=VECTOR('',#12503,10.);
#3456=VECTOR('',#12504,10.);
#3457=VECTOR('',#12505,10.);
#3458=VECTOR('',#12508,10.);
#3459=VECTOR('',#12509,10.);
#3460=VECTOR('',#12510,10.);
#3461=VECTOR('',#12513,10.);
#3462=VECTOR('',#12514,10.);
#3463=VECTOR('',#12515,10.);
#3464=VECTOR('',#12520,10.);
#3465=VECTOR('',#12525,10.);
#3466=VECTOR('',#12526,10.);
#3467=VECTOR('',#12531,10.);
#3468=VECTOR('',#12532,10.);
#3469=VECTOR('',#12533,10.);
#3470=VECTOR('',#12534,10.);
#3471=VECTOR('',#12537,10.);
#3472=VECTOR('',#12538,10.);
#3473=VECTOR('',#12539,10.);
#3474=VECTOR('',#12542,10.);
#3475=VECTOR('',#12543,10.);
#3476=VECTOR('',#12544,10.);
#3477=VECTOR('',#12547,10.);
#3478=VECTOR('',#12548,10.);
#3479=VECTOR('',#12549,10.);
#3480=VECTOR('',#12552,10.);
#3481=VECTOR('',#12553,10.);
#3482=VECTOR('',#12554,10.);
#3483=VECTOR('',#12557,10.);
#3484=VECTOR('',#12558,10.);
#3485=VECTOR('',#12559,10.);
#3486=VECTOR('',#12562,10.);
#3487=VECTOR('',#12563,10.);
#3488=VECTOR('',#12564,10.);
#3489=VECTOR('',#12567,10.);
#3490=VECTOR('',#12568,10.);
#3491=VECTOR('',#12569,10.);
#3492=VECTOR('',#12572,10.);
#3493=VECTOR('',#12573,10.);
#3494=VECTOR('',#12574,10.);
#3495=VECTOR('',#12577,10.);
#3496=VECTOR('',#12578,10.);
#3497=VECTOR('',#12579,10.);
#3498=VECTOR('',#12582,10.);
#3499=VECTOR('',#12583,10.);
#3500=VECTOR('',#12584,10.);
#3501=VECTOR('',#12587,10.);
#3502=VECTOR('',#12588,10.);
#3503=VECTOR('',#12619,10.);
#3504=VECTOR('',#12620,10.);
#3505=VECTOR('',#12621,10.);
#3506=VECTOR('',#12622,10.);
#3507=VECTOR('',#12623,10.);
#3508=VECTOR('',#12624,10.);
#3509=VECTOR('',#12625,10.);
#3510=VECTOR('',#12626,10.);
#3511=VECTOR('',#12629,10.);
#3512=VECTOR('',#12630,10.);
#3513=VECTOR('',#12631,10.);
#3514=VECTOR('',#12634,10.);
#3515=VECTOR('',#12635,10.);
#3516=VECTOR('',#12636,10.);
#3517=VECTOR('',#12639,10.);
#3518=VECTOR('',#12640,10.);
#3519=VECTOR('',#12643,10.);
#3520=VECTOR('',#12644,10.);
#3521=VECTOR('',#12647,10.);
#3522=VECTOR('',#12650,10.);
#3523=VECTOR('',#12651,10.);
#3524=VECTOR('',#12654,10.);
#3525=VECTOR('',#12655,10.);
#3526=VECTOR('',#12656,10.);
#3527=VECTOR('',#12657,10.);
#3528=VECTOR('',#12660,10.);
#3529=VECTOR('',#12661,10.);
#3530=VECTOR('',#12662,10.);
#3531=VECTOR('',#12665,10.);
#3532=VECTOR('',#12666,10.);
#3533=VECTOR('',#12667,10.);
#3534=VECTOR('',#12668,10.);
#3535=VECTOR('',#12669,10.);
#3536=VECTOR('',#12670,10.);
#3537=VECTOR('',#12671,10.);
#3538=VECTOR('',#12672,10.);
#3539=VECTOR('',#12675,10.);
#3540=VECTOR('',#12676,10.);
#3541=VECTOR('',#12677,10.);
#3542=VECTOR('',#12680,10.);
#3543=VECTOR('',#12681,10.);
#3544=VECTOR('',#12682,10.);
#3545=VECTOR('',#12685,10.);
#3546=VECTOR('',#12686,10.);
#3547=VECTOR('',#12689,10.);
#3548=VECTOR('',#12690,10.);
#3549=VECTOR('',#12693,10.);
#3550=VECTOR('',#12694,10.);
#3551=VECTOR('',#12697,10.);
#3552=VECTOR('',#12698,10.);
#3553=VECTOR('',#12699,10.);
#3554=VECTOR('',#12700,10.);
#3555=VECTOR('',#12703,10.);
#3556=VECTOR('',#12704,10.);
#3557=VECTOR('',#12705,10.);
#3558=VECTOR('',#12706,10.);
#3559=VECTOR('',#12707,10.);
#3560=VECTOR('',#12708,10.);
#3561=VECTOR('',#12709,10.);
#3562=VECTOR('',#12710,10.);
#3563=VECTOR('',#12711,10.);
#3564=VECTOR('',#12712,10.);
#3565=VECTOR('',#12713,10.);
#3566=VECTOR('',#12714,10.);
#3567=VECTOR('',#12715,10.);
#3568=VECTOR('',#12716,10.);
#3569=VECTOR('',#12719,10.);
#3570=VECTOR('',#12720,10.);
#3571=VECTOR('',#12721,10.);
#3572=VECTOR('',#12722,10.);
#3573=VECTOR('',#12723,10.);
#3574=VECTOR('',#12724,10.);
#3575=VECTOR('',#12725,10.);
#3576=VECTOR('',#12726,10.);
#3577=VECTOR('',#12727,10.);
#3578=VECTOR('',#12728,10.);
#3579=VECTOR('',#12729,10.);
#3580=VECTOR('',#12730,10.);
#3581=VECTOR('',#12731,10.);
#3582=VECTOR('',#12732,10.);
#3583=VECTOR('',#12733,10.);
#3584=VECTOR('',#12734,10.);
#3585=VECTOR('',#12735,10.);
#3586=VECTOR('',#12738,10.);
#3587=VECTOR('',#12741,10.);
#3588=VECTOR('',#12744,10.);
#3589=VECTOR('',#12749,10.);
#3590=VECTOR('',#12750,10.);
#3591=VECTOR('',#12751,10.);
#3592=VECTOR('',#12752,10.);
#3593=VECTOR('',#12755,10.);
#3594=VECTOR('',#12756,10.);
#3595=VECTOR('',#12757,10.);
#3596=VECTOR('',#12758,10.);
#3597=VECTOR('',#12761,10.);
#3598=VECTOR('',#12762,10.);
#3599=VECTOR('',#12763,10.);
#3600=VECTOR('',#12766,10.);
#3601=VECTOR('',#12767,10.);
#3602=VECTOR('',#12768,10.);
#3603=VECTOR('',#12771,10.);
#3604=VECTOR('',#12772,10.);
#3605=VECTOR('',#12775,10.);
#3606=VECTOR('',#12776,10.);
#3607=VECTOR('',#12777,10.);
#3608=VECTOR('',#12778,10.);
#3609=VECTOR('',#12781,10.);
#3610=VECTOR('',#12782,10.);
#3611=VECTOR('',#12785,10.);
#3612=VECTOR('',#12788,10.);
#3613=VECTOR('',#12789,10.);
#3614=VECTOR('',#12790,10.);
#3615=VECTOR('',#12793,10.);
#3616=VECTOR('',#12794,10.);
#3617=VECTOR('',#12795,10.);
#3618=VECTOR('',#12796,10.);
#3619=VECTOR('',#12797,10.);
#3620=VECTOR('',#12798,10.);
#3621=VECTOR('',#12799,10.);
#3622=VECTOR('',#12800,10.);
#3623=VECTOR('',#12801,10.);
#3624=VECTOR('',#12802,10.);
#3625=VECTOR('',#12803,10.);
#3626=VECTOR('',#12806,10.);
#3627=VECTOR('',#12811,10.);
#3628=VECTOR('',#12812,10.);
#3629=VECTOR('',#12815,10.);
#3630=VECTOR('',#12816,10.);
#3631=VECTOR('',#12819,10.);
#3632=VECTOR('',#12820,10.);
#3633=VECTOR('',#12823,10.);
#3634=VECTOR('',#12826,10.);
#3635=VECTOR('',#12827,10.);
#3636=VECTOR('',#12830,10.);
#3637=VECTOR('',#12833,10.);
#3638=VECTOR('',#12834,10.);
#3639=VECTOR('',#12835,10.);
#3640=VECTOR('',#12840,10.);
#3641=VECTOR('',#12841,10.);
#3642=VECTOR('',#12842,10.);
#3643=VECTOR('',#12843,10.);
#3644=VECTOR('',#12844,10.);
#3645=VECTOR('',#12845,10.);
#3646=VECTOR('',#12846,10.);
#3647=VECTOR('',#12849,10.);
#3648=VECTOR('',#12852,10.);
#3649=VECTOR('',#12855,10.);
#3650=VECTOR('',#12860,10.);
#3651=VECTOR('',#12861,10.);
#3652=VECTOR('',#12864,10.);
#3653=VECTOR('',#12867,10.);
#3654=VECTOR('',#12872,10.);
#3655=VECTOR('',#12875,10.);
#3656=VECTOR('',#12876,10.);
#3657=VECTOR('',#12879,10.);
#3658=VECTOR('',#12882,10.);
#3659=VECTOR('',#12885,10.);
#3660=VECTOR('',#12886,10.);
#3661=VECTOR('',#12889,10.);
#3662=VECTOR('',#12890,10.);
#3663=VECTOR('',#12891,10.);
#3664=VECTOR('',#12892,10.);
#3665=VECTOR('',#12895,10.);
#3666=VECTOR('',#12896,10.);
#3667=VECTOR('',#12897,10.);
#3668=VECTOR('',#12898,10.);
#3669=VECTOR('',#12901,10.);
#3670=VECTOR('',#12902,10.);
#3671=VECTOR('',#12903,10.);
#3672=VECTOR('',#12906,10.);
#3673=VECTOR('',#12907,10.);
#3674=VECTOR('',#12908,10.);
#3675=VECTOR('',#12911,10.);
#3676=VECTOR('',#12912,10.);
#3677=VECTOR('',#12913,10.);
#3678=VECTOR('',#12914,10.);
#3679=VECTOR('',#12915,10.);
#3680=VECTOR('',#12916,10.);
#3681=VECTOR('',#12917,10.);
#3682=VECTOR('',#12920,10.);
#3683=VECTOR('',#12921,10.);
#3684=VECTOR('',#12922,10.);
#3685=VECTOR('',#12927,10.);
#3686=VECTOR('',#12930,10.);
#3687=VECTOR('',#12931,10.);
#3688=VECTOR('',#12938,10.);
#3689=VECTOR('',#12939,10.);
#3690=VECTOR('',#12942,10.);
#3691=VECTOR('',#12945,10.);
#3692=VECTOR('',#12950,10.);
#3693=VECTOR('',#12953,10.);
#3694=VECTOR('',#12954,10.);
#3695=VECTOR('',#12955,10.);
#3696=VECTOR('',#12956,10.);
#3697=VECTOR('',#12957,10.);
#3698=VECTOR('',#12958,10.);
#3699=VECTOR('',#12959,10.);
#3700=VECTOR('',#12960,10.);
#3701=VECTOR('',#12963,10.);
#3702=VECTOR('',#12964,10.);
#3703=VECTOR('',#12965,10.);
#3704=VECTOR('',#12966,10.);
#3705=VECTOR('',#12967,10.);
#3706=VECTOR('',#12968,10.);
#3707=VECTOR('',#12973,1.70627811481616);
#3708=VECTOR('',#12978,10.);
#3709=VECTOR('',#12979,10.);
#3710=VECTOR('',#12980,10.);
#3711=VECTOR('',#12981,10.);
#3712=VECTOR('',#12984,10.);
#3713=VECTOR('',#12985,10.);
#3714=VECTOR('',#12986,10.);
#3715=VECTOR('',#12989,10.);
#3716=VECTOR('',#12990,10.);
#3717=VECTOR('',#12991,10.);
#3718=VECTOR('',#12996,10.);
#3719=VECTOR('',#13003,10.);
#3720=VECTOR('',#13008,10.);
#3721=VECTOR('',#13009,10.);
#3722=VECTOR('',#13010,10.);
#3723=VECTOR('',#13023,1.7898617053266);
#3724=VECTOR('',#13028,10.);
#3725=VECTOR('',#13029,10.);
#3726=VECTOR('',#13030,10.);
#3727=VECTOR('',#13031,10.);
#3728=VECTOR('',#13034,10.);
#3729=VECTOR('',#13035,10.);
#3730=VECTOR('',#13036,10.);
#3731=VECTOR('',#13039,10.);
#3732=VECTOR('',#13040,10.);
#3733=VECTOR('',#13041,10.);
#3734=VECTOR('',#13044,10.);
#3735=VECTOR('',#13045,10.);
#3736=VECTOR('',#13046,10.);
#3737=VECTOR('',#13049,10.);
#3738=VECTOR('',#13050,10.);
#3739=VECTOR('',#13051,10.);
#3740=VECTOR('',#13062,10.);
#3741=VECTOR('',#13063,10.);
#3742=VECTOR('',#13064,10.);
#3743=VECTOR('',#13065,10.);
#3744=VECTOR('',#13068,10.);
#3745=VECTOR('',#13069,10.);
#3746=VECTOR('',#13070,10.);
#3747=VECTOR('',#13073,10.);
#3748=VECTOR('',#13074,10.);
#3749=VECTOR('',#13075,10.);
#3750=VECTOR('',#13078,10.);
#3751=VECTOR('',#13079,10.);
#3752=VECTOR('',#13080,10.);
#3753=VECTOR('',#13083,10.);
#3754=VECTOR('',#13084,10.);
#3755=VECTOR('',#13085,10.);
#3756=VECTOR('',#13088,10.);
#3757=VECTOR('',#13089,10.);
#3758=VECTOR('',#13090,10.);
#3759=VECTOR('',#13093,10.);
#3760=VECTOR('',#13094,10.);
#3761=VECTOR('',#13095,10.);
#3762=VECTOR('',#13098,10.);
#3763=VECTOR('',#13099,10.);
#3764=VECTOR('',#13100,10.);
#3765=VECTOR('',#13103,10.);
#3766=VECTOR('',#13104,10.);
#3767=VECTOR('',#13105,10.);
#3768=VECTOR('',#13108,10.);
#3769=VECTOR('',#13109,10.);
#3770=VECTOR('',#13110,10.);
#3771=VECTOR('',#13113,10.);
#3772=VECTOR('',#13114,10.);
#3773=VECTOR('',#13115,10.);
#3774=VECTOR('',#13118,10.);
#3775=VECTOR('',#13119,10.);
#3776=VECTOR('',#13120,10.);
#3777=VECTOR('',#13123,10.);
#3778=VECTOR('',#13124,10.);
#3779=VECTOR('',#13129,10.);
#3780=VECTOR('',#13130,10.);
#3781=VECTOR('',#13131,10.);
#3782=VECTOR('',#13132,10.);
#3783=VECTOR('',#13135,10.);
#3784=VECTOR('',#13136,10.);
#3785=VECTOR('',#13137,10.);
#3786=VECTOR('',#13140,10.);
#3787=VECTOR('',#13141,10.);
#3788=VECTOR('',#13142,10.);
#3789=VECTOR('',#13145,10.);
#3790=VECTOR('',#13146,10.);
#3791=VECTOR('',#13147,10.);
#3792=VECTOR('',#13150,10.);
#3793=VECTOR('',#13151,10.);
#3794=VECTOR('',#13152,10.);
#3795=VECTOR('',#13155,10.);
#3796=VECTOR('',#13156,10.);
#3797=VECTOR('',#13157,10.);
#3798=VECTOR('',#13160,10.);
#3799=VECTOR('',#13161,10.);
#3800=VECTOR('',#13162,10.);
#3801=VECTOR('',#13165,10.);
#3802=VECTOR('',#13166,10.);
#3803=VECTOR('',#13167,10.);
#3804=VECTOR('',#13170,10.);
#3805=VECTOR('',#13171,10.);
#3806=VECTOR('',#13172,10.);
#3807=VECTOR('',#13175,10.);
#3808=VECTOR('',#13176,10.);
#3809=VECTOR('',#13177,10.);
#3810=VECTOR('',#13180,10.);
#3811=VECTOR('',#13181,10.);
#3812=VECTOR('',#13182,10.);
#3813=VECTOR('',#13185,10.);
#3814=VECTOR('',#13186,10.);
#3815=VECTOR('',#13187,10.);
#3816=VECTOR('',#13190,10.);
#3817=VECTOR('',#13191,10.);
#3818=VECTOR('',#13196,10.);
#3819=VECTOR('',#13197,10.);
#3820=VECTOR('',#13198,10.);
#3821=VECTOR('',#13199,10.);
#3822=VECTOR('',#13204,10.);
#3823=VECTOR('',#13209,10.);
#3824=VECTOR('',#13210,10.);
#3825=VECTOR('',#13211,10.);
#3826=VECTOR('',#13214,10.);
#3827=VECTOR('',#13215,10.);
#3828=VECTOR('',#13216,10.);
#3829=VECTOR('',#13219,10.);
#3830=VECTOR('',#13220,10.);
#3831=VECTOR('',#13221,10.);
#3832=VECTOR('',#13224,10.);
#3833=VECTOR('',#13225,10.);
#3834=VECTOR('',#13226,10.);
#3835=VECTOR('',#13229,10.);
#3836=VECTOR('',#13230,10.);
#3837=VECTOR('',#13231,10.);
#3838=VECTOR('',#13236,10.);
#3839=VECTOR('',#13241,10.);
#3840=VECTOR('',#13242,10.);
#3841=VECTOR('',#13243,10.);
#3842=VECTOR('',#13246,10.);
#3843=VECTOR('',#13247,10.);
#3844=VECTOR('',#13250,10.);
#3845=VECTOR('',#13251,10.);
#3846=VECTOR('',#13254,10.);
#3847=VECTOR('',#13255,10.);
#3848=VECTOR('',#13256,10.);
#3849=VECTOR('',#13257,10.);
#3850=VECTOR('',#13260,10.);
#3851=VECTOR('',#13261,10.);
#3852=VECTOR('',#13266,10.);
#3853=VECTOR('',#13267,10.);
#3854=VECTOR('',#13268,10.);
#3855=VECTOR('',#13269,10.);
#3856=VECTOR('',#13280,10.);
#3857=VECTOR('',#13283,10.);
#3858=VECTOR('',#13288,10.);
#3859=VECTOR('',#13295,10.);
#3860=VECTOR('',#13300,10.);
#3861=VECTOR('',#13301,10.);
#3862=VECTOR('',#13302,10.);
#3863=VECTOR('',#13307,10.);
#3864=VECTOR('',#13314,10.);
#3865=VECTOR('',#13319,10.);
#3866=VECTOR('',#13320,10.);
#3867=VECTOR('',#13325,10.);
#3868=VECTOR('',#13326,10.);
#3869=VECTOR('',#13327,10.);
#3870=VECTOR('',#13328,10.);
#3871=VECTOR('',#13331,10.);
#3872=VECTOR('',#13332,10.);
#3873=VECTOR('',#13333,10.);
#3874=VECTOR('',#13336,10.);
#3875=VECTOR('',#13337,10.);
#3876=VECTOR('',#13338,10.);
#3877=VECTOR('',#13341,10.);
#3878=VECTOR('',#13342,10.);
#3879=VECTOR('',#13347,10.);
#3880=VECTOR('',#13348,10.);
#3881=VECTOR('',#13349,10.);
#3882=VECTOR('',#13350,10.);
#3883=VECTOR('',#13353,10.);
#3884=VECTOR('',#13354,10.);
#3885=VECTOR('',#13355,10.);
#3886=VECTOR('',#13360,10.);
#3887=VECTOR('',#13365,10.);
#3888=VECTOR('',#13366,10.);
#3889=VECTOR('',#13367,10.);
#3890=VECTOR('',#13370,10.);
#3891=VECTOR('',#13371,10.);
#3892=VECTOR('',#13372,10.);
#3893=VECTOR('',#13375,10.);
#3894=VECTOR('',#13376,10.);
#3895=VECTOR('',#13377,10.);
#3896=VECTOR('',#13382,10.);
#3897=VECTOR('',#13387,10.);
#3898=VECTOR('',#13388,10.);
#3899=VECTOR('',#13389,10.);
#3900=VECTOR('',#13392,10.);
#3901=VECTOR('',#13393,10.);
#3902=VECTOR('',#13394,10.);
#3903=VECTOR('',#13397,10.);
#3904=VECTOR('',#13398,10.);
#3905=VECTOR('',#13399,10.);
#3906=VECTOR('',#13402,10.);
#3907=VECTOR('',#13403,10.);
#3908=VECTOR('',#13404,10.);
#3909=VECTOR('',#13407,10.);
#3910=VECTOR('',#13408,10.);
#3911=VECTOR('',#13409,10.);
#3912=VECTOR('',#13412,10.);
#3913=VECTOR('',#13413,10.);
#3914=VECTOR('',#13414,10.);
#3915=VECTOR('',#13417,10.);
#3916=VECTOR('',#13418,10.);
#3917=VECTOR('',#13419,10.);
#3918=VECTOR('',#13422,10.);
#3919=VECTOR('',#13423,10.);
#3920=VECTOR('',#13424,10.);
#3921=VECTOR('',#13427,10.);
#3922=VECTOR('',#13428,10.);
#3923=VECTOR('',#13439,10.);
#3924=VECTOR('',#13442,10.);
#3925=VECTOR('',#13443,10.);
#3926=VECTOR('',#13446,10.);
#3927=VECTOR('',#13447,10.);
#3928=VECTOR('',#13448,10.);
#3929=VECTOR('',#13451,10.);
#3930=VECTOR('',#13452,10.);
#3931=VECTOR('',#13455,10.);
#3932=VECTOR('',#13458,10.);
#3933=VECTOR('',#13461,10.);
#3934=VECTOR('',#13466,10.);
#3935=VECTOR('',#13469,10.);
#3936=VECTOR('',#13470,10.);
#3937=VECTOR('',#13473,10.);
#3938=VECTOR('',#13476,10.);
#3939=VECTOR('',#13483,10.);
#3940=VECTOR('',#13484,10.);
#3941=VECTOR('',#13485,10.);
#3942=VECTOR('',#13488,10.);
#3943=VECTOR('',#13489,10.);
#3944=VECTOR('',#13490,10.);
#3945=VECTOR('',#13493,10.);
#3946=VECTOR('',#13494,10.);
#3947=VECTOR('',#13497,10.);
#3948=VECTOR('',#13498,10.);
#3949=VECTOR('',#13499,10.);
#3950=VECTOR('',#13500,10.);
#3951=VECTOR('',#13501,10.);
#3952=VECTOR('',#13506,10.);
#3953=VECTOR('',#13509,10.);
#3954=VECTOR('',#13512,10.);
#3955=VECTOR('',#13513,10.);
#3956=VECTOR('',#13514,10.);
#3957=VECTOR('',#13521,10.);
#3958=VECTOR('',#13524,10.);
#3959=VECTOR('',#13525,10.);
#3960=VECTOR('',#13526,10.);
#3961=VECTOR('',#13533,10.);
#3962=VECTOR('',#13536,10.);
#3963=VECTOR('',#13537,10.);
#3964=VECTOR('',#13538,10.);
#3965=VECTOR('',#13545,10.);
#3966=VECTOR('',#13548,10.);
#3967=VECTOR('',#13549,10.);
#3968=VECTOR('',#13552,10.);
#3969=VECTOR('',#13553,10.);
#3970=VECTOR('',#13554,10.);
#3971=VECTOR('',#13557,10.);
#3972=VECTOR('',#13558,10.);
#3973=VECTOR('',#13559,10.);
#3974=VECTOR('',#13562,10.);
#3975=VECTOR('',#13563,10.);
#3976=VECTOR('',#13570,10.);
#3977=VECTOR('',#13571,10.);
#3978=VECTOR('',#13574,10.);
#3979=VECTOR('',#13577,10.);
#3980=VECTOR('',#13578,10.);
#3981=VECTOR('',#13579,10.);
#3982=VECTOR('',#13582,10.);
#3983=VECTOR('',#13585,10.);
#3984=VECTOR('',#13588,10.);
#3985=VECTOR('',#13589,10.);
#3986=VECTOR('',#13590,10.);
#3987=VECTOR('',#13593,10.);
#3988=VECTOR('',#13598,10.);
#3989=VECTOR('',#13599,10.);
#3990=VECTOR('',#13602,10.);
#3991=VECTOR('',#13607,10.);
#3992=VECTOR('',#13608,10.);
#3993=VECTOR('',#13611,10.);
#3994=VECTOR('',#13612,10.);
#3995=VECTOR('',#13615,10.);
#3996=VECTOR('',#13618,10.);
#3997=VECTOR('',#13621,10.);
#3998=VECTOR('',#13622,10.);
#3999=VECTOR('',#13625,10.);
#4000=VECTOR('',#13630,10.);
#4001=VECTOR('',#13631,10.);
#4002=VECTOR('',#13634,10.);
#4003=VECTOR('',#13637,10.);
#4004=VECTOR('',#13642,10.);
#4005=VECTOR('',#13643,10.);
#4006=VECTOR('',#13644,10.);
#4007=VECTOR('',#13645,10.);
#4008=VECTOR('',#13652,10.);
#4009=VECTOR('',#13655,10.);
#4010=VECTOR('',#13656,10.);
#4011=VECTOR('',#13657,10.);
#4012=VECTOR('',#13666,10.);
#4013=VECTOR('',#13667,10.);
#4014=VECTOR('',#13668,10.);
#4015=VECTOR('',#13669,10.);
#4016=VECTOR('',#13672,10.);
#4017=VECTOR('',#13673,10.);
#4018=VECTOR('',#13674,10.);
#4019=VECTOR('',#13677,10.);
#4020=VECTOR('',#13678,10.);
#4021=VECTOR('',#13679,10.);
#4022=VECTOR('',#13682,10.);
#4023=VECTOR('',#13683,10.);
#4024=VERTEX_POINT('',#13690);
#4025=VERTEX_POINT('',#13691);
#4026=VERTEX_POINT('',#13693);
#4027=VERTEX_POINT('',#13695);
#4028=VERTEX_POINT('',#13699);
#4029=VERTEX_POINT('',#13701);
#4030=VERTEX_POINT('',#13705);
#4031=VERTEX_POINT('',#13707);
#4032=VERTEX_POINT('',#13711);
#4033=VERTEX_POINT('',#13713);
#4034=VERTEX_POINT('',#13717);
#4035=VERTEX_POINT('',#13719);
#4036=VERTEX_POINT('',#13723);
#4037=VERTEX_POINT('',#13725);
#4038=VERTEX_POINT('',#13729);
#4039=VERTEX_POINT('',#13731);
#4040=VERTEX_POINT('',#13735);
#4041=VERTEX_POINT('',#13737);
#4042=VERTEX_POINT('',#13741);
#4043=VERTEX_POINT('',#13743);
#4044=VERTEX_POINT('',#13747);
#4045=VERTEX_POINT('',#13749);
#4046=VERTEX_POINT('',#13753);
#4047=VERTEX_POINT('',#13755);
#4048=VERTEX_POINT('',#13759);
#4049=VERTEX_POINT('',#13761);
#4050=VERTEX_POINT('',#13769);
#4051=VERTEX_POINT('',#13770);
#4052=VERTEX_POINT('',#13772);
#4053=VERTEX_POINT('',#13774);
#4054=VERTEX_POINT('',#13778);
#4055=VERTEX_POINT('',#13780);
#4056=VERTEX_POINT('',#13784);
#4057=VERTEX_POINT('',#13786);
#4058=VERTEX_POINT('',#13790);
#4059=VERTEX_POINT('',#13792);
#4060=VERTEX_POINT('',#13796);
#4061=VERTEX_POINT('',#13798);
#4062=VERTEX_POINT('',#13802);
#4063=VERTEX_POINT('',#13804);
#4064=VERTEX_POINT('',#13812);
#4065=VERTEX_POINT('',#13814);
#4066=VERTEX_POINT('',#13818);
#4067=VERTEX_POINT('',#13819);
#4068=VERTEX_POINT('',#13821);
#4069=VERTEX_POINT('',#13823);
#4070=VERTEX_POINT('',#13827);
#4071=VERTEX_POINT('',#13829);
#4072=VERTEX_POINT('',#13833);
#4073=VERTEX_POINT('',#13835);
#4074=VERTEX_POINT('',#13839);
#4075=VERTEX_POINT('',#13841);
#4076=VERTEX_POINT('',#13845);
#4077=VERTEX_POINT('',#13847);
#4078=VERTEX_POINT('',#13855);
#4079=VERTEX_POINT('',#13856);
#4080=VERTEX_POINT('',#13858);
#4081=VERTEX_POINT('',#13860);
#4082=VERTEX_POINT('',#13864);
#4083=VERTEX_POINT('',#13866);
#4084=VERTEX_POINT('',#13870);
#4085=VERTEX_POINT('',#13872);
#4086=VERTEX_POINT('',#13880);
#4087=VERTEX_POINT('',#13881);
#4088=VERTEX_POINT('',#13883);
#4089=VERTEX_POINT('',#13885);
#4090=VERTEX_POINT('',#13889);
#4091=VERTEX_POINT('',#13891);
#4092=VERTEX_POINT('',#13895);
#4093=VERTEX_POINT('',#13897);
#4094=VERTEX_POINT('',#13904);
#4095=VERTEX_POINT('',#13905);
#4096=VERTEX_POINT('',#13907);
#4097=VERTEX_POINT('',#13909);
#4098=VERTEX_POINT('',#13913);
#4099=VERTEX_POINT('',#13915);
#4100=VERTEX_POINT('',#13919);
#4101=VERTEX_POINT('',#13921);
#4102=VERTEX_POINT('',#13929);
#4103=VERTEX_POINT('',#13931);
#4104=VERTEX_POINT('',#13935);
#4105=VERTEX_POINT('',#13936);
#4106=VERTEX_POINT('',#13938);
#4107=VERTEX_POINT('',#13940);
#4108=VERTEX_POINT('',#13944);
#4109=VERTEX_POINT('',#13946);
#4110=VERTEX_POINT('',#13950);
#4111=VERTEX_POINT('',#13952);
#4112=VERTEX_POINT('',#13956);
#4113=VERTEX_POINT('',#13958);
#4114=VERTEX_POINT('',#13962);
#4115=VERTEX_POINT('',#13964);
#4116=VERTEX_POINT('',#13972);
#4117=VERTEX_POINT('',#13973);
#4118=VERTEX_POINT('',#13975);
#4119=VERTEX_POINT('',#13977);
#4120=VERTEX_POINT('',#13981);
#4121=VERTEX_POINT('',#13983);
#4122=VERTEX_POINT('',#13987);
#4123=VERTEX_POINT('',#13989);
#4124=VERTEX_POINT('',#13997);
#4125=VERTEX_POINT('',#13998);
#4126=VERTEX_POINT('',#14000);
#4127=VERTEX_POINT('',#14002);
#4128=VERTEX_POINT('',#14006);
#4129=VERTEX_POINT('',#14008);
#4130=VERTEX_POINT('',#14012);
#4131=VERTEX_POINT('',#14014);
#4132=VERTEX_POINT('',#14021);
#4133=VERTEX_POINT('',#14022);
#4134=VERTEX_POINT('',#14024);
#4135=VERTEX_POINT('',#14026);
#4136=VERTEX_POINT('',#14030);
#4137=VERTEX_POINT('',#14032);
#4138=VERTEX_POINT('',#14036);
#4139=VERTEX_POINT('',#14038);
#4140=VERTEX_POINT('',#14046);
#4141=VERTEX_POINT('',#14048);
#4142=VERTEX_POINT('',#14052);
#4143=VERTEX_POINT('',#14053);
#4144=VERTEX_POINT('',#14055);
#4145=VERTEX_POINT('',#14057);
#4146=VERTEX_POINT('',#14061);
#4147=VERTEX_POINT('',#14063);
#4148=VERTEX_POINT('',#14067);
#4149=VERTEX_POINT('',#14069);
#4150=VERTEX_POINT('',#14073);
#4151=VERTEX_POINT('',#14075);
#4152=VERTEX_POINT('',#14079);
#4153=VERTEX_POINT('',#14081);
#4154=VERTEX_POINT('',#14089);
#4155=VERTEX_POINT('',#14091);
#4156=VERTEX_POINT('',#14095);
#4157=VERTEX_POINT('',#14096);
#4158=VERTEX_POINT('',#14098);
#4159=VERTEX_POINT('',#14100);
#4160=VERTEX_POINT('',#14104);
#4161=VERTEX_POINT('',#14106);
#4162=VERTEX_POINT('',#14110);
#4163=VERTEX_POINT('',#14112);
#4164=VERTEX_POINT('',#14116);
#4165=VERTEX_POINT('',#14118);
#4166=VERTEX_POINT('',#14122);
#4167=VERTEX_POINT('',#14124);
#4168=VERTEX_POINT('',#14132);
#4169=VERTEX_POINT('',#14133);
#4170=VERTEX_POINT('',#14135);
#4171=VERTEX_POINT('',#14137);
#4172=VERTEX_POINT('',#14141);
#4173=VERTEX_POINT('',#14143);
#4174=VERTEX_POINT('',#14147);
#4175=VERTEX_POINT('',#14149);
#4176=VERTEX_POINT('',#14157);
#4177=VERTEX_POINT('',#14158);
#4178=VERTEX_POINT('',#14160);
#4179=VERTEX_POINT('',#14162);
#4180=VERTEX_POINT('',#14166);
#4181=VERTEX_POINT('',#14168);
#4182=VERTEX_POINT('',#14172);
#4183=VERTEX_POINT('',#14174);
#4184=VERTEX_POINT('',#14178);
#4185=VERTEX_POINT('',#14180);
#4186=VERTEX_POINT('',#14184);
#4187=VERTEX_POINT('',#14186);
#4188=VERTEX_POINT('',#14190);
#4189=VERTEX_POINT('',#14192);
#4190=VERTEX_POINT('',#14196);
#4191=VERTEX_POINT('',#14198);
#4192=VERTEX_POINT('',#14202);
#4193=VERTEX_POINT('',#14204);
#4194=VERTEX_POINT('',#14208);
#4195=VERTEX_POINT('',#14210);
#4196=VERTEX_POINT('',#14214);
#4197=VERTEX_POINT('',#14216);
#4198=VERTEX_POINT('',#14220);
#4199=VERTEX_POINT('',#14222);
#4200=VERTEX_POINT('',#14226);
#4201=VERTEX_POINT('',#14228);
#4202=VERTEX_POINT('',#14232);
#4203=VERTEX_POINT('',#14234);
#4204=VERTEX_POINT('',#14238);
#4205=VERTEX_POINT('',#14240);
#4206=VERTEX_POINT('',#14248);
#4207=VERTEX_POINT('',#14250);
#4208=VERTEX_POINT('',#14255);
#4209=VERTEX_POINT('',#14256);
#4210=VERTEX_POINT('',#14258);
#4211=VERTEX_POINT('',#14260);
#4212=VERTEX_POINT('',#14264);
#4213=VERTEX_POINT('',#14266);
#4214=VERTEX_POINT('',#14270);
#4215=VERTEX_POINT('',#14272);
#4216=VERTEX_POINT('',#14280);
#4217=VERTEX_POINT('',#14281);
#4218=VERTEX_POINT('',#14283);
#4219=VERTEX_POINT('',#14285);
#4220=VERTEX_POINT('',#14289);
#4221=VERTEX_POINT('',#14291);
#4222=VERTEX_POINT('',#14295);
#4223=VERTEX_POINT('',#14297);
#4224=VERTEX_POINT('',#14301);
#4225=VERTEX_POINT('',#14303);
#4226=VERTEX_POINT('',#14307);
#4227=VERTEX_POINT('',#14309);
#4228=VERTEX_POINT('',#14313);
#4229=VERTEX_POINT('',#14315);
#4230=VERTEX_POINT('',#14319);
#4231=VERTEX_POINT('',#14321);
#4232=VERTEX_POINT('',#14329);
#4233=VERTEX_POINT('',#14331);
#4234=VERTEX_POINT('',#14335);
#4235=VERTEX_POINT('',#14337);
#4236=VERTEX_POINT('',#14342);
#4237=VERTEX_POINT('',#14344);
#4238=VERTEX_POINT('',#14349);
#4239=VERTEX_POINT('',#14350);
#4240=VERTEX_POINT('',#14352);
#4241=VERTEX_POINT('',#14354);
#4242=VERTEX_POINT('',#14358);
#4243=VERTEX_POINT('',#14360);
#4244=VERTEX_POINT('',#14364);
#4245=VERTEX_POINT('',#14366);
#4246=VERTEX_POINT('',#14370);
#4247=VERTEX_POINT('',#14372);
#4248=VERTEX_POINT('',#14376);
#4249=VERTEX_POINT('',#14378);
#4250=VERTEX_POINT('',#14382);
#4251=VERTEX_POINT('',#14384);
#4252=VERTEX_POINT('',#14388);
#4253=VERTEX_POINT('',#14390);
#4254=VERTEX_POINT('',#14394);
#4255=VERTEX_POINT('',#14396);
#4256=VERTEX_POINT('',#14400);
#4257=VERTEX_POINT('',#14402);
#4258=VERTEX_POINT('',#14410);
#4259=VERTEX_POINT('',#14412);
#4260=VERTEX_POINT('',#14416);
#4261=VERTEX_POINT('',#14417);
#4262=VERTEX_POINT('',#14419);
#4263=VERTEX_POINT('',#14421);
#4264=VERTEX_POINT('',#14425);
#4265=VERTEX_POINT('',#14427);
#4266=VERTEX_POINT('',#14431);
#4267=VERTEX_POINT('',#14433);
#4268=VERTEX_POINT('',#14437);
#4269=VERTEX_POINT('',#14439);
#4270=VERTEX_POINT('',#14443);
#4271=VERTEX_POINT('',#14445);
#4272=VERTEX_POINT('',#14453);
#4273=VERTEX_POINT('',#14455);
#4274=VERTEX_POINT('',#14459);
#4275=VERTEX_POINT('',#14461);
#4276=VERTEX_POINT('',#14466);
#4277=VERTEX_POINT('',#14468);
#4278=VERTEX_POINT('',#14472);
#4279=VERTEX_POINT('',#14473);
#4280=VERTEX_POINT('',#14475);
#4281=VERTEX_POINT('',#14477);
#4282=VERTEX_POINT('',#14481);
#4283=VERTEX_POINT('',#14483);
#4284=VERTEX_POINT('',#14487);
#4285=VERTEX_POINT('',#14489);
#4286=VERTEX_POINT('',#14493);
#4287=VERTEX_POINT('',#14495);
#4288=VERTEX_POINT('',#14499);
#4289=VERTEX_POINT('',#14501);
#4290=VERTEX_POINT('',#14509);
#4291=VERTEX_POINT('',#14511);
#4292=VERTEX_POINT('',#14515);
#4293=VERTEX_POINT('',#14516);
#4294=VERTEX_POINT('',#14518);
#4295=VERTEX_POINT('',#14520);
#4296=VERTEX_POINT('',#14524);
#4297=VERTEX_POINT('',#14526);
#4298=VERTEX_POINT('',#14530);
#4299=VERTEX_POINT('',#14532);
#4300=VERTEX_POINT('',#14536);
#4301=VERTEX_POINT('',#14538);
#4302=VERTEX_POINT('',#14542);
#4303=VERTEX_POINT('',#14544);
#4304=VERTEX_POINT('',#14552);
#4305=VERTEX_POINT('',#14553);
#4306=VERTEX_POINT('',#14555);
#4307=VERTEX_POINT('',#14557);
#4308=VERTEX_POINT('',#14561);
#4309=VERTEX_POINT('',#14563);
#4310=VERTEX_POINT('',#14567);
#4311=VERTEX_POINT('',#14569);
#4312=VERTEX_POINT('',#14573);
#4313=VERTEX_POINT('',#14575);
#4314=VERTEX_POINT('',#14579);
#4315=VERTEX_POINT('',#14581);
#4316=VERTEX_POINT('',#14585);
#4317=VERTEX_POINT('',#14587);
#4318=VERTEX_POINT('',#14595);
#4319=VERTEX_POINT('',#14596);
#4320=VERTEX_POINT('',#14598);
#4321=VERTEX_POINT('',#14600);
#4322=VERTEX_POINT('',#14604);
#4323=VERTEX_POINT('',#14606);
#4324=VERTEX_POINT('',#14610);
#4325=VERTEX_POINT('',#14612);
#4326=VERTEX_POINT('',#14616);
#4327=VERTEX_POINT('',#14618);
#4328=VERTEX_POINT('',#14622);
#4329=VERTEX_POINT('',#14624);
#4330=VERTEX_POINT('',#14628);
#4331=VERTEX_POINT('',#14630);
#4332=VERTEX_POINT('',#14634);
#4333=VERTEX_POINT('',#14636);
#4334=VERTEX_POINT('',#14640);
#4335=VERTEX_POINT('',#14642);
#4336=VERTEX_POINT('',#14646);
#4337=VERTEX_POINT('',#14648);
#4338=VERTEX_POINT('',#14652);
#4339=VERTEX_POINT('',#14654);
#4340=VERTEX_POINT('',#14658);
#4341=VERTEX_POINT('',#14660);
#4342=VERTEX_POINT('',#14664);
#4343=VERTEX_POINT('',#14666);
#4344=VERTEX_POINT('',#14670);
#4345=VERTEX_POINT('',#14672);
#4346=VERTEX_POINT('',#14676);
#4347=VERTEX_POINT('',#14678);
#4348=VERTEX_POINT('',#14682);
#4349=VERTEX_POINT('',#14684);
#4350=VERTEX_POINT('',#14692);
#4351=VERTEX_POINT('',#14693);
#4352=VERTEX_POINT('',#14695);
#4353=VERTEX_POINT('',#14697);
#4354=VERTEX_POINT('',#14701);
#4355=VERTEX_POINT('',#14703);
#4356=VERTEX_POINT('',#14707);
#4357=VERTEX_POINT('',#14709);
#4358=VERTEX_POINT('',#14713);
#4359=VERTEX_POINT('',#14715);
#4360=VERTEX_POINT('',#14719);
#4361=VERTEX_POINT('',#14721);
#4362=VERTEX_POINT('',#14725);
#4363=VERTEX_POINT('',#14727);
#4364=VERTEX_POINT('',#14731);
#4365=VERTEX_POINT('',#14733);
#4366=VERTEX_POINT('',#14737);
#4367=VERTEX_POINT('',#14739);
#4368=VERTEX_POINT('',#14743);
#4369=VERTEX_POINT('',#14745);
#4370=VERTEX_POINT('',#14753);
#4371=VERTEX_POINT('',#14754);
#4372=VERTEX_POINT('',#14756);
#4373=VERTEX_POINT('',#14758);
#4374=VERTEX_POINT('',#14762);
#4375=VERTEX_POINT('',#14764);
#4376=VERTEX_POINT('',#14768);
#4377=VERTEX_POINT('',#14770);
#4378=VERTEX_POINT('',#14774);
#4379=VERTEX_POINT('',#14776);
#4380=VERTEX_POINT('',#14780);
#4381=VERTEX_POINT('',#14782);
#4382=VERTEX_POINT('',#14786);
#4383=VERTEX_POINT('',#14788);
#4384=VERTEX_POINT('',#14792);
#4385=VERTEX_POINT('',#14794);
#4386=VERTEX_POINT('',#14798);
#4387=VERTEX_POINT('',#14800);
#4388=VERTEX_POINT('',#14804);
#4389=VERTEX_POINT('',#14806);
#4390=VERTEX_POINT('',#14810);
#4391=VERTEX_POINT('',#14812);
#4392=VERTEX_POINT('',#14816);
#4393=VERTEX_POINT('',#14818);
#4394=VERTEX_POINT('',#14822);
#4395=VERTEX_POINT('',#14824);
#4396=VERTEX_POINT('',#14828);
#4397=VERTEX_POINT('',#14830);
#4398=VERTEX_POINT('',#14834);
#4399=VERTEX_POINT('',#14836);
#4400=VERTEX_POINT('',#14844);
#4401=VERTEX_POINT('',#14845);
#4402=VERTEX_POINT('',#14847);
#4403=VERTEX_POINT('',#14849);
#4404=VERTEX_POINT('',#14853);
#4405=VERTEX_POINT('',#14855);
#4406=VERTEX_POINT('',#14859);
#4407=VERTEX_POINT('',#14861);
#4408=VERTEX_POINT('',#14869);
#4409=VERTEX_POINT('',#14871);
#4410=VERTEX_POINT('',#14876);
#4411=VERTEX_POINT('',#14877);
#4412=VERTEX_POINT('',#14879);
#4413=VERTEX_POINT('',#14881);
#4414=VERTEX_POINT('',#14885);
#4415=VERTEX_POINT('',#14887);
#4416=VERTEX_POINT('',#14891);
#4417=VERTEX_POINT('',#14893);
#4418=VERTEX_POINT('',#14897);
#4419=VERTEX_POINT('',#14899);
#4420=VERTEX_POINT('',#14903);
#4421=VERTEX_POINT('',#14905);
#4422=VERTEX_POINT('',#14909);
#4423=VERTEX_POINT('',#14911);
#4424=VERTEX_POINT('',#14915);
#4425=VERTEX_POINT('',#14917);
#4426=VERTEX_POINT('',#14925);
#4427=VERTEX_POINT('',#14926);
#4428=VERTEX_POINT('',#14928);
#4429=VERTEX_POINT('',#14930);
#4430=VERTEX_POINT('',#14934);
#4431=VERTEX_POINT('',#14936);
#4432=VERTEX_POINT('',#14943);
#4433=VERTEX_POINT('',#14944);
#4434=VERTEX_POINT('',#14946);
#4435=VERTEX_POINT('',#14948);
#4436=VERTEX_POINT('',#14952);
#4437=VERTEX_POINT('',#14954);
#4438=VERTEX_POINT('',#14958);
#4439=VERTEX_POINT('',#14960);
#4440=VERTEX_POINT('',#14964);
#4441=VERTEX_POINT('',#14966);
#4442=VERTEX_POINT('',#14970);
#4443=VERTEX_POINT('',#14972);
#4444=VERTEX_POINT('',#14976);
#4445=VERTEX_POINT('',#14978);
#4446=VERTEX_POINT('',#14982);
#4447=VERTEX_POINT('',#14984);
#4448=VERTEX_POINT('',#14992);
#4449=VERTEX_POINT('',#14994);
#4450=VERTEX_POINT('',#14999);
#4451=VERTEX_POINT('',#15000);
#4452=VERTEX_POINT('',#15002);
#4453=VERTEX_POINT('',#15004);
#4454=VERTEX_POINT('',#15008);
#4455=VERTEX_POINT('',#15010);
#4456=VERTEX_POINT('',#15014);
#4457=VERTEX_POINT('',#15016);
#4458=VERTEX_POINT('',#15024);
#4459=VERTEX_POINT('',#15026);
#4460=VERTEX_POINT('',#15031);
#4461=VERTEX_POINT('',#15032);
#4462=VERTEX_POINT('',#15034);
#4463=VERTEX_POINT('',#15036);
#4464=VERTEX_POINT('',#15040);
#4465=VERTEX_POINT('',#15042);
#4466=VERTEX_POINT('',#15046);
#4467=VERTEX_POINT('',#15048);
#4468=VERTEX_POINT('',#15056);
#4469=VERTEX_POINT('',#15058);
#4470=VERTEX_POINT('',#15062);
#4471=VERTEX_POINT('',#15063);
#4472=VERTEX_POINT('',#15065);
#4473=VERTEX_POINT('',#15067);
#4474=VERTEX_POINT('',#15071);
#4475=VERTEX_POINT('',#15073);
#4476=VERTEX_POINT('',#15077);
#4477=VERTEX_POINT('',#15079);
#4478=VERTEX_POINT('',#15083);
#4479=VERTEX_POINT('',#15085);
#4480=VERTEX_POINT('',#15089);
#4481=VERTEX_POINT('',#15091);
#4482=VERTEX_POINT('',#15099);
#4483=VERTEX_POINT('',#15100);
#4484=VERTEX_POINT('',#15102);
#4485=VERTEX_POINT('',#15104);
#4486=VERTEX_POINT('',#15108);
#4487=VERTEX_POINT('',#15110);
#4488=VERTEX_POINT('',#15114);
#4489=VERTEX_POINT('',#15116);
#4490=VERTEX_POINT('',#15120);
#4491=VERTEX_POINT('',#15122);
#4492=VERTEX_POINT('',#15126);
#4493=VERTEX_POINT('',#15128);
#4494=VERTEX_POINT('',#15132);
#4495=VERTEX_POINT('',#15134);
#4496=VERTEX_POINT('',#15138);
#4497=VERTEX_POINT('',#15140);
#4498=VERTEX_POINT('',#15144);
#4499=VERTEX_POINT('',#15146);
#4500=VERTEX_POINT('',#15150);
#4501=VERTEX_POINT('',#15152);
#4502=VERTEX_POINT('',#15160);
#4503=VERTEX_POINT('',#15161);
#4504=VERTEX_POINT('',#15163);
#4505=VERTEX_POINT('',#15165);
#4506=VERTEX_POINT('',#15169);
#4507=VERTEX_POINT('',#15171);
#4508=VERTEX_POINT('',#15175);
#4509=VERTEX_POINT('',#15177);
#4510=VERTEX_POINT('',#15181);
#4511=VERTEX_POINT('',#15183);
#4512=VERTEX_POINT('',#15187);
#4513=VERTEX_POINT('',#15189);
#4514=VERTEX_POINT('',#15193);
#4515=VERTEX_POINT('',#15195);
#4516=VERTEX_POINT('',#15199);
#4517=VERTEX_POINT('',#15201);
#4518=VERTEX_POINT('',#15205);
#4519=VERTEX_POINT('',#15207);
#4520=VERTEX_POINT('',#15211);
#4521=VERTEX_POINT('',#15213);
#4522=VERTEX_POINT('',#15217);
#4523=VERTEX_POINT('',#15219);
#4524=VERTEX_POINT('',#15227);
#4525=VERTEX_POINT('',#15228);
#4526=VERTEX_POINT('',#15230);
#4527=VERTEX_POINT('',#15232);
#4528=VERTEX_POINT('',#15236);
#4529=VERTEX_POINT('',#15238);
#4530=VERTEX_POINT('',#15242);
#4531=VERTEX_POINT('',#15244);
#4532=VERTEX_POINT('',#15248);
#4533=VERTEX_POINT('',#15250);
#4534=VERTEX_POINT('',#15254);
#4535=VERTEX_POINT('',#15256);
#4536=VERTEX_POINT('',#15260);
#4537=VERTEX_POINT('',#15262);
#4538=VERTEX_POINT('',#15266);
#4539=VERTEX_POINT('',#15268);
#4540=VERTEX_POINT('',#15276);
#4541=VERTEX_POINT('',#15277);
#4542=VERTEX_POINT('',#15279);
#4543=VERTEX_POINT('',#15281);
#4544=VERTEX_POINT('',#15285);
#4545=VERTEX_POINT('',#15287);
#4546=VERTEX_POINT('',#15291);
#4547=VERTEX_POINT('',#15293);
#4548=VERTEX_POINT('',#15297);
#4549=VERTEX_POINT('',#15299);
#4550=VERTEX_POINT('',#15303);
#4551=VERTEX_POINT('',#15305);
#4552=VERTEX_POINT('',#15309);
#4553=VERTEX_POINT('',#15311);
#4554=VERTEX_POINT('',#15315);
#4555=VERTEX_POINT('',#15317);
#4556=VERTEX_POINT('',#15325);
#4557=VERTEX_POINT('',#15326);
#4558=VERTEX_POINT('',#15328);
#4559=VERTEX_POINT('',#15330);
#4560=VERTEX_POINT('',#15334);
#4561=VERTEX_POINT('',#15336);
#4562=VERTEX_POINT('',#15340);
#4563=VERTEX_POINT('',#15342);
#4564=VERTEX_POINT('',#15346);
#4565=VERTEX_POINT('',#15348);
#4566=VERTEX_POINT('',#15352);
#4567=VERTEX_POINT('',#15354);
#4568=VERTEX_POINT('',#15358);
#4569=VERTEX_POINT('',#15360);
#4570=VERTEX_POINT('',#15364);
#4571=VERTEX_POINT('',#15366);
#4572=VERTEX_POINT('',#15370);
#4573=VERTEX_POINT('',#15372);
#4574=VERTEX_POINT('',#15376);
#4575=VERTEX_POINT('',#15378);
#4576=VERTEX_POINT('',#15382);
#4577=VERTEX_POINT('',#15384);
#4578=VERTEX_POINT('',#15388);
#4579=VERTEX_POINT('',#15390);
#4580=VERTEX_POINT('',#15411);
#4581=VERTEX_POINT('',#15412);
#4582=VERTEX_POINT('',#15414);
#4583=VERTEX_POINT('',#15416);
#4584=VERTEX_POINT('',#15419);
#4585=VERTEX_POINT('',#15420);
#4586=VERTEX_POINT('',#15422);
#4587=VERTEX_POINT('',#15424);
#4588=VERTEX_POINT('',#15428);
#4589=VERTEX_POINT('',#15430);
#4590=VERTEX_POINT('',#15434);
#4591=VERTEX_POINT('',#15435);
#4592=VERTEX_POINT('',#15440);
#4593=VERTEX_POINT('',#15444);
#4594=VERTEX_POINT('',#15450);
#4595=VERTEX_POINT('',#15454);
#4596=VERTEX_POINT('',#15455);
#4597=VERTEX_POINT('',#15457);
#4598=VERTEX_POINT('',#15462);
#4599=VERTEX_POINT('',#15464);
#4600=VERTEX_POINT('',#15468);
#4601=VERTEX_POINT('',#15469);
#4602=VERTEX_POINT('',#15471);
#4603=VERTEX_POINT('',#15473);
#4604=VERTEX_POINT('',#15475);
#4605=VERTEX_POINT('',#15477);
#4606=VERTEX_POINT('',#15479);
#4607=VERTEX_POINT('',#15481);
#4608=VERTEX_POINT('',#15485);
#4609=VERTEX_POINT('',#15487);
#4610=VERTEX_POINT('',#15491);
#4611=VERTEX_POINT('',#15493);
#4612=VERTEX_POINT('',#15497);
#4613=VERTEX_POINT('',#15501);
#4614=VERTEX_POINT('',#15505);
#4615=VERTEX_POINT('',#15509);
#4616=VERTEX_POINT('',#15510);
#4617=VERTEX_POINT('',#15512);
#4618=VERTEX_POINT('',#15514);
#4619=VERTEX_POINT('',#15518);
#4620=VERTEX_POINT('',#15519);
#4621=VERTEX_POINT('',#15521);
#4622=VERTEX_POINT('',#15523);
#4623=VERTEX_POINT('',#15525);
#4624=VERTEX_POINT('',#15527);
#4625=VERTEX_POINT('',#15531);
#4626=VERTEX_POINT('',#15534);
#4627=VERTEX_POINT('',#15535);
#4628=VERTEX_POINT('',#15537);
#4629=VERTEX_POINT('',#15539);
#4630=VERTEX_POINT('',#15544);
#4631=VERTEX_POINT('',#15546);
#4632=VERTEX_POINT('',#15548);
#4633=VERTEX_POINT('',#15551);
#4634=VERTEX_POINT('',#15553);
#4635=VERTEX_POINT('',#15556);
#4636=VERTEX_POINT('',#15558);
#4637=VERTEX_POINT('',#15560);
#4638=VERTEX_POINT('',#15562);
#4639=VERTEX_POINT('',#15564);
#4640=VERTEX_POINT('',#15566);
#4641=VERTEX_POINT('',#15568);
#4642=VERTEX_POINT('',#15570);
#4643=VERTEX_POINT('',#15573);
#4644=VERTEX_POINT('',#15574);
#4645=VERTEX_POINT('',#15576);
#4646=VERTEX_POINT('',#15578);
#4647=VERTEX_POINT('',#15581);
#4648=VERTEX_POINT('',#15582);
#4649=VERTEX_POINT('',#15584);
#4650=VERTEX_POINT('',#15586);
#4651=VERTEX_POINT('',#15590);
#4652=VERTEX_POINT('',#15591);
#4653=VERTEX_POINT('',#15593);
#4654=VERTEX_POINT('',#15595);
#4655=VERTEX_POINT('',#15599);
#4656=VERTEX_POINT('',#15600);
#4657=VERTEX_POINT('',#15602);
#4658=VERTEX_POINT('',#15604);
#4659=VERTEX_POINT('',#15608);
#4660=VERTEX_POINT('',#15610);
#4661=VERTEX_POINT('',#15614);
#4662=VERTEX_POINT('',#15616);
#4663=VERTEX_POINT('',#15623);
#4664=VERTEX_POINT('',#15624);
#4665=VERTEX_POINT('',#15626);
#4666=VERTEX_POINT('',#15628);
#4667=VERTEX_POINT('',#15638);
#4668=VERTEX_POINT('',#15642);
#4669=VERTEX_POINT('',#15644);
#4670=VERTEX_POINT('',#15646);
#4671=VERTEX_POINT('',#15648);
#4672=VERTEX_POINT('',#15650);
#4673=VERTEX_POINT('',#15652);
#4674=VERTEX_POINT('',#15654);
#4675=VERTEX_POINT('',#15656);
#4676=VERTEX_POINT('',#15658);
#4677=VERTEX_POINT('',#15661);
#4678=VERTEX_POINT('',#15662);
#4679=VERTEX_POINT('',#15664);
#4680=VERTEX_POINT('',#15666);
#4681=VERTEX_POINT('',#15670);
#4682=VERTEX_POINT('',#15674);
#4683=VERTEX_POINT('',#15678);
#4684=VERTEX_POINT('',#15684);
#4685=VERTEX_POINT('',#15690);
#4686=VERTEX_POINT('',#15692);
#4687=VERTEX_POINT('',#15697);
#4688=VERTEX_POINT('',#15699);
#4689=VERTEX_POINT('',#15701);
#4690=VERTEX_POINT('',#15703);
#4691=VERTEX_POINT('',#15705);
#4692=VERTEX_POINT('',#15708);
#4693=VERTEX_POINT('',#15709);
#4694=VERTEX_POINT('',#15711);
#4695=VERTEX_POINT('',#15713);
#4696=VERTEX_POINT('',#15716);
#4697=VERTEX_POINT('',#15717);
#4698=VERTEX_POINT('',#15719);
#4699=VERTEX_POINT('',#15721);
#4700=VERTEX_POINT('',#15742);
#4701=VERTEX_POINT('',#15746);
#4702=VERTEX_POINT('',#15747);
#4703=VERTEX_POINT('',#15749);
#4704=VERTEX_POINT('',#15751);
#4705=VERTEX_POINT('',#15755);
#4706=VERTEX_POINT('',#15757);
#4707=VERTEX_POINT('',#15759);
#4708=VERTEX_POINT('',#15763);
#4709=VERTEX_POINT('',#15765);
#4710=VERTEX_POINT('',#15769);
#4711=VERTEX_POINT('',#15777);
#4712=VERTEX_POINT('',#15778);
#4713=VERTEX_POINT('',#15780);
#4714=VERTEX_POINT('',#15782);
#4715=VERTEX_POINT('',#15786);
#4716=VERTEX_POINT('',#15788);
#4717=VERTEX_POINT('',#15792);
#4718=VERTEX_POINT('',#15796);
#4719=VERTEX_POINT('',#15812);
#4720=VERTEX_POINT('',#15814);
#4721=VERTEX_POINT('',#15816);
#4722=VERTEX_POINT('',#15819);
#4723=VERTEX_POINT('',#15820);
#4724=VERTEX_POINT('',#15822);
#4725=VERTEX_POINT('',#15824);
#4726=VERTEX_POINT('',#15828);
#4727=VERTEX_POINT('',#15830);
#4728=VERTEX_POINT('',#15833);
#4729=VERTEX_POINT('',#15834);
#4730=VERTEX_POINT('',#15836);
#4731=VERTEX_POINT('',#15840);
#4732=VERTEX_POINT('',#15842);
#4733=VERTEX_POINT('',#15846);
#4734=VERTEX_POINT('',#15847);
#4735=VERTEX_POINT('',#15849);
#4736=VERTEX_POINT('',#15851);
#4737=VERTEX_POINT('',#15855);
#4738=VERTEX_POINT('',#15857);
#4739=VERTEX_POINT('',#15861);
#4740=VERTEX_POINT('',#15863);
#4741=VERTEX_POINT('',#15867);
#4742=VERTEX_POINT('',#15869);
#4743=VERTEX_POINT('',#15873);
#4744=VERTEX_POINT('',#15875);
#4745=VERTEX_POINT('',#15879);
#4746=VERTEX_POINT('',#15881);
#4747=VERTEX_POINT('',#15889);
#4748=VERTEX_POINT('',#15891);
#4749=VERTEX_POINT('',#15895);
#4750=VERTEX_POINT('',#15896);
#4751=VERTEX_POINT('',#15898);
#4752=VERTEX_POINT('',#15900);
#4753=VERTEX_POINT('',#15904);
#4754=VERTEX_POINT('',#15906);
#4755=VERTEX_POINT('',#15910);
#4756=VERTEX_POINT('',#15912);
#4757=VERTEX_POINT('',#15916);
#4758=VERTEX_POINT('',#15918);
#4759=VERTEX_POINT('',#15922);
#4760=VERTEX_POINT('',#15924);
#4761=VERTEX_POINT('',#15932);
#4762=VERTEX_POINT('',#15933);
#4763=VERTEX_POINT('',#15935);
#4764=VERTEX_POINT('',#15937);
#4765=VERTEX_POINT('',#15941);
#4766=VERTEX_POINT('',#15943);
#4767=VERTEX_POINT('',#15947);
#4768=VERTEX_POINT('',#15949);
#4769=VERTEX_POINT('',#15953);
#4770=VERTEX_POINT('',#15955);
#4771=VERTEX_POINT('',#15959);
#4772=VERTEX_POINT('',#15961);
#4773=VERTEX_POINT('',#15965);
#4774=VERTEX_POINT('',#15967);
#4775=VERTEX_POINT('',#15971);
#4776=VERTEX_POINT('',#15973);
#4777=VERTEX_POINT('',#15977);
#4778=VERTEX_POINT('',#15979);
#4779=VERTEX_POINT('',#15983);
#4780=VERTEX_POINT('',#15985);
#4781=VERTEX_POINT('',#15989);
#4782=VERTEX_POINT('',#15991);
#4783=VERTEX_POINT('',#15995);
#4784=VERTEX_POINT('',#15997);
#4785=VERTEX_POINT('',#16001);
#4786=VERTEX_POINT('',#16003);
#4787=VERTEX_POINT('',#16011);
#4788=VERTEX_POINT('',#16012);
#4789=VERTEX_POINT('',#16014);
#4790=VERTEX_POINT('',#16016);
#4791=VERTEX_POINT('',#16020);
#4792=VERTEX_POINT('',#16022);
#4793=VERTEX_POINT('',#16026);
#4794=VERTEX_POINT('',#16028);
#4795=VERTEX_POINT('',#16032);
#4796=VERTEX_POINT('',#16034);
#4797=VERTEX_POINT('',#16038);
#4798=VERTEX_POINT('',#16040);
#4799=VERTEX_POINT('',#16044);
#4800=VERTEX_POINT('',#16046);
#4801=VERTEX_POINT('',#16050);
#4802=VERTEX_POINT('',#16052);
#4803=VERTEX_POINT('',#16056);
#4804=VERTEX_POINT('',#16058);
#4805=VERTEX_POINT('',#16062);
#4806=VERTEX_POINT('',#16064);
#4807=VERTEX_POINT('',#16068);
#4808=VERTEX_POINT('',#16070);
#4809=VERTEX_POINT('',#16074);
#4810=VERTEX_POINT('',#16076);
#4811=VERTEX_POINT('',#16080);
#4812=VERTEX_POINT('',#16082);
#4813=VERTEX_POINT('',#16090);
#4814=VERTEX_POINT('',#16091);
#4815=VERTEX_POINT('',#16093);
#4816=VERTEX_POINT('',#16095);
#4817=VERTEX_POINT('',#16099);
#4818=VERTEX_POINT('',#16101);
#4819=VERTEX_POINT('',#16105);
#4820=VERTEX_POINT('',#16107);
#4821=VERTEX_POINT('',#16111);
#4822=VERTEX_POINT('',#16113);
#4823=VERTEX_POINT('',#16117);
#4824=VERTEX_POINT('',#16119);
#4825=VERTEX_POINT('',#16123);
#4826=VERTEX_POINT('',#16125);
#4827=VERTEX_POINT('',#16129);
#4828=VERTEX_POINT('',#16131);
#4829=VERTEX_POINT('',#16135);
#4830=VERTEX_POINT('',#16137);
#4831=VERTEX_POINT('',#16141);
#4832=VERTEX_POINT('',#16143);
#4833=VERTEX_POINT('',#16500);
#4834=VERTEX_POINT('',#16501);
#4835=VERTEX_POINT('',#16677);
#4836=VERTEX_POINT('',#16679);
#4837=VERTEX_POINT('',#16857);
#4838=VERTEX_POINT('',#16859);
#4839=VERTEX_POINT('',#17142);
#4840=VERTEX_POINT('',#17283);
#4841=VERTEX_POINT('',#17430);
#4842=VERTEX_POINT('',#17431);
#4843=VERTEX_POINT('',#17433);
#4844=VERTEX_POINT('',#17435);
#4845=VERTEX_POINT('',#17442);
#4846=VERTEX_POINT('',#17443);
#4847=VERTEX_POINT('',#17445);
#4848=VERTEX_POINT('',#17447);
#4849=VERTEX_POINT('',#17451);
#4850=VERTEX_POINT('',#17453);
#4851=VERTEX_POINT('',#17457);
#4852=VERTEX_POINT('',#17459);
#4853=VERTEX_POINT('',#17463);
#4854=VERTEX_POINT('',#17465);
#4855=VERTEX_POINT('',#17469);
#4856=VERTEX_POINT('',#17471);
#4857=VERTEX_POINT('',#17475);
#4858=VERTEX_POINT('',#17477);
#4859=VERTEX_POINT('',#17485);
#4860=VERTEX_POINT('',#17486);
#4861=VERTEX_POINT('',#17488);
#4862=VERTEX_POINT('',#17490);
#4863=VERTEX_POINT('',#17494);
#4864=VERTEX_POINT('',#17496);
#4865=VERTEX_POINT('',#17500);
#4866=VERTEX_POINT('',#17502);
#4867=VERTEX_POINT('',#17510);
#4868=VERTEX_POINT('',#17511);
#4869=VERTEX_POINT('',#17513);
#4870=VERTEX_POINT('',#17515);
#4871=VERTEX_POINT('',#17519);
#4872=VERTEX_POINT('',#17521);
#4873=VERTEX_POINT('',#17525);
#4874=VERTEX_POINT('',#17527);
#4875=VERTEX_POINT('',#17531);
#4876=VERTEX_POINT('',#17533);
#4877=VERTEX_POINT('',#17537);
#4878=VERTEX_POINT('',#17539);
#4879=VERTEX_POINT('',#17543);
#4880=VERTEX_POINT('',#17545);
#4881=VERTEX_POINT('',#17549);
#4882=VERTEX_POINT('',#17551);
#4883=VERTEX_POINT('',#17555);
#4884=VERTEX_POINT('',#17557);
#4885=VERTEX_POINT('',#17561);
#4886=VERTEX_POINT('',#17563);
#4887=VERTEX_POINT('',#17567);
#4888=VERTEX_POINT('',#17569);
#4889=VERTEX_POINT('',#17573);
#4890=VERTEX_POINT('',#17575);
#4891=VERTEX_POINT('',#17579);
#4892=VERTEX_POINT('',#17581);
#4893=VERTEX_POINT('',#17585);
#4894=VERTEX_POINT('',#17587);
#4895=VERTEX_POINT('',#17591);
#4896=VERTEX_POINT('',#17593);
#4897=VERTEX_POINT('',#17597);
#4898=VERTEX_POINT('',#17599);
#4899=VERTEX_POINT('',#17612);
#4900=VERTEX_POINT('',#17616);
#4901=VERTEX_POINT('',#17618);
#4902=VERTEX_POINT('',#17643);
#4903=VERTEX_POINT('',#17644);
#4904=VERTEX_POINT('',#17646);
#4905=VERTEX_POINT('',#17650);
#4906=VERTEX_POINT('',#17651);
#4907=VERTEX_POINT('',#17653);
#4908=VERTEX_POINT('',#17660);
#4909=VERTEX_POINT('',#17662);
#4910=VERTEX_POINT('',#17664);
#4911=VERTEX_POINT('',#17666);
#4912=VERTEX_POINT('',#17670);
#4913=VERTEX_POINT('',#17671);
#4914=VERTEX_POINT('',#17673);
#4915=VERTEX_POINT('',#17675);
#4916=VERTEX_POINT('',#17679);
#4917=VERTEX_POINT('',#17681);
#4918=VERTEX_POINT('',#17685);
#4919=VERTEX_POINT('',#17687);
#4920=VERTEX_POINT('',#17691);
#4921=VERTEX_POINT('',#17693);
#4922=VERTEX_POINT('',#17697);
#4923=VERTEX_POINT('',#17699);
#4924=VERTEX_POINT('',#17703);
#4925=VERTEX_POINT('',#17705);
#4926=VERTEX_POINT('',#17709);
#4927=VERTEX_POINT('',#17711);
#4928=VERTEX_POINT('',#17718);
#4929=VERTEX_POINT('',#17720);
#4930=VERTEX_POINT('',#17724);
#4931=VERTEX_POINT('',#17726);
#4932=VERTEX_POINT('',#17735);
#4933=VERTEX_POINT('',#17736);
#4934=VERTEX_POINT('',#17738);
#4935=VERTEX_POINT('',#17740);
#4936=VERTEX_POINT('',#17742);
#4937=VERTEX_POINT('',#17744);
#4938=VERTEX_POINT('',#17746);
#4939=VERTEX_POINT('',#17748);
#4940=VERTEX_POINT('',#17750);
#4941=VERTEX_POINT('',#17752);
#4942=VERTEX_POINT('',#17754);
#4943=VERTEX_POINT('',#17756);
#4944=VERTEX_POINT('',#17760);
#4945=VERTEX_POINT('',#17762);
#4946=VERTEX_POINT('',#17766);
#4947=VERTEX_POINT('',#17770);
#4948=VERTEX_POINT('',#17774);
#4949=VERTEX_POINT('',#17778);
#4950=VERTEX_POINT('',#17782);
#4951=VERTEX_POINT('',#17786);
#4952=VERTEX_POINT('',#17788);
#4953=VERTEX_POINT('',#17792);
#4954=VERTEX_POINT('',#17796);
#4955=VERTEX_POINT('',#17800);
#4956=VERTEX_POINT('',#17809);
#4957=VERTEX_POINT('',#17810);
#4958=VERTEX_POINT('',#17812);
#4959=VERTEX_POINT('',#17814);
#4960=VERTEX_POINT('',#17818);
#4961=VERTEX_POINT('',#17820);
#4962=VERTEX_POINT('',#17824);
#4963=VERTEX_POINT('',#17826);
#4964=VERTEX_POINT('',#17833);
#4965=VERTEX_POINT('',#17834);
#4966=VERTEX_POINT('',#17836);
#4967=VERTEX_POINT('',#17838);
#4968=VERTEX_POINT('',#17842);
#4969=VERTEX_POINT('',#17844);
#4970=VERTEX_POINT('',#17848);
#4971=VERTEX_POINT('',#17850);
#4972=EDGE_CURVE('',#4024,#4025,#1582,.T.);
#4973=EDGE_CURVE('',#4024,#4026,#1583,.T.);
#4974=EDGE_CURVE('',#4026,#4027,#1584,.T.);
#4975=EDGE_CURVE('',#4025,#4027,#1585,.T.);
#4976=EDGE_CURVE('',#4028,#4024,#1586,.T.);
#4977=EDGE_CURVE('',#4028,#4029,#1587,.T.);
#4978=EDGE_CURVE('',#4029,#4026,#1588,.T.);
#4979=EDGE_CURVE('',#4030,#4028,#1589,.T.);
#4980=EDGE_CURVE('',#4030,#4031,#1590,.T.);
#4981=EDGE_CURVE('',#4031,#4029,#1591,.T.);
#4982=EDGE_CURVE('',#4032,#4030,#1592,.T.);
#4983=EDGE_CURVE('',#4032,#4033,#1593,.T.);
#4984=EDGE_CURVE('',#4033,#4031,#1594,.T.);
#4985=EDGE_CURVE('',#4034,#4032,#1595,.T.);
#4986=EDGE_CURVE('',#4034,#4035,#1596,.T.);
#4987=EDGE_CURVE('',#4035,#4033,#1597,.T.);
#4988=EDGE_CURVE('',#4036,#4034,#1598,.T.);
#4989=EDGE_CURVE('',#4036,#4037,#1599,.T.);
#4990=EDGE_CURVE('',#4037,#4035,#1600,.T.);
#4991=EDGE_CURVE('',#4038,#4036,#1601,.T.);
#4992=EDGE_CURVE('',#4038,#4039,#1602,.T.);
#4993=EDGE_CURVE('',#4039,#4037,#1603,.T.);
#4994=EDGE_CURVE('',#4040,#4038,#1604,.T.);
#4995=EDGE_CURVE('',#4040,#4041,#1605,.T.);
#4996=EDGE_CURVE('',#4041,#4039,#1606,.T.);
#4997=EDGE_CURVE('',#4042,#4040,#1607,.T.);
#4998=EDGE_CURVE('',#4042,#4043,#1608,.T.);
#4999=EDGE_CURVE('',#4043,#4041,#1609,.T.);
#5000=EDGE_CURVE('',#4044,#4042,#1610,.T.);
#5001=EDGE_CURVE('',#4044,#4045,#1611,.T.);
#5002=EDGE_CURVE('',#4045,#4043,#1612,.T.);
#5003=EDGE_CURVE('',#4046,#4044,#1613,.T.);
#5004=EDGE_CURVE('',#4046,#4047,#1614,.T.);
#5005=EDGE_CURVE('',#4047,#4045,#1615,.T.);
#5006=EDGE_CURVE('',#4048,#4046,#1616,.T.);
#5007=EDGE_CURVE('',#4048,#4049,#1617,.T.);
#5008=EDGE_CURVE('',#4049,#4047,#1618,.T.);
#5009=EDGE_CURVE('',#4025,#4048,#1619,.T.);
#5010=EDGE_CURVE('',#4027,#4049,#1620,.T.);
#5011=EDGE_CURVE('',#4050,#4051,#1621,.T.);
#5012=EDGE_CURVE('',#4050,#4052,#1622,.T.);
#5013=EDGE_CURVE('',#4052,#4053,#1623,.T.);
#5014=EDGE_CURVE('',#4051,#4053,#1624,.T.);
#5015=EDGE_CURVE('',#4054,#4050,#1625,.T.);
#5016=EDGE_CURVE('',#4054,#4055,#1626,.T.);
#5017=EDGE_CURVE('',#4055,#4052,#1627,.T.);
#5018=EDGE_CURVE('',#4056,#4054,#1628,.T.);
#5019=EDGE_CURVE('',#4056,#4057,#1629,.T.);
#5020=EDGE_CURVE('',#4057,#4055,#1630,.T.);
#5021=EDGE_CURVE('',#4058,#4056,#1631,.T.);
#5022=EDGE_CURVE('',#4058,#4059,#1632,.T.);
#5023=EDGE_CURVE('',#4059,#4057,#1633,.T.);
#5024=EDGE_CURVE('',#4060,#4058,#1634,.T.);
#5025=EDGE_CURVE('',#4060,#4061,#1635,.T.);
#5026=EDGE_CURVE('',#4061,#4059,#1636,.T.);
#5027=EDGE_CURVE('',#4062,#4060,#1637,.T.);
#5028=EDGE_CURVE('',#4062,#4063,#1638,.T.);
#5029=EDGE_CURVE('',#4063,#4061,#1639,.T.);
#5030=EDGE_CURVE('',#4051,#4062,#1640,.T.);
#5031=EDGE_CURVE('',#4053,#4063,#1641,.T.);
#5032=EDGE_CURVE('',#4064,#4064,#112,.T.);
#5033=EDGE_CURVE('',#4064,#4065,#1642,.T.);
#5034=EDGE_CURVE('',#4065,#4065,#113,.T.);
#5035=EDGE_CURVE('',#4066,#4067,#114,.T.);
#5036=EDGE_CURVE('',#4066,#4068,#1643,.T.);
#5037=EDGE_CURVE('',#4068,#4069,#115,.T.);
#5038=EDGE_CURVE('',#4067,#4069,#1644,.T.);
#5039=EDGE_CURVE('',#4070,#4066,#1645,.T.);
#5040=EDGE_CURVE('',#4070,#4071,#1646,.T.);
#5041=EDGE_CURVE('',#4071,#4068,#1647,.T.);
#5042=EDGE_CURVE('',#4072,#4070,#1648,.T.);
#5043=EDGE_CURVE('',#4072,#4073,#1649,.T.);
#5044=EDGE_CURVE('',#4073,#4071,#1650,.T.);
#5045=EDGE_CURVE('',#4074,#4072,#1651,.T.);
#5046=EDGE_CURVE('',#4074,#4075,#1652,.T.);
#5047=EDGE_CURVE('',#4075,#4073,#1653,.T.);
#5048=EDGE_CURVE('',#4076,#4074,#1654,.T.);
#5049=EDGE_CURVE('',#4076,#4077,#1655,.T.);
#5050=EDGE_CURVE('',#4077,#4075,#1656,.T.);
#5051=EDGE_CURVE('',#4067,#4076,#1657,.T.);
#5052=EDGE_CURVE('',#4069,#4077,#1658,.T.);
#5053=EDGE_CURVE('',#4078,#4079,#1659,.T.);
#5054=EDGE_CURVE('',#4078,#4080,#1660,.T.);
#5055=EDGE_CURVE('',#4080,#4081,#1661,.T.);
#5056=EDGE_CURVE('',#4079,#4081,#1662,.T.);
#5057=EDGE_CURVE('',#4082,#4078,#1663,.T.);
#5058=EDGE_CURVE('',#4082,#4083,#1664,.T.);
#5059=EDGE_CURVE('',#4083,#4080,#1665,.T.);
#5060=EDGE_CURVE('',#4084,#4082,#1666,.T.);
#5061=EDGE_CURVE('',#4084,#4085,#1667,.T.);
#5062=EDGE_CURVE('',#4085,#4083,#1668,.T.);
#5063=EDGE_CURVE('',#4079,#4084,#1669,.T.);
#5064=EDGE_CURVE('',#4081,#4085,#1670,.T.);
#5065=EDGE_CURVE('',#4086,#4087,#1671,.T.);
#5066=EDGE_CURVE('',#4086,#4088,#1672,.T.);
#5067=EDGE_CURVE('',#4088,#4089,#1673,.T.);
#5068=EDGE_CURVE('',#4087,#4089,#1674,.T.);
#5069=EDGE_CURVE('',#4090,#4086,#116,.T.);
#5070=EDGE_CURVE('',#4090,#4091,#1675,.T.);
#5071=EDGE_CURVE('',#4091,#4088,#117,.T.);
#5072=EDGE_CURVE('',#4092,#4090,#1676,.T.);
#5073=EDGE_CURVE('',#4092,#4093,#1677,.T.);
#5074=EDGE_CURVE('',#4093,#4091,#1678,.T.);
#5075=EDGE_CURVE('',#4087,#4092,#1679,.T.);
#5076=EDGE_CURVE('',#4089,#4093,#1680,.T.);
#5077=EDGE_CURVE('',#4094,#4095,#1681,.T.);
#5078=EDGE_CURVE('',#4094,#4096,#1682,.T.);
#5079=EDGE_CURVE('',#4096,#4097,#1683,.T.);
#5080=EDGE_CURVE('',#4095,#4097,#1684,.T.);
#5081=EDGE_CURVE('',#4098,#4094,#118,.T.);
#5082=EDGE_CURVE('',#4098,#4099,#1685,.T.);
#5083=EDGE_CURVE('',#4099,#4096,#119,.T.);
#5084=EDGE_CURVE('',#4100,#4098,#1686,.T.);
#5085=EDGE_CURVE('',#4100,#4101,#1687,.T.);
#5086=EDGE_CURVE('',#4101,#4099,#1688,.T.);
#5087=EDGE_CURVE('',#4095,#4100,#1689,.T.);
#5088=EDGE_CURVE('',#4097,#4101,#1690,.T.);
#5089=EDGE_CURVE('',#4102,#4102,#120,.T.);
#5090=EDGE_CURVE('',#4102,#4103,#1691,.T.);
#5091=EDGE_CURVE('',#4103,#4103,#121,.T.);
#5092=EDGE_CURVE('',#4104,#4105,#1692,.T.);
#5093=EDGE_CURVE('',#4104,#4106,#1693,.T.);
#5094=EDGE_CURVE('',#4106,#4107,#1694,.T.);
#5095=EDGE_CURVE('',#4105,#4107,#1695,.T.);
#5096=EDGE_CURVE('',#4108,#4104,#122,.T.);
#5097=EDGE_CURVE('',#4108,#4109,#1696,.T.);
#5098=EDGE_CURVE('',#4109,#4106,#123,.T.);
#5099=EDGE_CURVE('',#4110,#4108,#1697,.T.);
#5100=EDGE_CURVE('',#4110,#4111,#1698,.T.);
#5101=EDGE_CURVE('',#4111,#4109,#1699,.T.);
#5102=EDGE_CURVE('',#4112,#4110,#1700,.T.);
#5103=EDGE_CURVE('',#4112,#4113,#1701,.T.);
#5104=EDGE_CURVE('',#4113,#4111,#1702,.T.);
#5105=EDGE_CURVE('',#4114,#4112,#1703,.T.);
#5106=EDGE_CURVE('',#4114,#4115,#1704,.T.);
#5107=EDGE_CURVE('',#4115,#4113,#1705,.T.);
#5108=EDGE_CURVE('',#4105,#4114,#1706,.T.);
#5109=EDGE_CURVE('',#4107,#4115,#1707,.T.);
#5110=EDGE_CURVE('',#4116,#4117,#1708,.T.);
#5111=EDGE_CURVE('',#4116,#4118,#1709,.T.);
#5112=EDGE_CURVE('',#4118,#4119,#1710,.T.);
#5113=EDGE_CURVE('',#4117,#4119,#1711,.T.);
#5114=EDGE_CURVE('',#4120,#4116,#1712,.T.);
#5115=EDGE_CURVE('',#4120,#4121,#1713,.T.);
#5116=EDGE_CURVE('',#4121,#4118,#1714,.T.);
#5117=EDGE_CURVE('',#4122,#4120,#1715,.T.);
#5118=EDGE_CURVE('',#4122,#4123,#1716,.T.);
#5119=EDGE_CURVE('',#4123,#4121,#1717,.T.);
#5120=EDGE_CURVE('',#4117,#4122,#1718,.T.);
#5121=EDGE_CURVE('',#4119,#4123,#1719,.T.);
#5122=EDGE_CURVE('',#4124,#4125,#1720,.T.);
#5123=EDGE_CURVE('',#4124,#4126,#1721,.T.);
#5124=EDGE_CURVE('',#4126,#4127,#1722,.T.);
#5125=EDGE_CURVE('',#4125,#4127,#1723,.T.);
#5126=EDGE_CURVE('',#4128,#4124,#124,.T.);
#5127=EDGE_CURVE('',#4128,#4129,#1724,.T.);
#5128=EDGE_CURVE('',#4129,#4126,#125,.T.);
#5129=EDGE_CURVE('',#4130,#4128,#1725,.T.);
#5130=EDGE_CURVE('',#4130,#4131,#1726,.T.);
#5131=EDGE_CURVE('',#4131,#4129,#1727,.T.);
#5132=EDGE_CURVE('',#4125,#4130,#1728,.T.);
#5133=EDGE_CURVE('',#4127,#4131,#1729,.T.);
#5134=EDGE_CURVE('',#4132,#4133,#1730,.T.);
#5135=EDGE_CURVE('',#4132,#4134,#1731,.T.);
#5136=EDGE_CURVE('',#4134,#4135,#1732,.T.);
#5137=EDGE_CURVE('',#4133,#4135,#1733,.T.);
#5138=EDGE_CURVE('',#4136,#4132,#126,.T.);
#5139=EDGE_CURVE('',#4136,#4137,#1734,.T.);
#5140=EDGE_CURVE('',#4137,#4134,#127,.T.);
#5141=EDGE_CURVE('',#4138,#4136,#1735,.T.);
#5142=EDGE_CURVE('',#4138,#4139,#1736,.T.);
#5143=EDGE_CURVE('',#4139,#4137,#1737,.T.);
#5144=EDGE_CURVE('',#4133,#4138,#1738,.T.);
#5145=EDGE_CURVE('',#4135,#4139,#1739,.T.);
#5146=EDGE_CURVE('',#4140,#4140,#128,.T.);
#5147=EDGE_CURVE('',#4140,#4141,#1740,.T.);
#5148=EDGE_CURVE('',#4141,#4141,#129,.T.);
#5149=EDGE_CURVE('',#4142,#4143,#130,.T.);
#5150=EDGE_CURVE('',#4142,#4144,#1741,.T.);
#5151=EDGE_CURVE('',#4144,#4145,#131,.T.);
#5152=EDGE_CURVE('',#4143,#4145,#1742,.T.);
#5153=EDGE_CURVE('',#4146,#4142,#1743,.T.);
#5154=EDGE_CURVE('',#4146,#4147,#1744,.T.);
#5155=EDGE_CURVE('',#4147,#4144,#1745,.T.);
#5156=EDGE_CURVE('',#4148,#4146,#1746,.T.);
#5157=EDGE_CURVE('',#4148,#4149,#1747,.T.);
#5158=EDGE_CURVE('',#4149,#4147,#1748,.T.);
#5159=EDGE_CURVE('',#4150,#4148,#1749,.T.);
#5160=EDGE_CURVE('',#4150,#4151,#1750,.T.);
#5161=EDGE_CURVE('',#4151,#4149,#1751,.T.);
#5162=EDGE_CURVE('',#4152,#4150,#1752,.T.);
#5163=EDGE_CURVE('',#4152,#4153,#1753,.T.);
#5164=EDGE_CURVE('',#4153,#4151,#1754,.T.);
#5165=EDGE_CURVE('',#4143,#4152,#1755,.T.);
#5166=EDGE_CURVE('',#4145,#4153,#1756,.T.);
#5167=EDGE_CURVE('',#4154,#4154,#132,.T.);
#5168=EDGE_CURVE('',#4154,#4155,#1757,.T.);
#5169=EDGE_CURVE('',#4155,#4155,#133,.T.);
#5170=EDGE_CURVE('',#4156,#4157,#1758,.T.);
#5171=EDGE_CURVE('',#4156,#4158,#1759,.T.);
#5172=EDGE_CURVE('',#4158,#4159,#1760,.T.);
#5173=EDGE_CURVE('',#4157,#4159,#1761,.T.);
#5174=EDGE_CURVE('',#4160,#4156,#134,.T.);
#5175=EDGE_CURVE('',#4160,#4161,#1762,.T.);
#5176=EDGE_CURVE('',#4161,#4158,#135,.T.);
#5177=EDGE_CURVE('',#4162,#4160,#1763,.T.);
#5178=EDGE_CURVE('',#4162,#4163,#1764,.T.);
#5179=EDGE_CURVE('',#4163,#4161,#1765,.T.);
#5180=EDGE_CURVE('',#4164,#4162,#1766,.T.);
#5181=EDGE_CURVE('',#4164,#4165,#1767,.T.);
#5182=EDGE_CURVE('',#4165,#4163,#1768,.T.);
#5183=EDGE_CURVE('',#4166,#4164,#1769,.T.);
#5184=EDGE_CURVE('',#4166,#4167,#1770,.T.);
#5185=EDGE_CURVE('',#4167,#4165,#1771,.T.);
#5186=EDGE_CURVE('',#4157,#4166,#1772,.T.);
#5187=EDGE_CURVE('',#4159,#4167,#1773,.T.);
#5188=EDGE_CURVE('',#4168,#4169,#1774,.T.);
#5189=EDGE_CURVE('',#4168,#4170,#1775,.T.);
#5190=EDGE_CURVE('',#4170,#4171,#1776,.T.);
#5191=EDGE_CURVE('',#4169,#4171,#1777,.T.);
#5192=EDGE_CURVE('',#4172,#4168,#1778,.T.);
#5193=EDGE_CURVE('',#4172,#4173,#1779,.T.);
#5194=EDGE_CURVE('',#4173,#4170,#1780,.T.);
#5195=EDGE_CURVE('',#4174,#4172,#1781,.T.);
#5196=EDGE_CURVE('',#4174,#4175,#1782,.T.);
#5197=EDGE_CURVE('',#4175,#4173,#1783,.T.);
#5198=EDGE_CURVE('',#4169,#4174,#1784,.T.);
#5199=EDGE_CURVE('',#4171,#4175,#1785,.T.);
#5200=EDGE_CURVE('',#4176,#4177,#1786,.T.);
#5201=EDGE_CURVE('',#4176,#4178,#1787,.T.);
#5202=EDGE_CURVE('',#4178,#4179,#1788,.T.);
#5203=EDGE_CURVE('',#4177,#4179,#1789,.T.);
#5204=EDGE_CURVE('',#4180,#4176,#1790,.T.);
#5205=EDGE_CURVE('',#4180,#4181,#1791,.T.);
#5206=EDGE_CURVE('',#4181,#4178,#1792,.T.);
#5207=EDGE_CURVE('',#4182,#4180,#136,.T.);
#5208=EDGE_CURVE('',#4182,#4183,#1793,.T.);
#5209=EDGE_CURVE('',#4183,#4181,#137,.T.);
#5210=EDGE_CURVE('',#4184,#4182,#138,.T.);
#5211=EDGE_CURVE('',#4184,#4185,#1794,.T.);
#5212=EDGE_CURVE('',#4185,#4183,#139,.T.);
#5213=EDGE_CURVE('',#4186,#4184,#1795,.T.);
#5214=EDGE_CURVE('',#4186,#4187,#1796,.T.);
#5215=EDGE_CURVE('',#4187,#4185,#1797,.T.);
#5216=EDGE_CURVE('',#4188,#4186,#1798,.T.);
#5217=EDGE_CURVE('',#4188,#4189,#1799,.T.);
#5218=EDGE_CURVE('',#4189,#4187,#1800,.T.);
#5219=EDGE_CURVE('',#4190,#4188,#1801,.T.);
#5220=EDGE_CURVE('',#4190,#4191,#1802,.T.);
#5221=EDGE_CURVE('',#4191,#4189,#1803,.T.);
#5222=EDGE_CURVE('',#4192,#4190,#1804,.T.);
#5223=EDGE_CURVE('',#4192,#4193,#1805,.T.);
#5224=EDGE_CURVE('',#4193,#4191,#1806,.T.);
#5225=EDGE_CURVE('',#4194,#4192,#1807,.T.);
#5226=EDGE_CURVE('',#4194,#4195,#1808,.T.);
#5227=EDGE_CURVE('',#4195,#4193,#1809,.T.);
#5228=EDGE_CURVE('',#4196,#4194,#140,.T.);
#5229=EDGE_CURVE('',#4196,#4197,#1810,.T.);
#5230=EDGE_CURVE('',#4197,#4195,#141,.T.);
#5231=EDGE_CURVE('',#4198,#4196,#1811,.T.);
#5232=EDGE_CURVE('',#4198,#4199,#1812,.T.);
#5233=EDGE_CURVE('',#4199,#4197,#1813,.T.);
#5234=EDGE_CURVE('',#4200,#4198,#1814,.T.);
#5235=EDGE_CURVE('',#4200,#4201,#1815,.T.);
#5236=EDGE_CURVE('',#4201,#4199,#1816,.T.);
#5237=EDGE_CURVE('',#4202,#4200,#1817,.T.);
#5238=EDGE_CURVE('',#4202,#4203,#1818,.T.);
#5239=EDGE_CURVE('',#4203,#4201,#1819,.T.);
#5240=EDGE_CURVE('',#4204,#4202,#142,.T.);
#5241=EDGE_CURVE('',#4204,#4205,#1820,.T.);
#5242=EDGE_CURVE('',#4205,#4203,#143,.T.);
#5243=EDGE_CURVE('',#4177,#4204,#1821,.T.);
#5244=EDGE_CURVE('',#4179,#4205,#1822,.T.);
#5245=EDGE_CURVE('',#4206,#4206,#144,.T.);
#5246=EDGE_CURVE('',#4206,#4207,#1823,.T.);
#5247=EDGE_CURVE('',#4207,#4207,#145,.T.);
#5248=EDGE_CURVE('',#4208,#4209,#1824,.T.);
#5249=EDGE_CURVE('',#4208,#4210,#1825,.T.);
#5250=EDGE_CURVE('',#4210,#4211,#1826,.T.);
#5251=EDGE_CURVE('',#4209,#4211,#1827,.T.);
#5252=EDGE_CURVE('',#4212,#4208,#1828,.T.);
#5253=EDGE_CURVE('',#4212,#4213,#1829,.T.);
#5254=EDGE_CURVE('',#4213,#4210,#1830,.T.);
#5255=EDGE_CURVE('',#4214,#4212,#1831,.T.);
#5256=EDGE_CURVE('',#4214,#4215,#1832,.T.);
#5257=EDGE_CURVE('',#4215,#4213,#1833,.T.);
#5258=EDGE_CURVE('',#4209,#4214,#1834,.T.);
#5259=EDGE_CURVE('',#4211,#4215,#1835,.T.);
#5260=EDGE_CURVE('',#4216,#4217,#146,.T.);
#5261=EDGE_CURVE('',#4216,#4218,#1836,.T.);
#5262=EDGE_CURVE('',#4218,#4219,#147,.T.);
#5263=EDGE_CURVE('',#4217,#4219,#1837,.T.);
#5264=EDGE_CURVE('',#4220,#4216,#1838,.T.);
#5265=EDGE_CURVE('',#4220,#4221,#1839,.T.);
#5266=EDGE_CURVE('',#4221,#4218,#1840,.T.);
#5267=EDGE_CURVE('',#4222,#4220,#1841,.T.);
#5268=EDGE_CURVE('',#4222,#4223,#1842,.T.);
#5269=EDGE_CURVE('',#4223,#4221,#1843,.T.);
#5270=EDGE_CURVE('',#4224,#4222,#1844,.T.);
#5271=EDGE_CURVE('',#4224,#4225,#1845,.T.);
#5272=EDGE_CURVE('',#4225,#4223,#1846,.T.);
#5273=EDGE_CURVE('',#4226,#4224,#1847,.T.);
#5274=EDGE_CURVE('',#4226,#4227,#1848,.T.);
#5275=EDGE_CURVE('',#4227,#4225,#1849,.T.);
#5276=EDGE_CURVE('',#4228,#4226,#1850,.T.);
#5277=EDGE_CURVE('',#4228,#4229,#1851,.T.);
#5278=EDGE_CURVE('',#4229,#4227,#1852,.T.);
#5279=EDGE_CURVE('',#4230,#4228,#148,.T.);
#5280=EDGE_CURVE('',#4230,#4231,#1853,.T.);
#5281=EDGE_CURVE('',#4231,#4229,#149,.T.);
#5282=EDGE_CURVE('',#4217,#4230,#1854,.T.);
#5283=EDGE_CURVE('',#4219,#4231,#1855,.T.);
#5284=EDGE_CURVE('',#4232,#4232,#150,.T.);
#5285=EDGE_CURVE('',#4232,#4233,#1856,.T.);
#5286=EDGE_CURVE('',#4233,#4233,#151,.T.);
#5287=EDGE_CURVE('',#4234,#4234,#152,.T.);
#5288=EDGE_CURVE('',#4234,#4235,#1857,.T.);
#5289=EDGE_CURVE('',#4235,#4235,#153,.T.);
#5290=EDGE_CURVE('',#4236,#4236,#154,.T.);
#5291=EDGE_CURVE('',#4236,#4237,#1858,.T.);
#5292=EDGE_CURVE('',#4237,#4237,#155,.T.);
#5293=EDGE_CURVE('',#4238,#4239,#156,.T.);
#5294=EDGE_CURVE('',#4238,#4240,#1859,.T.);
#5295=EDGE_CURVE('',#4240,#4241,#157,.T.);
#5296=EDGE_CURVE('',#4239,#4241,#1860,.T.);
#5297=EDGE_CURVE('',#4242,#4238,#1861,.T.);
#5298=EDGE_CURVE('',#4242,#4243,#1862,.T.);
#5299=EDGE_CURVE('',#4243,#4240,#1863,.T.);
#5300=EDGE_CURVE('',#4244,#4242,#1864,.T.);
#5301=EDGE_CURVE('',#4244,#4245,#1865,.T.);
#5302=EDGE_CURVE('',#4245,#4243,#1866,.T.);
#5303=EDGE_CURVE('',#4246,#4244,#1867,.T.);
#5304=EDGE_CURVE('',#4246,#4247,#1868,.T.);
#5305=EDGE_CURVE('',#4247,#4245,#1869,.T.);
#5306=EDGE_CURVE('',#4248,#4246,#1870,.T.);
#5307=EDGE_CURVE('',#4248,#4249,#1871,.T.);
#5308=EDGE_CURVE('',#4249,#4247,#1872,.T.);
#5309=EDGE_CURVE('',#4250,#4248,#1873,.T.);
#5310=EDGE_CURVE('',#4250,#4251,#1874,.T.);
#5311=EDGE_CURVE('',#4251,#4249,#1875,.T.);
#5312=EDGE_CURVE('',#4252,#4250,#158,.T.);
#5313=EDGE_CURVE('',#4252,#4253,#1876,.T.);
#5314=EDGE_CURVE('',#4253,#4251,#159,.T.);
#5315=EDGE_CURVE('',#4254,#4252,#1877,.T.);
#5316=EDGE_CURVE('',#4254,#4255,#1878,.T.);
#5317=EDGE_CURVE('',#4255,#4253,#1879,.T.);
#5318=EDGE_CURVE('',#4256,#4254,#1880,.T.);
#5319=EDGE_CURVE('',#4256,#4257,#1881,.T.);
#5320=EDGE_CURVE('',#4257,#4255,#1882,.T.);
#5321=EDGE_CURVE('',#4239,#4256,#1883,.T.);
#5322=EDGE_CURVE('',#4241,#4257,#1884,.T.);
#5323=EDGE_CURVE('',#4258,#4258,#160,.T.);
#5324=EDGE_CURVE('',#4258,#4259,#1885,.T.);
#5325=EDGE_CURVE('',#4259,#4259,#161,.T.);
#5326=EDGE_CURVE('',#4260,#4261,#162,.T.);
#5327=EDGE_CURVE('',#4260,#4262,#1886,.T.);
#5328=EDGE_CURVE('',#4262,#4263,#163,.T.);
#5329=EDGE_CURVE('',#4261,#4263,#1887,.T.);
#5330=EDGE_CURVE('',#4264,#4260,#1888,.T.);
#5331=EDGE_CURVE('',#4264,#4265,#1889,.T.);
#5332=EDGE_CURVE('',#4265,#4262,#1890,.T.);
#5333=EDGE_CURVE('',#4266,#4264,#1891,.T.);
#5334=EDGE_CURVE('',#4266,#4267,#1892,.T.);
#5335=EDGE_CURVE('',#4267,#4265,#1893,.T.);
#5336=EDGE_CURVE('',#4268,#4266,#1894,.T.);
#5337=EDGE_CURVE('',#4268,#4269,#1895,.T.);
#5338=EDGE_CURVE('',#4269,#4267,#1896,.T.);
#5339=EDGE_CURVE('',#4270,#4268,#1897,.T.);
#5340=EDGE_CURVE('',#4270,#4271,#1898,.T.);
#5341=EDGE_CURVE('',#4271,#4269,#1899,.T.);
#5342=EDGE_CURVE('',#4261,#4270,#1900,.T.);
#5343=EDGE_CURVE('',#4263,#4271,#1901,.T.);
#5344=EDGE_CURVE('',#4272,#4272,#164,.T.);
#5345=EDGE_CURVE('',#4272,#4273,#1902,.T.);
#5346=EDGE_CURVE('',#4273,#4273,#165,.T.);
#5347=EDGE_CURVE('',#4274,#4274,#166,.T.);
#5348=EDGE_CURVE('',#4274,#4275,#1903,.T.);
#5349=EDGE_CURVE('',#4275,#4275,#167,.T.);
#5350=EDGE_CURVE('',#4276,#4276,#168,.T.);
#5351=EDGE_CURVE('',#4276,#4277,#1904,.T.);
#5352=EDGE_CURVE('',#4277,#4277,#169,.T.);
#5353=EDGE_CURVE('',#4278,#4279,#170,.T.);
#5354=EDGE_CURVE('',#4278,#4280,#1905,.T.);
#5355=EDGE_CURVE('',#4280,#4281,#171,.T.);
#5356=EDGE_CURVE('',#4279,#4281,#1906,.T.);
#5357=EDGE_CURVE('',#4282,#4278,#1907,.T.);
#5358=EDGE_CURVE('',#4282,#4283,#1908,.T.);
#5359=EDGE_CURVE('',#4283,#4280,#1909,.T.);
#5360=EDGE_CURVE('',#4284,#4282,#1910,.T.);
#5361=EDGE_CURVE('',#4284,#4285,#1911,.T.);
#5362=EDGE_CURVE('',#4285,#4283,#1912,.T.);
#5363=EDGE_CURVE('',#4286,#4284,#1913,.T.);
#5364=EDGE_CURVE('',#4286,#4287,#1914,.T.);
#5365=EDGE_CURVE('',#4287,#4285,#1915,.T.);
#5366=EDGE_CURVE('',#4288,#4286,#1916,.T.);
#5367=EDGE_CURVE('',#4288,#4289,#1917,.T.);
#5368=EDGE_CURVE('',#4289,#4287,#1918,.T.);
#5369=EDGE_CURVE('',#4279,#4288,#1919,.T.);
#5370=EDGE_CURVE('',#4281,#4289,#1920,.T.);
#5371=EDGE_CURVE('',#4290,#4290,#172,.T.);
#5372=EDGE_CURVE('',#4290,#4291,#1921,.T.);
#5373=EDGE_CURVE('',#4291,#4291,#173,.T.);
#5374=EDGE_CURVE('',#4292,#4293,#174,.T.);
#5375=EDGE_CURVE('',#4292,#4294,#1922,.T.);
#5376=EDGE_CURVE('',#4294,#4295,#175,.T.);
#5377=EDGE_CURVE('',#4293,#4295,#1923,.T.);
#5378=EDGE_CURVE('',#4296,#4292,#1924,.T.);
#5379=EDGE_CURVE('',#4296,#4297,#1925,.T.);
#5380=EDGE_CURVE('',#4297,#4294,#1926,.T.);
#5381=EDGE_CURVE('',#4298,#4296,#1927,.T.);
#5382=EDGE_CURVE('',#4298,#4299,#1928,.T.);
#5383=EDGE_CURVE('',#4299,#4297,#1929,.T.);
#5384=EDGE_CURVE('',#4300,#4298,#1930,.T.);
#5385=EDGE_CURVE('',#4300,#4301,#1931,.T.);
#5386=EDGE_CURVE('',#4301,#4299,#1932,.T.);
#5387=EDGE_CURVE('',#4302,#4300,#1933,.T.);
#5388=EDGE_CURVE('',#4302,#4303,#1934,.T.);
#5389=EDGE_CURVE('',#4303,#4301,#1935,.T.);
#5390=EDGE_CURVE('',#4293,#4302,#1936,.T.);
#5391=EDGE_CURVE('',#4295,#4303,#1937,.T.);
#5392=EDGE_CURVE('',#4304,#4305,#176,.T.);
#5393=EDGE_CURVE('',#4304,#4306,#1938,.T.);
#5394=EDGE_CURVE('',#4306,#4307,#177,.T.);
#5395=EDGE_CURVE('',#4305,#4307,#1939,.T.);
#5396=EDGE_CURVE('',#4308,#4304,#1940,.T.);
#5397=EDGE_CURVE('',#4308,#4309,#1941,.T.);
#5398=EDGE_CURVE('',#4309,#4306,#1942,.T.);
#5399=EDGE_CURVE('',#4310,#4308,#1943,.T.);
#5400=EDGE_CURVE('',#4310,#4311,#1944,.T.);
#5401=EDGE_CURVE('',#4311,#4309,#1945,.T.);
#5402=EDGE_CURVE('',#4312,#4310,#1946,.T.);
#5403=EDGE_CURVE('',#4312,#4313,#1947,.T.);
#5404=EDGE_CURVE('',#4313,#4311,#1948,.T.);
#5405=EDGE_CURVE('',#4314,#4312,#1949,.T.);
#5406=EDGE_CURVE('',#4314,#4315,#1950,.T.);
#5407=EDGE_CURVE('',#4315,#4313,#1951,.T.);
#5408=EDGE_CURVE('',#4316,#4314,#178,.T.);
#5409=EDGE_CURVE('',#4316,#4317,#1952,.T.);
#5410=EDGE_CURVE('',#4317,#4315,#179,.T.);
#5411=EDGE_CURVE('',#4305,#4316,#1953,.T.);
#5412=EDGE_CURVE('',#4307,#4317,#1954,.T.);
#5413=EDGE_CURVE('',#4318,#4319,#180,.T.);
#5414=EDGE_CURVE('',#4318,#4320,#1955,.T.);
#5415=EDGE_CURVE('',#4320,#4321,#181,.T.);
#5416=EDGE_CURVE('',#4319,#4321,#1956,.T.);
#5417=EDGE_CURVE('',#4322,#4318,#182,.T.);
#5418=EDGE_CURVE('',#4322,#4323,#1957,.T.);
#5419=EDGE_CURVE('',#4323,#4320,#183,.T.);
#5420=EDGE_CURVE('',#4324,#4322,#184,.T.);
#5421=EDGE_CURVE('',#4324,#4325,#1958,.T.);
#5422=EDGE_CURVE('',#4325,#4323,#185,.T.);
#5423=EDGE_CURVE('',#4326,#4324,#186,.T.);
#5424=EDGE_CURVE('',#4326,#4327,#1959,.T.);
#5425=EDGE_CURVE('',#4327,#4325,#187,.T.);
#5426=EDGE_CURVE('',#4328,#4326,#188,.T.);
#5427=EDGE_CURVE('',#4328,#4329,#1960,.T.);
#5428=EDGE_CURVE('',#4329,#4327,#189,.T.);
#5429=EDGE_CURVE('',#4330,#4328,#190,.T.);
#5430=EDGE_CURVE('',#4330,#4331,#1961,.T.);
#5431=EDGE_CURVE('',#4331,#4329,#191,.T.);
#5432=EDGE_CURVE('',#4332,#4330,#1962,.T.);
#5433=EDGE_CURVE('',#4332,#4333,#1963,.T.);
#5434=EDGE_CURVE('',#4333,#4331,#1964,.T.);
#5435=EDGE_CURVE('',#4334,#4332,#192,.T.);
#5436=EDGE_CURVE('',#4334,#4335,#1965,.T.);
#5437=EDGE_CURVE('',#4335,#4333,#193,.T.);
#5438=EDGE_CURVE('',#4336,#4334,#194,.T.);
#5439=EDGE_CURVE('',#4336,#4337,#1966,.T.);
#5440=EDGE_CURVE('',#4337,#4335,#195,.T.);
#5441=EDGE_CURVE('',#4338,#4336,#196,.T.);
#5442=EDGE_CURVE('',#4338,#4339,#1967,.T.);
#5443=EDGE_CURVE('',#4339,#4337,#197,.T.);
#5444=EDGE_CURVE('',#4340,#4338,#198,.T.);
#5445=EDGE_CURVE('',#4340,#4341,#1968,.T.);
#5446=EDGE_CURVE('',#4341,#4339,#199,.T.);
#5447=EDGE_CURVE('',#4342,#4340,#200,.T.);
#5448=EDGE_CURVE('',#4342,#4343,#1969,.T.);
#5449=EDGE_CURVE('',#4343,#4341,#201,.T.);
#5450=EDGE_CURVE('',#4344,#4342,#202,.T.);
#5451=EDGE_CURVE('',#4344,#4345,#1970,.T.);
#5452=EDGE_CURVE('',#4345,#4343,#203,.T.);
#5453=EDGE_CURVE('',#4346,#4344,#204,.T.);
#5454=EDGE_CURVE('',#4346,#4347,#1971,.T.);
#5455=EDGE_CURVE('',#4347,#4345,#205,.T.);
#5456=EDGE_CURVE('',#4348,#4346,#1972,.T.);
#5457=EDGE_CURVE('',#4348,#4349,#1973,.T.);
#5458=EDGE_CURVE('',#4349,#4347,#1974,.T.);
#5459=EDGE_CURVE('',#4319,#4348,#206,.T.);
#5460=EDGE_CURVE('',#4321,#4349,#207,.T.);
#5461=EDGE_CURVE('',#4350,#4351,#1975,.T.);
#5462=EDGE_CURVE('',#4350,#4352,#1976,.T.);
#5463=EDGE_CURVE('',#4352,#4353,#1977,.T.);
#5464=EDGE_CURVE('',#4351,#4353,#1978,.T.);
#5465=EDGE_CURVE('',#4354,#4350,#1979,.T.);
#5466=EDGE_CURVE('',#4354,#4355,#1980,.T.);
#5467=EDGE_CURVE('',#4355,#4352,#1981,.T.);
#5468=EDGE_CURVE('',#4356,#4354,#208,.T.);
#5469=EDGE_CURVE('',#4356,#4357,#1982,.T.);
#5470=EDGE_CURVE('',#4357,#4355,#209,.T.);
#5471=EDGE_CURVE('',#4358,#4356,#1983,.T.);
#5472=EDGE_CURVE('',#4358,#4359,#1984,.T.);
#5473=EDGE_CURVE('',#4359,#4357,#1985,.T.);
#5474=EDGE_CURVE('',#4360,#4358,#1986,.T.);
#5475=EDGE_CURVE('',#4360,#4361,#1987,.T.);
#5476=EDGE_CURVE('',#4361,#4359,#1988,.T.);
#5477=EDGE_CURVE('',#4362,#4360,#1989,.T.);
#5478=EDGE_CURVE('',#4362,#4363,#1990,.T.);
#5479=EDGE_CURVE('',#4363,#4361,#1991,.T.);
#5480=EDGE_CURVE('',#4364,#4362,#1992,.T.);
#5481=EDGE_CURVE('',#4364,#4365,#1993,.T.);
#5482=EDGE_CURVE('',#4365,#4363,#1994,.T.);
#5483=EDGE_CURVE('',#4366,#4364,#1995,.T.);
#5484=EDGE_CURVE('',#4366,#4367,#1996,.T.);
#5485=EDGE_CURVE('',#4367,#4365,#1997,.T.);
#5486=EDGE_CURVE('',#4368,#4366,#210,.T.);
#5487=EDGE_CURVE('',#4368,#4369,#1998,.T.);
#5488=EDGE_CURVE('',#4369,#4367,#211,.T.);
#5489=EDGE_CURVE('',#4351,#4368,#1999,.T.);
#5490=EDGE_CURVE('',#4353,#4369,#2000,.T.);
#5491=EDGE_CURVE('',#4370,#4371,#2001,.T.);
#5492=EDGE_CURVE('',#4370,#4372,#2002,.T.);
#5493=EDGE_CURVE('',#4372,#4373,#2003,.T.);
#5494=EDGE_CURVE('',#4371,#4373,#2004,.T.);
#5495=EDGE_CURVE('',#4374,#4370,#2005,.T.);
#5496=EDGE_CURVE('',#4374,#4375,#2006,.T.);
#5497=EDGE_CURVE('',#4375,#4372,#2007,.T.);
#5498=EDGE_CURVE('',#4376,#4374,#212,.T.);
#5499=EDGE_CURVE('',#4376,#4377,#2008,.T.);
#5500=EDGE_CURVE('',#4377,#4375,#213,.T.);
#5501=EDGE_CURVE('',#4378,#4376,#214,.T.);
#5502=EDGE_CURVE('',#4378,#4379,#2009,.T.);
#5503=EDGE_CURVE('',#4379,#4377,#215,.T.);
#5504=EDGE_CURVE('',#4380,#4378,#2010,.T.);
#5505=EDGE_CURVE('',#4380,#4381,#2011,.T.);
#5506=EDGE_CURVE('',#4381,#4379,#2012,.T.);
#5507=EDGE_CURVE('',#4382,#4380,#2013,.T.);
#5508=EDGE_CURVE('',#4382,#4383,#2014,.T.);
#5509=EDGE_CURVE('',#4383,#4381,#2015,.T.);
#5510=EDGE_CURVE('',#4384,#4382,#2016,.T.);
#5511=EDGE_CURVE('',#4384,#4385,#2017,.T.);
#5512=EDGE_CURVE('',#4385,#4383,#2018,.T.);
#5513=EDGE_CURVE('',#4386,#4384,#2019,.T.);
#5514=EDGE_CURVE('',#4386,#4387,#2020,.T.);
#5515=EDGE_CURVE('',#4387,#4385,#2021,.T.);
#5516=EDGE_CURVE('',#4388,#4386,#2022,.T.);
#5517=EDGE_CURVE('',#4388,#4389,#2023,.T.);
#5518=EDGE_CURVE('',#4389,#4387,#2024,.T.);
#5519=EDGE_CURVE('',#4390,#4388,#216,.T.);
#5520=EDGE_CURVE('',#4390,#4391,#2025,.T.);
#5521=EDGE_CURVE('',#4391,#4389,#217,.T.);
#5522=EDGE_CURVE('',#4392,#4390,#2026,.T.);
#5523=EDGE_CURVE('',#4392,#4393,#2027,.T.);
#5524=EDGE_CURVE('',#4393,#4391,#2028,.T.);
#5525=EDGE_CURVE('',#4394,#4392,#2029,.T.);
#5526=EDGE_CURVE('',#4394,#4395,#2030,.T.);
#5527=EDGE_CURVE('',#4395,#4393,#2031,.T.);
#5528=EDGE_CURVE('',#4396,#4394,#2032,.T.);
#5529=EDGE_CURVE('',#4396,#4397,#2033,.T.);
#5530=EDGE_CURVE('',#4397,#4395,#2034,.T.);
#5531=EDGE_CURVE('',#4398,#4396,#218,.T.);
#5532=EDGE_CURVE('',#4398,#4399,#2035,.T.);
#5533=EDGE_CURVE('',#4399,#4397,#219,.T.);
#5534=EDGE_CURVE('',#4371,#4398,#2036,.T.);
#5535=EDGE_CURVE('',#4373,#4399,#2037,.T.);
#5536=EDGE_CURVE('',#4400,#4401,#2038,.T.);
#5537=EDGE_CURVE('',#4400,#4402,#2039,.T.);
#5538=EDGE_CURVE('',#4402,#4403,#2040,.T.);
#5539=EDGE_CURVE('',#4401,#4403,#2041,.T.);
#5540=EDGE_CURVE('',#4404,#4400,#2042,.T.);
#5541=EDGE_CURVE('',#4404,#4405,#2043,.T.);
#5542=EDGE_CURVE('',#4405,#4402,#2044,.T.);
#5543=EDGE_CURVE('',#4406,#4404,#2045,.T.);
#5544=EDGE_CURVE('',#4406,#4407,#2046,.T.);
#5545=EDGE_CURVE('',#4407,#4405,#2047,.T.);
#5546=EDGE_CURVE('',#4401,#4406,#2048,.T.);
#5547=EDGE_CURVE('',#4403,#4407,#2049,.T.);
#5548=EDGE_CURVE('',#4408,#4408,#220,.T.);
#5549=EDGE_CURVE('',#4408,#4409,#2050,.T.);
#5550=EDGE_CURVE('',#4409,#4409,#221,.T.);
#5551=EDGE_CURVE('',#4410,#4411,#222,.T.);
#5552=EDGE_CURVE('',#4410,#4412,#2051,.T.);
#5553=EDGE_CURVE('',#4412,#4413,#223,.T.);
#5554=EDGE_CURVE('',#4411,#4413,#2052,.T.);
#5555=EDGE_CURVE('',#4414,#4410,#2053,.T.);
#5556=EDGE_CURVE('',#4414,#4415,#2054,.T.);
#5557=EDGE_CURVE('',#4415,#4412,#2055,.T.);
#5558=EDGE_CURVE('',#4416,#4414,#2056,.T.);
#5559=EDGE_CURVE('',#4416,#4417,#2057,.T.);
#5560=EDGE_CURVE('',#4417,#4415,#2058,.T.);
#5561=EDGE_CURVE('',#4418,#4416,#2059,.T.);
#5562=EDGE_CURVE('',#4418,#4419,#2060,.T.);
#5563=EDGE_CURVE('',#4419,#4417,#2061,.T.);
#5564=EDGE_CURVE('',#4420,#4418,#2062,.T.);
#5565=EDGE_CURVE('',#4420,#4421,#2063,.T.);
#5566=EDGE_CURVE('',#4421,#4419,#2064,.T.);
#5567=EDGE_CURVE('',#4422,#4420,#2065,.T.);
#5568=EDGE_CURVE('',#4422,#4423,#2066,.T.);
#5569=EDGE_CURVE('',#4423,#4421,#2067,.T.);
#5570=EDGE_CURVE('',#4424,#4422,#224,.T.);
#5571=EDGE_CURVE('',#4424,#4425,#2068,.T.);
#5572=EDGE_CURVE('',#4425,#4423,#225,.T.);
#5573=EDGE_CURVE('',#4411,#4424,#2069,.T.);
#5574=EDGE_CURVE('',#4413,#4425,#2070,.T.);
#5575=EDGE_CURVE('',#4426,#4427,#2071,.T.);
#5576=EDGE_CURVE('',#4426,#4428,#2072,.T.);
#5577=EDGE_CURVE('',#4428,#4429,#2073,.T.);
#5578=EDGE_CURVE('',#4427,#4429,#2074,.T.);
#5579=EDGE_CURVE('',#4430,#4426,#2075,.T.);
#5580=EDGE_CURVE('',#4430,#4431,#2076,.T.);
#5581=EDGE_CURVE('',#4431,#4428,#2077,.T.);
#5582=EDGE_CURVE('',#4427,#4430,#2078,.T.);
#5583=EDGE_CURVE('',#4429,#4431,#2079,.T.);
#5584=EDGE_CURVE('',#4432,#4433,#2080,.T.);
#5585=EDGE_CURVE('',#4432,#4434,#2081,.T.);
#5586=EDGE_CURVE('',#4434,#4435,#2082,.T.);
#5587=EDGE_CURVE('',#4433,#4435,#2083,.T.);
#5588=EDGE_CURVE('',#4436,#4432,#2084,.T.);
#5589=EDGE_CURVE('',#4436,#4437,#2085,.T.);
#5590=EDGE_CURVE('',#4437,#4434,#2086,.T.);
#5591=EDGE_CURVE('',#4438,#4436,#2087,.T.);
#5592=EDGE_CURVE('',#4438,#4439,#2088,.T.);
#5593=EDGE_CURVE('',#4439,#4437,#2089,.T.);
#5594=EDGE_CURVE('',#4440,#4438,#2090,.T.);
#5595=EDGE_CURVE('',#4440,#4441,#2091,.T.);
#5596=EDGE_CURVE('',#4441,#4439,#2092,.T.);
#5597=EDGE_CURVE('',#4442,#4440,#2093,.T.);
#5598=EDGE_CURVE('',#4442,#4443,#2094,.T.);
#5599=EDGE_CURVE('',#4443,#4441,#2095,.T.);
#5600=EDGE_CURVE('',#4444,#4442,#2096,.T.);
#5601=EDGE_CURVE('',#4444,#4445,#2097,.T.);
#5602=EDGE_CURVE('',#4445,#4443,#2098,.T.);
#5603=EDGE_CURVE('',#4446,#4444,#2099,.T.);
#5604=EDGE_CURVE('',#4446,#4447,#2100,.T.);
#5605=EDGE_CURVE('',#4447,#4445,#2101,.T.);
#5606=EDGE_CURVE('',#4433,#4446,#2102,.T.);
#5607=EDGE_CURVE('',#4435,#4447,#2103,.T.);
#5608=EDGE_CURVE('',#4448,#4448,#226,.T.);
#5609=EDGE_CURVE('',#4448,#4449,#2104,.T.);
#5610=EDGE_CURVE('',#4449,#4449,#227,.T.);
#5611=EDGE_CURVE('',#4450,#4451,#2105,.T.);
#5612=EDGE_CURVE('',#4450,#4452,#2106,.T.);
#5613=EDGE_CURVE('',#4452,#4453,#2107,.T.);
#5614=EDGE_CURVE('',#4451,#4453,#2108,.T.);
#5615=EDGE_CURVE('',#4454,#4450,#2109,.T.);
#5616=EDGE_CURVE('',#4454,#4455,#2110,.T.);
#5617=EDGE_CURVE('',#4455,#4452,#2111,.T.);
#5618=EDGE_CURVE('',#4456,#4454,#2112,.T.);
#5619=EDGE_CURVE('',#4456,#4457,#2113,.T.);
#5620=EDGE_CURVE('',#4457,#4455,#2114,.T.);
#5621=EDGE_CURVE('',#4451,#4456,#2115,.T.);
#5622=EDGE_CURVE('',#4453,#4457,#2116,.T.);
#5623=EDGE_CURVE('',#4458,#4458,#228,.T.);
#5624=EDGE_CURVE('',#4458,#4459,#2117,.T.);
#5625=EDGE_CURVE('',#4459,#4459,#229,.T.);
#5626=EDGE_CURVE('',#4460,#4461,#2118,.T.);
#5627=EDGE_CURVE('',#4460,#4462,#2119,.T.);
#5628=EDGE_CURVE('',#4462,#4463,#2120,.T.);
#5629=EDGE_CURVE('',#4461,#4463,#2121,.T.);
#5630=EDGE_CURVE('',#4464,#4460,#2122,.T.);
#5631=EDGE_CURVE('',#4464,#4465,#2123,.T.);
#5632=EDGE_CURVE('',#4465,#4462,#2124,.T.);
#5633=EDGE_CURVE('',#4466,#4464,#2125,.T.);
#5634=EDGE_CURVE('',#4466,#4467,#2126,.T.);
#5635=EDGE_CURVE('',#4467,#4465,#2127,.T.);
#5636=EDGE_CURVE('',#4461,#4466,#2128,.T.);
#5637=EDGE_CURVE('',#4463,#4467,#2129,.T.);
#5638=EDGE_CURVE('',#4468,#4468,#230,.T.);
#5639=EDGE_CURVE('',#4468,#4469,#2130,.T.);
#5640=EDGE_CURVE('',#4469,#4469,#231,.T.);
#5641=EDGE_CURVE('',#4470,#4471,#232,.T.);
#5642=EDGE_CURVE('',#4470,#4472,#2131,.T.);
#5643=EDGE_CURVE('',#4472,#4473,#233,.T.);
#5644=EDGE_CURVE('',#4471,#4473,#2132,.T.);
#5645=EDGE_CURVE('',#4474,#4470,#2133,.T.);
#5646=EDGE_CURVE('',#4474,#4475,#2134,.T.);
#5647=EDGE_CURVE('',#4475,#4472,#2135,.T.);
#5648=EDGE_CURVE('',#4476,#4474,#2136,.T.);
#5649=EDGE_CURVE('',#4476,#4477,#2137,.T.);
#5650=EDGE_CURVE('',#4477,#4475,#2138,.T.);
#5651=EDGE_CURVE('',#4478,#4476,#2139,.T.);
#5652=EDGE_CURVE('',#4478,#4479,#2140,.T.);
#5653=EDGE_CURVE('',#4479,#4477,#2141,.T.);
#5654=EDGE_CURVE('',#4480,#4478,#2142,.T.);
#5655=EDGE_CURVE('',#4480,#4481,#2143,.T.);
#5656=EDGE_CURVE('',#4481,#4479,#2144,.T.);
#5657=EDGE_CURVE('',#4471,#4480,#2145,.T.);
#5658=EDGE_CURVE('',#4473,#4481,#2146,.T.);
#5659=EDGE_CURVE('',#4482,#4483,#234,.T.);
#5660=EDGE_CURVE('',#4482,#4484,#2147,.T.);
#5661=EDGE_CURVE('',#4484,#4485,#235,.T.);
#5662=EDGE_CURVE('',#4483,#4485,#2148,.T.);
#5663=EDGE_CURVE('',#4486,#4482,#2149,.T.);
#5664=EDGE_CURVE('',#4486,#4487,#2150,.T.);
#5665=EDGE_CURVE('',#4487,#4484,#2151,.T.);
#5666=EDGE_CURVE('',#4488,#4486,#2152,.T.);
#5667=EDGE_CURVE('',#4488,#4489,#2153,.T.);
#5668=EDGE_CURVE('',#4489,#4487,#2154,.T.);
#5669=EDGE_CURVE('',#4490,#4488,#2155,.T.);
#5670=EDGE_CURVE('',#4490,#4491,#2156,.T.);
#5671=EDGE_CURVE('',#4491,#4489,#2157,.T.);
#5672=EDGE_CURVE('',#4492,#4490,#2158,.T.);
#5673=EDGE_CURVE('',#4492,#4493,#2159,.T.);
#5674=EDGE_CURVE('',#4493,#4491,#2160,.T.);
#5675=EDGE_CURVE('',#4494,#4492,#2161,.T.);
#5676=EDGE_CURVE('',#4494,#4495,#2162,.T.);
#5677=EDGE_CURVE('',#4495,#4493,#2163,.T.);
#5678=EDGE_CURVE('',#4496,#4494,#236,.T.);
#5679=EDGE_CURVE('',#4496,#4497,#2164,.T.);
#5680=EDGE_CURVE('',#4497,#4495,#237,.T.);
#5681=EDGE_CURVE('',#4498,#4496,#2165,.T.);
#5682=EDGE_CURVE('',#4498,#4499,#2166,.T.);
#5683=EDGE_CURVE('',#4499,#4497,#2167,.T.);
#5684=EDGE_CURVE('',#4500,#4498,#2168,.T.);
#5685=EDGE_CURVE('',#4500,#4501,#2169,.T.);
#5686=EDGE_CURVE('',#4501,#4499,#2170,.T.);
#5687=EDGE_CURVE('',#4483,#4500,#2171,.T.);
#5688=EDGE_CURVE('',#4485,#4501,#2172,.T.);
#5689=EDGE_CURVE('',#4502,#4503,#2173,.T.);
#5690=EDGE_CURVE('',#4502,#4504,#2174,.T.);
#5691=EDGE_CURVE('',#4504,#4505,#2175,.T.);
#5692=EDGE_CURVE('',#4503,#4505,#2176,.T.);
#5693=EDGE_CURVE('',#4506,#4502,#2177,.T.);
#5694=EDGE_CURVE('',#4506,#4507,#2178,.T.);
#5695=EDGE_CURVE('',#4507,#4504,#2179,.T.);
#5696=EDGE_CURVE('',#4508,#4506,#2180,.T.);
#5697=EDGE_CURVE('',#4508,#4509,#2181,.T.);
#5698=EDGE_CURVE('',#4509,#4507,#2182,.T.);
#5699=EDGE_CURVE('',#4510,#4508,#2183,.T.);
#5700=EDGE_CURVE('',#4510,#4511,#2184,.T.);
#5701=EDGE_CURVE('',#4511,#4509,#2185,.T.);
#5702=EDGE_CURVE('',#4512,#4510,#2186,.T.);
#5703=EDGE_CURVE('',#4512,#4513,#2187,.T.);
#5704=EDGE_CURVE('',#4513,#4511,#2188,.T.);
#5705=EDGE_CURVE('',#4514,#4512,#2189,.T.);
#5706=EDGE_CURVE('',#4514,#4515,#2190,.T.);
#5707=EDGE_CURVE('',#4515,#4513,#2191,.T.);
#5708=EDGE_CURVE('',#4516,#4514,#2192,.T.);
#5709=EDGE_CURVE('',#4516,#4517,#2193,.T.);
#5710=EDGE_CURVE('',#4517,#4515,#2194,.T.);
#5711=EDGE_CURVE('',#4518,#4516,#2195,.T.);
#5712=EDGE_CURVE('',#4518,#4519,#2196,.T.);
#5713=EDGE_CURVE('',#4519,#4517,#2197,.T.);
#5714=EDGE_CURVE('',#4520,#4518,#2198,.T.);
#5715=EDGE_CURVE('',#4520,#4521,#2199,.T.);
#5716=EDGE_CURVE('',#4521,#4519,#2200,.T.);
#5717=EDGE_CURVE('',#4522,#4520,#2201,.T.);
#5718=EDGE_CURVE('',#4522,#4523,#2202,.T.);
#5719=EDGE_CURVE('',#4523,#4521,#2203,.T.);
#5720=EDGE_CURVE('',#4503,#4522,#2204,.T.);
#5721=EDGE_CURVE('',#4505,#4523,#2205,.T.);
#5722=EDGE_CURVE('',#4524,#4525,#2206,.T.);
#5723=EDGE_CURVE('',#4524,#4526,#2207,.T.);
#5724=EDGE_CURVE('',#4526,#4527,#2208,.T.);
#5725=EDGE_CURVE('',#4525,#4527,#2209,.T.);
#5726=EDGE_CURVE('',#4528,#4524,#2210,.T.);
#5727=EDGE_CURVE('',#4528,#4529,#2211,.T.);
#5728=EDGE_CURVE('',#4529,#4526,#2212,.T.);
#5729=EDGE_CURVE('',#4530,#4528,#2213,.T.);
#5730=EDGE_CURVE('',#4530,#4531,#2214,.T.);
#5731=EDGE_CURVE('',#4531,#4529,#2215,.T.);
#5732=EDGE_CURVE('',#4532,#4530,#2216,.T.);
#5733=EDGE_CURVE('',#4532,#4533,#2217,.T.);
#5734=EDGE_CURVE('',#4533,#4531,#2218,.T.);
#5735=EDGE_CURVE('',#4534,#4532,#2219,.T.);
#5736=EDGE_CURVE('',#4534,#4535,#2220,.T.);
#5737=EDGE_CURVE('',#4535,#4533,#2221,.T.);
#5738=EDGE_CURVE('',#4536,#4534,#238,.T.);
#5739=EDGE_CURVE('',#4536,#4537,#2222,.T.);
#5740=EDGE_CURVE('',#4537,#4535,#239,.T.);
#5741=EDGE_CURVE('',#4538,#4536,#2223,.T.);
#5742=EDGE_CURVE('',#4538,#4539,#2224,.T.);
#5743=EDGE_CURVE('',#4539,#4537,#2225,.T.);
#5744=EDGE_CURVE('',#4525,#4538,#240,.T.);
#5745=EDGE_CURVE('',#4527,#4539,#241,.T.);
#5746=EDGE_CURVE('',#4540,#4541,#242,.T.);
#5747=EDGE_CURVE('',#4540,#4542,#2226,.T.);
#5748=EDGE_CURVE('',#4542,#4543,#243,.T.);
#5749=EDGE_CURVE('',#4541,#4543,#2227,.T.);
#5750=EDGE_CURVE('',#4544,#4540,#2228,.T.);
#5751=EDGE_CURVE('',#4544,#4545,#2229,.T.);
#5752=EDGE_CURVE('',#4545,#4542,#2230,.T.);
#5753=EDGE_CURVE('',#4546,#4544,#2231,.T.);
#5754=EDGE_CURVE('',#4546,#4547,#2232,.T.);
#5755=EDGE_CURVE('',#4547,#4545,#2233,.T.);
#5756=EDGE_CURVE('',#4548,#4546,#2234,.T.);
#5757=EDGE_CURVE('',#4548,#4549,#2235,.T.);
#5758=EDGE_CURVE('',#4549,#4547,#2236,.T.);
#5759=EDGE_CURVE('',#4550,#4548,#2237,.T.);
#5760=EDGE_CURVE('',#4550,#4551,#2238,.T.);
#5761=EDGE_CURVE('',#4551,#4549,#2239,.T.);
#5762=EDGE_CURVE('',#4552,#4550,#2240,.T.);
#5763=EDGE_CURVE('',#4552,#4553,#2241,.T.);
#5764=EDGE_CURVE('',#4553,#4551,#2242,.T.);
#5765=EDGE_CURVE('',#4554,#4552,#244,.T.);
#5766=EDGE_CURVE('',#4554,#4555,#2243,.T.);
#5767=EDGE_CURVE('',#4555,#4553,#245,.T.);
#5768=EDGE_CURVE('',#4541,#4554,#2244,.T.);
#5769=EDGE_CURVE('',#4543,#4555,#2245,.T.);
#5770=EDGE_CURVE('',#4556,#4557,#2246,.T.);
#5771=EDGE_CURVE('',#4556,#4558,#2247,.T.);
#5772=EDGE_CURVE('',#4558,#4559,#2248,.T.);
#5773=EDGE_CURVE('',#4557,#4559,#2249,.T.);
#5774=EDGE_CURVE('',#4560,#4556,#2250,.T.);
#5775=EDGE_CURVE('',#4560,#4561,#2251,.T.);
#5776=EDGE_CURVE('',#4561,#4558,#2252,.T.);
#5777=EDGE_CURVE('',#4562,#4560,#2253,.T.);
#5778=EDGE_CURVE('',#4562,#4563,#2254,.T.);
#5779=EDGE_CURVE('',#4563,#4561,#2255,.T.);
#5780=EDGE_CURVE('',#4564,#4562,#2256,.T.);
#5781=EDGE_CURVE('',#4564,#4565,#2257,.T.);
#5782=EDGE_CURVE('',#4565,#4563,#2258,.T.);
#5783=EDGE_CURVE('',#4566,#4564,#2259,.T.);
#5784=EDGE_CURVE('',#4566,#4567,#2260,.T.);
#5785=EDGE_CURVE('',#4567,#4565,#2261,.T.);
#5786=EDGE_CURVE('',#4568,#4566,#2262,.T.);
#5787=EDGE_CURVE('',#4568,#4569,#2263,.T.);
#5788=EDGE_CURVE('',#4569,#4567,#2264,.T.);
#5789=EDGE_CURVE('',#4570,#4568,#2265,.T.);
#5790=EDGE_CURVE('',#4570,#4571,#2266,.T.);
#5791=EDGE_CURVE('',#4571,#4569,#2267,.T.);
#5792=EDGE_CURVE('',#4572,#4570,#2268,.T.);
#5793=EDGE_CURVE('',#4572,#4573,#2269,.T.);
#5794=EDGE_CURVE('',#4573,#4571,#2270,.T.);
#5795=EDGE_CURVE('',#4574,#4572,#2271,.T.);
#5796=EDGE_CURVE('',#4574,#4575,#2272,.T.);
#5797=EDGE_CURVE('',#4575,#4573,#2273,.T.);
#5798=EDGE_CURVE('',#4576,#4574,#2274,.T.);
#5799=EDGE_CURVE('',#4576,#4577,#2275,.T.);
#5800=EDGE_CURVE('',#4577,#4575,#2276,.T.);
#5801=EDGE_CURVE('',#4578,#4576,#2277,.T.);
#5802=EDGE_CURVE('',#4578,#4579,#2278,.T.);
#5803=EDGE_CURVE('',#4579,#4577,#2279,.T.);
#5804=EDGE_CURVE('',#4557,#4578,#2280,.T.);
#5805=EDGE_CURVE('',#4559,#4579,#2281,.T.);
#5806=EDGE_CURVE('',#4580,#4581,#2282,.T.);
#5807=EDGE_CURVE('',#4580,#4582,#2283,.T.);
#5808=EDGE_CURVE('',#4582,#4583,#2284,.T.);
#5809=EDGE_CURVE('',#4583,#4581,#2285,.T.);
#5810=EDGE_CURVE('',#4584,#4585,#2286,.T.);
#5811=EDGE_CURVE('',#4585,#4586,#2287,.T.);
#5812=EDGE_CURVE('',#4586,#4587,#2288,.T.);
#5813=EDGE_CURVE('',#4587,#4584,#2289,.T.);
#5814=EDGE_CURVE('',#4588,#4580,#2290,.T.);
#5815=EDGE_CURVE('',#4589,#4588,#2291,.T.);
#5816=EDGE_CURVE('',#4589,#4582,#2292,.T.);
#5817=EDGE_CURVE('',#4590,#4591,#2293,.T.);
#5818=EDGE_CURVE('',#4590,#4584,#2294,.T.);
#5819=EDGE_CURVE('',#4591,#4587,#2295,.T.);
#5820=EDGE_CURVE('',#4591,#4592,#2296,.T.);
#5821=EDGE_CURVE('',#4592,#4586,#2297,.T.);
#5822=EDGE_CURVE('',#4592,#4593,#2298,.T.);
#5823=EDGE_CURVE('',#4593,#4585,#2299,.T.);
#5824=EDGE_CURVE('',#4593,#4590,#2300,.T.);
#5825=EDGE_CURVE('',#4594,#4589,#2301,.T.);
#5826=EDGE_CURVE('',#4594,#4583,#2302,.T.);
#5827=EDGE_CURVE('',#4595,#4596,#2303,.T.);
#5828=EDGE_CURVE('',#4597,#4596,#2304,.T.);
#5829=EDGE_CURVE('',#4597,#4581,#2305,.T.);
#5830=EDGE_CURVE('',#4595,#4594,#2306,.T.);
#5831=EDGE_CURVE('',#4598,#4595,#2307,.T.);
#5832=EDGE_CURVE('',#4598,#4599,#2308,.T.);
#5833=EDGE_CURVE('',#4596,#4599,#2309,.T.);
#5834=EDGE_CURVE('',#4600,#4601,#2310,.T.);
#5835=EDGE_CURVE('',#4600,#4602,#2311,.T.);
#5836=EDGE_CURVE('',#4602,#4603,#2312,.T.);
#5837=EDGE_CURVE('',#4603,#4604,#2313,.T.);
#5838=EDGE_CURVE('',#4605,#4604,#2314,.T.);
#5839=EDGE_CURVE('',#4605,#4606,#2315,.T.);
#5840=EDGE_CURVE('',#4606,#4607,#2316,.T.);
#5841=EDGE_CURVE('',#4607,#4601,#2317,.T.);
#5842=EDGE_CURVE('',#4604,#4608,#2318,.T.);
#5843=EDGE_CURVE('',#4609,#4603,#2319,.T.);
#5844=EDGE_CURVE('',#4609,#4608,#2320,.T.);
#5845=EDGE_CURVE('',#4601,#4610,#2321,.T.);
#5846=EDGE_CURVE('',#4611,#4607,#2322,.T.);
#5847=EDGE_CURVE('',#4610,#4611,#2323,.T.);
#5848=EDGE_CURVE('',#4611,#4612,#2324,.T.);
#5849=EDGE_CURVE('',#4612,#4606,#2325,.T.);
#5850=EDGE_CURVE('',#4613,#4605,#2326,.T.);
#5851=EDGE_CURVE('',#4612,#4613,#2327,.T.);
#5852=EDGE_CURVE('',#4614,#4609,#2328,.T.);
#5853=EDGE_CURVE('',#4614,#4602,#2329,.T.);
#5854=EDGE_CURVE('',#4615,#4616,#2330,.T.);
#5855=EDGE_CURVE('',#4616,#4617,#2331,.T.);
#5856=EDGE_CURVE('',#4618,#4617,#2332,.T.);
#5857=EDGE_CURVE('',#4615,#4618,#2333,.T.);
#5858=EDGE_CURVE('',#4619,#4620,#2334,.T.);
#5859=EDGE_CURVE('',#4620,#4621,#2335,.T.);
#5860=EDGE_CURVE('',#4621,#4622,#2336,.T.);
#5861=EDGE_CURVE('',#4622,#4623,#2337,.T.);
#5862=EDGE_CURVE('',#4623,#4624,#2338,.T.);
#5863=EDGE_CURVE('',#4624,#4608,#2339,.T.);
#5864=EDGE_CURVE('',#4616,#4614,#2340,.T.);
#5865=EDGE_CURVE('',#4625,#4615,#2341,.T.);
#5866=EDGE_CURVE('',#4625,#4619,#2342,.T.);
#5867=EDGE_CURVE('',#4626,#4627,#2343,.T.);
#5868=EDGE_CURVE('',#4627,#4628,#2344,.T.);
#5869=EDGE_CURVE('',#4628,#4629,#2345,.T.);
#5870=EDGE_CURVE('',#4629,#4626,#2346,.T.);
#5871=EDGE_CURVE('',#4613,#4610,#2347,.T.);
#5872=EDGE_CURVE('',#4600,#4630,#2348,.T.);
#5873=EDGE_CURVE('',#4624,#4631,#2349,.T.);
#5874=EDGE_CURVE('',#4631,#4632,#2350,.T.);
#5875=EDGE_CURVE('',#4632,#4627,#2351,.T.);
#5876=EDGE_CURVE('',#4626,#4633,#2352,.T.);
#5877=EDGE_CURVE('',#4633,#4634,#2353,.T.);
#5878=EDGE_CURVE('',#4634,#4621,#2354,.T.);
#5879=EDGE_CURVE('',#4620,#4635,#2355,.T.);
#5880=EDGE_CURVE('',#4635,#4636,#2356,.T.);
#5881=EDGE_CURVE('',#4637,#4636,#2357,.T.);
#5882=EDGE_CURVE('',#4637,#4638,#2358,.T.);
#5883=EDGE_CURVE('',#4638,#4639,#2359,.T.);
#5884=EDGE_CURVE('',#4639,#4640,#2360,.T.);
#5885=EDGE_CURVE('',#4641,#4640,#2361,.T.);
#5886=EDGE_CURVE('',#4641,#4642,#2362,.T.);
#5887=EDGE_CURVE('',#4630,#4642,#2363,.T.);
#5888=EDGE_CURVE('',#4643,#4644,#2364,.T.);
#5889=EDGE_CURVE('',#4644,#4645,#246,.T.);
#5890=EDGE_CURVE('',#4645,#4646,#2365,.T.);
#5891=EDGE_CURVE('',#4646,#4643,#247,.T.);
#5892=EDGE_CURVE('',#4647,#4648,#2366,.T.);
#5893=EDGE_CURVE('',#4648,#4649,#248,.T.);
#5894=EDGE_CURVE('',#4649,#4650,#2367,.T.);
#5895=EDGE_CURVE('',#4650,#4647,#249,.T.);
#5896=EDGE_CURVE('',#4651,#4652,#2368,.T.);
#5897=EDGE_CURVE('',#4653,#4651,#2369,.T.);
#5898=EDGE_CURVE('',#4654,#4653,#2370,.T.);
#5899=EDGE_CURVE('',#4654,#4652,#2371,.T.);
#5900=EDGE_CURVE('',#4655,#4656,#2372,.T.);
#5901=EDGE_CURVE('',#4655,#4657,#2373,.T.);
#5902=EDGE_CURVE('',#4658,#4657,#2374,.T.);
#5903=EDGE_CURVE('',#4656,#4658,#2375,.T.);
#5904=EDGE_CURVE('',#4656,#4659,#2376,.T.);
#5905=EDGE_CURVE('',#4660,#4658,#2377,.T.);
#5906=EDGE_CURVE('',#4659,#4660,#2378,.T.);
#5907=EDGE_CURVE('',#4659,#4661,#2379,.T.);
#5908=EDGE_CURVE('',#4662,#4660,#2380,.T.);
#5909=EDGE_CURVE('',#4661,#4662,#2381,.T.);
#5910=EDGE_CURVE('',#4661,#4655,#2382,.T.);
#5911=EDGE_CURVE('',#4657,#4662,#2383,.T.);
#5912=EDGE_CURVE('',#4663,#4664,#2384,.T.);
#5913=EDGE_CURVE('',#4665,#4663,#2385,.T.);
#5914=EDGE_CURVE('',#4665,#4666,#2386,.T.);
#5915=EDGE_CURVE('',#4664,#4666,#2387,.T.);
#5916=EDGE_CURVE('',#4665,#4654,#2388,.T.);
#5917=EDGE_CURVE('',#4666,#4653,#2389,.T.);
#5918=EDGE_CURVE('',#4664,#4651,#2390,.T.);
#5919=EDGE_CURVE('',#4588,#4652,#2391,.T.);
#5920=EDGE_CURVE('',#4663,#4667,#2392,.T.);
#5921=EDGE_CURVE('',#4667,#4598,#2393,.T.);
#5922=EDGE_CURVE('',#4668,#4597,#2394,.T.);
#5923=EDGE_CURVE('',#4668,#4669,#2395,.T.);
#5924=EDGE_CURVE('',#4669,#4670,#2396,.T.);
#5925=EDGE_CURVE('',#4670,#4671,#2397,.T.);
#5926=EDGE_CURVE('',#4672,#4671,#2398,.T.);
#5927=EDGE_CURVE('',#4672,#4673,#2399,.T.);
#5928=EDGE_CURVE('',#4674,#4673,#2400,.T.);
#5929=EDGE_CURVE('',#4675,#4674,#2401,.T.);
#5930=EDGE_CURVE('',#4675,#4676,#2402,.T.);
#5931=EDGE_CURVE('',#4676,#4667,#2403,.T.);
#5932=EDGE_CURVE('',#4677,#4678,#2404,.T.);
#5933=EDGE_CURVE('',#4678,#4679,#250,.T.);
#5934=EDGE_CURVE('',#4679,#4680,#2405,.T.);
#5935=EDGE_CURVE('',#4680,#4677,#251,.T.);
#5936=EDGE_CURVE('',#4629,#4681,#2406,.T.);
#5937=EDGE_CURVE('',#4633,#4681,#2407,.T.);
#5938=EDGE_CURVE('',#4682,#4632,#2408,.T.);
#5939=EDGE_CURVE('',#4628,#4682,#2409,.T.);
#5940=EDGE_CURVE('',#4623,#4683,#2410,.T.);
#5941=EDGE_CURVE('',#4631,#4683,#2411,.T.);
#5942=EDGE_CURVE('',#4681,#4682,#2412,.T.);
#5943=EDGE_CURVE('',#4684,#4634,#2413,.T.);
#5944=EDGE_CURVE('',#4622,#4684,#2414,.T.);
#5945=EDGE_CURVE('',#4683,#4684,#2415,.T.);
#5946=EDGE_CURVE('',#4685,#4625,#2416,.T.);
#5947=EDGE_CURVE('',#4686,#4685,#2417,.T.);
#5948=EDGE_CURVE('',#4619,#4686,#2418,.T.);
#5949=EDGE_CURVE('',#4687,#4617,#2419,.T.);
#5950=EDGE_CURVE('',#4688,#4687,#2420,.T.);
#5951=EDGE_CURVE('',#4689,#4688,#2421,.T.);
#5952=EDGE_CURVE('',#4689,#4690,#2422,.T.);
#5953=EDGE_CURVE('',#4691,#4690,#2423,.T.);
#5954=EDGE_CURVE('',#4691,#4619,#2424,.T.);
#5955=EDGE_CURVE('',#4692,#4693,#2425,.T.);
#5956=EDGE_CURVE('',#4693,#4694,#252,.T.);
#5957=EDGE_CURVE('',#4694,#4695,#2426,.T.);
#5958=EDGE_CURVE('',#4695,#4692,#253,.T.);
#5959=EDGE_CURVE('',#4696,#4697,#2427,.T.);
#5960=EDGE_CURVE('',#4697,#4698,#254,.T.);
#5961=EDGE_CURVE('',#4698,#4699,#2428,.T.);
#5962=EDGE_CURVE('',#4699,#4696,#255,.T.);
#5963=EDGE_CURVE('',#4699,#4645,#2429,.T.);
#5964=EDGE_CURVE('',#4698,#4646,#2430,.T.);
#5965=EDGE_CURVE('',#4697,#4643,#2431,.T.);
#5966=EDGE_CURVE('',#4696,#4644,#2432,.T.);
#5967=EDGE_CURVE('',#4687,#4630,#2433,.T.);
#5968=EDGE_CURVE('',#4638,#4672,#2434,.T.);
#5969=EDGE_CURVE('',#4671,#4639,#2435,.T.);
#5970=EDGE_CURVE('',#4640,#4670,#2436,.T.);
#5971=EDGE_CURVE('',#4642,#4668,#2437,.T.);
#5972=EDGE_CURVE('',#4596,#4700,#2438,.T.);
#5973=EDGE_CURVE('',#4700,#4688,#2439,.T.);
#5974=EDGE_CURVE('',#4701,#4702,#2440,.T.);
#5975=EDGE_CURVE('',#4703,#4701,#2441,.T.);
#5976=EDGE_CURVE('',#4704,#4703,#2442,.T.);
#5977=EDGE_CURVE('',#4704,#4702,#2443,.T.);
#5978=EDGE_CURVE('',#4702,#4705,#2444,.T.);
#5979=EDGE_CURVE('',#4706,#4704,#2445,.T.);
#5980=EDGE_CURVE('',#4706,#4707,#2446,.T.);
#5981=EDGE_CURVE('',#4705,#4707,#2447,.T.);
#5982=EDGE_CURVE('',#4707,#4708,#2448,.T.);
#5983=EDGE_CURVE('',#4709,#4706,#2449,.T.);
#5984=EDGE_CURVE('',#4709,#4708,#2450,.T.);
#5985=EDGE_CURVE('',#4710,#4701,#2451,.T.);
#5986=EDGE_CURVE('',#4708,#4710,#2452,.T.);
#5987=EDGE_CURVE('',#4703,#4709,#2453,.T.);
#5988=EDGE_CURVE('',#4675,#4705,#2454,.T.);
#5989=EDGE_CURVE('',#4674,#4637,#2455,.T.);
#5990=EDGE_CURVE('',#4710,#4636,#2456,.T.);
#5991=EDGE_CURVE('',#4711,#4712,#2457,.T.);
#5992=EDGE_CURVE('',#4713,#4711,#2458,.T.);
#5993=EDGE_CURVE('',#4714,#4713,#2459,.T.);
#5994=EDGE_CURVE('',#4712,#4714,#2460,.T.);
#5995=EDGE_CURVE('',#4715,#4679,#2461,.T.);
#5996=EDGE_CURVE('',#4716,#4715,#2462,.T.);
#5997=EDGE_CURVE('',#4716,#4680,#2463,.T.);
#5998=EDGE_CURVE('',#4717,#4716,#256,.T.);
#5999=EDGE_CURVE('',#4717,#4677,#2464,.T.);
#6000=EDGE_CURVE('',#4718,#4717,#2465,.T.);
#6001=EDGE_CURVE('',#4718,#4678,#2466,.T.);
#6002=EDGE_CURVE('',#4715,#4718,#257,.T.);
#6003=EDGE_CURVE('',#4694,#4648,#2467,.T.);
#6004=EDGE_CURVE('',#4695,#4647,#2468,.T.);
#6005=EDGE_CURVE('',#4650,#4692,#2469,.T.);
#6006=EDGE_CURVE('',#4693,#4649,#2470,.T.);
#6007=EDGE_CURVE('',#4635,#4676,#2471,.T.);
#6008=EDGE_CURVE('',#4691,#4719,#2472,.T.);
#6009=EDGE_CURVE('',#4719,#4720,#2473,.T.);
#6010=EDGE_CURVE('',#4720,#4721,#2474,.T.);
#6011=EDGE_CURVE('',#4599,#4721,#2475,.T.);
#6012=EDGE_CURVE('',#4722,#4723,#2476,.T.);
#6013=EDGE_CURVE('',#4723,#4724,#2477,.T.);
#6014=EDGE_CURVE('',#4724,#4725,#2478,.T.);
#6015=EDGE_CURVE('',#4725,#4722,#2479,.T.);
#6016=EDGE_CURVE('',#4726,#4721,#2480,.T.);
#6017=EDGE_CURVE('',#4727,#4726,#2481,.T.);
#6018=EDGE_CURVE('',#4727,#4700,#2482,.T.);
#6019=EDGE_CURVE('',#4728,#4729,#2483,.T.);
#6020=EDGE_CURVE('',#4728,#4730,#2484,.T.);
#6021=EDGE_CURVE('',#4730,#4729,#2485,.T.);
#6022=EDGE_CURVE('',#4731,#4731,#258,.T.);
#6023=EDGE_CURVE('',#4731,#4732,#2486,.T.);
#6024=EDGE_CURVE('',#4732,#4732,#259,.T.);
#6025=EDGE_CURVE('',#4733,#4734,#2487,.T.);
#6026=EDGE_CURVE('',#4733,#4735,#2488,.T.);
#6027=EDGE_CURVE('',#4735,#4736,#2489,.T.);
#6028=EDGE_CURVE('',#4734,#4736,#2490,.T.);
#6029=EDGE_CURVE('',#4737,#4733,#2491,.T.);
#6030=EDGE_CURVE('',#4737,#4738,#2492,.T.);
#6031=EDGE_CURVE('',#4738,#4735,#2493,.T.);
#6032=EDGE_CURVE('',#4739,#4737,#2494,.T.);
#6033=EDGE_CURVE('',#4739,#4740,#2495,.T.);
#6034=EDGE_CURVE('',#4740,#4738,#2496,.T.);
#6035=EDGE_CURVE('',#4741,#4739,#260,.T.);
#6036=EDGE_CURVE('',#4741,#4742,#2497,.T.);
#6037=EDGE_CURVE('',#4742,#4740,#261,.T.);
#6038=EDGE_CURVE('',#4743,#4741,#262,.T.);
#6039=EDGE_CURVE('',#4743,#4744,#2498,.T.);
#6040=EDGE_CURVE('',#4744,#4742,#263,.T.);
#6041=EDGE_CURVE('',#4745,#4743,#2499,.T.);
#6042=EDGE_CURVE('',#4745,#4746,#2500,.T.);
#6043=EDGE_CURVE('',#4746,#4744,#2501,.T.);
#6044=EDGE_CURVE('',#4734,#4745,#264,.T.);
#6045=EDGE_CURVE('',#4736,#4746,#265,.T.);
#6046=EDGE_CURVE('',#4747,#4747,#266,.T.);
#6047=EDGE_CURVE('',#4747,#4748,#2502,.T.);
#6048=EDGE_CURVE('',#4748,#4748,#267,.T.);
#6049=EDGE_CURVE('',#4749,#4750,#2503,.T.);
#6050=EDGE_CURVE('',#4749,#4751,#2504,.T.);
#6051=EDGE_CURVE('',#4751,#4752,#2505,.T.);
#6052=EDGE_CURVE('',#4750,#4752,#2506,.T.);
#6053=EDGE_CURVE('',#4753,#4749,#2507,.T.);
#6054=EDGE_CURVE('',#4753,#4754,#2508,.T.);
#6055=EDGE_CURVE('',#4754,#4751,#2509,.T.);
#6056=EDGE_CURVE('',#4755,#4753,#2510,.T.);
#6057=EDGE_CURVE('',#4755,#4756,#2511,.T.);
#6058=EDGE_CURVE('',#4756,#4754,#2512,.T.);
#6059=EDGE_CURVE('',#4757,#4755,#2513,.T.);
#6060=EDGE_CURVE('',#4757,#4758,#2514,.T.);
#6061=EDGE_CURVE('',#4758,#4756,#2515,.T.);
#6062=EDGE_CURVE('',#4759,#4757,#2516,.T.);
#6063=EDGE_CURVE('',#4759,#4760,#2517,.T.);
#6064=EDGE_CURVE('',#4760,#4758,#2518,.T.);
#6065=EDGE_CURVE('',#4750,#4759,#268,.T.);
#6066=EDGE_CURVE('',#4752,#4760,#269,.T.);
#6067=EDGE_CURVE('',#4761,#4762,#2519,.T.);
#6068=EDGE_CURVE('',#4761,#4763,#2520,.T.);
#6069=EDGE_CURVE('',#4763,#4764,#2521,.T.);
#6070=EDGE_CURVE('',#4762,#4764,#2522,.T.);
#6071=EDGE_CURVE('',#4765,#4761,#2523,.T.);
#6072=EDGE_CURVE('',#4765,#4766,#2524,.T.);
#6073=EDGE_CURVE('',#4766,#4763,#2525,.T.);
#6074=EDGE_CURVE('',#4767,#4765,#2526,.T.);
#6075=EDGE_CURVE('',#4767,#4768,#2527,.T.);
#6076=EDGE_CURVE('',#4768,#4766,#2528,.T.);
#6077=EDGE_CURVE('',#4769,#4767,#2529,.T.);
#6078=EDGE_CURVE('',#4769,#4770,#2530,.T.);
#6079=EDGE_CURVE('',#4770,#4768,#2531,.T.);
#6080=EDGE_CURVE('',#4771,#4769,#2532,.T.);
#6081=EDGE_CURVE('',#4771,#4772,#2533,.T.);
#6082=EDGE_CURVE('',#4772,#4770,#2534,.T.);
#6083=EDGE_CURVE('',#4773,#4771,#2535,.T.);
#6084=EDGE_CURVE('',#4773,#4774,#2536,.T.);
#6085=EDGE_CURVE('',#4774,#4772,#2537,.T.);
#6086=EDGE_CURVE('',#4775,#4773,#2538,.T.);
#6087=EDGE_CURVE('',#4775,#4776,#2539,.T.);
#6088=EDGE_CURVE('',#4776,#4774,#2540,.T.);
#6089=EDGE_CURVE('',#4777,#4775,#2541,.T.);
#6090=EDGE_CURVE('',#4777,#4778,#2542,.T.);
#6091=EDGE_CURVE('',#4778,#4776,#2543,.T.);
#6092=EDGE_CURVE('',#4779,#4777,#2544,.T.);
#6093=EDGE_CURVE('',#4779,#4780,#2545,.T.);
#6094=EDGE_CURVE('',#4780,#4778,#2546,.T.);
#6095=EDGE_CURVE('',#4781,#4779,#2547,.T.);
#6096=EDGE_CURVE('',#4781,#4782,#2548,.T.);
#6097=EDGE_CURVE('',#4782,#4780,#2549,.T.);
#6098=EDGE_CURVE('',#4783,#4781,#2550,.T.);
#6099=EDGE_CURVE('',#4783,#4784,#2551,.T.);
#6100=EDGE_CURVE('',#4784,#4782,#2552,.T.);
#6101=EDGE_CURVE('',#4785,#4783,#2553,.T.);
#6102=EDGE_CURVE('',#4785,#4786,#2554,.T.);
#6103=EDGE_CURVE('',#4786,#4784,#2555,.T.);
#6104=EDGE_CURVE('',#4762,#4785,#2556,.T.);
#6105=EDGE_CURVE('',#4764,#4786,#2557,.T.);
#6106=EDGE_CURVE('',#4787,#4788,#2558,.T.);
#6107=EDGE_CURVE('',#4787,#4789,#2559,.T.);
#6108=EDGE_CURVE('',#4789,#4790,#2560,.T.);
#6109=EDGE_CURVE('',#4788,#4790,#2561,.T.);
#6110=EDGE_CURVE('',#4791,#4787,#2562,.T.);
#6111=EDGE_CURVE('',#4791,#4792,#2563,.T.);
#6112=EDGE_CURVE('',#4792,#4789,#2564,.T.);
#6113=EDGE_CURVE('',#4793,#4791,#2565,.T.);
#6114=EDGE_CURVE('',#4793,#4794,#2566,.T.);
#6115=EDGE_CURVE('',#4794,#4792,#2567,.T.);
#6116=EDGE_CURVE('',#4795,#4793,#2568,.T.);
#6117=EDGE_CURVE('',#4795,#4796,#2569,.T.);
#6118=EDGE_CURVE('',#4796,#4794,#2570,.T.);
#6119=EDGE_CURVE('',#4797,#4795,#2571,.T.);
#6120=EDGE_CURVE('',#4797,#4798,#2572,.T.);
#6121=EDGE_CURVE('',#4798,#4796,#2573,.T.);
#6122=EDGE_CURVE('',#4799,#4797,#2574,.T.);
#6123=EDGE_CURVE('',#4799,#4800,#2575,.T.);
#6124=EDGE_CURVE('',#4800,#4798,#2576,.T.);
#6125=EDGE_CURVE('',#4801,#4799,#2577,.T.);
#6126=EDGE_CURVE('',#4801,#4802,#2578,.T.);
#6127=EDGE_CURVE('',#4802,#4800,#2579,.T.);
#6128=EDGE_CURVE('',#4803,#4801,#2580,.T.);
#6129=EDGE_CURVE('',#4803,#4804,#2581,.T.);
#6130=EDGE_CURVE('',#4804,#4802,#2582,.T.);
#6131=EDGE_CURVE('',#4805,#4803,#2583,.T.);
#6132=EDGE_CURVE('',#4805,#4806,#2584,.T.);
#6133=EDGE_CURVE('',#4806,#4804,#2585,.T.);
#6134=EDGE_CURVE('',#4807,#4805,#2586,.T.);
#6135=EDGE_CURVE('',#4807,#4808,#2587,.T.);
#6136=EDGE_CURVE('',#4808,#4806,#2588,.T.);
#6137=EDGE_CURVE('',#4809,#4807,#2589,.T.);
#6138=EDGE_CURVE('',#4809,#4810,#2590,.T.);
#6139=EDGE_CURVE('',#4810,#4808,#2591,.T.);
#6140=EDGE_CURVE('',#4811,#4809,#2592,.T.);
#6141=EDGE_CURVE('',#4811,#4812,#2593,.T.);
#6142=EDGE_CURVE('',#4812,#4810,#2594,.T.);
#6143=EDGE_CURVE('',#4788,#4811,#2595,.T.);
#6144=EDGE_CURVE('',#4790,#4812,#2596,.T.);
#6145=EDGE_CURVE('',#4813,#4814,#2597,.T.);
#6146=EDGE_CURVE('',#4813,#4815,#2598,.T.);
#6147=EDGE_CURVE('',#4815,#4816,#2599,.T.);
#6148=EDGE_CURVE('',#4814,#4816,#2600,.T.);
#6149=EDGE_CURVE('',#4817,#4813,#270,.T.);
#6150=EDGE_CURVE('',#4817,#4818,#2601,.T.);
#6151=EDGE_CURVE('',#4818,#4815,#271,.T.);
#6152=EDGE_CURVE('',#4819,#4817,#2602,.T.);
#6153=EDGE_CURVE('',#4819,#4820,#2603,.T.);
#6154=EDGE_CURVE('',#4820,#4818,#2604,.T.);
#6155=EDGE_CURVE('',#4821,#4819,#2605,.T.);
#6156=EDGE_CURVE('',#4821,#4822,#2606,.T.);
#6157=EDGE_CURVE('',#4822,#4820,#2607,.T.);
#6158=EDGE_CURVE('',#4823,#4821,#2608,.T.);
#6159=EDGE_CURVE('',#4823,#4824,#2609,.T.);
#6160=EDGE_CURVE('',#4824,#4822,#2610,.T.);
#6161=EDGE_CURVE('',#4825,#4823,#2611,.T.);
#6162=EDGE_CURVE('',#4825,#4826,#2612,.T.);
#6163=EDGE_CURVE('',#4826,#4824,#2613,.T.);
#6164=EDGE_CURVE('',#4827,#4825,#2614,.T.);
#6165=EDGE_CURVE('',#4827,#4828,#2615,.T.);
#6166=EDGE_CURVE('',#4828,#4826,#2616,.T.);
#6167=EDGE_CURVE('',#4829,#4827,#272,.T.);
#6168=EDGE_CURVE('',#4829,#4830,#2617,.T.);
#6169=EDGE_CURVE('',#4830,#4828,#273,.T.);
#6170=EDGE_CURVE('',#4831,#4829,#2618,.T.);
#6171=EDGE_CURVE('',#4831,#4832,#2619,.T.);
#6172=EDGE_CURVE('',#4832,#4830,#2620,.T.);
#6173=EDGE_CURVE('',#4814,#4831,#2621,.T.);
#6174=EDGE_CURVE('',#4816,#4832,#2622,.T.);
#6175=EDGE_CURVE('',#4833,#4834,#21,.T.);
#6176=EDGE_CURVE('',#4833,#4835,#2623,.T.);
#6177=EDGE_CURVE('',#4835,#4836,#22,.T.);
#6178=EDGE_CURVE('',#4834,#4836,#2624,.T.);
#6179=EDGE_CURVE('',#4837,#4833,#2625,.T.);
#6180=EDGE_CURVE('',#4837,#4838,#2626,.T.);
#6181=EDGE_CURVE('',#4838,#4835,#2627,.T.);
#6182=EDGE_CURVE('',#4839,#4837,#23,.T.);
#6183=EDGE_CURVE('',#4839,#4840,#2628,.T.);
#6184=EDGE_CURVE('',#4840,#4838,#24,.T.);
#6185=EDGE_CURVE('',#4834,#4839,#2629,.T.);
#6186=EDGE_CURVE('',#4836,#4840,#2630,.T.);
#6187=EDGE_CURVE('',#4841,#4842,#2631,.T.);
#6188=EDGE_CURVE('',#4841,#4843,#2632,.T.);
#6189=EDGE_CURVE('',#4843,#4844,#2633,.T.);
#6190=EDGE_CURVE('',#4842,#4844,#2634,.T.);
#6191=EDGE_CURVE('',#4842,#4841,#274,.T.);
#6192=EDGE_CURVE('',#4844,#4843,#275,.T.);
#6193=EDGE_CURVE('',#4845,#4846,#276,.T.);
#6194=EDGE_CURVE('',#4845,#4847,#2635,.T.);
#6195=EDGE_CURVE('',#4847,#4848,#277,.T.);
#6196=EDGE_CURVE('',#4846,#4848,#2636,.T.);
#6197=EDGE_CURVE('',#4849,#4845,#278,.T.);
#6198=EDGE_CURVE('',#4849,#4850,#2637,.T.);
#6199=EDGE_CURVE('',#4850,#4847,#279,.T.);
#6200=EDGE_CURVE('',#4851,#4849,#280,.T.);
#6201=EDGE_CURVE('',#4851,#4852,#2638,.T.);
#6202=EDGE_CURVE('',#4852,#4850,#281,.T.);
#6203=EDGE_CURVE('',#4853,#4851,#2639,.T.);
#6204=EDGE_CURVE('',#4853,#4854,#2640,.T.);
#6205=EDGE_CURVE('',#4854,#4852,#2641,.T.);
#6206=EDGE_CURVE('',#4855,#4853,#282,.T.);
#6207=EDGE_CURVE('',#4855,#4856,#2642,.T.);
#6208=EDGE_CURVE('',#4856,#4854,#283,.T.);
#6209=EDGE_CURVE('',#4857,#4855,#284,.T.);
#6210=EDGE_CURVE('',#4857,#4858,#2643,.T.);
#6211=EDGE_CURVE('',#4858,#4856,#285,.T.);
#6212=EDGE_CURVE('',#4846,#4857,#2644,.T.);
#6213=EDGE_CURVE('',#4848,#4858,#2645,.T.);
#6214=EDGE_CURVE('',#4859,#4860,#2646,.T.);
#6215=EDGE_CURVE('',#4859,#4861,#2647,.T.);
#6216=EDGE_CURVE('',#4861,#4862,#2648,.T.);
#6217=EDGE_CURVE('',#4860,#4862,#2649,.T.);
#6218=EDGE_CURVE('',#4863,#4859,#2650,.T.);
#6219=EDGE_CURVE('',#4863,#4864,#2651,.T.);
#6220=EDGE_CURVE('',#4864,#4861,#2652,.T.);
#6221=EDGE_CURVE('',#4865,#4863,#2653,.T.);
#6222=EDGE_CURVE('',#4865,#4866,#2654,.T.);
#6223=EDGE_CURVE('',#4866,#4864,#2655,.T.);
#6224=EDGE_CURVE('',#4860,#4865,#2656,.T.);
#6225=EDGE_CURVE('',#4862,#4866,#2657,.T.);
#6226=EDGE_CURVE('',#4867,#4868,#2658,.T.);
#6227=EDGE_CURVE('',#4867,#4869,#2659,.T.);
#6228=EDGE_CURVE('',#4869,#4870,#2660,.T.);
#6229=EDGE_CURVE('',#4868,#4870,#2661,.T.);
#6230=EDGE_CURVE('',#4871,#4867,#2662,.T.);
#6231=EDGE_CURVE('',#4871,#4872,#2663,.T.);
#6232=EDGE_CURVE('',#4872,#4869,#2664,.T.);
#6233=EDGE_CURVE('',#4873,#4871,#286,.T.);
#6234=EDGE_CURVE('',#4873,#4874,#2665,.T.);
#6235=EDGE_CURVE('',#4874,#4872,#287,.T.);
#6236=EDGE_CURVE('',#4875,#4873,#2666,.T.);
#6237=EDGE_CURVE('',#4875,#4876,#2667,.T.);
#6238=EDGE_CURVE('',#4876,#4874,#2668,.T.);
#6239=EDGE_CURVE('',#4877,#4875,#2669,.T.);
#6240=EDGE_CURVE('',#4877,#4878,#2670,.T.);
#6241=EDGE_CURVE('',#4878,#4876,#2671,.T.);
#6242=EDGE_CURVE('',#4879,#4877,#2672,.T.);
#6243=EDGE_CURVE('',#4879,#4880,#2673,.T.);
#6244=EDGE_CURVE('',#4880,#4878,#2674,.T.);
#6245=EDGE_CURVE('',#4881,#4879,#288,.T.);
#6246=EDGE_CURVE('',#4881,#4882,#2675,.T.);
#6247=EDGE_CURVE('',#4882,#4880,#289,.T.);
#6248=EDGE_CURVE('',#4883,#4881,#2676,.T.);
#6249=EDGE_CURVE('',#4883,#4884,#2677,.T.);
#6250=EDGE_CURVE('',#4884,#4882,#2678,.T.);
#6251=EDGE_CURVE('',#4885,#4883,#2679,.T.);
#6252=EDGE_CURVE('',#4885,#4886,#2680,.T.);
#6253=EDGE_CURVE('',#4886,#4884,#2681,.T.);
#6254=EDGE_CURVE('',#4887,#4885,#2682,.T.);
#6255=EDGE_CURVE('',#4887,#4888,#2683,.T.);
#6256=EDGE_CURVE('',#4888,#4886,#2684,.T.);
#6257=EDGE_CURVE('',#4889,#4887,#2685,.T.);
#6258=EDGE_CURVE('',#4889,#4890,#2686,.T.);
#6259=EDGE_CURVE('',#4890,#4888,#2687,.T.);
#6260=EDGE_CURVE('',#4891,#4889,#2688,.T.);
#6261=EDGE_CURVE('',#4891,#4892,#2689,.T.);
#6262=EDGE_CURVE('',#4892,#4890,#2690,.T.);
#6263=EDGE_CURVE('',#4893,#4891,#2691,.T.);
#6264=EDGE_CURVE('',#4893,#4894,#2692,.T.);
#6265=EDGE_CURVE('',#4894,#4892,#2693,.T.);
#6266=EDGE_CURVE('',#4895,#4893,#2694,.T.);
#6267=EDGE_CURVE('',#4895,#4896,#2695,.T.);
#6268=EDGE_CURVE('',#4896,#4894,#2696,.T.);
#6269=EDGE_CURVE('',#4897,#4895,#2697,.T.);
#6270=EDGE_CURVE('',#4897,#4898,#2698,.T.);
#6271=EDGE_CURVE('',#4898,#4896,#2699,.T.);
#6272=EDGE_CURVE('',#4868,#4897,#2700,.T.);
#6273=EDGE_CURVE('',#4870,#4898,#2701,.T.);
#6274=EDGE_CURVE('',#4674,#4673,#2702,.T.);
#6275=EDGE_CURVE('',#4673,#4899,#2703,.T.);
#6276=EDGE_CURVE('',#4899,#4674,#2704,.T.);
#6277=EDGE_CURVE('',#4900,#4719,#2705,.T.);
#6278=EDGE_CURVE('',#4900,#4901,#2706,.T.);
#6279=EDGE_CURVE('',#4720,#4901,#2707,.T.);
#6280=EDGE_CURVE('',#4674,#4729,#2708,.T.);
#6281=EDGE_CURVE('',#4730,#4899,#2709,.T.);
#6282=EDGE_CURVE('',#4690,#4900,#2710,.T.);
#6283=EDGE_CURVE('',#4901,#4726,#2711,.T.);
#6284=EDGE_CURVE('',#4728,#4673,#2712,.T.);
#6285=EDGE_CURVE('',#4689,#4727,#2713,.T.);
#6286=EDGE_CURVE('',#4711,#4722,#2714,.T.);
#6287=EDGE_CURVE('',#4713,#4725,#2715,.T.);
#6288=EDGE_CURVE('',#4714,#4724,#2716,.T.);
#6289=EDGE_CURVE('',#4712,#4723,#2717,.T.);
#6290=EDGE_CURVE('',#4902,#4903,#2718,.T.);
#6291=EDGE_CURVE('',#4904,#4902,#2719,.T.);
#6292=EDGE_CURVE('',#4903,#4904,#2720,.T.);
#6293=EDGE_CURVE('',#4905,#4906,#2721,.T.);
#6294=EDGE_CURVE('',#4907,#4905,#2722,.T.);
#6295=EDGE_CURVE('',#4907,#4906,#2723,.T.);
#6296=EDGE_CURVE('',#4906,#4902,#2724,.T.);
#6297=EDGE_CURVE('',#4904,#4907,#2725,.T.);
#6298=EDGE_CURVE('',#4905,#4908,#2726,.T.);
#6299=EDGE_CURVE('',#4909,#4908,#2727,.T.);
#6300=EDGE_CURVE('',#4910,#4909,#2728,.T.);
#6301=EDGE_CURVE('',#4911,#4910,#2729,.T.);
#6302=EDGE_CURVE('',#4911,#4903,#2730,.T.);
#6303=EDGE_CURVE('',#4912,#4913,#290,.T.);
#6304=EDGE_CURVE('',#4914,#4912,#2731,.T.);
#6305=EDGE_CURVE('',#4915,#4914,#291,.T.);
#6306=EDGE_CURVE('',#4915,#4913,#2732,.T.);
#6307=EDGE_CURVE('',#4913,#4916,#2733,.T.);
#6308=EDGE_CURVE('',#4917,#4915,#2734,.T.);
#6309=EDGE_CURVE('',#4917,#4916,#2735,.T.);
#6310=EDGE_CURVE('',#4916,#4918,#292,.T.);
#6311=EDGE_CURVE('',#4919,#4917,#293,.T.);
#6312=EDGE_CURVE('',#4919,#4918,#2736,.T.);
#6313=EDGE_CURVE('',#4918,#4920,#2737,.T.);
#6314=EDGE_CURVE('',#4921,#4919,#2738,.T.);
#6315=EDGE_CURVE('',#4921,#4920,#2739,.T.);
#6316=EDGE_CURVE('',#4920,#4922,#294,.T.);
#6317=EDGE_CURVE('',#4923,#4921,#295,.T.);
#6318=EDGE_CURVE('',#4923,#4922,#2740,.T.);
#6319=EDGE_CURVE('',#4922,#4924,#2741,.T.);
#6320=EDGE_CURVE('',#4925,#4923,#2742,.T.);
#6321=EDGE_CURVE('',#4925,#4924,#2743,.T.);
#6322=EDGE_CURVE('',#4924,#4926,#296,.T.);
#6323=EDGE_CURVE('',#4927,#4925,#297,.T.);
#6324=EDGE_CURVE('',#4927,#4926,#2744,.T.);
#6325=EDGE_CURVE('',#4926,#4912,#2745,.T.);
#6326=EDGE_CURVE('',#4914,#4927,#2746,.T.);
#6327=EDGE_CURVE('',#4910,#4928,#2747,.T.);
#6328=EDGE_CURVE('',#4929,#4909,#2748,.T.);
#6329=EDGE_CURVE('',#4928,#4929,#2749,.T.);
#6330=EDGE_CURVE('',#4930,#4928,#2750,.T.);
#6331=EDGE_CURVE('',#4931,#4929,#2751,.T.);
#6332=EDGE_CURVE('',#4930,#4931,#2752,.T.);
#6333=EDGE_CURVE('',#4911,#4930,#2753,.T.);
#6334=EDGE_CURVE('',#4908,#4931,#2754,.T.);
#6335=EDGE_CURVE('',#4932,#4933,#2755,.T.);
#6336=EDGE_CURVE('',#4934,#4932,#2756,.T.);
#6337=EDGE_CURVE('',#4935,#4934,#298,.T.);
#6338=EDGE_CURVE('',#4936,#4935,#2757,.T.);
#6339=EDGE_CURVE('',#4937,#4936,#299,.T.);
#6340=EDGE_CURVE('',#4938,#4937,#2758,.T.);
#6341=EDGE_CURVE('',#4939,#4938,#2759,.T.);
#6342=EDGE_CURVE('',#4940,#4939,#2760,.T.);
#6343=EDGE_CURVE('',#4941,#4940,#300,.T.);
#6344=EDGE_CURVE('',#4942,#4941,#2761,.T.);
#6345=EDGE_CURVE('',#4943,#4942,#301,.T.);
#6346=EDGE_CURVE('',#4933,#4943,#2762,.T.);
#6347=EDGE_CURVE('',#4944,#4937,#2763,.T.);
#6348=EDGE_CURVE('',#4945,#4944,#2764,.T.);
#6349=EDGE_CURVE('',#4945,#4938,#2765,.T.);
#6350=EDGE_CURVE('',#4946,#4936,#2766,.T.);
#6351=EDGE_CURVE('',#4946,#4944,#302,.T.);
#6352=EDGE_CURVE('',#4947,#4935,#2767,.T.);
#6353=EDGE_CURVE('',#4947,#4946,#2768,.T.);
#6354=EDGE_CURVE('',#4948,#4934,#2769,.T.);
#6355=EDGE_CURVE('',#4948,#4947,#303,.T.);
#6356=EDGE_CURVE('',#4949,#4932,#2770,.T.);
#6357=EDGE_CURVE('',#4949,#4948,#2771,.T.);
#6358=EDGE_CURVE('',#4950,#4933,#2772,.T.);
#6359=EDGE_CURVE('',#4950,#4949,#2773,.T.);
#6360=EDGE_CURVE('',#4951,#4942,#2774,.T.);
#6361=EDGE_CURVE('',#4952,#4951,#304,.T.);
#6362=EDGE_CURVE('',#4952,#4943,#2775,.T.);
#6363=EDGE_CURVE('',#4953,#4941,#2776,.T.);
#6364=EDGE_CURVE('',#4953,#4951,#2777,.T.);
#6365=EDGE_CURVE('',#4954,#4940,#2778,.T.);
#6366=EDGE_CURVE('',#4953,#4954,#305,.T.);
#6367=EDGE_CURVE('',#4955,#4939,#2779,.T.);
#6368=EDGE_CURVE('',#4955,#4954,#2780,.T.);
#6369=EDGE_CURVE('',#4955,#4945,#2781,.T.);
#6370=EDGE_CURVE('',#4952,#4950,#2782,.T.);
#6371=EDGE_CURVE('',#4956,#4957,#2783,.T.);
#6372=EDGE_CURVE('',#4958,#4956,#2784,.T.);
#6373=EDGE_CURVE('',#4959,#4958,#2785,.T.);
#6374=EDGE_CURVE('',#4959,#4957,#2786,.T.);
#6375=EDGE_CURVE('',#4957,#4960,#306,.T.);
#6376=EDGE_CURVE('',#4961,#4959,#307,.T.);
#6377=EDGE_CURVE('',#4961,#4960,#2787,.T.);
#6378=EDGE_CURVE('',#4960,#4962,#2788,.T.);
#6379=EDGE_CURVE('',#4963,#4961,#2789,.T.);
#6380=EDGE_CURVE('',#4963,#4962,#2790,.T.);
#6381=EDGE_CURVE('',#4962,#4956,#308,.T.);
#6382=EDGE_CURVE('',#4958,#4963,#309,.T.);
#6383=EDGE_CURVE('',#4964,#4965,#2791,.T.);
#6384=EDGE_CURVE('',#4965,#4966,#2792,.T.);
#6385=EDGE_CURVE('',#4967,#4966,#2793,.T.);
#6386=EDGE_CURVE('',#4964,#4967,#2794,.T.);
#6387=EDGE_CURVE('',#4968,#4964,#2795,.T.);
#6388=EDGE_CURVE('',#4969,#4967,#2796,.T.);
#6389=EDGE_CURVE('',#4968,#4969,#2797,.T.);
#6390=EDGE_CURVE('',#4970,#4968,#2798,.T.);
#6391=EDGE_CURVE('',#4971,#4969,#2799,.T.);
#6392=EDGE_CURVE('',#4970,#4971,#2800,.T.);
#6393=EDGE_CURVE('',#4965,#4970,#2801,.T.);
#6394=EDGE_CURVE('',#4966,#4971,#2802,.T.);
#6395=ORIENTED_EDGE('',*,*,#4972,.F.);
#6396=ORIENTED_EDGE('',*,*,#4973,.T.);
#6397=ORIENTED_EDGE('',*,*,#4974,.T.);
#6398=ORIENTED_EDGE('',*,*,#4975,.F.);
#6399=ORIENTED_EDGE('',*,*,#4976,.F.);
#6400=ORIENTED_EDGE('',*,*,#4977,.T.);
#6401=ORIENTED_EDGE('',*,*,#4978,.T.);
#6402=ORIENTED_EDGE('',*,*,#4973,.F.);
#6403=ORIENTED_EDGE('',*,*,#4979,.F.);
#6404=ORIENTED_EDGE('',*,*,#4980,.T.);
#6405=ORIENTED_EDGE('',*,*,#4981,.T.);
#6406=ORIENTED_EDGE('',*,*,#4977,.F.);
#6407=ORIENTED_EDGE('',*,*,#4982,.F.);
#6408=ORIENTED_EDGE('',*,*,#4983,.T.);
#6409=ORIENTED_EDGE('',*,*,#4984,.T.);
#6410=ORIENTED_EDGE('',*,*,#4980,.F.);
#6411=ORIENTED_EDGE('',*,*,#4985,.F.);
#6412=ORIENTED_EDGE('',*,*,#4986,.T.);
#6413=ORIENTED_EDGE('',*,*,#4987,.T.);
#6414=ORIENTED_EDGE('',*,*,#4983,.F.);
#6415=ORIENTED_EDGE('',*,*,#4988,.F.);
#6416=ORIENTED_EDGE('',*,*,#4989,.T.);
#6417=ORIENTED_EDGE('',*,*,#4990,.T.);
#6418=ORIENTED_EDGE('',*,*,#4986,.F.);
#6419=ORIENTED_EDGE('',*,*,#4991,.F.);
#6420=ORIENTED_EDGE('',*,*,#4992,.T.);
#6421=ORIENTED_EDGE('',*,*,#4993,.T.);
#6422=ORIENTED_EDGE('',*,*,#4989,.F.);
#6423=ORIENTED_EDGE('',*,*,#4994,.F.);
#6424=ORIENTED_EDGE('',*,*,#4995,.T.);
#6425=ORIENTED_EDGE('',*,*,#4996,.T.);
#6426=ORIENTED_EDGE('',*,*,#4992,.F.);
#6427=ORIENTED_EDGE('',*,*,#4997,.F.);
#6428=ORIENTED_EDGE('',*,*,#4998,.T.);
#6429=ORIENTED_EDGE('',*,*,#4999,.T.);
#6430=ORIENTED_EDGE('',*,*,#4995,.F.);
#6431=ORIENTED_EDGE('',*,*,#5000,.F.);
#6432=ORIENTED_EDGE('',*,*,#5001,.T.);
#6433=ORIENTED_EDGE('',*,*,#5002,.T.);
#6434=ORIENTED_EDGE('',*,*,#4998,.F.);
#6435=ORIENTED_EDGE('',*,*,#5003,.F.);
#6436=ORIENTED_EDGE('',*,*,#5004,.T.);
#6437=ORIENTED_EDGE('',*,*,#5005,.T.);
#6438=ORIENTED_EDGE('',*,*,#5001,.F.);
#6439=ORIENTED_EDGE('',*,*,#5006,.F.);
#6440=ORIENTED_EDGE('',*,*,#5007,.T.);
#6441=ORIENTED_EDGE('',*,*,#5008,.T.);
#6442=ORIENTED_EDGE('',*,*,#5004,.F.);
#6443=ORIENTED_EDGE('',*,*,#5009,.F.);
#6444=ORIENTED_EDGE('',*,*,#4975,.T.);
#6445=ORIENTED_EDGE('',*,*,#5010,.T.);
#6446=ORIENTED_EDGE('',*,*,#5007,.F.);
#6447=ORIENTED_EDGE('',*,*,#5010,.F.);
#6448=ORIENTED_EDGE('',*,*,#4974,.F.);
#6449=ORIENTED_EDGE('',*,*,#4978,.F.);
#6450=ORIENTED_EDGE('',*,*,#4981,.F.);
#6451=ORIENTED_EDGE('',*,*,#4984,.F.);
#6452=ORIENTED_EDGE('',*,*,#4987,.F.);
#6453=ORIENTED_EDGE('',*,*,#4990,.F.);
#6454=ORIENTED_EDGE('',*,*,#4993,.F.);
#6455=ORIENTED_EDGE('',*,*,#4996,.F.);
#6456=ORIENTED_EDGE('',*,*,#4999,.F.);
#6457=ORIENTED_EDGE('',*,*,#5002,.F.);
#6458=ORIENTED_EDGE('',*,*,#5005,.F.);
#6459=ORIENTED_EDGE('',*,*,#5008,.F.);
#6460=ORIENTED_EDGE('',*,*,#5011,.F.);
#6461=ORIENTED_EDGE('',*,*,#5012,.T.);
#6462=ORIENTED_EDGE('',*,*,#5013,.T.);
#6463=ORIENTED_EDGE('',*,*,#5014,.F.);
#6464=ORIENTED_EDGE('',*,*,#5015,.F.);
#6465=ORIENTED_EDGE('',*,*,#5016,.T.);
#6466=ORIENTED_EDGE('',*,*,#5017,.T.);
#6467=ORIENTED_EDGE('',*,*,#5012,.F.);
#6468=ORIENTED_EDGE('',*,*,#5018,.F.);
#6469=ORIENTED_EDGE('',*,*,#5019,.T.);
#6470=ORIENTED_EDGE('',*,*,#5020,.T.);
#6471=ORIENTED_EDGE('',*,*,#5016,.F.);
#6472=ORIENTED_EDGE('',*,*,#5021,.F.);
#6473=ORIENTED_EDGE('',*,*,#5022,.T.);
#6474=ORIENTED_EDGE('',*,*,#5023,.T.);
#6475=ORIENTED_EDGE('',*,*,#5019,.F.);
#6476=ORIENTED_EDGE('',*,*,#5024,.F.);
#6477=ORIENTED_EDGE('',*,*,#5025,.T.);
#6478=ORIENTED_EDGE('',*,*,#5026,.T.);
#6479=ORIENTED_EDGE('',*,*,#5022,.F.);
#6480=ORIENTED_EDGE('',*,*,#5027,.F.);
#6481=ORIENTED_EDGE('',*,*,#5028,.T.);
#6482=ORIENTED_EDGE('',*,*,#5029,.T.);
#6483=ORIENTED_EDGE('',*,*,#5025,.F.);
#6484=ORIENTED_EDGE('',*,*,#5030,.F.);
#6485=ORIENTED_EDGE('',*,*,#5014,.T.);
#6486=ORIENTED_EDGE('',*,*,#5031,.T.);
#6487=ORIENTED_EDGE('',*,*,#5028,.F.);
#6488=ORIENTED_EDGE('',*,*,#5031,.F.);
#6489=ORIENTED_EDGE('',*,*,#5013,.F.);
#6490=ORIENTED_EDGE('',*,*,#5017,.F.);
#6491=ORIENTED_EDGE('',*,*,#5020,.F.);
#6492=ORIENTED_EDGE('',*,*,#5023,.F.);
#6493=ORIENTED_EDGE('',*,*,#5026,.F.);
#6494=ORIENTED_EDGE('',*,*,#5029,.F.);
#6495=ORIENTED_EDGE('',*,*,#5032,.F.);
#6496=ORIENTED_EDGE('',*,*,#5033,.T.);
#6497=ORIENTED_EDGE('',*,*,#5034,.T.);
#6498=ORIENTED_EDGE('',*,*,#5033,.F.);
#6499=ORIENTED_EDGE('',*,*,#5035,.F.);
#6500=ORIENTED_EDGE('',*,*,#5036,.T.);
#6501=ORIENTED_EDGE('',*,*,#5037,.T.);
#6502=ORIENTED_EDGE('',*,*,#5038,.F.);
#6503=ORIENTED_EDGE('',*,*,#5039,.F.);
#6504=ORIENTED_EDGE('',*,*,#5040,.T.);
#6505=ORIENTED_EDGE('',*,*,#5041,.T.);
#6506=ORIENTED_EDGE('',*,*,#5036,.F.);
#6507=ORIENTED_EDGE('',*,*,#5042,.F.);
#6508=ORIENTED_EDGE('',*,*,#5043,.T.);
#6509=ORIENTED_EDGE('',*,*,#5044,.T.);
#6510=ORIENTED_EDGE('',*,*,#5040,.F.);
#6511=ORIENTED_EDGE('',*,*,#5045,.F.);
#6512=ORIENTED_EDGE('',*,*,#5046,.T.);
#6513=ORIENTED_EDGE('',*,*,#5047,.T.);
#6514=ORIENTED_EDGE('',*,*,#5043,.F.);
#6515=ORIENTED_EDGE('',*,*,#5048,.F.);
#6516=ORIENTED_EDGE('',*,*,#5049,.T.);
#6517=ORIENTED_EDGE('',*,*,#5050,.T.);
#6518=ORIENTED_EDGE('',*,*,#5046,.F.);
#6519=ORIENTED_EDGE('',*,*,#5051,.F.);
#6520=ORIENTED_EDGE('',*,*,#5038,.T.);
#6521=ORIENTED_EDGE('',*,*,#5052,.T.);
#6522=ORIENTED_EDGE('',*,*,#5049,.F.);
#6523=ORIENTED_EDGE('',*,*,#5052,.F.);
#6524=ORIENTED_EDGE('',*,*,#5037,.F.);
#6525=ORIENTED_EDGE('',*,*,#5041,.F.);
#6526=ORIENTED_EDGE('',*,*,#5044,.F.);
#6527=ORIENTED_EDGE('',*,*,#5047,.F.);
#6528=ORIENTED_EDGE('',*,*,#5050,.F.);
#6529=ORIENTED_EDGE('',*,*,#5034,.F.);
#6530=ORIENTED_EDGE('',*,*,#5053,.F.);
#6531=ORIENTED_EDGE('',*,*,#5054,.T.);
#6532=ORIENTED_EDGE('',*,*,#5055,.T.);
#6533=ORIENTED_EDGE('',*,*,#5056,.F.);
#6534=ORIENTED_EDGE('',*,*,#5057,.F.);
#6535=ORIENTED_EDGE('',*,*,#5058,.T.);
#6536=ORIENTED_EDGE('',*,*,#5059,.T.);
#6537=ORIENTED_EDGE('',*,*,#5054,.F.);
#6538=ORIENTED_EDGE('',*,*,#5060,.F.);
#6539=ORIENTED_EDGE('',*,*,#5061,.T.);
#6540=ORIENTED_EDGE('',*,*,#5062,.T.);
#6541=ORIENTED_EDGE('',*,*,#5058,.F.);
#6542=ORIENTED_EDGE('',*,*,#5063,.F.);
#6543=ORIENTED_EDGE('',*,*,#5056,.T.);
#6544=ORIENTED_EDGE('',*,*,#5064,.T.);
#6545=ORIENTED_EDGE('',*,*,#5061,.F.);
#6546=ORIENTED_EDGE('',*,*,#5064,.F.);
#6547=ORIENTED_EDGE('',*,*,#5055,.F.);
#6548=ORIENTED_EDGE('',*,*,#5059,.F.);
#6549=ORIENTED_EDGE('',*,*,#5062,.F.);
#6550=ORIENTED_EDGE('',*,*,#5065,.F.);
#6551=ORIENTED_EDGE('',*,*,#5066,.T.);
#6552=ORIENTED_EDGE('',*,*,#5067,.T.);
#6553=ORIENTED_EDGE('',*,*,#5068,.F.);
#6554=ORIENTED_EDGE('',*,*,#5069,.F.);
#6555=ORIENTED_EDGE('',*,*,#5070,.T.);
#6556=ORIENTED_EDGE('',*,*,#5071,.T.);
#6557=ORIENTED_EDGE('',*,*,#5066,.F.);
#6558=ORIENTED_EDGE('',*,*,#5072,.F.);
#6559=ORIENTED_EDGE('',*,*,#5073,.T.);
#6560=ORIENTED_EDGE('',*,*,#5074,.T.);
#6561=ORIENTED_EDGE('',*,*,#5070,.F.);
#6562=ORIENTED_EDGE('',*,*,#5075,.F.);
#6563=ORIENTED_EDGE('',*,*,#5068,.T.);
#6564=ORIENTED_EDGE('',*,*,#5076,.T.);
#6565=ORIENTED_EDGE('',*,*,#5073,.F.);
#6566=ORIENTED_EDGE('',*,*,#5077,.F.);
#6567=ORIENTED_EDGE('',*,*,#5078,.T.);
#6568=ORIENTED_EDGE('',*,*,#5079,.T.);
#6569=ORIENTED_EDGE('',*,*,#5080,.F.);
#6570=ORIENTED_EDGE('',*,*,#5081,.F.);
#6571=ORIENTED_EDGE('',*,*,#5082,.T.);
#6572=ORIENTED_EDGE('',*,*,#5083,.T.);
#6573=ORIENTED_EDGE('',*,*,#5078,.F.);
#6574=ORIENTED_EDGE('',*,*,#5084,.F.);
#6575=ORIENTED_EDGE('',*,*,#5085,.T.);
#6576=ORIENTED_EDGE('',*,*,#5086,.T.);
#6577=ORIENTED_EDGE('',*,*,#5082,.F.);
#6578=ORIENTED_EDGE('',*,*,#5087,.F.);
#6579=ORIENTED_EDGE('',*,*,#5080,.T.);
#6580=ORIENTED_EDGE('',*,*,#5088,.T.);
#6581=ORIENTED_EDGE('',*,*,#5085,.F.);
#6582=ORIENTED_EDGE('',*,*,#5088,.F.);
#6583=ORIENTED_EDGE('',*,*,#5079,.F.);
#6584=ORIENTED_EDGE('',*,*,#5083,.F.);
#6585=ORIENTED_EDGE('',*,*,#5086,.F.);
#6586=ORIENTED_EDGE('',*,*,#5076,.F.);
#6587=ORIENTED_EDGE('',*,*,#5067,.F.);
#6588=ORIENTED_EDGE('',*,*,#5071,.F.);
#6589=ORIENTED_EDGE('',*,*,#5074,.F.);
#6590=ORIENTED_EDGE('',*,*,#5089,.F.);
#6591=ORIENTED_EDGE('',*,*,#5090,.T.);
#6592=ORIENTED_EDGE('',*,*,#5091,.T.);
#6593=ORIENTED_EDGE('',*,*,#5090,.F.);
#6594=ORIENTED_EDGE('',*,*,#5092,.F.);
#6595=ORIENTED_EDGE('',*,*,#5093,.T.);
#6596=ORIENTED_EDGE('',*,*,#5094,.T.);
#6597=ORIENTED_EDGE('',*,*,#5095,.F.);
#6598=ORIENTED_EDGE('',*,*,#5096,.F.);
#6599=ORIENTED_EDGE('',*,*,#5097,.T.);
#6600=ORIENTED_EDGE('',*,*,#5098,.T.);
#6601=ORIENTED_EDGE('',*,*,#5093,.F.);
#6602=ORIENTED_EDGE('',*,*,#5099,.F.);
#6603=ORIENTED_EDGE('',*,*,#5100,.T.);
#6604=ORIENTED_EDGE('',*,*,#5101,.T.);
#6605=ORIENTED_EDGE('',*,*,#5097,.F.);
#6606=ORIENTED_EDGE('',*,*,#5102,.F.);
#6607=ORIENTED_EDGE('',*,*,#5103,.T.);
#6608=ORIENTED_EDGE('',*,*,#5104,.T.);
#6609=ORIENTED_EDGE('',*,*,#5100,.F.);
#6610=ORIENTED_EDGE('',*,*,#5105,.F.);
#6611=ORIENTED_EDGE('',*,*,#5106,.T.);
#6612=ORIENTED_EDGE('',*,*,#5107,.T.);
#6613=ORIENTED_EDGE('',*,*,#5103,.F.);
#6614=ORIENTED_EDGE('',*,*,#5108,.F.);
#6615=ORIENTED_EDGE('',*,*,#5095,.T.);
#6616=ORIENTED_EDGE('',*,*,#5109,.T.);
#6617=ORIENTED_EDGE('',*,*,#5106,.F.);
#6618=ORIENTED_EDGE('',*,*,#5109,.F.);
#6619=ORIENTED_EDGE('',*,*,#5094,.F.);
#6620=ORIENTED_EDGE('',*,*,#5098,.F.);
#6621=ORIENTED_EDGE('',*,*,#5101,.F.);
#6622=ORIENTED_EDGE('',*,*,#5104,.F.);
#6623=ORIENTED_EDGE('',*,*,#5107,.F.);
#6624=ORIENTED_EDGE('',*,*,#5091,.F.);
#6625=ORIENTED_EDGE('',*,*,#5110,.F.);
#6626=ORIENTED_EDGE('',*,*,#5111,.T.);
#6627=ORIENTED_EDGE('',*,*,#5112,.T.);
#6628=ORIENTED_EDGE('',*,*,#5113,.F.);
#6629=ORIENTED_EDGE('',*,*,#5114,.F.);
#6630=ORIENTED_EDGE('',*,*,#5115,.T.);
#6631=ORIENTED_EDGE('',*,*,#5116,.T.);
#6632=ORIENTED_EDGE('',*,*,#5111,.F.);
#6633=ORIENTED_EDGE('',*,*,#5117,.F.);
#6634=ORIENTED_EDGE('',*,*,#5118,.T.);
#6635=ORIENTED_EDGE('',*,*,#5119,.T.);
#6636=ORIENTED_EDGE('',*,*,#5115,.F.);
#6637=ORIENTED_EDGE('',*,*,#5120,.F.);
#6638=ORIENTED_EDGE('',*,*,#5113,.T.);
#6639=ORIENTED_EDGE('',*,*,#5121,.T.);
#6640=ORIENTED_EDGE('',*,*,#5118,.F.);
#6641=ORIENTED_EDGE('',*,*,#5121,.F.);
#6642=ORIENTED_EDGE('',*,*,#5112,.F.);
#6643=ORIENTED_EDGE('',*,*,#5116,.F.);
#6644=ORIENTED_EDGE('',*,*,#5119,.F.);
#6645=ORIENTED_EDGE('',*,*,#5122,.F.);
#6646=ORIENTED_EDGE('',*,*,#5123,.T.);
#6647=ORIENTED_EDGE('',*,*,#5124,.T.);
#6648=ORIENTED_EDGE('',*,*,#5125,.F.);
#6649=ORIENTED_EDGE('',*,*,#5126,.F.);
#6650=ORIENTED_EDGE('',*,*,#5127,.T.);
#6651=ORIENTED_EDGE('',*,*,#5128,.T.);
#6652=ORIENTED_EDGE('',*,*,#5123,.F.);
#6653=ORIENTED_EDGE('',*,*,#5129,.F.);
#6654=ORIENTED_EDGE('',*,*,#5130,.T.);
#6655=ORIENTED_EDGE('',*,*,#5131,.T.);
#6656=ORIENTED_EDGE('',*,*,#5127,.F.);
#6657=ORIENTED_EDGE('',*,*,#5132,.F.);
#6658=ORIENTED_EDGE('',*,*,#5125,.T.);
#6659=ORIENTED_EDGE('',*,*,#5133,.T.);
#6660=ORIENTED_EDGE('',*,*,#5130,.F.);
#6661=ORIENTED_EDGE('',*,*,#5134,.F.);
#6662=ORIENTED_EDGE('',*,*,#5135,.T.);
#6663=ORIENTED_EDGE('',*,*,#5136,.T.);
#6664=ORIENTED_EDGE('',*,*,#5137,.F.);
#6665=ORIENTED_EDGE('',*,*,#5138,.F.);
#6666=ORIENTED_EDGE('',*,*,#5139,.T.);
#6667=ORIENTED_EDGE('',*,*,#5140,.T.);
#6668=ORIENTED_EDGE('',*,*,#5135,.F.);
#6669=ORIENTED_EDGE('',*,*,#5141,.F.);
#6670=ORIENTED_EDGE('',*,*,#5142,.T.);
#6671=ORIENTED_EDGE('',*,*,#5143,.T.);
#6672=ORIENTED_EDGE('',*,*,#5139,.F.);
#6673=ORIENTED_EDGE('',*,*,#5144,.F.);
#6674=ORIENTED_EDGE('',*,*,#5137,.T.);
#6675=ORIENTED_EDGE('',*,*,#5145,.T.);
#6676=ORIENTED_EDGE('',*,*,#5142,.F.);
#6677=ORIENTED_EDGE('',*,*,#5145,.F.);
#6678=ORIENTED_EDGE('',*,*,#5136,.F.);
#6679=ORIENTED_EDGE('',*,*,#5140,.F.);
#6680=ORIENTED_EDGE('',*,*,#5143,.F.);
#6681=ORIENTED_EDGE('',*,*,#5133,.F.);
#6682=ORIENTED_EDGE('',*,*,#5124,.F.);
#6683=ORIENTED_EDGE('',*,*,#5128,.F.);
#6684=ORIENTED_EDGE('',*,*,#5131,.F.);
#6685=ORIENTED_EDGE('',*,*,#5146,.F.);
#6686=ORIENTED_EDGE('',*,*,#5147,.T.);
#6687=ORIENTED_EDGE('',*,*,#5148,.T.);
#6688=ORIENTED_EDGE('',*,*,#5147,.F.);
#6689=ORIENTED_EDGE('',*,*,#5149,.F.);
#6690=ORIENTED_EDGE('',*,*,#5150,.T.);
#6691=ORIENTED_EDGE('',*,*,#5151,.T.);
#6692=ORIENTED_EDGE('',*,*,#5152,.F.);
#6693=ORIENTED_EDGE('',*,*,#5153,.F.);
#6694=ORIENTED_EDGE('',*,*,#5154,.T.);
#6695=ORIENTED_EDGE('',*,*,#5155,.T.);
#6696=ORIENTED_EDGE('',*,*,#5150,.F.);
#6697=ORIENTED_EDGE('',*,*,#5156,.F.);
#6698=ORIENTED_EDGE('',*,*,#5157,.T.);
#6699=ORIENTED_EDGE('',*,*,#5158,.T.);
#6700=ORIENTED_EDGE('',*,*,#5154,.F.);
#6701=ORIENTED_EDGE('',*,*,#5159,.F.);
#6702=ORIENTED_EDGE('',*,*,#5160,.T.);
#6703=ORIENTED_EDGE('',*,*,#5161,.T.);
#6704=ORIENTED_EDGE('',*,*,#5157,.F.);
#6705=ORIENTED_EDGE('',*,*,#5162,.F.);
#6706=ORIENTED_EDGE('',*,*,#5163,.T.);
#6707=ORIENTED_EDGE('',*,*,#5164,.T.);
#6708=ORIENTED_EDGE('',*,*,#5160,.F.);
#6709=ORIENTED_EDGE('',*,*,#5165,.F.);
#6710=ORIENTED_EDGE('',*,*,#5152,.T.);
#6711=ORIENTED_EDGE('',*,*,#5166,.T.);
#6712=ORIENTED_EDGE('',*,*,#5163,.F.);
#6713=ORIENTED_EDGE('',*,*,#5166,.F.);
#6714=ORIENTED_EDGE('',*,*,#5151,.F.);
#6715=ORIENTED_EDGE('',*,*,#5155,.F.);
#6716=ORIENTED_EDGE('',*,*,#5158,.F.);
#6717=ORIENTED_EDGE('',*,*,#5161,.F.);
#6718=ORIENTED_EDGE('',*,*,#5164,.F.);
#6719=ORIENTED_EDGE('',*,*,#5148,.F.);
#6720=ORIENTED_EDGE('',*,*,#5167,.F.);
#6721=ORIENTED_EDGE('',*,*,#5168,.T.);
#6722=ORIENTED_EDGE('',*,*,#5169,.T.);
#6723=ORIENTED_EDGE('',*,*,#5168,.F.);
#6724=ORIENTED_EDGE('',*,*,#5170,.F.);
#6725=ORIENTED_EDGE('',*,*,#5171,.T.);
#6726=ORIENTED_EDGE('',*,*,#5172,.T.);
#6727=ORIENTED_EDGE('',*,*,#5173,.F.);
#6728=ORIENTED_EDGE('',*,*,#5174,.F.);
#6729=ORIENTED_EDGE('',*,*,#5175,.T.);
#6730=ORIENTED_EDGE('',*,*,#5176,.T.);
#6731=ORIENTED_EDGE('',*,*,#5171,.F.);
#6732=ORIENTED_EDGE('',*,*,#5177,.F.);
#6733=ORIENTED_EDGE('',*,*,#5178,.T.);
#6734=ORIENTED_EDGE('',*,*,#5179,.T.);
#6735=ORIENTED_EDGE('',*,*,#5175,.F.);
#6736=ORIENTED_EDGE('',*,*,#5180,.F.);
#6737=ORIENTED_EDGE('',*,*,#5181,.T.);
#6738=ORIENTED_EDGE('',*,*,#5182,.T.);
#6739=ORIENTED_EDGE('',*,*,#5178,.F.);
#6740=ORIENTED_EDGE('',*,*,#5183,.F.);
#6741=ORIENTED_EDGE('',*,*,#5184,.T.);
#6742=ORIENTED_EDGE('',*,*,#5185,.T.);
#6743=ORIENTED_EDGE('',*,*,#5181,.F.);
#6744=ORIENTED_EDGE('',*,*,#5186,.F.);
#6745=ORIENTED_EDGE('',*,*,#5173,.T.);
#6746=ORIENTED_EDGE('',*,*,#5187,.T.);
#6747=ORIENTED_EDGE('',*,*,#5184,.F.);
#6748=ORIENTED_EDGE('',*,*,#5187,.F.);
#6749=ORIENTED_EDGE('',*,*,#5172,.F.);
#6750=ORIENTED_EDGE('',*,*,#5176,.F.);
#6751=ORIENTED_EDGE('',*,*,#5179,.F.);
#6752=ORIENTED_EDGE('',*,*,#5182,.F.);
#6753=ORIENTED_EDGE('',*,*,#5185,.F.);
#6754=ORIENTED_EDGE('',*,*,#5169,.F.);
#6755=ORIENTED_EDGE('',*,*,#5188,.F.);
#6756=ORIENTED_EDGE('',*,*,#5189,.T.);
#6757=ORIENTED_EDGE('',*,*,#5190,.T.);
#6758=ORIENTED_EDGE('',*,*,#5191,.F.);
#6759=ORIENTED_EDGE('',*,*,#5192,.F.);
#6760=ORIENTED_EDGE('',*,*,#5193,.T.);
#6761=ORIENTED_EDGE('',*,*,#5194,.T.);
#6762=ORIENTED_EDGE('',*,*,#5189,.F.);
#6763=ORIENTED_EDGE('',*,*,#5195,.F.);
#6764=ORIENTED_EDGE('',*,*,#5196,.T.);
#6765=ORIENTED_EDGE('',*,*,#5197,.T.);
#6766=ORIENTED_EDGE('',*,*,#5193,.F.);
#6767=ORIENTED_EDGE('',*,*,#5198,.F.);
#6768=ORIENTED_EDGE('',*,*,#5191,.T.);
#6769=ORIENTED_EDGE('',*,*,#5199,.T.);
#6770=ORIENTED_EDGE('',*,*,#5196,.F.);
#6771=ORIENTED_EDGE('',*,*,#5199,.F.);
#6772=ORIENTED_EDGE('',*,*,#5190,.F.);
#6773=ORIENTED_EDGE('',*,*,#5194,.F.);
#6774=ORIENTED_EDGE('',*,*,#5197,.F.);
#6775=ORIENTED_EDGE('',*,*,#5200,.F.);
#6776=ORIENTED_EDGE('',*,*,#5201,.T.);
#6777=ORIENTED_EDGE('',*,*,#5202,.T.);
#6778=ORIENTED_EDGE('',*,*,#5203,.F.);
#6779=ORIENTED_EDGE('',*,*,#5204,.F.);
#6780=ORIENTED_EDGE('',*,*,#5205,.T.);
#6781=ORIENTED_EDGE('',*,*,#5206,.T.);
#6782=ORIENTED_EDGE('',*,*,#5201,.F.);
#6783=ORIENTED_EDGE('',*,*,#5207,.F.);
#6784=ORIENTED_EDGE('',*,*,#5208,.T.);
#6785=ORIENTED_EDGE('',*,*,#5209,.T.);
#6786=ORIENTED_EDGE('',*,*,#5205,.F.);
#6787=ORIENTED_EDGE('',*,*,#5210,.F.);
#6788=ORIENTED_EDGE('',*,*,#5211,.T.);
#6789=ORIENTED_EDGE('',*,*,#5212,.T.);
#6790=ORIENTED_EDGE('',*,*,#5208,.F.);
#6791=ORIENTED_EDGE('',*,*,#5213,.F.);
#6792=ORIENTED_EDGE('',*,*,#5214,.T.);
#6793=ORIENTED_EDGE('',*,*,#5215,.T.);
#6794=ORIENTED_EDGE('',*,*,#5211,.F.);
#6795=ORIENTED_EDGE('',*,*,#5216,.F.);
#6796=ORIENTED_EDGE('',*,*,#5217,.T.);
#6797=ORIENTED_EDGE('',*,*,#5218,.T.);
#6798=ORIENTED_EDGE('',*,*,#5214,.F.);
#6799=ORIENTED_EDGE('',*,*,#5219,.F.);
#6800=ORIENTED_EDGE('',*,*,#5220,.T.);
#6801=ORIENTED_EDGE('',*,*,#5221,.T.);
#6802=ORIENTED_EDGE('',*,*,#5217,.F.);
#6803=ORIENTED_EDGE('',*,*,#5222,.F.);
#6804=ORIENTED_EDGE('',*,*,#5223,.T.);
#6805=ORIENTED_EDGE('',*,*,#5224,.T.);
#6806=ORIENTED_EDGE('',*,*,#5220,.F.);
#6807=ORIENTED_EDGE('',*,*,#5225,.F.);
#6808=ORIENTED_EDGE('',*,*,#5226,.T.);
#6809=ORIENTED_EDGE('',*,*,#5227,.T.);
#6810=ORIENTED_EDGE('',*,*,#5223,.F.);
#6811=ORIENTED_EDGE('',*,*,#5228,.F.);
#6812=ORIENTED_EDGE('',*,*,#5229,.T.);
#6813=ORIENTED_EDGE('',*,*,#5230,.T.);
#6814=ORIENTED_EDGE('',*,*,#5226,.F.);
#6815=ORIENTED_EDGE('',*,*,#5231,.F.);
#6816=ORIENTED_EDGE('',*,*,#5232,.T.);
#6817=ORIENTED_EDGE('',*,*,#5233,.T.);
#6818=ORIENTED_EDGE('',*,*,#5229,.F.);
#6819=ORIENTED_EDGE('',*,*,#5234,.F.);
#6820=ORIENTED_EDGE('',*,*,#5235,.T.);
#6821=ORIENTED_EDGE('',*,*,#5236,.T.);
#6822=ORIENTED_EDGE('',*,*,#5232,.F.);
#6823=ORIENTED_EDGE('',*,*,#5237,.F.);
#6824=ORIENTED_EDGE('',*,*,#5238,.T.);
#6825=ORIENTED_EDGE('',*,*,#5239,.T.);
#6826=ORIENTED_EDGE('',*,*,#5235,.F.);
#6827=ORIENTED_EDGE('',*,*,#5240,.F.);
#6828=ORIENTED_EDGE('',*,*,#5241,.T.);
#6829=ORIENTED_EDGE('',*,*,#5242,.T.);
#6830=ORIENTED_EDGE('',*,*,#5238,.F.);
#6831=ORIENTED_EDGE('',*,*,#5243,.F.);
#6832=ORIENTED_EDGE('',*,*,#5203,.T.);
#6833=ORIENTED_EDGE('',*,*,#5244,.T.);
#6834=ORIENTED_EDGE('',*,*,#5241,.F.);
#6835=ORIENTED_EDGE('',*,*,#5244,.F.);
#6836=ORIENTED_EDGE('',*,*,#5202,.F.);
#6837=ORIENTED_EDGE('',*,*,#5206,.F.);
#6838=ORIENTED_EDGE('',*,*,#5209,.F.);
#6839=ORIENTED_EDGE('',*,*,#5212,.F.);
#6840=ORIENTED_EDGE('',*,*,#5215,.F.);
#6841=ORIENTED_EDGE('',*,*,#5218,.F.);
#6842=ORIENTED_EDGE('',*,*,#5221,.F.);
#6843=ORIENTED_EDGE('',*,*,#5224,.F.);
#6844=ORIENTED_EDGE('',*,*,#5227,.F.);
#6845=ORIENTED_EDGE('',*,*,#5230,.F.);
#6846=ORIENTED_EDGE('',*,*,#5233,.F.);
#6847=ORIENTED_EDGE('',*,*,#5236,.F.);
#6848=ORIENTED_EDGE('',*,*,#5239,.F.);
#6849=ORIENTED_EDGE('',*,*,#5242,.F.);
#6850=ORIENTED_EDGE('',*,*,#5245,.F.);
#6851=ORIENTED_EDGE('',*,*,#5246,.T.);
#6852=ORIENTED_EDGE('',*,*,#5247,.T.);
#6853=ORIENTED_EDGE('',*,*,#5246,.F.);
#6854=ORIENTED_EDGE('',*,*,#5247,.F.);
#6855=ORIENTED_EDGE('',*,*,#5248,.F.);
#6856=ORIENTED_EDGE('',*,*,#5249,.T.);
#6857=ORIENTED_EDGE('',*,*,#5250,.T.);
#6858=ORIENTED_EDGE('',*,*,#5251,.F.);
#6859=ORIENTED_EDGE('',*,*,#5252,.F.);
#6860=ORIENTED_EDGE('',*,*,#5253,.T.);
#6861=ORIENTED_EDGE('',*,*,#5254,.T.);
#6862=ORIENTED_EDGE('',*,*,#5249,.F.);
#6863=ORIENTED_EDGE('',*,*,#5255,.F.);
#6864=ORIENTED_EDGE('',*,*,#5256,.T.);
#6865=ORIENTED_EDGE('',*,*,#5257,.T.);
#6866=ORIENTED_EDGE('',*,*,#5253,.F.);
#6867=ORIENTED_EDGE('',*,*,#5258,.F.);
#6868=ORIENTED_EDGE('',*,*,#5251,.T.);
#6869=ORIENTED_EDGE('',*,*,#5259,.T.);
#6870=ORIENTED_EDGE('',*,*,#5256,.F.);
#6871=ORIENTED_EDGE('',*,*,#5259,.F.);
#6872=ORIENTED_EDGE('',*,*,#5250,.F.);
#6873=ORIENTED_EDGE('',*,*,#5254,.F.);
#6874=ORIENTED_EDGE('',*,*,#5257,.F.);
#6875=ORIENTED_EDGE('',*,*,#5260,.F.);
#6876=ORIENTED_EDGE('',*,*,#5261,.T.);
#6877=ORIENTED_EDGE('',*,*,#5262,.T.);
#6878=ORIENTED_EDGE('',*,*,#5263,.F.);
#6879=ORIENTED_EDGE('',*,*,#5264,.F.);
#6880=ORIENTED_EDGE('',*,*,#5265,.T.);
#6881=ORIENTED_EDGE('',*,*,#5266,.T.);
#6882=ORIENTED_EDGE('',*,*,#5261,.F.);
#6883=ORIENTED_EDGE('',*,*,#5267,.F.);
#6884=ORIENTED_EDGE('',*,*,#5268,.T.);
#6885=ORIENTED_EDGE('',*,*,#5269,.T.);
#6886=ORIENTED_EDGE('',*,*,#5265,.F.);
#6887=ORIENTED_EDGE('',*,*,#5270,.F.);
#6888=ORIENTED_EDGE('',*,*,#5271,.T.);
#6889=ORIENTED_EDGE('',*,*,#5272,.T.);
#6890=ORIENTED_EDGE('',*,*,#5268,.F.);
#6891=ORIENTED_EDGE('',*,*,#5273,.F.);
#6892=ORIENTED_EDGE('',*,*,#5274,.T.);
#6893=ORIENTED_EDGE('',*,*,#5275,.T.);
#6894=ORIENTED_EDGE('',*,*,#5271,.F.);
#6895=ORIENTED_EDGE('',*,*,#5276,.F.);
#6896=ORIENTED_EDGE('',*,*,#5277,.T.);
#6897=ORIENTED_EDGE('',*,*,#5278,.T.);
#6898=ORIENTED_EDGE('',*,*,#5274,.F.);
#6899=ORIENTED_EDGE('',*,*,#5279,.F.);
#6900=ORIENTED_EDGE('',*,*,#5280,.T.);
#6901=ORIENTED_EDGE('',*,*,#5281,.T.);
#6902=ORIENTED_EDGE('',*,*,#5277,.F.);
#6903=ORIENTED_EDGE('',*,*,#5282,.F.);
#6904=ORIENTED_EDGE('',*,*,#5263,.T.);
#6905=ORIENTED_EDGE('',*,*,#5283,.T.);
#6906=ORIENTED_EDGE('',*,*,#5280,.F.);
#6907=ORIENTED_EDGE('',*,*,#5283,.F.);
#6908=ORIENTED_EDGE('',*,*,#5262,.F.);
#6909=ORIENTED_EDGE('',*,*,#5266,.F.);
#6910=ORIENTED_EDGE('',*,*,#5269,.F.);
#6911=ORIENTED_EDGE('',*,*,#5272,.F.);
#6912=ORIENTED_EDGE('',*,*,#5275,.F.);
#6913=ORIENTED_EDGE('',*,*,#5278,.F.);
#6914=ORIENTED_EDGE('',*,*,#5281,.F.);
#6915=ORIENTED_EDGE('',*,*,#5284,.F.);
#6916=ORIENTED_EDGE('',*,*,#5285,.T.);
#6917=ORIENTED_EDGE('',*,*,#5286,.T.);
#6918=ORIENTED_EDGE('',*,*,#5285,.F.);
#6919=ORIENTED_EDGE('',*,*,#5287,.F.);
#6920=ORIENTED_EDGE('',*,*,#5288,.T.);
#6921=ORIENTED_EDGE('',*,*,#5289,.T.);
#6922=ORIENTED_EDGE('',*,*,#5288,.F.);
#6923=ORIENTED_EDGE('',*,*,#5289,.F.);
#6924=ORIENTED_EDGE('',*,*,#5286,.F.);
#6925=ORIENTED_EDGE('',*,*,#5290,.F.);
#6926=ORIENTED_EDGE('',*,*,#5291,.T.);
#6927=ORIENTED_EDGE('',*,*,#5292,.T.);
#6928=ORIENTED_EDGE('',*,*,#5291,.F.);
#6929=ORIENTED_EDGE('',*,*,#5292,.F.);
#6930=ORIENTED_EDGE('',*,*,#5293,.F.);
#6931=ORIENTED_EDGE('',*,*,#5294,.T.);
#6932=ORIENTED_EDGE('',*,*,#5295,.T.);
#6933=ORIENTED_EDGE('',*,*,#5296,.F.);
#6934=ORIENTED_EDGE('',*,*,#5297,.F.);
#6935=ORIENTED_EDGE('',*,*,#5298,.T.);
#6936=ORIENTED_EDGE('',*,*,#5299,.T.);
#6937=ORIENTED_EDGE('',*,*,#5294,.F.);
#6938=ORIENTED_EDGE('',*,*,#5300,.F.);
#6939=ORIENTED_EDGE('',*,*,#5301,.T.);
#6940=ORIENTED_EDGE('',*,*,#5302,.T.);
#6941=ORIENTED_EDGE('',*,*,#5298,.F.);
#6942=ORIENTED_EDGE('',*,*,#5303,.F.);
#6943=ORIENTED_EDGE('',*,*,#5304,.T.);
#6944=ORIENTED_EDGE('',*,*,#5305,.T.);
#6945=ORIENTED_EDGE('',*,*,#5301,.F.);
#6946=ORIENTED_EDGE('',*,*,#5306,.F.);
#6947=ORIENTED_EDGE('',*,*,#5307,.T.);
#6948=ORIENTED_EDGE('',*,*,#5308,.T.);
#6949=ORIENTED_EDGE('',*,*,#5304,.F.);
#6950=ORIENTED_EDGE('',*,*,#5309,.F.);
#6951=ORIENTED_EDGE('',*,*,#5310,.T.);
#6952=ORIENTED_EDGE('',*,*,#5311,.T.);
#6953=ORIENTED_EDGE('',*,*,#5307,.F.);
#6954=ORIENTED_EDGE('',*,*,#5312,.F.);
#6955=ORIENTED_EDGE('',*,*,#5313,.T.);
#6956=ORIENTED_EDGE('',*,*,#5314,.T.);
#6957=ORIENTED_EDGE('',*,*,#5310,.F.);
#6958=ORIENTED_EDGE('',*,*,#5315,.F.);
#6959=ORIENTED_EDGE('',*,*,#5316,.T.);
#6960=ORIENTED_EDGE('',*,*,#5317,.T.);
#6961=ORIENTED_EDGE('',*,*,#5313,.F.);
#6962=ORIENTED_EDGE('',*,*,#5318,.F.);
#6963=ORIENTED_EDGE('',*,*,#5319,.T.);
#6964=ORIENTED_EDGE('',*,*,#5320,.T.);
#6965=ORIENTED_EDGE('',*,*,#5316,.F.);
#6966=ORIENTED_EDGE('',*,*,#5321,.F.);
#6967=ORIENTED_EDGE('',*,*,#5296,.T.);
#6968=ORIENTED_EDGE('',*,*,#5322,.T.);
#6969=ORIENTED_EDGE('',*,*,#5319,.F.);
#6970=ORIENTED_EDGE('',*,*,#5322,.F.);
#6971=ORIENTED_EDGE('',*,*,#5295,.F.);
#6972=ORIENTED_EDGE('',*,*,#5299,.F.);
#6973=ORIENTED_EDGE('',*,*,#5302,.F.);
#6974=ORIENTED_EDGE('',*,*,#5305,.F.);
#6975=ORIENTED_EDGE('',*,*,#5308,.F.);
#6976=ORIENTED_EDGE('',*,*,#5311,.F.);
#6977=ORIENTED_EDGE('',*,*,#5314,.F.);
#6978=ORIENTED_EDGE('',*,*,#5317,.F.);
#6979=ORIENTED_EDGE('',*,*,#5320,.F.);
#6980=ORIENTED_EDGE('',*,*,#5323,.F.);
#6981=ORIENTED_EDGE('',*,*,#5324,.T.);
#6982=ORIENTED_EDGE('',*,*,#5325,.T.);
#6983=ORIENTED_EDGE('',*,*,#5324,.F.);
#6984=ORIENTED_EDGE('',*,*,#5326,.F.);
#6985=ORIENTED_EDGE('',*,*,#5327,.T.);
#6986=ORIENTED_EDGE('',*,*,#5328,.T.);
#6987=ORIENTED_EDGE('',*,*,#5329,.F.);
#6988=ORIENTED_EDGE('',*,*,#5330,.F.);
#6989=ORIENTED_EDGE('',*,*,#5331,.T.);
#6990=ORIENTED_EDGE('',*,*,#5332,.T.);
#6991=ORIENTED_EDGE('',*,*,#5327,.F.);
#6992=ORIENTED_EDGE('',*,*,#5333,.F.);
#6993=ORIENTED_EDGE('',*,*,#5334,.T.);
#6994=ORIENTED_EDGE('',*,*,#5335,.T.);
#6995=ORIENTED_EDGE('',*,*,#5331,.F.);
#6996=ORIENTED_EDGE('',*,*,#5336,.F.);
#6997=ORIENTED_EDGE('',*,*,#5337,.T.);
#6998=ORIENTED_EDGE('',*,*,#5338,.T.);
#6999=ORIENTED_EDGE('',*,*,#5334,.F.);
#7000=ORIENTED_EDGE('',*,*,#5339,.F.);
#7001=ORIENTED_EDGE('',*,*,#5340,.T.);
#7002=ORIENTED_EDGE('',*,*,#5341,.T.);
#7003=ORIENTED_EDGE('',*,*,#5337,.F.);
#7004=ORIENTED_EDGE('',*,*,#5342,.F.);
#7005=ORIENTED_EDGE('',*,*,#5329,.T.);
#7006=ORIENTED_EDGE('',*,*,#5343,.T.);
#7007=ORIENTED_EDGE('',*,*,#5340,.F.);
#7008=ORIENTED_EDGE('',*,*,#5343,.F.);
#7009=ORIENTED_EDGE('',*,*,#5328,.F.);
#7010=ORIENTED_EDGE('',*,*,#5332,.F.);
#7011=ORIENTED_EDGE('',*,*,#5335,.F.);
#7012=ORIENTED_EDGE('',*,*,#5338,.F.);
#7013=ORIENTED_EDGE('',*,*,#5341,.F.);
#7014=ORIENTED_EDGE('',*,*,#5325,.F.);
#7015=ORIENTED_EDGE('',*,*,#5344,.F.);
#7016=ORIENTED_EDGE('',*,*,#5345,.T.);
#7017=ORIENTED_EDGE('',*,*,#5346,.T.);
#7018=ORIENTED_EDGE('',*,*,#5345,.F.);
#7019=ORIENTED_EDGE('',*,*,#5347,.F.);
#7020=ORIENTED_EDGE('',*,*,#5348,.T.);
#7021=ORIENTED_EDGE('',*,*,#5349,.T.);
#7022=ORIENTED_EDGE('',*,*,#5348,.F.);
#7023=ORIENTED_EDGE('',*,*,#5349,.F.);
#7024=ORIENTED_EDGE('',*,*,#5346,.F.);
#7025=ORIENTED_EDGE('',*,*,#5350,.F.);
#7026=ORIENTED_EDGE('',*,*,#5351,.T.);
#7027=ORIENTED_EDGE('',*,*,#5352,.T.);
#7028=ORIENTED_EDGE('',*,*,#5351,.F.);
#7029=ORIENTED_EDGE('',*,*,#5353,.F.);
#7030=ORIENTED_EDGE('',*,*,#5354,.T.);
#7031=ORIENTED_EDGE('',*,*,#5355,.T.);
#7032=ORIENTED_EDGE('',*,*,#5356,.F.);
#7033=ORIENTED_EDGE('',*,*,#5357,.F.);
#7034=ORIENTED_EDGE('',*,*,#5358,.T.);
#7035=ORIENTED_EDGE('',*,*,#5359,.T.);
#7036=ORIENTED_EDGE('',*,*,#5354,.F.);
#7037=ORIENTED_EDGE('',*,*,#5360,.F.);
#7038=ORIENTED_EDGE('',*,*,#5361,.T.);
#7039=ORIENTED_EDGE('',*,*,#5362,.T.);
#7040=ORIENTED_EDGE('',*,*,#5358,.F.);
#7041=ORIENTED_EDGE('',*,*,#5363,.F.);
#7042=ORIENTED_EDGE('',*,*,#5364,.T.);
#7043=ORIENTED_EDGE('',*,*,#5365,.T.);
#7044=ORIENTED_EDGE('',*,*,#5361,.F.);
#7045=ORIENTED_EDGE('',*,*,#5366,.F.);
#7046=ORIENTED_EDGE('',*,*,#5367,.T.);
#7047=ORIENTED_EDGE('',*,*,#5368,.T.);
#7048=ORIENTED_EDGE('',*,*,#5364,.F.);
#7049=ORIENTED_EDGE('',*,*,#5369,.F.);
#7050=ORIENTED_EDGE('',*,*,#5356,.T.);
#7051=ORIENTED_EDGE('',*,*,#5370,.T.);
#7052=ORIENTED_EDGE('',*,*,#5367,.F.);
#7053=ORIENTED_EDGE('',*,*,#5370,.F.);
#7054=ORIENTED_EDGE('',*,*,#5355,.F.);
#7055=ORIENTED_EDGE('',*,*,#5359,.F.);
#7056=ORIENTED_EDGE('',*,*,#5362,.F.);
#7057=ORIENTED_EDGE('',*,*,#5365,.F.);
#7058=ORIENTED_EDGE('',*,*,#5368,.F.);
#7059=ORIENTED_EDGE('',*,*,#5352,.F.);
#7060=ORIENTED_EDGE('',*,*,#5371,.F.);
#7061=ORIENTED_EDGE('',*,*,#5372,.T.);
#7062=ORIENTED_EDGE('',*,*,#5373,.T.);
#7063=ORIENTED_EDGE('',*,*,#5372,.F.);
#7064=ORIENTED_EDGE('',*,*,#5374,.F.);
#7065=ORIENTED_EDGE('',*,*,#5375,.T.);
#7066=ORIENTED_EDGE('',*,*,#5376,.T.);
#7067=ORIENTED_EDGE('',*,*,#5377,.F.);
#7068=ORIENTED_EDGE('',*,*,#5378,.F.);
#7069=ORIENTED_EDGE('',*,*,#5379,.T.);
#7070=ORIENTED_EDGE('',*,*,#5380,.T.);
#7071=ORIENTED_EDGE('',*,*,#5375,.F.);
#7072=ORIENTED_EDGE('',*,*,#5381,.F.);
#7073=ORIENTED_EDGE('',*,*,#5382,.T.);
#7074=ORIENTED_EDGE('',*,*,#5383,.T.);
#7075=ORIENTED_EDGE('',*,*,#5379,.F.);
#7076=ORIENTED_EDGE('',*,*,#5384,.F.);
#7077=ORIENTED_EDGE('',*,*,#5385,.T.);
#7078=ORIENTED_EDGE('',*,*,#5386,.T.);
#7079=ORIENTED_EDGE('',*,*,#5382,.F.);
#7080=ORIENTED_EDGE('',*,*,#5387,.F.);
#7081=ORIENTED_EDGE('',*,*,#5388,.T.);
#7082=ORIENTED_EDGE('',*,*,#5389,.T.);
#7083=ORIENTED_EDGE('',*,*,#5385,.F.);
#7084=ORIENTED_EDGE('',*,*,#5390,.F.);
#7085=ORIENTED_EDGE('',*,*,#5377,.T.);
#7086=ORIENTED_EDGE('',*,*,#5391,.T.);
#7087=ORIENTED_EDGE('',*,*,#5388,.F.);
#7088=ORIENTED_EDGE('',*,*,#5391,.F.);
#7089=ORIENTED_EDGE('',*,*,#5376,.F.);
#7090=ORIENTED_EDGE('',*,*,#5380,.F.);
#7091=ORIENTED_EDGE('',*,*,#5383,.F.);
#7092=ORIENTED_EDGE('',*,*,#5386,.F.);
#7093=ORIENTED_EDGE('',*,*,#5389,.F.);
#7094=ORIENTED_EDGE('',*,*,#5373,.F.);
#7095=ORIENTED_EDGE('',*,*,#5392,.F.);
#7096=ORIENTED_EDGE('',*,*,#5393,.T.);
#7097=ORIENTED_EDGE('',*,*,#5394,.T.);
#7098=ORIENTED_EDGE('',*,*,#5395,.F.);
#7099=ORIENTED_EDGE('',*,*,#5396,.F.);
#7100=ORIENTED_EDGE('',*,*,#5397,.T.);
#7101=ORIENTED_EDGE('',*,*,#5398,.T.);
#7102=ORIENTED_EDGE('',*,*,#5393,.F.);
#7103=ORIENTED_EDGE('',*,*,#5399,.F.);
#7104=ORIENTED_EDGE('',*,*,#5400,.T.);
#7105=ORIENTED_EDGE('',*,*,#5401,.T.);
#7106=ORIENTED_EDGE('',*,*,#5397,.F.);
#7107=ORIENTED_EDGE('',*,*,#5402,.F.);
#7108=ORIENTED_EDGE('',*,*,#5403,.T.);
#7109=ORIENTED_EDGE('',*,*,#5404,.T.);
#7110=ORIENTED_EDGE('',*,*,#5400,.F.);
#7111=ORIENTED_EDGE('',*,*,#5405,.F.);
#7112=ORIENTED_EDGE('',*,*,#5406,.T.);
#7113=ORIENTED_EDGE('',*,*,#5407,.T.);
#7114=ORIENTED_EDGE('',*,*,#5403,.F.);
#7115=ORIENTED_EDGE('',*,*,#5408,.F.);
#7116=ORIENTED_EDGE('',*,*,#5409,.T.);
#7117=ORIENTED_EDGE('',*,*,#5410,.T.);
#7118=ORIENTED_EDGE('',*,*,#5406,.F.);
#7119=ORIENTED_EDGE('',*,*,#5411,.F.);
#7120=ORIENTED_EDGE('',*,*,#5395,.T.);
#7121=ORIENTED_EDGE('',*,*,#5412,.T.);
#7122=ORIENTED_EDGE('',*,*,#5409,.F.);
#7123=ORIENTED_EDGE('',*,*,#5412,.F.);
#7124=ORIENTED_EDGE('',*,*,#5394,.F.);
#7125=ORIENTED_EDGE('',*,*,#5398,.F.);
#7126=ORIENTED_EDGE('',*,*,#5401,.F.);
#7127=ORIENTED_EDGE('',*,*,#5404,.F.);
#7128=ORIENTED_EDGE('',*,*,#5407,.F.);
#7129=ORIENTED_EDGE('',*,*,#5410,.F.);
#7130=ORIENTED_EDGE('',*,*,#5413,.F.);
#7131=ORIENTED_EDGE('',*,*,#5414,.T.);
#7132=ORIENTED_EDGE('',*,*,#5415,.T.);
#7133=ORIENTED_EDGE('',*,*,#5416,.F.);
#7134=ORIENTED_EDGE('',*,*,#5417,.F.);
#7135=ORIENTED_EDGE('',*,*,#5418,.T.);
#7136=ORIENTED_EDGE('',*,*,#5419,.T.);
#7137=ORIENTED_EDGE('',*,*,#5414,.F.);
#7138=ORIENTED_EDGE('',*,*,#5420,.F.);
#7139=ORIENTED_EDGE('',*,*,#5421,.T.);
#7140=ORIENTED_EDGE('',*,*,#5422,.T.);
#7141=ORIENTED_EDGE('',*,*,#5418,.F.);
#7142=ORIENTED_EDGE('',*,*,#5423,.F.);
#7143=ORIENTED_EDGE('',*,*,#5424,.T.);
#7144=ORIENTED_EDGE('',*,*,#5425,.T.);
#7145=ORIENTED_EDGE('',*,*,#5421,.F.);
#7146=ORIENTED_EDGE('',*,*,#5426,.F.);
#7147=ORIENTED_EDGE('',*,*,#5427,.T.);
#7148=ORIENTED_EDGE('',*,*,#5428,.T.);
#7149=ORIENTED_EDGE('',*,*,#5424,.F.);
#7150=ORIENTED_EDGE('',*,*,#5429,.F.);
#7151=ORIENTED_EDGE('',*,*,#5430,.T.);
#7152=ORIENTED_EDGE('',*,*,#5431,.T.);
#7153=ORIENTED_EDGE('',*,*,#5427,.F.);
#7154=ORIENTED_EDGE('',*,*,#5432,.F.);
#7155=ORIENTED_EDGE('',*,*,#5433,.T.);
#7156=ORIENTED_EDGE('',*,*,#5434,.T.);
#7157=ORIENTED_EDGE('',*,*,#5430,.F.);
#7158=ORIENTED_EDGE('',*,*,#5435,.F.);
#7159=ORIENTED_EDGE('',*,*,#5436,.T.);
#7160=ORIENTED_EDGE('',*,*,#5437,.T.);
#7161=ORIENTED_EDGE('',*,*,#5433,.F.);
#7162=ORIENTED_EDGE('',*,*,#5438,.F.);
#7163=ORIENTED_EDGE('',*,*,#5439,.T.);
#7164=ORIENTED_EDGE('',*,*,#5440,.T.);
#7165=ORIENTED_EDGE('',*,*,#5436,.F.);
#7166=ORIENTED_EDGE('',*,*,#5441,.F.);
#7167=ORIENTED_EDGE('',*,*,#5442,.T.);
#7168=ORIENTED_EDGE('',*,*,#5443,.T.);
#7169=ORIENTED_EDGE('',*,*,#5439,.F.);
#7170=ORIENTED_EDGE('',*,*,#5444,.F.);
#7171=ORIENTED_EDGE('',*,*,#5445,.T.);
#7172=ORIENTED_EDGE('',*,*,#5446,.T.);
#7173=ORIENTED_EDGE('',*,*,#5442,.F.);
#7174=ORIENTED_EDGE('',*,*,#5447,.F.);
#7175=ORIENTED_EDGE('',*,*,#5448,.T.);
#7176=ORIENTED_EDGE('',*,*,#5449,.T.);
#7177=ORIENTED_EDGE('',*,*,#5445,.F.);
#7178=ORIENTED_EDGE('',*,*,#5450,.F.);
#7179=ORIENTED_EDGE('',*,*,#5451,.T.);
#7180=ORIENTED_EDGE('',*,*,#5452,.T.);
#7181=ORIENTED_EDGE('',*,*,#5448,.F.);
#7182=ORIENTED_EDGE('',*,*,#5453,.F.);
#7183=ORIENTED_EDGE('',*,*,#5454,.T.);
#7184=ORIENTED_EDGE('',*,*,#5455,.T.);
#7185=ORIENTED_EDGE('',*,*,#5451,.F.);
#7186=ORIENTED_EDGE('',*,*,#5456,.F.);
#7187=ORIENTED_EDGE('',*,*,#5457,.T.);
#7188=ORIENTED_EDGE('',*,*,#5458,.T.);
#7189=ORIENTED_EDGE('',*,*,#5454,.F.);
#7190=ORIENTED_EDGE('',*,*,#5459,.F.);
#7191=ORIENTED_EDGE('',*,*,#5416,.T.);
#7192=ORIENTED_EDGE('',*,*,#5460,.T.);
#7193=ORIENTED_EDGE('',*,*,#5457,.F.);
#7194=ORIENTED_EDGE('',*,*,#5460,.F.);
#7195=ORIENTED_EDGE('',*,*,#5415,.F.);
#7196=ORIENTED_EDGE('',*,*,#5419,.F.);
#7197=ORIENTED_EDGE('',*,*,#5422,.F.);
#7198=ORIENTED_EDGE('',*,*,#5425,.F.);
#7199=ORIENTED_EDGE('',*,*,#5428,.F.);
#7200=ORIENTED_EDGE('',*,*,#5431,.F.);
#7201=ORIENTED_EDGE('',*,*,#5434,.F.);
#7202=ORIENTED_EDGE('',*,*,#5437,.F.);
#7203=ORIENTED_EDGE('',*,*,#5440,.F.);
#7204=ORIENTED_EDGE('',*,*,#5443,.F.);
#7205=ORIENTED_EDGE('',*,*,#5446,.F.);
#7206=ORIENTED_EDGE('',*,*,#5449,.F.);
#7207=ORIENTED_EDGE('',*,*,#5452,.F.);
#7208=ORIENTED_EDGE('',*,*,#5455,.F.);
#7209=ORIENTED_EDGE('',*,*,#5458,.F.);
#7210=ORIENTED_EDGE('',*,*,#5461,.F.);
#7211=ORIENTED_EDGE('',*,*,#5462,.T.);
#7212=ORIENTED_EDGE('',*,*,#5463,.T.);
#7213=ORIENTED_EDGE('',*,*,#5464,.F.);
#7214=ORIENTED_EDGE('',*,*,#5465,.F.);
#7215=ORIENTED_EDGE('',*,*,#5466,.T.);
#7216=ORIENTED_EDGE('',*,*,#5467,.T.);
#7217=ORIENTED_EDGE('',*,*,#5462,.F.);
#7218=ORIENTED_EDGE('',*,*,#5468,.F.);
#7219=ORIENTED_EDGE('',*,*,#5469,.T.);
#7220=ORIENTED_EDGE('',*,*,#5470,.T.);
#7221=ORIENTED_EDGE('',*,*,#5466,.F.);
#7222=ORIENTED_EDGE('',*,*,#5471,.F.);
#7223=ORIENTED_EDGE('',*,*,#5472,.T.);
#7224=ORIENTED_EDGE('',*,*,#5473,.T.);
#7225=ORIENTED_EDGE('',*,*,#5469,.F.);
#7226=ORIENTED_EDGE('',*,*,#5474,.F.);
#7227=ORIENTED_EDGE('',*,*,#5475,.T.);
#7228=ORIENTED_EDGE('',*,*,#5476,.T.);
#7229=ORIENTED_EDGE('',*,*,#5472,.F.);
#7230=ORIENTED_EDGE('',*,*,#5477,.F.);
#7231=ORIENTED_EDGE('',*,*,#5478,.T.);
#7232=ORIENTED_EDGE('',*,*,#5479,.T.);
#7233=ORIENTED_EDGE('',*,*,#5475,.F.);
#7234=ORIENTED_EDGE('',*,*,#5480,.F.);
#7235=ORIENTED_EDGE('',*,*,#5481,.T.);
#7236=ORIENTED_EDGE('',*,*,#5482,.T.);
#7237=ORIENTED_EDGE('',*,*,#5478,.F.);
#7238=ORIENTED_EDGE('',*,*,#5483,.F.);
#7239=ORIENTED_EDGE('',*,*,#5484,.T.);
#7240=ORIENTED_EDGE('',*,*,#5485,.T.);
#7241=ORIENTED_EDGE('',*,*,#5481,.F.);
#7242=ORIENTED_EDGE('',*,*,#5486,.F.);
#7243=ORIENTED_EDGE('',*,*,#5487,.T.);
#7244=ORIENTED_EDGE('',*,*,#5488,.T.);
#7245=ORIENTED_EDGE('',*,*,#5484,.F.);
#7246=ORIENTED_EDGE('',*,*,#5489,.F.);
#7247=ORIENTED_EDGE('',*,*,#5464,.T.);
#7248=ORIENTED_EDGE('',*,*,#5490,.T.);
#7249=ORIENTED_EDGE('',*,*,#5487,.F.);
#7250=ORIENTED_EDGE('',*,*,#5490,.F.);
#7251=ORIENTED_EDGE('',*,*,#5463,.F.);
#7252=ORIENTED_EDGE('',*,*,#5467,.F.);
#7253=ORIENTED_EDGE('',*,*,#5470,.F.);
#7254=ORIENTED_EDGE('',*,*,#5473,.F.);
#7255=ORIENTED_EDGE('',*,*,#5476,.F.);
#7256=ORIENTED_EDGE('',*,*,#5479,.F.);
#7257=ORIENTED_EDGE('',*,*,#5482,.F.);
#7258=ORIENTED_EDGE('',*,*,#5485,.F.);
#7259=ORIENTED_EDGE('',*,*,#5488,.F.);
#7260=ORIENTED_EDGE('',*,*,#5491,.F.);
#7261=ORIENTED_EDGE('',*,*,#5492,.T.);
#7262=ORIENTED_EDGE('',*,*,#5493,.T.);
#7263=ORIENTED_EDGE('',*,*,#5494,.F.);
#7264=ORIENTED_EDGE('',*,*,#5495,.F.);
#7265=ORIENTED_EDGE('',*,*,#5496,.T.);
#7266=ORIENTED_EDGE('',*,*,#5497,.T.);
#7267=ORIENTED_EDGE('',*,*,#5492,.F.);
#7268=ORIENTED_EDGE('',*,*,#5498,.F.);
#7269=ORIENTED_EDGE('',*,*,#5499,.T.);
#7270=ORIENTED_EDGE('',*,*,#5500,.T.);
#7271=ORIENTED_EDGE('',*,*,#5496,.F.);
#7272=ORIENTED_EDGE('',*,*,#5501,.F.);
#7273=ORIENTED_EDGE('',*,*,#5502,.T.);
#7274=ORIENTED_EDGE('',*,*,#5503,.T.);
#7275=ORIENTED_EDGE('',*,*,#5499,.F.);
#7276=ORIENTED_EDGE('',*,*,#5504,.F.);
#7277=ORIENTED_EDGE('',*,*,#5505,.T.);
#7278=ORIENTED_EDGE('',*,*,#5506,.T.);
#7279=ORIENTED_EDGE('',*,*,#5502,.F.);
#7280=ORIENTED_EDGE('',*,*,#5507,.F.);
#7281=ORIENTED_EDGE('',*,*,#5508,.T.);
#7282=ORIENTED_EDGE('',*,*,#5509,.T.);
#7283=ORIENTED_EDGE('',*,*,#5505,.F.);
#7284=ORIENTED_EDGE('',*,*,#5510,.F.);
#7285=ORIENTED_EDGE('',*,*,#5511,.T.);
#7286=ORIENTED_EDGE('',*,*,#5512,.T.);
#7287=ORIENTED_EDGE('',*,*,#5508,.F.);
#7288=ORIENTED_EDGE('',*,*,#5513,.F.);
#7289=ORIENTED_EDGE('',*,*,#5514,.T.);
#7290=ORIENTED_EDGE('',*,*,#5515,.T.);
#7291=ORIENTED_EDGE('',*,*,#5511,.F.);
#7292=ORIENTED_EDGE('',*,*,#5516,.F.);
#7293=ORIENTED_EDGE('',*,*,#5517,.T.);
#7294=ORIENTED_EDGE('',*,*,#5518,.T.);
#7295=ORIENTED_EDGE('',*,*,#5514,.F.);
#7296=ORIENTED_EDGE('',*,*,#5519,.F.);
#7297=ORIENTED_EDGE('',*,*,#5520,.T.);
#7298=ORIENTED_EDGE('',*,*,#5521,.T.);
#7299=ORIENTED_EDGE('',*,*,#5517,.F.);
#7300=ORIENTED_EDGE('',*,*,#5522,.F.);
#7301=ORIENTED_EDGE('',*,*,#5523,.T.);
#7302=ORIENTED_EDGE('',*,*,#5524,.T.);
#7303=ORIENTED_EDGE('',*,*,#5520,.F.);
#7304=ORIENTED_EDGE('',*,*,#5525,.F.);
#7305=ORIENTED_EDGE('',*,*,#5526,.T.);
#7306=ORIENTED_EDGE('',*,*,#5527,.T.);
#7307=ORIENTED_EDGE('',*,*,#5523,.F.);
#7308=ORIENTED_EDGE('',*,*,#5528,.F.);
#7309=ORIENTED_EDGE('',*,*,#5529,.T.);
#7310=ORIENTED_EDGE('',*,*,#5530,.T.);
#7311=ORIENTED_EDGE('',*,*,#5526,.F.);
#7312=ORIENTED_EDGE('',*,*,#5531,.F.);
#7313=ORIENTED_EDGE('',*,*,#5532,.T.);
#7314=ORIENTED_EDGE('',*,*,#5533,.T.);
#7315=ORIENTED_EDGE('',*,*,#5529,.F.);
#7316=ORIENTED_EDGE('',*,*,#5534,.F.);
#7317=ORIENTED_EDGE('',*,*,#5494,.T.);
#7318=ORIENTED_EDGE('',*,*,#5535,.T.);
#7319=ORIENTED_EDGE('',*,*,#5532,.F.);
#7320=ORIENTED_EDGE('',*,*,#5535,.F.);
#7321=ORIENTED_EDGE('',*,*,#5493,.F.);
#7322=ORIENTED_EDGE('',*,*,#5497,.F.);
#7323=ORIENTED_EDGE('',*,*,#5500,.F.);
#7324=ORIENTED_EDGE('',*,*,#5503,.F.);
#7325=ORIENTED_EDGE('',*,*,#5506,.F.);
#7326=ORIENTED_EDGE('',*,*,#5509,.F.);
#7327=ORIENTED_EDGE('',*,*,#5512,.F.);
#7328=ORIENTED_EDGE('',*,*,#5515,.F.);
#7329=ORIENTED_EDGE('',*,*,#5518,.F.);
#7330=ORIENTED_EDGE('',*,*,#5521,.F.);
#7331=ORIENTED_EDGE('',*,*,#5524,.F.);
#7332=ORIENTED_EDGE('',*,*,#5527,.F.);
#7333=ORIENTED_EDGE('',*,*,#5530,.F.);
#7334=ORIENTED_EDGE('',*,*,#5533,.F.);
#7335=ORIENTED_EDGE('',*,*,#5536,.F.);
#7336=ORIENTED_EDGE('',*,*,#5537,.T.);
#7337=ORIENTED_EDGE('',*,*,#5538,.T.);
#7338=ORIENTED_EDGE('',*,*,#5539,.F.);
#7339=ORIENTED_EDGE('',*,*,#5540,.F.);
#7340=ORIENTED_EDGE('',*,*,#5541,.T.);
#7341=ORIENTED_EDGE('',*,*,#5542,.T.);
#7342=ORIENTED_EDGE('',*,*,#5537,.F.);
#7343=ORIENTED_EDGE('',*,*,#5543,.F.);
#7344=ORIENTED_EDGE('',*,*,#5544,.T.);
#7345=ORIENTED_EDGE('',*,*,#5545,.T.);
#7346=ORIENTED_EDGE('',*,*,#5541,.F.);
#7347=ORIENTED_EDGE('',*,*,#5546,.F.);
#7348=ORIENTED_EDGE('',*,*,#5539,.T.);
#7349=ORIENTED_EDGE('',*,*,#5547,.T.);
#7350=ORIENTED_EDGE('',*,*,#5544,.F.);
#7351=ORIENTED_EDGE('',*,*,#5547,.F.);
#7352=ORIENTED_EDGE('',*,*,#5538,.F.);
#7353=ORIENTED_EDGE('',*,*,#5542,.F.);
#7354=ORIENTED_EDGE('',*,*,#5545,.F.);
#7355=ORIENTED_EDGE('',*,*,#5548,.F.);
#7356=ORIENTED_EDGE('',*,*,#5549,.T.);
#7357=ORIENTED_EDGE('',*,*,#5550,.T.);
#7358=ORIENTED_EDGE('',*,*,#5549,.F.);
#7359=ORIENTED_EDGE('',*,*,#5550,.F.);
#7360=ORIENTED_EDGE('',*,*,#5551,.F.);
#7361=ORIENTED_EDGE('',*,*,#5552,.T.);
#7362=ORIENTED_EDGE('',*,*,#5553,.T.);
#7363=ORIENTED_EDGE('',*,*,#5554,.F.);
#7364=ORIENTED_EDGE('',*,*,#5555,.F.);
#7365=ORIENTED_EDGE('',*,*,#5556,.T.);
#7366=ORIENTED_EDGE('',*,*,#5557,.T.);
#7367=ORIENTED_EDGE('',*,*,#5552,.F.);
#7368=ORIENTED_EDGE('',*,*,#5558,.F.);
#7369=ORIENTED_EDGE('',*,*,#5559,.T.);
#7370=ORIENTED_EDGE('',*,*,#5560,.T.);
#7371=ORIENTED_EDGE('',*,*,#5556,.F.);
#7372=ORIENTED_EDGE('',*,*,#5561,.F.);
#7373=ORIENTED_EDGE('',*,*,#5562,.T.);
#7374=ORIENTED_EDGE('',*,*,#5563,.T.);
#7375=ORIENTED_EDGE('',*,*,#5559,.F.);
#7376=ORIENTED_EDGE('',*,*,#5564,.F.);
#7377=ORIENTED_EDGE('',*,*,#5565,.T.);
#7378=ORIENTED_EDGE('',*,*,#5566,.T.);
#7379=ORIENTED_EDGE('',*,*,#5562,.F.);
#7380=ORIENTED_EDGE('',*,*,#5567,.F.);
#7381=ORIENTED_EDGE('',*,*,#5568,.T.);
#7382=ORIENTED_EDGE('',*,*,#5569,.T.);
#7383=ORIENTED_EDGE('',*,*,#5565,.F.);
#7384=ORIENTED_EDGE('',*,*,#5570,.F.);
#7385=ORIENTED_EDGE('',*,*,#5571,.T.);
#7386=ORIENTED_EDGE('',*,*,#5572,.T.);
#7387=ORIENTED_EDGE('',*,*,#5568,.F.);
#7388=ORIENTED_EDGE('',*,*,#5573,.F.);
#7389=ORIENTED_EDGE('',*,*,#5554,.T.);
#7390=ORIENTED_EDGE('',*,*,#5574,.T.);
#7391=ORIENTED_EDGE('',*,*,#5571,.F.);
#7392=ORIENTED_EDGE('',*,*,#5574,.F.);
#7393=ORIENTED_EDGE('',*,*,#5553,.F.);
#7394=ORIENTED_EDGE('',*,*,#5557,.F.);
#7395=ORIENTED_EDGE('',*,*,#5560,.F.);
#7396=ORIENTED_EDGE('',*,*,#5563,.F.);
#7397=ORIENTED_EDGE('',*,*,#5566,.F.);
#7398=ORIENTED_EDGE('',*,*,#5569,.F.);
#7399=ORIENTED_EDGE('',*,*,#5572,.F.);
#7400=ORIENTED_EDGE('',*,*,#5575,.F.);
#7401=ORIENTED_EDGE('',*,*,#5576,.T.);
#7402=ORIENTED_EDGE('',*,*,#5577,.T.);
#7403=ORIENTED_EDGE('',*,*,#5578,.F.);
#7404=ORIENTED_EDGE('',*,*,#5579,.F.);
#7405=ORIENTED_EDGE('',*,*,#5580,.T.);
#7406=ORIENTED_EDGE('',*,*,#5581,.T.);
#7407=ORIENTED_EDGE('',*,*,#5576,.F.);
#7408=ORIENTED_EDGE('',*,*,#5582,.F.);
#7409=ORIENTED_EDGE('',*,*,#5578,.T.);
#7410=ORIENTED_EDGE('',*,*,#5583,.T.);
#7411=ORIENTED_EDGE('',*,*,#5580,.F.);
#7412=ORIENTED_EDGE('',*,*,#5584,.F.);
#7413=ORIENTED_EDGE('',*,*,#5585,.T.);
#7414=ORIENTED_EDGE('',*,*,#5586,.T.);
#7415=ORIENTED_EDGE('',*,*,#5587,.F.);
#7416=ORIENTED_EDGE('',*,*,#5588,.F.);
#7417=ORIENTED_EDGE('',*,*,#5589,.T.);
#7418=ORIENTED_EDGE('',*,*,#5590,.T.);
#7419=ORIENTED_EDGE('',*,*,#5585,.F.);
#7420=ORIENTED_EDGE('',*,*,#5591,.F.);
#7421=ORIENTED_EDGE('',*,*,#5592,.T.);
#7422=ORIENTED_EDGE('',*,*,#5593,.T.);
#7423=ORIENTED_EDGE('',*,*,#5589,.F.);
#7424=ORIENTED_EDGE('',*,*,#5594,.F.);
#7425=ORIENTED_EDGE('',*,*,#5595,.T.);
#7426=ORIENTED_EDGE('',*,*,#5596,.T.);
#7427=ORIENTED_EDGE('',*,*,#5592,.F.);
#7428=ORIENTED_EDGE('',*,*,#5597,.F.);
#7429=ORIENTED_EDGE('',*,*,#5598,.T.);
#7430=ORIENTED_EDGE('',*,*,#5599,.T.);
#7431=ORIENTED_EDGE('',*,*,#5595,.F.);
#7432=ORIENTED_EDGE('',*,*,#5600,.F.);
#7433=ORIENTED_EDGE('',*,*,#5601,.T.);
#7434=ORIENTED_EDGE('',*,*,#5602,.T.);
#7435=ORIENTED_EDGE('',*,*,#5598,.F.);
#7436=ORIENTED_EDGE('',*,*,#5603,.F.);
#7437=ORIENTED_EDGE('',*,*,#5604,.T.);
#7438=ORIENTED_EDGE('',*,*,#5605,.T.);
#7439=ORIENTED_EDGE('',*,*,#5601,.F.);
#7440=ORIENTED_EDGE('',*,*,#5606,.F.);
#7441=ORIENTED_EDGE('',*,*,#5587,.T.);
#7442=ORIENTED_EDGE('',*,*,#5607,.T.);
#7443=ORIENTED_EDGE('',*,*,#5604,.F.);
#7444=ORIENTED_EDGE('',*,*,#5607,.F.);
#7445=ORIENTED_EDGE('',*,*,#5586,.F.);
#7446=ORIENTED_EDGE('',*,*,#5590,.F.);
#7447=ORIENTED_EDGE('',*,*,#5593,.F.);
#7448=ORIENTED_EDGE('',*,*,#5596,.F.);
#7449=ORIENTED_EDGE('',*,*,#5599,.F.);
#7450=ORIENTED_EDGE('',*,*,#5602,.F.);
#7451=ORIENTED_EDGE('',*,*,#5605,.F.);
#7452=ORIENTED_EDGE('',*,*,#5583,.F.);
#7453=ORIENTED_EDGE('',*,*,#5577,.F.);
#7454=ORIENTED_EDGE('',*,*,#5581,.F.);
#7455=ORIENTED_EDGE('',*,*,#5608,.F.);
#7456=ORIENTED_EDGE('',*,*,#5609,.T.);
#7457=ORIENTED_EDGE('',*,*,#5610,.T.);
#7458=ORIENTED_EDGE('',*,*,#5609,.F.);
#7459=ORIENTED_EDGE('',*,*,#5610,.F.);
#7460=ORIENTED_EDGE('',*,*,#5611,.F.);
#7461=ORIENTED_EDGE('',*,*,#5612,.T.);
#7462=ORIENTED_EDGE('',*,*,#5613,.T.);
#7463=ORIENTED_EDGE('',*,*,#5614,.F.);
#7464=ORIENTED_EDGE('',*,*,#5615,.F.);
#7465=ORIENTED_EDGE('',*,*,#5616,.T.);
#7466=ORIENTED_EDGE('',*,*,#5617,.T.);
#7467=ORIENTED_EDGE('',*,*,#5612,.F.);
#7468=ORIENTED_EDGE('',*,*,#5618,.F.);
#7469=ORIENTED_EDGE('',*,*,#5619,.T.);
#7470=ORIENTED_EDGE('',*,*,#5620,.T.);
#7471=ORIENTED_EDGE('',*,*,#5616,.F.);
#7472=ORIENTED_EDGE('',*,*,#5621,.F.);
#7473=ORIENTED_EDGE('',*,*,#5614,.T.);
#7474=ORIENTED_EDGE('',*,*,#5622,.T.);
#7475=ORIENTED_EDGE('',*,*,#5619,.F.);
#7476=ORIENTED_EDGE('',*,*,#5622,.F.);
#7477=ORIENTED_EDGE('',*,*,#5613,.F.);
#7478=ORIENTED_EDGE('',*,*,#5617,.F.);
#7479=ORIENTED_EDGE('',*,*,#5620,.F.);
#7480=ORIENTED_EDGE('',*,*,#5623,.F.);
#7481=ORIENTED_EDGE('',*,*,#5624,.T.);
#7482=ORIENTED_EDGE('',*,*,#5625,.T.);
#7483=ORIENTED_EDGE('',*,*,#5624,.F.);
#7484=ORIENTED_EDGE('',*,*,#5625,.F.);
#7485=ORIENTED_EDGE('',*,*,#5626,.F.);
#7486=ORIENTED_EDGE('',*,*,#5627,.T.);
#7487=ORIENTED_EDGE('',*,*,#5628,.T.);
#7488=ORIENTED_EDGE('',*,*,#5629,.F.);
#7489=ORIENTED_EDGE('',*,*,#5630,.F.);
#7490=ORIENTED_EDGE('',*,*,#5631,.T.);
#7491=ORIENTED_EDGE('',*,*,#5632,.T.);
#7492=ORIENTED_EDGE('',*,*,#5627,.F.);
#7493=ORIENTED_EDGE('',*,*,#5633,.F.);
#7494=ORIENTED_EDGE('',*,*,#5634,.T.);
#7495=ORIENTED_EDGE('',*,*,#5635,.T.);
#7496=ORIENTED_EDGE('',*,*,#5631,.F.);
#7497=ORIENTED_EDGE('',*,*,#5636,.F.);
#7498=ORIENTED_EDGE('',*,*,#5629,.T.);
#7499=ORIENTED_EDGE('',*,*,#5637,.T.);
#7500=ORIENTED_EDGE('',*,*,#5634,.F.);
#7501=ORIENTED_EDGE('',*,*,#5637,.F.);
#7502=ORIENTED_EDGE('',*,*,#5628,.F.);
#7503=ORIENTED_EDGE('',*,*,#5632,.F.);
#7504=ORIENTED_EDGE('',*,*,#5635,.F.);
#7505=ORIENTED_EDGE('',*,*,#5638,.F.);
#7506=ORIENTED_EDGE('',*,*,#5639,.T.);
#7507=ORIENTED_EDGE('',*,*,#5640,.T.);
#7508=ORIENTED_EDGE('',*,*,#5639,.F.);
#7509=ORIENTED_EDGE('',*,*,#5641,.F.);
#7510=ORIENTED_EDGE('',*,*,#5642,.T.);
#7511=ORIENTED_EDGE('',*,*,#5643,.T.);
#7512=ORIENTED_EDGE('',*,*,#5644,.F.);
#7513=ORIENTED_EDGE('',*,*,#5645,.F.);
#7514=ORIENTED_EDGE('',*,*,#5646,.T.);
#7515=ORIENTED_EDGE('',*,*,#5647,.T.);
#7516=ORIENTED_EDGE('',*,*,#5642,.F.);
#7517=ORIENTED_EDGE('',*,*,#5648,.F.);
#7518=ORIENTED_EDGE('',*,*,#5649,.T.);
#7519=ORIENTED_EDGE('',*,*,#5650,.T.);
#7520=ORIENTED_EDGE('',*,*,#5646,.F.);
#7521=ORIENTED_EDGE('',*,*,#5651,.F.);
#7522=ORIENTED_EDGE('',*,*,#5652,.T.);
#7523=ORIENTED_EDGE('',*,*,#5653,.T.);
#7524=ORIENTED_EDGE('',*,*,#5649,.F.);
#7525=ORIENTED_EDGE('',*,*,#5654,.F.);
#7526=ORIENTED_EDGE('',*,*,#5655,.T.);
#7527=ORIENTED_EDGE('',*,*,#5656,.T.);
#7528=ORIENTED_EDGE('',*,*,#5652,.F.);
#7529=ORIENTED_EDGE('',*,*,#5657,.F.);
#7530=ORIENTED_EDGE('',*,*,#5644,.T.);
#7531=ORIENTED_EDGE('',*,*,#5658,.T.);
#7532=ORIENTED_EDGE('',*,*,#5655,.F.);
#7533=ORIENTED_EDGE('',*,*,#5658,.F.);
#7534=ORIENTED_EDGE('',*,*,#5643,.F.);
#7535=ORIENTED_EDGE('',*,*,#5647,.F.);
#7536=ORIENTED_EDGE('',*,*,#5650,.F.);
#7537=ORIENTED_EDGE('',*,*,#5653,.F.);
#7538=ORIENTED_EDGE('',*,*,#5656,.F.);
#7539=ORIENTED_EDGE('',*,*,#5640,.F.);
#7540=ORIENTED_EDGE('',*,*,#5659,.F.);
#7541=ORIENTED_EDGE('',*,*,#5660,.T.);
#7542=ORIENTED_EDGE('',*,*,#5661,.T.);
#7543=ORIENTED_EDGE('',*,*,#5662,.F.);
#7544=ORIENTED_EDGE('',*,*,#5663,.F.);
#7545=ORIENTED_EDGE('',*,*,#5664,.T.);
#7546=ORIENTED_EDGE('',*,*,#5665,.T.);
#7547=ORIENTED_EDGE('',*,*,#5660,.F.);
#7548=ORIENTED_EDGE('',*,*,#5666,.F.);
#7549=ORIENTED_EDGE('',*,*,#5667,.T.);
#7550=ORIENTED_EDGE('',*,*,#5668,.T.);
#7551=ORIENTED_EDGE('',*,*,#5664,.F.);
#7552=ORIENTED_EDGE('',*,*,#5669,.F.);
#7553=ORIENTED_EDGE('',*,*,#5670,.T.);
#7554=ORIENTED_EDGE('',*,*,#5671,.T.);
#7555=ORIENTED_EDGE('',*,*,#5667,.F.);
#7556=ORIENTED_EDGE('',*,*,#5672,.F.);
#7557=ORIENTED_EDGE('',*,*,#5673,.T.);
#7558=ORIENTED_EDGE('',*,*,#5674,.T.);
#7559=ORIENTED_EDGE('',*,*,#5670,.F.);
#7560=ORIENTED_EDGE('',*,*,#5675,.F.);
#7561=ORIENTED_EDGE('',*,*,#5676,.T.);
#7562=ORIENTED_EDGE('',*,*,#5677,.T.);
#7563=ORIENTED_EDGE('',*,*,#5673,.F.);
#7564=ORIENTED_EDGE('',*,*,#5678,.F.);
#7565=ORIENTED_EDGE('',*,*,#5679,.T.);
#7566=ORIENTED_EDGE('',*,*,#5680,.T.);
#7567=ORIENTED_EDGE('',*,*,#5676,.F.);
#7568=ORIENTED_EDGE('',*,*,#5681,.F.);
#7569=ORIENTED_EDGE('',*,*,#5682,.T.);
#7570=ORIENTED_EDGE('',*,*,#5683,.T.);
#7571=ORIENTED_EDGE('',*,*,#5679,.F.);
#7572=ORIENTED_EDGE('',*,*,#5684,.F.);
#7573=ORIENTED_EDGE('',*,*,#5685,.T.);
#7574=ORIENTED_EDGE('',*,*,#5686,.T.);
#7575=ORIENTED_EDGE('',*,*,#5682,.F.);
#7576=ORIENTED_EDGE('',*,*,#5687,.F.);
#7577=ORIENTED_EDGE('',*,*,#5662,.T.);
#7578=ORIENTED_EDGE('',*,*,#5688,.T.);
#7579=ORIENTED_EDGE('',*,*,#5685,.F.);
#7580=ORIENTED_EDGE('',*,*,#5688,.F.);
#7581=ORIENTED_EDGE('',*,*,#5661,.F.);
#7582=ORIENTED_EDGE('',*,*,#5665,.F.);
#7583=ORIENTED_EDGE('',*,*,#5668,.F.);
#7584=ORIENTED_EDGE('',*,*,#5671,.F.);
#7585=ORIENTED_EDGE('',*,*,#5674,.F.);
#7586=ORIENTED_EDGE('',*,*,#5677,.F.);
#7587=ORIENTED_EDGE('',*,*,#5680,.F.);
#7588=ORIENTED_EDGE('',*,*,#5683,.F.);
#7589=ORIENTED_EDGE('',*,*,#5686,.F.);
#7590=ORIENTED_EDGE('',*,*,#5689,.F.);
#7591=ORIENTED_EDGE('',*,*,#5690,.T.);
#7592=ORIENTED_EDGE('',*,*,#5691,.T.);
#7593=ORIENTED_EDGE('',*,*,#5692,.F.);
#7594=ORIENTED_EDGE('',*,*,#5693,.F.);
#7595=ORIENTED_EDGE('',*,*,#5694,.T.);
#7596=ORIENTED_EDGE('',*,*,#5695,.T.);
#7597=ORIENTED_EDGE('',*,*,#5690,.F.);
#7598=ORIENTED_EDGE('',*,*,#5696,.F.);
#7599=ORIENTED_EDGE('',*,*,#5697,.T.);
#7600=ORIENTED_EDGE('',*,*,#5698,.T.);
#7601=ORIENTED_EDGE('',*,*,#5694,.F.);
#7602=ORIENTED_EDGE('',*,*,#5699,.F.);
#7603=ORIENTED_EDGE('',*,*,#5700,.T.);
#7604=ORIENTED_EDGE('',*,*,#5701,.T.);
#7605=ORIENTED_EDGE('',*,*,#5697,.F.);
#7606=ORIENTED_EDGE('',*,*,#5702,.F.);
#7607=ORIENTED_EDGE('',*,*,#5703,.T.);
#7608=ORIENTED_EDGE('',*,*,#5704,.T.);
#7609=ORIENTED_EDGE('',*,*,#5700,.F.);
#7610=ORIENTED_EDGE('',*,*,#5705,.F.);
#7611=ORIENTED_EDGE('',*,*,#5706,.T.);
#7612=ORIENTED_EDGE('',*,*,#5707,.T.);
#7613=ORIENTED_EDGE('',*,*,#5703,.F.);
#7614=ORIENTED_EDGE('',*,*,#5708,.F.);
#7615=ORIENTED_EDGE('',*,*,#5709,.T.);
#7616=ORIENTED_EDGE('',*,*,#5710,.T.);
#7617=ORIENTED_EDGE('',*,*,#5706,.F.);
#7618=ORIENTED_EDGE('',*,*,#5711,.F.);
#7619=ORIENTED_EDGE('',*,*,#5712,.T.);
#7620=ORIENTED_EDGE('',*,*,#5713,.T.);
#7621=ORIENTED_EDGE('',*,*,#5709,.F.);
#7622=ORIENTED_EDGE('',*,*,#5714,.F.);
#7623=ORIENTED_EDGE('',*,*,#5715,.T.);
#7624=ORIENTED_EDGE('',*,*,#5716,.T.);
#7625=ORIENTED_EDGE('',*,*,#5712,.F.);
#7626=ORIENTED_EDGE('',*,*,#5717,.F.);
#7627=ORIENTED_EDGE('',*,*,#5718,.T.);
#7628=ORIENTED_EDGE('',*,*,#5719,.T.);
#7629=ORIENTED_EDGE('',*,*,#5715,.F.);
#7630=ORIENTED_EDGE('',*,*,#5720,.F.);
#7631=ORIENTED_EDGE('',*,*,#5692,.T.);
#7632=ORIENTED_EDGE('',*,*,#5721,.T.);
#7633=ORIENTED_EDGE('',*,*,#5718,.F.);
#7634=ORIENTED_EDGE('',*,*,#5721,.F.);
#7635=ORIENTED_EDGE('',*,*,#5691,.F.);
#7636=ORIENTED_EDGE('',*,*,#5695,.F.);
#7637=ORIENTED_EDGE('',*,*,#5698,.F.);
#7638=ORIENTED_EDGE('',*,*,#5701,.F.);
#7639=ORIENTED_EDGE('',*,*,#5704,.F.);
#7640=ORIENTED_EDGE('',*,*,#5707,.F.);
#7641=ORIENTED_EDGE('',*,*,#5710,.F.);
#7642=ORIENTED_EDGE('',*,*,#5713,.F.);
#7643=ORIENTED_EDGE('',*,*,#5716,.F.);
#7644=ORIENTED_EDGE('',*,*,#5719,.F.);
#7645=ORIENTED_EDGE('',*,*,#5722,.F.);
#7646=ORIENTED_EDGE('',*,*,#5723,.T.);
#7647=ORIENTED_EDGE('',*,*,#5724,.T.);
#7648=ORIENTED_EDGE('',*,*,#5725,.F.);
#7649=ORIENTED_EDGE('',*,*,#5726,.F.);
#7650=ORIENTED_EDGE('',*,*,#5727,.T.);
#7651=ORIENTED_EDGE('',*,*,#5728,.T.);
#7652=ORIENTED_EDGE('',*,*,#5723,.F.);
#7653=ORIENTED_EDGE('',*,*,#5729,.F.);
#7654=ORIENTED_EDGE('',*,*,#5730,.T.);
#7655=ORIENTED_EDGE('',*,*,#5731,.T.);
#7656=ORIENTED_EDGE('',*,*,#5727,.F.);
#7657=ORIENTED_EDGE('',*,*,#5732,.F.);
#7658=ORIENTED_EDGE('',*,*,#5733,.T.);
#7659=ORIENTED_EDGE('',*,*,#5734,.T.);
#7660=ORIENTED_EDGE('',*,*,#5730,.F.);
#7661=ORIENTED_EDGE('',*,*,#5735,.F.);
#7662=ORIENTED_EDGE('',*,*,#5736,.T.);
#7663=ORIENTED_EDGE('',*,*,#5737,.T.);
#7664=ORIENTED_EDGE('',*,*,#5733,.F.);
#7665=ORIENTED_EDGE('',*,*,#5738,.F.);
#7666=ORIENTED_EDGE('',*,*,#5739,.T.);
#7667=ORIENTED_EDGE('',*,*,#5740,.T.);
#7668=ORIENTED_EDGE('',*,*,#5736,.F.);
#7669=ORIENTED_EDGE('',*,*,#5741,.F.);
#7670=ORIENTED_EDGE('',*,*,#5742,.T.);
#7671=ORIENTED_EDGE('',*,*,#5743,.T.);
#7672=ORIENTED_EDGE('',*,*,#5739,.F.);
#7673=ORIENTED_EDGE('',*,*,#5744,.F.);
#7674=ORIENTED_EDGE('',*,*,#5725,.T.);
#7675=ORIENTED_EDGE('',*,*,#5745,.T.);
#7676=ORIENTED_EDGE('',*,*,#5742,.F.);
#7677=ORIENTED_EDGE('',*,*,#5745,.F.);
#7678=ORIENTED_EDGE('',*,*,#5724,.F.);
#7679=ORIENTED_EDGE('',*,*,#5728,.F.);
#7680=ORIENTED_EDGE('',*,*,#5731,.F.);
#7681=ORIENTED_EDGE('',*,*,#5734,.F.);
#7682=ORIENTED_EDGE('',*,*,#5737,.F.);
#7683=ORIENTED_EDGE('',*,*,#5740,.F.);
#7684=ORIENTED_EDGE('',*,*,#5743,.F.);
#7685=ORIENTED_EDGE('',*,*,#5746,.F.);
#7686=ORIENTED_EDGE('',*,*,#5747,.T.);
#7687=ORIENTED_EDGE('',*,*,#5748,.T.);
#7688=ORIENTED_EDGE('',*,*,#5749,.F.);
#7689=ORIENTED_EDGE('',*,*,#5750,.F.);
#7690=ORIENTED_EDGE('',*,*,#5751,.T.);
#7691=ORIENTED_EDGE('',*,*,#5752,.T.);
#7692=ORIENTED_EDGE('',*,*,#5747,.F.);
#7693=ORIENTED_EDGE('',*,*,#5753,.F.);
#7694=ORIENTED_EDGE('',*,*,#5754,.T.);
#7695=ORIENTED_EDGE('',*,*,#5755,.T.);
#7696=ORIENTED_EDGE('',*,*,#5751,.F.);
#7697=ORIENTED_EDGE('',*,*,#5756,.F.);
#7698=ORIENTED_EDGE('',*,*,#5757,.T.);
#7699=ORIENTED_EDGE('',*,*,#5758,.T.);
#7700=ORIENTED_EDGE('',*,*,#5754,.F.);
#7701=ORIENTED_EDGE('',*,*,#5759,.F.);
#7702=ORIENTED_EDGE('',*,*,#5760,.T.);
#7703=ORIENTED_EDGE('',*,*,#5761,.T.);
#7704=ORIENTED_EDGE('',*,*,#5757,.F.);
#7705=ORIENTED_EDGE('',*,*,#5762,.F.);
#7706=ORIENTED_EDGE('',*,*,#5763,.T.);
#7707=ORIENTED_EDGE('',*,*,#5764,.T.);
#7708=ORIENTED_EDGE('',*,*,#5760,.F.);
#7709=ORIENTED_EDGE('',*,*,#5765,.F.);
#7710=ORIENTED_EDGE('',*,*,#5766,.T.);
#7711=ORIENTED_EDGE('',*,*,#5767,.T.);
#7712=ORIENTED_EDGE('',*,*,#5763,.F.);
#7713=ORIENTED_EDGE('',*,*,#5768,.F.);
#7714=ORIENTED_EDGE('',*,*,#5749,.T.);
#7715=ORIENTED_EDGE('',*,*,#5769,.T.);
#7716=ORIENTED_EDGE('',*,*,#5766,.F.);
#7717=ORIENTED_EDGE('',*,*,#5769,.F.);
#7718=ORIENTED_EDGE('',*,*,#5748,.F.);
#7719=ORIENTED_EDGE('',*,*,#5752,.F.);
#7720=ORIENTED_EDGE('',*,*,#5755,.F.);
#7721=ORIENTED_EDGE('',*,*,#5758,.F.);
#7722=ORIENTED_EDGE('',*,*,#5761,.F.);
#7723=ORIENTED_EDGE('',*,*,#5764,.F.);
#7724=ORIENTED_EDGE('',*,*,#5767,.F.);
#7725=ORIENTED_EDGE('',*,*,#5770,.F.);
#7726=ORIENTED_EDGE('',*,*,#5771,.T.);
#7727=ORIENTED_EDGE('',*,*,#5772,.T.);
#7728=ORIENTED_EDGE('',*,*,#5773,.F.);
#7729=ORIENTED_EDGE('',*,*,#5774,.F.);
#7730=ORIENTED_EDGE('',*,*,#5775,.T.);
#7731=ORIENTED_EDGE('',*,*,#5776,.T.);
#7732=ORIENTED_EDGE('',*,*,#5771,.F.);
#7733=ORIENTED_EDGE('',*,*,#5777,.F.);
#7734=ORIENTED_EDGE('',*,*,#5778,.T.);
#7735=ORIENTED_EDGE('',*,*,#5779,.T.);
#7736=ORIENTED_EDGE('',*,*,#5775,.F.);
#7737=ORIENTED_EDGE('',*,*,#5780,.F.);
#7738=ORIENTED_EDGE('',*,*,#5781,.T.);
#7739=ORIENTED_EDGE('',*,*,#5782,.T.);
#7740=ORIENTED_EDGE('',*,*,#5778,.F.);
#7741=ORIENTED_EDGE('',*,*,#5783,.F.);
#7742=ORIENTED_EDGE('',*,*,#5784,.T.);
#7743=ORIENTED_EDGE('',*,*,#5785,.T.);
#7744=ORIENTED_EDGE('',*,*,#5781,.F.);
#7745=ORIENTED_EDGE('',*,*,#5786,.F.);
#7746=ORIENTED_EDGE('',*,*,#5787,.T.);
#7747=ORIENTED_EDGE('',*,*,#5788,.T.);
#7748=ORIENTED_EDGE('',*,*,#5784,.F.);
#7749=ORIENTED_EDGE('',*,*,#5789,.F.);
#7750=ORIENTED_EDGE('',*,*,#5790,.T.);
#7751=ORIENTED_EDGE('',*,*,#5791,.T.);
#7752=ORIENTED_EDGE('',*,*,#5787,.F.);
#7753=ORIENTED_EDGE('',*,*,#5792,.F.);
#7754=ORIENTED_EDGE('',*,*,#5793,.T.);
#7755=ORIENTED_EDGE('',*,*,#5794,.T.);
#7756=ORIENTED_EDGE('',*,*,#5790,.F.);
#7757=ORIENTED_EDGE('',*,*,#5795,.F.);
#7758=ORIENTED_EDGE('',*,*,#5796,.T.);
#7759=ORIENTED_EDGE('',*,*,#5797,.T.);
#7760=ORIENTED_EDGE('',*,*,#5793,.F.);
#7761=ORIENTED_EDGE('',*,*,#5798,.F.);
#7762=ORIENTED_EDGE('',*,*,#5799,.T.);
#7763=ORIENTED_EDGE('',*,*,#5800,.T.);
#7764=ORIENTED_EDGE('',*,*,#5796,.F.);
#7765=ORIENTED_EDGE('',*,*,#5801,.F.);
#7766=ORIENTED_EDGE('',*,*,#5802,.T.);
#7767=ORIENTED_EDGE('',*,*,#5803,.T.);
#7768=ORIENTED_EDGE('',*,*,#5799,.F.);
#7769=ORIENTED_EDGE('',*,*,#5804,.F.);
#7770=ORIENTED_EDGE('',*,*,#5773,.T.);
#7771=ORIENTED_EDGE('',*,*,#5805,.T.);
#7772=ORIENTED_EDGE('',*,*,#5802,.F.);
#7773=ORIENTED_EDGE('',*,*,#5805,.F.);
#7774=ORIENTED_EDGE('',*,*,#5772,.F.);
#7775=ORIENTED_EDGE('',*,*,#5776,.F.);
#7776=ORIENTED_EDGE('',*,*,#5779,.F.);
#7777=ORIENTED_EDGE('',*,*,#5782,.F.);
#7778=ORIENTED_EDGE('',*,*,#5785,.F.);
#7779=ORIENTED_EDGE('',*,*,#5788,.F.);
#7780=ORIENTED_EDGE('',*,*,#5791,.F.);
#7781=ORIENTED_EDGE('',*,*,#5794,.F.);
#7782=ORIENTED_EDGE('',*,*,#5797,.F.);
#7783=ORIENTED_EDGE('',*,*,#5800,.F.);
#7784=ORIENTED_EDGE('',*,*,#5803,.F.);
#7785=ORIENTED_EDGE('',*,*,#5638,.T.);
#7786=ORIENTED_EDGE('',*,*,#5575,.T.);
#7787=ORIENTED_EDGE('',*,*,#5582,.T.);
#7788=ORIENTED_EDGE('',*,*,#5579,.T.);
#7789=ORIENTED_EDGE('',*,*,#5371,.T.);
#7790=ORIENTED_EDGE('',*,*,#5350,.T.);
#7791=ORIENTED_EDGE('',*,*,#5344,.T.);
#7792=ORIENTED_EDGE('',*,*,#5323,.T.);
#7793=ORIENTED_EDGE('',*,*,#5284,.T.);
#7794=ORIENTED_EDGE('',*,*,#5167,.T.);
#7795=ORIENTED_EDGE('',*,*,#5146,.T.);
#7796=ORIENTED_EDGE('',*,*,#5122,.T.);
#7797=ORIENTED_EDGE('',*,*,#5132,.T.);
#7798=ORIENTED_EDGE('',*,*,#5129,.T.);
#7799=ORIENTED_EDGE('',*,*,#5126,.T.);
#7800=ORIENTED_EDGE('',*,*,#5089,.T.);
#7801=ORIENTED_EDGE('',*,*,#5065,.T.);
#7802=ORIENTED_EDGE('',*,*,#5075,.T.);
#7803=ORIENTED_EDGE('',*,*,#5072,.T.);
#7804=ORIENTED_EDGE('',*,*,#5069,.T.);
#7805=ORIENTED_EDGE('',*,*,#5032,.T.);
#7806=ORIENTED_EDGE('',*,*,#5806,.F.);
#7807=ORIENTED_EDGE('',*,*,#5807,.T.);
#7808=ORIENTED_EDGE('',*,*,#5808,.T.);
#7809=ORIENTED_EDGE('',*,*,#5809,.T.);
#7810=ORIENTED_EDGE('',*,*,#5810,.T.);
#7811=ORIENTED_EDGE('',*,*,#5811,.T.);
#7812=ORIENTED_EDGE('',*,*,#5812,.T.);
#7813=ORIENTED_EDGE('',*,*,#5813,.T.);
#7814=ORIENTED_EDGE('',*,*,#5814,.F.);
#7815=ORIENTED_EDGE('',*,*,#5815,.F.);
#7816=ORIENTED_EDGE('',*,*,#5816,.T.);
#7817=ORIENTED_EDGE('',*,*,#5807,.F.);
#7818=ORIENTED_EDGE('',*,*,#5817,.F.);
#7819=ORIENTED_EDGE('',*,*,#5818,.T.);
#7820=ORIENTED_EDGE('',*,*,#5813,.F.);
#7821=ORIENTED_EDGE('',*,*,#5819,.F.);
#7822=ORIENTED_EDGE('',*,*,#5820,.F.);
#7823=ORIENTED_EDGE('',*,*,#5819,.T.);
#7824=ORIENTED_EDGE('',*,*,#5812,.F.);
#7825=ORIENTED_EDGE('',*,*,#5821,.F.);
#7826=ORIENTED_EDGE('',*,*,#5822,.F.);
#7827=ORIENTED_EDGE('',*,*,#5821,.T.);
#7828=ORIENTED_EDGE('',*,*,#5811,.F.);
#7829=ORIENTED_EDGE('',*,*,#5823,.F.);
#7830=ORIENTED_EDGE('',*,*,#5824,.F.);
#7831=ORIENTED_EDGE('',*,*,#5823,.T.);
#7832=ORIENTED_EDGE('',*,*,#5810,.F.);
#7833=ORIENTED_EDGE('',*,*,#5818,.F.);
#7834=ORIENTED_EDGE('',*,*,#5825,.F.);
#7835=ORIENTED_EDGE('',*,*,#5826,.T.);
#7836=ORIENTED_EDGE('',*,*,#5808,.F.);
#7837=ORIENTED_EDGE('',*,*,#5816,.F.);
#7838=ORIENTED_EDGE('',*,*,#5827,.T.);
#7839=ORIENTED_EDGE('',*,*,#5828,.F.);
#7840=ORIENTED_EDGE('',*,*,#5829,.T.);
#7841=ORIENTED_EDGE('',*,*,#5809,.F.);
#7842=ORIENTED_EDGE('',*,*,#5826,.F.);
#7843=ORIENTED_EDGE('',*,*,#5830,.F.);
#7844=ORIENTED_EDGE('',*,*,#5827,.F.);
#7845=ORIENTED_EDGE('',*,*,#5831,.F.);
#7846=ORIENTED_EDGE('',*,*,#5832,.T.);
#7847=ORIENTED_EDGE('',*,*,#5833,.F.);
#7848=ORIENTED_EDGE('',*,*,#5834,.F.);
#7849=ORIENTED_EDGE('',*,*,#5835,.T.);
#7850=ORIENTED_EDGE('',*,*,#5836,.T.);
#7851=ORIENTED_EDGE('',*,*,#5837,.T.);
#7852=ORIENTED_EDGE('',*,*,#5838,.F.);
#7853=ORIENTED_EDGE('',*,*,#5839,.T.);
#7854=ORIENTED_EDGE('',*,*,#5840,.T.);
#7855=ORIENTED_EDGE('',*,*,#5841,.T.);
#7856=ORIENTED_EDGE('',*,*,#5842,.F.);
#7857=ORIENTED_EDGE('',*,*,#5837,.F.);
#7858=ORIENTED_EDGE('',*,*,#5843,.F.);
#7859=ORIENTED_EDGE('',*,*,#5844,.T.);
#7860=ORIENTED_EDGE('',*,*,#5845,.F.);
#7861=ORIENTED_EDGE('',*,*,#5841,.F.);
#7862=ORIENTED_EDGE('',*,*,#5846,.F.);
#7863=ORIENTED_EDGE('',*,*,#5847,.F.);
#7864=ORIENTED_EDGE('',*,*,#5848,.F.);
#7865=ORIENTED_EDGE('',*,*,#5846,.T.);
#7866=ORIENTED_EDGE('',*,*,#5840,.F.);
#7867=ORIENTED_EDGE('',*,*,#5849,.F.);
#7868=ORIENTED_EDGE('',*,*,#5850,.F.);
#7869=ORIENTED_EDGE('',*,*,#5851,.F.);
#7870=ORIENTED_EDGE('',*,*,#5849,.T.);
#7871=ORIENTED_EDGE('',*,*,#5839,.F.);
#7872=ORIENTED_EDGE('',*,*,#5852,.T.);
#7873=ORIENTED_EDGE('',*,*,#5843,.T.);
#7874=ORIENTED_EDGE('',*,*,#5836,.F.);
#7875=ORIENTED_EDGE('',*,*,#5853,.F.);
#7876=ORIENTED_EDGE('',*,*,#5854,.T.);
#7877=ORIENTED_EDGE('',*,*,#5855,.T.);
#7878=ORIENTED_EDGE('',*,*,#5856,.F.);
#7879=ORIENTED_EDGE('',*,*,#5857,.F.);
#7880=ORIENTED_EDGE('',*,*,#5858,.T.);
#7881=ORIENTED_EDGE('',*,*,#5859,.T.);
#7882=ORIENTED_EDGE('',*,*,#5860,.T.);
#7883=ORIENTED_EDGE('',*,*,#5861,.T.);
#7884=ORIENTED_EDGE('',*,*,#5862,.T.);
#7885=ORIENTED_EDGE('',*,*,#5863,.T.);
#7886=ORIENTED_EDGE('',*,*,#5844,.F.);
#7887=ORIENTED_EDGE('',*,*,#5852,.F.);
#7888=ORIENTED_EDGE('',*,*,#5864,.F.);
#7889=ORIENTED_EDGE('',*,*,#5854,.F.);
#7890=ORIENTED_EDGE('',*,*,#5865,.F.);
#7891=ORIENTED_EDGE('',*,*,#5866,.T.);
#7892=ORIENTED_EDGE('',*,*,#5867,.T.);
#7893=ORIENTED_EDGE('',*,*,#5868,.T.);
#7894=ORIENTED_EDGE('',*,*,#5869,.T.);
#7895=ORIENTED_EDGE('',*,*,#5870,.T.);
#7896=ORIENTED_EDGE('',*,*,#5847,.T.);
#7897=ORIENTED_EDGE('',*,*,#5848,.T.);
#7898=ORIENTED_EDGE('',*,*,#5851,.T.);
#7899=ORIENTED_EDGE('',*,*,#5871,.T.);
#7900=ORIENTED_EDGE('',*,*,#5872,.F.);
#7901=ORIENTED_EDGE('',*,*,#5834,.T.);
#7902=ORIENTED_EDGE('',*,*,#5845,.T.);
#7903=ORIENTED_EDGE('',*,*,#5871,.F.);
#7904=ORIENTED_EDGE('',*,*,#5850,.T.);
#7905=ORIENTED_EDGE('',*,*,#5838,.T.);
#7906=ORIENTED_EDGE('',*,*,#5842,.T.);
#7907=ORIENTED_EDGE('',*,*,#5863,.F.);
#7908=ORIENTED_EDGE('',*,*,#5873,.T.);
#7909=ORIENTED_EDGE('',*,*,#5874,.T.);
#7910=ORIENTED_EDGE('',*,*,#5875,.T.);
#7911=ORIENTED_EDGE('',*,*,#5867,.F.);
#7912=ORIENTED_EDGE('',*,*,#5876,.T.);
#7913=ORIENTED_EDGE('',*,*,#5877,.T.);
#7914=ORIENTED_EDGE('',*,*,#5878,.T.);
#7915=ORIENTED_EDGE('',*,*,#5859,.F.);
#7916=ORIENTED_EDGE('',*,*,#5879,.T.);
#7917=ORIENTED_EDGE('',*,*,#5880,.T.);
#7918=ORIENTED_EDGE('',*,*,#5881,.F.);
#7919=ORIENTED_EDGE('',*,*,#5882,.T.);
#7920=ORIENTED_EDGE('',*,*,#5883,.T.);
#7921=ORIENTED_EDGE('',*,*,#5884,.T.);
#7922=ORIENTED_EDGE('',*,*,#5885,.F.);
#7923=ORIENTED_EDGE('',*,*,#5886,.T.);
#7924=ORIENTED_EDGE('',*,*,#5887,.F.);
#7925=ORIENTED_EDGE('',*,*,#5888,.T.);
#7926=ORIENTED_EDGE('',*,*,#5889,.T.);
#7927=ORIENTED_EDGE('',*,*,#5890,.T.);
#7928=ORIENTED_EDGE('',*,*,#5891,.T.);
#7929=ORIENTED_EDGE('',*,*,#5892,.T.);
#7930=ORIENTED_EDGE('',*,*,#5893,.T.);
#7931=ORIENTED_EDGE('',*,*,#5894,.T.);
#7932=ORIENTED_EDGE('',*,*,#5895,.T.);
#7933=ORIENTED_EDGE('',*,*,#5896,.F.);
#7934=ORIENTED_EDGE('',*,*,#5897,.F.);
#7935=ORIENTED_EDGE('',*,*,#5898,.F.);
#7936=ORIENTED_EDGE('',*,*,#5899,.T.);
#7937=ORIENTED_EDGE('',*,*,#5900,.F.);
#7938=ORIENTED_EDGE('',*,*,#5901,.T.);
#7939=ORIENTED_EDGE('',*,*,#5902,.F.);
#7940=ORIENTED_EDGE('',*,*,#5903,.F.);
#7941=ORIENTED_EDGE('',*,*,#5904,.F.);
#7942=ORIENTED_EDGE('',*,*,#5903,.T.);
#7943=ORIENTED_EDGE('',*,*,#5905,.F.);
#7944=ORIENTED_EDGE('',*,*,#5906,.F.);
#7945=ORIENTED_EDGE('',*,*,#5907,.F.);
#7946=ORIENTED_EDGE('',*,*,#5906,.T.);
#7947=ORIENTED_EDGE('',*,*,#5908,.F.);
#7948=ORIENTED_EDGE('',*,*,#5909,.F.);
#7949=ORIENTED_EDGE('',*,*,#5910,.F.);
#7950=ORIENTED_EDGE('',*,*,#5909,.T.);
#7951=ORIENTED_EDGE('',*,*,#5911,.F.);
#7952=ORIENTED_EDGE('',*,*,#5901,.F.);
#7953=ORIENTED_EDGE('',*,*,#5912,.F.);
#7954=ORIENTED_EDGE('',*,*,#5913,.F.);
#7955=ORIENTED_EDGE('',*,*,#5914,.T.);
#7956=ORIENTED_EDGE('',*,*,#5915,.F.);
#7957=ORIENTED_EDGE('',*,*,#5916,.T.);
#7958=ORIENTED_EDGE('',*,*,#5898,.T.);
#7959=ORIENTED_EDGE('',*,*,#5917,.F.);
#7960=ORIENTED_EDGE('',*,*,#5914,.F.);
#7961=ORIENTED_EDGE('',*,*,#5918,.F.);
#7962=ORIENTED_EDGE('',*,*,#5915,.T.);
#7963=ORIENTED_EDGE('',*,*,#5917,.T.);
#7964=ORIENTED_EDGE('',*,*,#5897,.T.);
#7965=ORIENTED_EDGE('',*,*,#5911,.T.);
#7966=ORIENTED_EDGE('',*,*,#5908,.T.);
#7967=ORIENTED_EDGE('',*,*,#5905,.T.);
#7968=ORIENTED_EDGE('',*,*,#5902,.T.);
#7969=ORIENTED_EDGE('',*,*,#5919,.T.);
#7970=ORIENTED_EDGE('',*,*,#5899,.F.);
#7971=ORIENTED_EDGE('',*,*,#5916,.F.);
#7972=ORIENTED_EDGE('',*,*,#5913,.T.);
#7973=ORIENTED_EDGE('',*,*,#5920,.T.);
#7974=ORIENTED_EDGE('',*,*,#5921,.T.);
#7975=ORIENTED_EDGE('',*,*,#5831,.T.);
#7976=ORIENTED_EDGE('',*,*,#5830,.T.);
#7977=ORIENTED_EDGE('',*,*,#5825,.T.);
#7978=ORIENTED_EDGE('',*,*,#5815,.T.);
#7979=ORIENTED_EDGE('',*,*,#5824,.T.);
#7980=ORIENTED_EDGE('',*,*,#5817,.T.);
#7981=ORIENTED_EDGE('',*,*,#5820,.T.);
#7982=ORIENTED_EDGE('',*,*,#5822,.T.);
#7983=ORIENTED_EDGE('',*,*,#5910,.T.);
#7984=ORIENTED_EDGE('',*,*,#5900,.T.);
#7985=ORIENTED_EDGE('',*,*,#5904,.T.);
#7986=ORIENTED_EDGE('',*,*,#5907,.T.);
#7987=ORIENTED_EDGE('',*,*,#5922,.F.);
#7988=ORIENTED_EDGE('',*,*,#5923,.T.);
#7989=ORIENTED_EDGE('',*,*,#5924,.T.);
#7990=ORIENTED_EDGE('',*,*,#5925,.T.);
#7991=ORIENTED_EDGE('',*,*,#5926,.F.);
#7992=ORIENTED_EDGE('',*,*,#5927,.T.);
#7993=ORIENTED_EDGE('',*,*,#5928,.F.);
#7994=ORIENTED_EDGE('',*,*,#5929,.F.);
#7995=ORIENTED_EDGE('',*,*,#5930,.T.);
#7996=ORIENTED_EDGE('',*,*,#5931,.T.);
#7997=ORIENTED_EDGE('',*,*,#5920,.F.);
#7998=ORIENTED_EDGE('',*,*,#5912,.T.);
#7999=ORIENTED_EDGE('',*,*,#5918,.T.);
#8000=ORIENTED_EDGE('',*,*,#5896,.T.);
#8001=ORIENTED_EDGE('',*,*,#5919,.F.);
#8002=ORIENTED_EDGE('',*,*,#5814,.T.);
#8003=ORIENTED_EDGE('',*,*,#5806,.T.);
#8004=ORIENTED_EDGE('',*,*,#5829,.F.);
#8005=ORIENTED_EDGE('',*,*,#5932,.T.);
#8006=ORIENTED_EDGE('',*,*,#5933,.T.);
#8007=ORIENTED_EDGE('',*,*,#5934,.T.);
#8008=ORIENTED_EDGE('',*,*,#5935,.T.);
#8009=ORIENTED_EDGE('',*,*,#5876,.F.);
#8010=ORIENTED_EDGE('',*,*,#5870,.F.);
#8011=ORIENTED_EDGE('',*,*,#5936,.T.);
#8012=ORIENTED_EDGE('',*,*,#5937,.F.);
#8013=ORIENTED_EDGE('',*,*,#5875,.F.);
#8014=ORIENTED_EDGE('',*,*,#5938,.F.);
#8015=ORIENTED_EDGE('',*,*,#5939,.F.);
#8016=ORIENTED_EDGE('',*,*,#5868,.F.);
#8017=ORIENTED_EDGE('',*,*,#5873,.F.);
#8018=ORIENTED_EDGE('',*,*,#5862,.F.);
#8019=ORIENTED_EDGE('',*,*,#5940,.T.);
#8020=ORIENTED_EDGE('',*,*,#5941,.F.);
#8021=ORIENTED_EDGE('',*,*,#5869,.F.);
#8022=ORIENTED_EDGE('',*,*,#5939,.T.);
#8023=ORIENTED_EDGE('',*,*,#5942,.F.);
#8024=ORIENTED_EDGE('',*,*,#5936,.F.);
#8025=ORIENTED_EDGE('',*,*,#5878,.F.);
#8026=ORIENTED_EDGE('',*,*,#5943,.F.);
#8027=ORIENTED_EDGE('',*,*,#5944,.F.);
#8028=ORIENTED_EDGE('',*,*,#5860,.F.);
#8029=ORIENTED_EDGE('',*,*,#5861,.F.);
#8030=ORIENTED_EDGE('',*,*,#5944,.T.);
#8031=ORIENTED_EDGE('',*,*,#5945,.F.);
#8032=ORIENTED_EDGE('',*,*,#5940,.F.);
#8033=ORIENTED_EDGE('',*,*,#5866,.F.);
#8034=ORIENTED_EDGE('',*,*,#5946,.F.);
#8035=ORIENTED_EDGE('',*,*,#5947,.F.);
#8036=ORIENTED_EDGE('',*,*,#5948,.F.);
#8037=ORIENTED_EDGE('',*,*,#5877,.F.);
#8038=ORIENTED_EDGE('',*,*,#5937,.T.);
#8039=ORIENTED_EDGE('',*,*,#5942,.T.);
#8040=ORIENTED_EDGE('',*,*,#5938,.T.);
#8041=ORIENTED_EDGE('',*,*,#5874,.F.);
#8042=ORIENTED_EDGE('',*,*,#5941,.T.);
#8043=ORIENTED_EDGE('',*,*,#5945,.T.);
#8044=ORIENTED_EDGE('',*,*,#5943,.T.);
#8045=ORIENTED_EDGE('',*,*,#5948,.T.);
#8046=ORIENTED_EDGE('',*,*,#5947,.T.);
#8047=ORIENTED_EDGE('',*,*,#5946,.T.);
#8048=ORIENTED_EDGE('',*,*,#5865,.T.);
#8049=ORIENTED_EDGE('',*,*,#5857,.T.);
#8050=ORIENTED_EDGE('',*,*,#5856,.T.);
#8051=ORIENTED_EDGE('',*,*,#5949,.F.);
#8052=ORIENTED_EDGE('',*,*,#5950,.F.);
#8053=ORIENTED_EDGE('',*,*,#5951,.F.);
#8054=ORIENTED_EDGE('',*,*,#5952,.T.);
#8055=ORIENTED_EDGE('',*,*,#5953,.F.);
#8056=ORIENTED_EDGE('',*,*,#5954,.T.);
#8057=ORIENTED_EDGE('',*,*,#5955,.T.);
#8058=ORIENTED_EDGE('',*,*,#5956,.T.);
#8059=ORIENTED_EDGE('',*,*,#5957,.T.);
#8060=ORIENTED_EDGE('',*,*,#5958,.T.);
#8061=ORIENTED_EDGE('',*,*,#5959,.T.);
#8062=ORIENTED_EDGE('',*,*,#5960,.T.);
#8063=ORIENTED_EDGE('',*,*,#5961,.T.);
#8064=ORIENTED_EDGE('',*,*,#5962,.T.);
#8065=ORIENTED_EDGE('',*,*,#5890,.F.);
#8066=ORIENTED_EDGE('',*,*,#5963,.F.);
#8067=ORIENTED_EDGE('',*,*,#5961,.F.);
#8068=ORIENTED_EDGE('',*,*,#5964,.T.);
#8069=ORIENTED_EDGE('',*,*,#5891,.F.);
#8070=ORIENTED_EDGE('',*,*,#5964,.F.);
#8071=ORIENTED_EDGE('',*,*,#5960,.F.);
#8072=ORIENTED_EDGE('',*,*,#5965,.T.);
#8073=ORIENTED_EDGE('',*,*,#5888,.F.);
#8074=ORIENTED_EDGE('',*,*,#5965,.F.);
#8075=ORIENTED_EDGE('',*,*,#5959,.F.);
#8076=ORIENTED_EDGE('',*,*,#5966,.T.);
#8077=ORIENTED_EDGE('',*,*,#5889,.F.);
#8078=ORIENTED_EDGE('',*,*,#5966,.F.);
#8079=ORIENTED_EDGE('',*,*,#5962,.F.);
#8080=ORIENTED_EDGE('',*,*,#5963,.T.);
#8081=ORIENTED_EDGE('',*,*,#5855,.F.);
#8082=ORIENTED_EDGE('',*,*,#5864,.T.);
#8083=ORIENTED_EDGE('',*,*,#5853,.T.);
#8084=ORIENTED_EDGE('',*,*,#5835,.F.);
#8085=ORIENTED_EDGE('',*,*,#5872,.T.);
#8086=ORIENTED_EDGE('',*,*,#5967,.F.);
#8087=ORIENTED_EDGE('',*,*,#5949,.T.);
#8088=ORIENTED_EDGE('',*,*,#5968,.T.);
#8089=ORIENTED_EDGE('',*,*,#5926,.T.);
#8090=ORIENTED_EDGE('',*,*,#5969,.T.);
#8091=ORIENTED_EDGE('',*,*,#5883,.F.);
#8092=ORIENTED_EDGE('',*,*,#5969,.F.);
#8093=ORIENTED_EDGE('',*,*,#5925,.F.);
#8094=ORIENTED_EDGE('',*,*,#5970,.F.);
#8095=ORIENTED_EDGE('',*,*,#5884,.F.);
#8096=ORIENTED_EDGE('',*,*,#5923,.F.);
#8097=ORIENTED_EDGE('',*,*,#5971,.F.);
#8098=ORIENTED_EDGE('',*,*,#5886,.F.);
#8099=ORIENTED_EDGE('',*,*,#5885,.T.);
#8100=ORIENTED_EDGE('',*,*,#5970,.T.);
#8101=ORIENTED_EDGE('',*,*,#5924,.F.);
#8102=ORIENTED_EDGE('',*,*,#5922,.T.);
#8103=ORIENTED_EDGE('',*,*,#5828,.T.);
#8104=ORIENTED_EDGE('',*,*,#5972,.T.);
#8105=ORIENTED_EDGE('',*,*,#5973,.T.);
#8106=ORIENTED_EDGE('',*,*,#5950,.T.);
#8107=ORIENTED_EDGE('',*,*,#5967,.T.);
#8108=ORIENTED_EDGE('',*,*,#5887,.T.);
#8109=ORIENTED_EDGE('',*,*,#5971,.T.);
#8110=ORIENTED_EDGE('',*,*,#5974,.F.);
#8111=ORIENTED_EDGE('',*,*,#5975,.F.);
#8112=ORIENTED_EDGE('',*,*,#5976,.F.);
#8113=ORIENTED_EDGE('',*,*,#5977,.T.);
#8114=ORIENTED_EDGE('',*,*,#5978,.F.);
#8115=ORIENTED_EDGE('',*,*,#5977,.F.);
#8116=ORIENTED_EDGE('',*,*,#5979,.F.);
#8117=ORIENTED_EDGE('',*,*,#5980,.T.);
#8118=ORIENTED_EDGE('',*,*,#5981,.F.);
#8119=ORIENTED_EDGE('',*,*,#5982,.F.);
#8120=ORIENTED_EDGE('',*,*,#5980,.F.);
#8121=ORIENTED_EDGE('',*,*,#5983,.F.);
#8122=ORIENTED_EDGE('',*,*,#5984,.T.);
#8123=ORIENTED_EDGE('',*,*,#5985,.F.);
#8124=ORIENTED_EDGE('',*,*,#5986,.F.);
#8125=ORIENTED_EDGE('',*,*,#5984,.F.);
#8126=ORIENTED_EDGE('',*,*,#5987,.F.);
#8127=ORIENTED_EDGE('',*,*,#5975,.T.);
#8128=ORIENTED_EDGE('',*,*,#5985,.T.);
#8129=ORIENTED_EDGE('',*,*,#5974,.T.);
#8130=ORIENTED_EDGE('',*,*,#5978,.T.);
#8131=ORIENTED_EDGE('',*,*,#5988,.F.);
#8132=ORIENTED_EDGE('',*,*,#5929,.T.);
#8133=ORIENTED_EDGE('',*,*,#5989,.T.);
#8134=ORIENTED_EDGE('',*,*,#5881,.T.);
#8135=ORIENTED_EDGE('',*,*,#5990,.F.);
#8136=ORIENTED_EDGE('',*,*,#5991,.F.);
#8137=ORIENTED_EDGE('',*,*,#5992,.F.);
#8138=ORIENTED_EDGE('',*,*,#5993,.F.);
#8139=ORIENTED_EDGE('',*,*,#5994,.F.);
#8140=ORIENTED_EDGE('',*,*,#5934,.F.);
#8141=ORIENTED_EDGE('',*,*,#5995,.F.);
#8142=ORIENTED_EDGE('',*,*,#5996,.F.);
#8143=ORIENTED_EDGE('',*,*,#5997,.T.);
#8144=ORIENTED_EDGE('',*,*,#5935,.F.);
#8145=ORIENTED_EDGE('',*,*,#5997,.F.);
#8146=ORIENTED_EDGE('',*,*,#5998,.F.);
#8147=ORIENTED_EDGE('',*,*,#5999,.T.);
#8148=ORIENTED_EDGE('',*,*,#5932,.F.);
#8149=ORIENTED_EDGE('',*,*,#5999,.F.);
#8150=ORIENTED_EDGE('',*,*,#6000,.F.);
#8151=ORIENTED_EDGE('',*,*,#6001,.T.);
#8152=ORIENTED_EDGE('',*,*,#5933,.F.);
#8153=ORIENTED_EDGE('',*,*,#6001,.F.);
#8154=ORIENTED_EDGE('',*,*,#6002,.F.);
#8155=ORIENTED_EDGE('',*,*,#5995,.T.);
#8156=ORIENTED_EDGE('',*,*,#5957,.F.);
#8157=ORIENTED_EDGE('',*,*,#6003,.T.);
#8158=ORIENTED_EDGE('',*,*,#5892,.F.);
#8159=ORIENTED_EDGE('',*,*,#6004,.F.);
#8160=ORIENTED_EDGE('',*,*,#5958,.F.);
#8161=ORIENTED_EDGE('',*,*,#6004,.T.);
#8162=ORIENTED_EDGE('',*,*,#5895,.F.);
#8163=ORIENTED_EDGE('',*,*,#6005,.T.);
#8164=ORIENTED_EDGE('',*,*,#5955,.F.);
#8165=ORIENTED_EDGE('',*,*,#6005,.F.);
#8166=ORIENTED_EDGE('',*,*,#5894,.F.);
#8167=ORIENTED_EDGE('',*,*,#6006,.F.);
#8168=ORIENTED_EDGE('',*,*,#5956,.F.);
#8169=ORIENTED_EDGE('',*,*,#6006,.T.);
#8170=ORIENTED_EDGE('',*,*,#5893,.F.);
#8171=ORIENTED_EDGE('',*,*,#6003,.F.);
#8172=ORIENTED_EDGE('',*,*,#5986,.T.);
#8173=ORIENTED_EDGE('',*,*,#5990,.T.);
#8174=ORIENTED_EDGE('',*,*,#5880,.F.);
#8175=ORIENTED_EDGE('',*,*,#6007,.T.);
#8176=ORIENTED_EDGE('',*,*,#5930,.F.);
#8177=ORIENTED_EDGE('',*,*,#5988,.T.);
#8178=ORIENTED_EDGE('',*,*,#5981,.T.);
#8179=ORIENTED_EDGE('',*,*,#5982,.T.);
#8180=ORIENTED_EDGE('',*,*,#5832,.F.);
#8181=ORIENTED_EDGE('',*,*,#5921,.F.);
#8182=ORIENTED_EDGE('',*,*,#5931,.F.);
#8183=ORIENTED_EDGE('',*,*,#6007,.F.);
#8184=ORIENTED_EDGE('',*,*,#5879,.F.);
#8185=ORIENTED_EDGE('',*,*,#5858,.F.);
#8186=ORIENTED_EDGE('',*,*,#5954,.F.);
#8187=ORIENTED_EDGE('',*,*,#6008,.T.);
#8188=ORIENTED_EDGE('',*,*,#6009,.T.);
#8189=ORIENTED_EDGE('',*,*,#6010,.T.);
#8190=ORIENTED_EDGE('',*,*,#6011,.F.);
#8191=ORIENTED_EDGE('',*,*,#5979,.T.);
#8192=ORIENTED_EDGE('',*,*,#5976,.T.);
#8193=ORIENTED_EDGE('',*,*,#5987,.T.);
#8194=ORIENTED_EDGE('',*,*,#5983,.T.);
#8195=ORIENTED_EDGE('',*,*,#6012,.T.);
#8196=ORIENTED_EDGE('',*,*,#6013,.T.);
#8197=ORIENTED_EDGE('',*,*,#6014,.T.);
#8198=ORIENTED_EDGE('',*,*,#6015,.T.);
#8199=ORIENTED_EDGE('',*,*,#6011,.T.);
#8200=ORIENTED_EDGE('',*,*,#6016,.F.);
#8201=ORIENTED_EDGE('',*,*,#6017,.F.);
#8202=ORIENTED_EDGE('',*,*,#6018,.T.);
#8203=ORIENTED_EDGE('',*,*,#5972,.F.);
#8204=ORIENTED_EDGE('',*,*,#5833,.T.);
#8205=ORIENTED_EDGE('',*,*,#6019,.F.);
#8206=ORIENTED_EDGE('',*,*,#6020,.T.);
#8207=ORIENTED_EDGE('',*,*,#6021,.T.);
#8208=ORIENTED_EDGE('',*,*,#6000,.T.);
#8209=ORIENTED_EDGE('',*,*,#5998,.T.);
#8210=ORIENTED_EDGE('',*,*,#5996,.T.);
#8211=ORIENTED_EDGE('',*,*,#6002,.T.);
#8212=ORIENTED_EDGE('',*,*,#5770,.T.);
#8213=ORIENTED_EDGE('',*,*,#5804,.T.);
#8214=ORIENTED_EDGE('',*,*,#5801,.T.);
#8215=ORIENTED_EDGE('',*,*,#5798,.T.);
#8216=ORIENTED_EDGE('',*,*,#5795,.T.);
#8217=ORIENTED_EDGE('',*,*,#5792,.T.);
#8218=ORIENTED_EDGE('',*,*,#5789,.T.);
#8219=ORIENTED_EDGE('',*,*,#5786,.T.);
#8220=ORIENTED_EDGE('',*,*,#5783,.T.);
#8221=ORIENTED_EDGE('',*,*,#5780,.T.);
#8222=ORIENTED_EDGE('',*,*,#5777,.T.);
#8223=ORIENTED_EDGE('',*,*,#5774,.T.);
#8224=ORIENTED_EDGE('',*,*,#5746,.T.);
#8225=ORIENTED_EDGE('',*,*,#5768,.T.);
#8226=ORIENTED_EDGE('',*,*,#5765,.T.);
#8227=ORIENTED_EDGE('',*,*,#5762,.T.);
#8228=ORIENTED_EDGE('',*,*,#5759,.T.);
#8229=ORIENTED_EDGE('',*,*,#5756,.T.);
#8230=ORIENTED_EDGE('',*,*,#5753,.T.);
#8231=ORIENTED_EDGE('',*,*,#5750,.T.);
#8232=ORIENTED_EDGE('',*,*,#5722,.T.);
#8233=ORIENTED_EDGE('',*,*,#5744,.T.);
#8234=ORIENTED_EDGE('',*,*,#5741,.T.);
#8235=ORIENTED_EDGE('',*,*,#5738,.T.);
#8236=ORIENTED_EDGE('',*,*,#5735,.T.);
#8237=ORIENTED_EDGE('',*,*,#5732,.T.);
#8238=ORIENTED_EDGE('',*,*,#5729,.T.);
#8239=ORIENTED_EDGE('',*,*,#5726,.T.);
#8240=ORIENTED_EDGE('',*,*,#5689,.T.);
#8241=ORIENTED_EDGE('',*,*,#5720,.T.);
#8242=ORIENTED_EDGE('',*,*,#5717,.T.);
#8243=ORIENTED_EDGE('',*,*,#5714,.T.);
#8244=ORIENTED_EDGE('',*,*,#5711,.T.);
#8245=ORIENTED_EDGE('',*,*,#5708,.T.);
#8246=ORIENTED_EDGE('',*,*,#5705,.T.);
#8247=ORIENTED_EDGE('',*,*,#5702,.T.);
#8248=ORIENTED_EDGE('',*,*,#5699,.T.);
#8249=ORIENTED_EDGE('',*,*,#5696,.T.);
#8250=ORIENTED_EDGE('',*,*,#5693,.T.);
#8251=ORIENTED_EDGE('',*,*,#5659,.T.);
#8252=ORIENTED_EDGE('',*,*,#5687,.T.);
#8253=ORIENTED_EDGE('',*,*,#5684,.T.);
#8254=ORIENTED_EDGE('',*,*,#5681,.T.);
#8255=ORIENTED_EDGE('',*,*,#5678,.T.);
#8256=ORIENTED_EDGE('',*,*,#5675,.T.);
#8257=ORIENTED_EDGE('',*,*,#5672,.T.);
#8258=ORIENTED_EDGE('',*,*,#5669,.T.);
#8259=ORIENTED_EDGE('',*,*,#5666,.T.);
#8260=ORIENTED_EDGE('',*,*,#5663,.T.);
#8261=ORIENTED_EDGE('',*,*,#5641,.T.);
#8262=ORIENTED_EDGE('',*,*,#5657,.T.);
#8263=ORIENTED_EDGE('',*,*,#5654,.T.);
#8264=ORIENTED_EDGE('',*,*,#5651,.T.);
#8265=ORIENTED_EDGE('',*,*,#5648,.T.);
#8266=ORIENTED_EDGE('',*,*,#5645,.T.);
#8267=ORIENTED_EDGE('',*,*,#5626,.T.);
#8268=ORIENTED_EDGE('',*,*,#5636,.T.);
#8269=ORIENTED_EDGE('',*,*,#5633,.T.);
#8270=ORIENTED_EDGE('',*,*,#5630,.T.);
#8271=ORIENTED_EDGE('',*,*,#5623,.T.);
#8272=ORIENTED_EDGE('',*,*,#5611,.T.);
#8273=ORIENTED_EDGE('',*,*,#5621,.T.);
#8274=ORIENTED_EDGE('',*,*,#5618,.T.);
#8275=ORIENTED_EDGE('',*,*,#5615,.T.);
#8276=ORIENTED_EDGE('',*,*,#5608,.T.);
#8277=ORIENTED_EDGE('',*,*,#5584,.T.);
#8278=ORIENTED_EDGE('',*,*,#5606,.T.);
#8279=ORIENTED_EDGE('',*,*,#5603,.T.);
#8280=ORIENTED_EDGE('',*,*,#5600,.T.);
#8281=ORIENTED_EDGE('',*,*,#5597,.T.);
#8282=ORIENTED_EDGE('',*,*,#5594,.T.);
#8283=ORIENTED_EDGE('',*,*,#5591,.T.);
#8284=ORIENTED_EDGE('',*,*,#5588,.T.);
#8285=ORIENTED_EDGE('',*,*,#5551,.T.);
#8286=ORIENTED_EDGE('',*,*,#5573,.T.);
#8287=ORIENTED_EDGE('',*,*,#5570,.T.);
#8288=ORIENTED_EDGE('',*,*,#5567,.T.);
#8289=ORIENTED_EDGE('',*,*,#5564,.T.);
#8290=ORIENTED_EDGE('',*,*,#5561,.T.);
#8291=ORIENTED_EDGE('',*,*,#5558,.T.);
#8292=ORIENTED_EDGE('',*,*,#5555,.T.);
#8293=ORIENTED_EDGE('',*,*,#5548,.T.);
#8294=ORIENTED_EDGE('',*,*,#5536,.T.);
#8295=ORIENTED_EDGE('',*,*,#5546,.T.);
#8296=ORIENTED_EDGE('',*,*,#5543,.T.);
#8297=ORIENTED_EDGE('',*,*,#5540,.T.);
#8298=ORIENTED_EDGE('',*,*,#5491,.T.);
#8299=ORIENTED_EDGE('',*,*,#5534,.T.);
#8300=ORIENTED_EDGE('',*,*,#5531,.T.);
#8301=ORIENTED_EDGE('',*,*,#5528,.T.);
#8302=ORIENTED_EDGE('',*,*,#5525,.T.);
#8303=ORIENTED_EDGE('',*,*,#5522,.T.);
#8304=ORIENTED_EDGE('',*,*,#5519,.T.);
#8305=ORIENTED_EDGE('',*,*,#5516,.T.);
#8306=ORIENTED_EDGE('',*,*,#5513,.T.);
#8307=ORIENTED_EDGE('',*,*,#5510,.T.);
#8308=ORIENTED_EDGE('',*,*,#5507,.T.);
#8309=ORIENTED_EDGE('',*,*,#5504,.T.);
#8310=ORIENTED_EDGE('',*,*,#5501,.T.);
#8311=ORIENTED_EDGE('',*,*,#5498,.T.);
#8312=ORIENTED_EDGE('',*,*,#5495,.T.);
#8313=ORIENTED_EDGE('',*,*,#5461,.T.);
#8314=ORIENTED_EDGE('',*,*,#5489,.T.);
#8315=ORIENTED_EDGE('',*,*,#5486,.T.);
#8316=ORIENTED_EDGE('',*,*,#5483,.T.);
#8317=ORIENTED_EDGE('',*,*,#5480,.T.);
#8318=ORIENTED_EDGE('',*,*,#5477,.T.);
#8319=ORIENTED_EDGE('',*,*,#5474,.T.);
#8320=ORIENTED_EDGE('',*,*,#5471,.T.);
#8321=ORIENTED_EDGE('',*,*,#5468,.T.);
#8322=ORIENTED_EDGE('',*,*,#5465,.T.);
#8323=ORIENTED_EDGE('',*,*,#5413,.T.);
#8324=ORIENTED_EDGE('',*,*,#5459,.T.);
#8325=ORIENTED_EDGE('',*,*,#5456,.T.);
#8326=ORIENTED_EDGE('',*,*,#5453,.T.);
#8327=ORIENTED_EDGE('',*,*,#5450,.T.);
#8328=ORIENTED_EDGE('',*,*,#5447,.T.);
#8329=ORIENTED_EDGE('',*,*,#5444,.T.);
#8330=ORIENTED_EDGE('',*,*,#5441,.T.);
#8331=ORIENTED_EDGE('',*,*,#5438,.T.);
#8332=ORIENTED_EDGE('',*,*,#5435,.T.);
#8333=ORIENTED_EDGE('',*,*,#5432,.T.);
#8334=ORIENTED_EDGE('',*,*,#5429,.T.);
#8335=ORIENTED_EDGE('',*,*,#5426,.T.);
#8336=ORIENTED_EDGE('',*,*,#5423,.T.);
#8337=ORIENTED_EDGE('',*,*,#5420,.T.);
#8338=ORIENTED_EDGE('',*,*,#5417,.T.);
#8339=ORIENTED_EDGE('',*,*,#5392,.T.);
#8340=ORIENTED_EDGE('',*,*,#5411,.T.);
#8341=ORIENTED_EDGE('',*,*,#5408,.T.);
#8342=ORIENTED_EDGE('',*,*,#5405,.T.);
#8343=ORIENTED_EDGE('',*,*,#5402,.T.);
#8344=ORIENTED_EDGE('',*,*,#5399,.T.);
#8345=ORIENTED_EDGE('',*,*,#5396,.T.);
#8346=ORIENTED_EDGE('',*,*,#5374,.T.);
#8347=ORIENTED_EDGE('',*,*,#5390,.T.);
#8348=ORIENTED_EDGE('',*,*,#5387,.T.);
#8349=ORIENTED_EDGE('',*,*,#5384,.T.);
#8350=ORIENTED_EDGE('',*,*,#5381,.T.);
#8351=ORIENTED_EDGE('',*,*,#5378,.T.);
#8352=ORIENTED_EDGE('',*,*,#5353,.T.);
#8353=ORIENTED_EDGE('',*,*,#5369,.T.);
#8354=ORIENTED_EDGE('',*,*,#5366,.T.);
#8355=ORIENTED_EDGE('',*,*,#5363,.T.);
#8356=ORIENTED_EDGE('',*,*,#5360,.T.);
#8357=ORIENTED_EDGE('',*,*,#5357,.T.);
#8358=ORIENTED_EDGE('',*,*,#5347,.T.);
#8359=ORIENTED_EDGE('',*,*,#5326,.T.);
#8360=ORIENTED_EDGE('',*,*,#5342,.T.);
#8361=ORIENTED_EDGE('',*,*,#5339,.T.);
#8362=ORIENTED_EDGE('',*,*,#5336,.T.);
#8363=ORIENTED_EDGE('',*,*,#5333,.T.);
#8364=ORIENTED_EDGE('',*,*,#5330,.T.);
#8365=ORIENTED_EDGE('',*,*,#5293,.T.);
#8366=ORIENTED_EDGE('',*,*,#5321,.T.);
#8367=ORIENTED_EDGE('',*,*,#5318,.T.);
#8368=ORIENTED_EDGE('',*,*,#5315,.T.);
#8369=ORIENTED_EDGE('',*,*,#5312,.T.);
#8370=ORIENTED_EDGE('',*,*,#5309,.T.);
#8371=ORIENTED_EDGE('',*,*,#5306,.T.);
#8372=ORIENTED_EDGE('',*,*,#5303,.T.);
#8373=ORIENTED_EDGE('',*,*,#5300,.T.);
#8374=ORIENTED_EDGE('',*,*,#5297,.T.);
#8375=ORIENTED_EDGE('',*,*,#5290,.T.);
#8376=ORIENTED_EDGE('',*,*,#5287,.T.);
#8377=ORIENTED_EDGE('',*,*,#5260,.T.);
#8378=ORIENTED_EDGE('',*,*,#5282,.T.);
#8379=ORIENTED_EDGE('',*,*,#5279,.T.);
#8380=ORIENTED_EDGE('',*,*,#5276,.T.);
#8381=ORIENTED_EDGE('',*,*,#5273,.T.);
#8382=ORIENTED_EDGE('',*,*,#5270,.T.);
#8383=ORIENTED_EDGE('',*,*,#5267,.T.);
#8384=ORIENTED_EDGE('',*,*,#5264,.T.);
#8385=ORIENTED_EDGE('',*,*,#5248,.T.);
#8386=ORIENTED_EDGE('',*,*,#5258,.T.);
#8387=ORIENTED_EDGE('',*,*,#5255,.T.);
#8388=ORIENTED_EDGE('',*,*,#5252,.T.);
#8389=ORIENTED_EDGE('',*,*,#5245,.T.);
#8390=ORIENTED_EDGE('',*,*,#5200,.T.);
#8391=ORIENTED_EDGE('',*,*,#5243,.T.);
#8392=ORIENTED_EDGE('',*,*,#5240,.T.);
#8393=ORIENTED_EDGE('',*,*,#5237,.T.);
#8394=ORIENTED_EDGE('',*,*,#5234,.T.);
#8395=ORIENTED_EDGE('',*,*,#5231,.T.);
#8396=ORIENTED_EDGE('',*,*,#5228,.T.);
#8397=ORIENTED_EDGE('',*,*,#5225,.T.);
#8398=ORIENTED_EDGE('',*,*,#5222,.T.);
#8399=ORIENTED_EDGE('',*,*,#5219,.T.);
#8400=ORIENTED_EDGE('',*,*,#5216,.T.);
#8401=ORIENTED_EDGE('',*,*,#5213,.T.);
#8402=ORIENTED_EDGE('',*,*,#5210,.T.);
#8403=ORIENTED_EDGE('',*,*,#5207,.T.);
#8404=ORIENTED_EDGE('',*,*,#5204,.T.);
#8405=ORIENTED_EDGE('',*,*,#5188,.T.);
#8406=ORIENTED_EDGE('',*,*,#5198,.T.);
#8407=ORIENTED_EDGE('',*,*,#5195,.T.);
#8408=ORIENTED_EDGE('',*,*,#5192,.T.);
#8409=ORIENTED_EDGE('',*,*,#5170,.T.);
#8410=ORIENTED_EDGE('',*,*,#5186,.T.);
#8411=ORIENTED_EDGE('',*,*,#5183,.T.);
#8412=ORIENTED_EDGE('',*,*,#5180,.T.);
#8413=ORIENTED_EDGE('',*,*,#5177,.T.);
#8414=ORIENTED_EDGE('',*,*,#5174,.T.);
#8415=ORIENTED_EDGE('',*,*,#5149,.T.);
#8416=ORIENTED_EDGE('',*,*,#5165,.T.);
#8417=ORIENTED_EDGE('',*,*,#5162,.T.);
#8418=ORIENTED_EDGE('',*,*,#5159,.T.);
#8419=ORIENTED_EDGE('',*,*,#5156,.T.);
#8420=ORIENTED_EDGE('',*,*,#5153,.T.);
#8421=ORIENTED_EDGE('',*,*,#5134,.T.);
#8422=ORIENTED_EDGE('',*,*,#5144,.T.);
#8423=ORIENTED_EDGE('',*,*,#5141,.T.);
#8424=ORIENTED_EDGE('',*,*,#5138,.T.);
#8425=ORIENTED_EDGE('',*,*,#5110,.T.);
#8426=ORIENTED_EDGE('',*,*,#5120,.T.);
#8427=ORIENTED_EDGE('',*,*,#5117,.T.);
#8428=ORIENTED_EDGE('',*,*,#5114,.T.);
#8429=ORIENTED_EDGE('',*,*,#5092,.T.);
#8430=ORIENTED_EDGE('',*,*,#5108,.T.);
#8431=ORIENTED_EDGE('',*,*,#5105,.T.);
#8432=ORIENTED_EDGE('',*,*,#5102,.T.);
#8433=ORIENTED_EDGE('',*,*,#5099,.T.);
#8434=ORIENTED_EDGE('',*,*,#5096,.T.);
#8435=ORIENTED_EDGE('',*,*,#5077,.T.);
#8436=ORIENTED_EDGE('',*,*,#5087,.T.);
#8437=ORIENTED_EDGE('',*,*,#5084,.T.);
#8438=ORIENTED_EDGE('',*,*,#5081,.T.);
#8439=ORIENTED_EDGE('',*,*,#5053,.T.);
#8440=ORIENTED_EDGE('',*,*,#5063,.T.);
#8441=ORIENTED_EDGE('',*,*,#5060,.T.);
#8442=ORIENTED_EDGE('',*,*,#5057,.T.);
#8443=ORIENTED_EDGE('',*,*,#5035,.T.);
#8444=ORIENTED_EDGE('',*,*,#5051,.T.);
#8445=ORIENTED_EDGE('',*,*,#5048,.T.);
#8446=ORIENTED_EDGE('',*,*,#5045,.T.);
#8447=ORIENTED_EDGE('',*,*,#5042,.T.);
#8448=ORIENTED_EDGE('',*,*,#5039,.T.);
#8449=ORIENTED_EDGE('',*,*,#5011,.T.);
#8450=ORIENTED_EDGE('',*,*,#5030,.T.);
#8451=ORIENTED_EDGE('',*,*,#5027,.T.);
#8452=ORIENTED_EDGE('',*,*,#5024,.T.);
#8453=ORIENTED_EDGE('',*,*,#5021,.T.);
#8454=ORIENTED_EDGE('',*,*,#5018,.T.);
#8455=ORIENTED_EDGE('',*,*,#5015,.T.);
#8456=ORIENTED_EDGE('',*,*,#4972,.T.);
#8457=ORIENTED_EDGE('',*,*,#5009,.T.);
#8458=ORIENTED_EDGE('',*,*,#5006,.T.);
#8459=ORIENTED_EDGE('',*,*,#5003,.T.);
#8460=ORIENTED_EDGE('',*,*,#5000,.T.);
#8461=ORIENTED_EDGE('',*,*,#4997,.T.);
#8462=ORIENTED_EDGE('',*,*,#4994,.T.);
#8463=ORIENTED_EDGE('',*,*,#4991,.T.);
#8464=ORIENTED_EDGE('',*,*,#4988,.T.);
#8465=ORIENTED_EDGE('',*,*,#4985,.T.);
#8466=ORIENTED_EDGE('',*,*,#4982,.T.);
#8467=ORIENTED_EDGE('',*,*,#4979,.T.);
#8468=ORIENTED_EDGE('',*,*,#4976,.T.);
#8469=ORIENTED_EDGE('',*,*,#6022,.F.);
#8470=ORIENTED_EDGE('',*,*,#6023,.T.);
#8471=ORIENTED_EDGE('',*,*,#6024,.T.);
#8472=ORIENTED_EDGE('',*,*,#6023,.F.);
#8473=ORIENTED_EDGE('',*,*,#6025,.F.);
#8474=ORIENTED_EDGE('',*,*,#6026,.T.);
#8475=ORIENTED_EDGE('',*,*,#6027,.T.);
#8476=ORIENTED_EDGE('',*,*,#6028,.F.);
#8477=ORIENTED_EDGE('',*,*,#6029,.F.);
#8478=ORIENTED_EDGE('',*,*,#6030,.T.);
#8479=ORIENTED_EDGE('',*,*,#6031,.T.);
#8480=ORIENTED_EDGE('',*,*,#6026,.F.);
#8481=ORIENTED_EDGE('',*,*,#6032,.F.);
#8482=ORIENTED_EDGE('',*,*,#6033,.T.);
#8483=ORIENTED_EDGE('',*,*,#6034,.T.);
#8484=ORIENTED_EDGE('',*,*,#6030,.F.);
#8485=ORIENTED_EDGE('',*,*,#6035,.F.);
#8486=ORIENTED_EDGE('',*,*,#6036,.T.);
#8487=ORIENTED_EDGE('',*,*,#6037,.T.);
#8488=ORIENTED_EDGE('',*,*,#6033,.F.);
#8489=ORIENTED_EDGE('',*,*,#6038,.F.);
#8490=ORIENTED_EDGE('',*,*,#6039,.T.);
#8491=ORIENTED_EDGE('',*,*,#6040,.T.);
#8492=ORIENTED_EDGE('',*,*,#6036,.F.);
#8493=ORIENTED_EDGE('',*,*,#6041,.F.);
#8494=ORIENTED_EDGE('',*,*,#6042,.T.);
#8495=ORIENTED_EDGE('',*,*,#6043,.T.);
#8496=ORIENTED_EDGE('',*,*,#6039,.F.);
#8497=ORIENTED_EDGE('',*,*,#6044,.F.);
#8498=ORIENTED_EDGE('',*,*,#6028,.T.);
#8499=ORIENTED_EDGE('',*,*,#6045,.T.);
#8500=ORIENTED_EDGE('',*,*,#6042,.F.);
#8501=ORIENTED_EDGE('',*,*,#6045,.F.);
#8502=ORIENTED_EDGE('',*,*,#6027,.F.);
#8503=ORIENTED_EDGE('',*,*,#6031,.F.);
#8504=ORIENTED_EDGE('',*,*,#6034,.F.);
#8505=ORIENTED_EDGE('',*,*,#6037,.F.);
#8506=ORIENTED_EDGE('',*,*,#6040,.F.);
#8507=ORIENTED_EDGE('',*,*,#6043,.F.);
#8508=ORIENTED_EDGE('',*,*,#6024,.F.);
#8509=ORIENTED_EDGE('',*,*,#6046,.F.);
#8510=ORIENTED_EDGE('',*,*,#6047,.T.);
#8511=ORIENTED_EDGE('',*,*,#6048,.T.);
#8512=ORIENTED_EDGE('',*,*,#6047,.F.);
#8513=ORIENTED_EDGE('',*,*,#6049,.F.);
#8514=ORIENTED_EDGE('',*,*,#6050,.T.);
#8515=ORIENTED_EDGE('',*,*,#6051,.T.);
#8516=ORIENTED_EDGE('',*,*,#6052,.F.);
#8517=ORIENTED_EDGE('',*,*,#6053,.F.);
#8518=ORIENTED_EDGE('',*,*,#6054,.T.);
#8519=ORIENTED_EDGE('',*,*,#6055,.T.);
#8520=ORIENTED_EDGE('',*,*,#6050,.F.);
#8521=ORIENTED_EDGE('',*,*,#6056,.F.);
#8522=ORIENTED_EDGE('',*,*,#6057,.T.);
#8523=ORIENTED_EDGE('',*,*,#6058,.T.);
#8524=ORIENTED_EDGE('',*,*,#6054,.F.);
#8525=ORIENTED_EDGE('',*,*,#6059,.F.);
#8526=ORIENTED_EDGE('',*,*,#6060,.T.);
#8527=ORIENTED_EDGE('',*,*,#6061,.T.);
#8528=ORIENTED_EDGE('',*,*,#6057,.F.);
#8529=ORIENTED_EDGE('',*,*,#6062,.F.);
#8530=ORIENTED_EDGE('',*,*,#6063,.T.);
#8531=ORIENTED_EDGE('',*,*,#6064,.T.);
#8532=ORIENTED_EDGE('',*,*,#6060,.F.);
#8533=ORIENTED_EDGE('',*,*,#6065,.F.);
#8534=ORIENTED_EDGE('',*,*,#6052,.T.);
#8535=ORIENTED_EDGE('',*,*,#6066,.T.);
#8536=ORIENTED_EDGE('',*,*,#6063,.F.);
#8537=ORIENTED_EDGE('',*,*,#6066,.F.);
#8538=ORIENTED_EDGE('',*,*,#6051,.F.);
#8539=ORIENTED_EDGE('',*,*,#6055,.F.);
#8540=ORIENTED_EDGE('',*,*,#6058,.F.);
#8541=ORIENTED_EDGE('',*,*,#6061,.F.);
#8542=ORIENTED_EDGE('',*,*,#6064,.F.);
#8543=ORIENTED_EDGE('',*,*,#6048,.F.);
#8544=ORIENTED_EDGE('',*,*,#6067,.F.);
#8545=ORIENTED_EDGE('',*,*,#6068,.T.);
#8546=ORIENTED_EDGE('',*,*,#6069,.T.);
#8547=ORIENTED_EDGE('',*,*,#6070,.F.);
#8548=ORIENTED_EDGE('',*,*,#6071,.F.);
#8549=ORIENTED_EDGE('',*,*,#6072,.T.);
#8550=ORIENTED_EDGE('',*,*,#6073,.T.);
#8551=ORIENTED_EDGE('',*,*,#6068,.F.);
#8552=ORIENTED_EDGE('',*,*,#6074,.F.);
#8553=ORIENTED_EDGE('',*,*,#6075,.T.);
#8554=ORIENTED_EDGE('',*,*,#6076,.T.);
#8555=ORIENTED_EDGE('',*,*,#6072,.F.);
#8556=ORIENTED_EDGE('',*,*,#6077,.F.);
#8557=ORIENTED_EDGE('',*,*,#6078,.T.);
#8558=ORIENTED_EDGE('',*,*,#6079,.T.);
#8559=ORIENTED_EDGE('',*,*,#6075,.F.);
#8560=ORIENTED_EDGE('',*,*,#6080,.F.);
#8561=ORIENTED_EDGE('',*,*,#6081,.T.);
#8562=ORIENTED_EDGE('',*,*,#6082,.T.);
#8563=ORIENTED_EDGE('',*,*,#6078,.F.);
#8564=ORIENTED_EDGE('',*,*,#6083,.F.);
#8565=ORIENTED_EDGE('',*,*,#6084,.T.);
#8566=ORIENTED_EDGE('',*,*,#6085,.T.);
#8567=ORIENTED_EDGE('',*,*,#6081,.F.);
#8568=ORIENTED_EDGE('',*,*,#6086,.F.);
#8569=ORIENTED_EDGE('',*,*,#6087,.T.);
#8570=ORIENTED_EDGE('',*,*,#6088,.T.);
#8571=ORIENTED_EDGE('',*,*,#6084,.F.);
#8572=ORIENTED_EDGE('',*,*,#6089,.F.);
#8573=ORIENTED_EDGE('',*,*,#6090,.T.);
#8574=ORIENTED_EDGE('',*,*,#6091,.T.);
#8575=ORIENTED_EDGE('',*,*,#6087,.F.);
#8576=ORIENTED_EDGE('',*,*,#6092,.F.);
#8577=ORIENTED_EDGE('',*,*,#6093,.T.);
#8578=ORIENTED_EDGE('',*,*,#6094,.T.);
#8579=ORIENTED_EDGE('',*,*,#6090,.F.);
#8580=ORIENTED_EDGE('',*,*,#6095,.F.);
#8581=ORIENTED_EDGE('',*,*,#6096,.T.);
#8582=ORIENTED_EDGE('',*,*,#6097,.T.);
#8583=ORIENTED_EDGE('',*,*,#6093,.F.);
#8584=ORIENTED_EDGE('',*,*,#6098,.F.);
#8585=ORIENTED_EDGE('',*,*,#6099,.T.);
#8586=ORIENTED_EDGE('',*,*,#6100,.T.);
#8587=ORIENTED_EDGE('',*,*,#6096,.F.);
#8588=ORIENTED_EDGE('',*,*,#6101,.F.);
#8589=ORIENTED_EDGE('',*,*,#6102,.T.);
#8590=ORIENTED_EDGE('',*,*,#6103,.T.);
#8591=ORIENTED_EDGE('',*,*,#6099,.F.);
#8592=ORIENTED_EDGE('',*,*,#6104,.F.);
#8593=ORIENTED_EDGE('',*,*,#6070,.T.);
#8594=ORIENTED_EDGE('',*,*,#6105,.T.);
#8595=ORIENTED_EDGE('',*,*,#6102,.F.);
#8596=ORIENTED_EDGE('',*,*,#6105,.F.);
#8597=ORIENTED_EDGE('',*,*,#6069,.F.);
#8598=ORIENTED_EDGE('',*,*,#6073,.F.);
#8599=ORIENTED_EDGE('',*,*,#6076,.F.);
#8600=ORIENTED_EDGE('',*,*,#6079,.F.);
#8601=ORIENTED_EDGE('',*,*,#6082,.F.);
#8602=ORIENTED_EDGE('',*,*,#6085,.F.);
#8603=ORIENTED_EDGE('',*,*,#6088,.F.);
#8604=ORIENTED_EDGE('',*,*,#6091,.F.);
#8605=ORIENTED_EDGE('',*,*,#6094,.F.);
#8606=ORIENTED_EDGE('',*,*,#6097,.F.);
#8607=ORIENTED_EDGE('',*,*,#6100,.F.);
#8608=ORIENTED_EDGE('',*,*,#6103,.F.);
#8609=ORIENTED_EDGE('',*,*,#6106,.F.);
#8610=ORIENTED_EDGE('',*,*,#6107,.T.);
#8611=ORIENTED_EDGE('',*,*,#6108,.T.);
#8612=ORIENTED_EDGE('',*,*,#6109,.F.);
#8613=ORIENTED_EDGE('',*,*,#6110,.F.);
#8614=ORIENTED_EDGE('',*,*,#6111,.T.);
#8615=ORIENTED_EDGE('',*,*,#6112,.T.);
#8616=ORIENTED_EDGE('',*,*,#6107,.F.);
#8617=ORIENTED_EDGE('',*,*,#6113,.F.);
#8618=ORIENTED_EDGE('',*,*,#6114,.T.);
#8619=ORIENTED_EDGE('',*,*,#6115,.T.);
#8620=ORIENTED_EDGE('',*,*,#6111,.F.);
#8621=ORIENTED_EDGE('',*,*,#6116,.F.);
#8622=ORIENTED_EDGE('',*,*,#6117,.T.);
#8623=ORIENTED_EDGE('',*,*,#6118,.T.);
#8624=ORIENTED_EDGE('',*,*,#6114,.F.);
#8625=ORIENTED_EDGE('',*,*,#6119,.F.);
#8626=ORIENTED_EDGE('',*,*,#6120,.T.);
#8627=ORIENTED_EDGE('',*,*,#6121,.T.);
#8628=ORIENTED_EDGE('',*,*,#6117,.F.);
#8629=ORIENTED_EDGE('',*,*,#6122,.F.);
#8630=ORIENTED_EDGE('',*,*,#6123,.T.);
#8631=ORIENTED_EDGE('',*,*,#6124,.T.);
#8632=ORIENTED_EDGE('',*,*,#6120,.F.);
#8633=ORIENTED_EDGE('',*,*,#6125,.F.);
#8634=ORIENTED_EDGE('',*,*,#6126,.T.);
#8635=ORIENTED_EDGE('',*,*,#6127,.T.);
#8636=ORIENTED_EDGE('',*,*,#6123,.F.);
#8637=ORIENTED_EDGE('',*,*,#6128,.F.);
#8638=ORIENTED_EDGE('',*,*,#6129,.T.);
#8639=ORIENTED_EDGE('',*,*,#6130,.T.);
#8640=ORIENTED_EDGE('',*,*,#6126,.F.);
#8641=ORIENTED_EDGE('',*,*,#6131,.F.);
#8642=ORIENTED_EDGE('',*,*,#6132,.T.);
#8643=ORIENTED_EDGE('',*,*,#6133,.T.);
#8644=ORIENTED_EDGE('',*,*,#6129,.F.);
#8645=ORIENTED_EDGE('',*,*,#6134,.F.);
#8646=ORIENTED_EDGE('',*,*,#6135,.T.);
#8647=ORIENTED_EDGE('',*,*,#6136,.T.);
#8648=ORIENTED_EDGE('',*,*,#6132,.F.);
#8649=ORIENTED_EDGE('',*,*,#6137,.F.);
#8650=ORIENTED_EDGE('',*,*,#6138,.T.);
#8651=ORIENTED_EDGE('',*,*,#6139,.T.);
#8652=ORIENTED_EDGE('',*,*,#6135,.F.);
#8653=ORIENTED_EDGE('',*,*,#6140,.F.);
#8654=ORIENTED_EDGE('',*,*,#6141,.T.);
#8655=ORIENTED_EDGE('',*,*,#6142,.T.);
#8656=ORIENTED_EDGE('',*,*,#6138,.F.);
#8657=ORIENTED_EDGE('',*,*,#6143,.F.);
#8658=ORIENTED_EDGE('',*,*,#6109,.T.);
#8659=ORIENTED_EDGE('',*,*,#6144,.T.);
#8660=ORIENTED_EDGE('',*,*,#6141,.F.);
#8661=ORIENTED_EDGE('',*,*,#6144,.F.);
#8662=ORIENTED_EDGE('',*,*,#6108,.F.);
#8663=ORIENTED_EDGE('',*,*,#6112,.F.);
#8664=ORIENTED_EDGE('',*,*,#6115,.F.);
#8665=ORIENTED_EDGE('',*,*,#6118,.F.);
#8666=ORIENTED_EDGE('',*,*,#6121,.F.);
#8667=ORIENTED_EDGE('',*,*,#6124,.F.);
#8668=ORIENTED_EDGE('',*,*,#6127,.F.);
#8669=ORIENTED_EDGE('',*,*,#6130,.F.);
#8670=ORIENTED_EDGE('',*,*,#6133,.F.);
#8671=ORIENTED_EDGE('',*,*,#6136,.F.);
#8672=ORIENTED_EDGE('',*,*,#6139,.F.);
#8673=ORIENTED_EDGE('',*,*,#6142,.F.);
#8674=ORIENTED_EDGE('',*,*,#6145,.F.);
#8675=ORIENTED_EDGE('',*,*,#6146,.T.);
#8676=ORIENTED_EDGE('',*,*,#6147,.T.);
#8677=ORIENTED_EDGE('',*,*,#6148,.F.);
#8678=ORIENTED_EDGE('',*,*,#6149,.F.);
#8679=ORIENTED_EDGE('',*,*,#6150,.T.);
#8680=ORIENTED_EDGE('',*,*,#6151,.T.);
#8681=ORIENTED_EDGE('',*,*,#6146,.F.);
#8682=ORIENTED_EDGE('',*,*,#6152,.F.);
#8683=ORIENTED_EDGE('',*,*,#6153,.T.);
#8684=ORIENTED_EDGE('',*,*,#6154,.T.);
#8685=ORIENTED_EDGE('',*,*,#6150,.F.);
#8686=ORIENTED_EDGE('',*,*,#6155,.F.);
#8687=ORIENTED_EDGE('',*,*,#6156,.T.);
#8688=ORIENTED_EDGE('',*,*,#6157,.T.);
#8689=ORIENTED_EDGE('',*,*,#6153,.F.);
#8690=ORIENTED_EDGE('',*,*,#6158,.F.);
#8691=ORIENTED_EDGE('',*,*,#6159,.T.);
#8692=ORIENTED_EDGE('',*,*,#6160,.T.);
#8693=ORIENTED_EDGE('',*,*,#6156,.F.);
#8694=ORIENTED_EDGE('',*,*,#6161,.F.);
#8695=ORIENTED_EDGE('',*,*,#6162,.T.);
#8696=ORIENTED_EDGE('',*,*,#6163,.T.);
#8697=ORIENTED_EDGE('',*,*,#6159,.F.);
#8698=ORIENTED_EDGE('',*,*,#6164,.F.);
#8699=ORIENTED_EDGE('',*,*,#6165,.T.);
#8700=ORIENTED_EDGE('',*,*,#6166,.T.);
#8701=ORIENTED_EDGE('',*,*,#6162,.F.);
#8702=ORIENTED_EDGE('',*,*,#6167,.F.);
#8703=ORIENTED_EDGE('',*,*,#6168,.T.);
#8704=ORIENTED_EDGE('',*,*,#6169,.T.);
#8705=ORIENTED_EDGE('',*,*,#6165,.F.);
#8706=ORIENTED_EDGE('',*,*,#6170,.F.);
#8707=ORIENTED_EDGE('',*,*,#6171,.T.);
#8708=ORIENTED_EDGE('',*,*,#6172,.T.);
#8709=ORIENTED_EDGE('',*,*,#6168,.F.);
#8710=ORIENTED_EDGE('',*,*,#6173,.F.);
#8711=ORIENTED_EDGE('',*,*,#6148,.T.);
#8712=ORIENTED_EDGE('',*,*,#6174,.T.);
#8713=ORIENTED_EDGE('',*,*,#6171,.F.);
#8714=ORIENTED_EDGE('',*,*,#6174,.F.);
#8715=ORIENTED_EDGE('',*,*,#6147,.F.);
#8716=ORIENTED_EDGE('',*,*,#6151,.F.);
#8717=ORIENTED_EDGE('',*,*,#6154,.F.);
#8718=ORIENTED_EDGE('',*,*,#6157,.F.);
#8719=ORIENTED_EDGE('',*,*,#6160,.F.);
#8720=ORIENTED_EDGE('',*,*,#6163,.F.);
#8721=ORIENTED_EDGE('',*,*,#6166,.F.);
#8722=ORIENTED_EDGE('',*,*,#6169,.F.);
#8723=ORIENTED_EDGE('',*,*,#6172,.F.);
#8724=ORIENTED_EDGE('',*,*,#6175,.F.);
#8725=ORIENTED_EDGE('',*,*,#6176,.T.);
#8726=ORIENTED_EDGE('',*,*,#6177,.T.);
#8727=ORIENTED_EDGE('',*,*,#6178,.F.);
#8728=ORIENTED_EDGE('',*,*,#6179,.F.);
#8729=ORIENTED_EDGE('',*,*,#6180,.T.);
#8730=ORIENTED_EDGE('',*,*,#6181,.T.);
#8731=ORIENTED_EDGE('',*,*,#6176,.F.);
#8732=ORIENTED_EDGE('',*,*,#6182,.F.);
#8733=ORIENTED_EDGE('',*,*,#6183,.T.);
#8734=ORIENTED_EDGE('',*,*,#6184,.T.);
#8735=ORIENTED_EDGE('',*,*,#6180,.F.);
#8736=ORIENTED_EDGE('',*,*,#6185,.F.);
#8737=ORIENTED_EDGE('',*,*,#6178,.T.);
#8738=ORIENTED_EDGE('',*,*,#6186,.T.);
#8739=ORIENTED_EDGE('',*,*,#6183,.F.);
#8740=ORIENTED_EDGE('',*,*,#6186,.F.);
#8741=ORIENTED_EDGE('',*,*,#6177,.F.);
#8742=ORIENTED_EDGE('',*,*,#6181,.F.);
#8743=ORIENTED_EDGE('',*,*,#6184,.F.);
#8744=ORIENTED_EDGE('',*,*,#6187,.F.);
#8745=ORIENTED_EDGE('',*,*,#6188,.T.);
#8746=ORIENTED_EDGE('',*,*,#6189,.T.);
#8747=ORIENTED_EDGE('',*,*,#6190,.F.);
#8748=ORIENTED_EDGE('',*,*,#6191,.F.);
#8749=ORIENTED_EDGE('',*,*,#6190,.T.);
#8750=ORIENTED_EDGE('',*,*,#6192,.T.);
#8751=ORIENTED_EDGE('',*,*,#6188,.F.);
#8752=ORIENTED_EDGE('',*,*,#6193,.F.);
#8753=ORIENTED_EDGE('',*,*,#6194,.T.);
#8754=ORIENTED_EDGE('',*,*,#6195,.T.);
#8755=ORIENTED_EDGE('',*,*,#6196,.F.);
#8756=ORIENTED_EDGE('',*,*,#6197,.F.);
#8757=ORIENTED_EDGE('',*,*,#6198,.T.);
#8758=ORIENTED_EDGE('',*,*,#6199,.T.);
#8759=ORIENTED_EDGE('',*,*,#6194,.F.);
#8760=ORIENTED_EDGE('',*,*,#6200,.F.);
#8761=ORIENTED_EDGE('',*,*,#6201,.T.);
#8762=ORIENTED_EDGE('',*,*,#6202,.T.);
#8763=ORIENTED_EDGE('',*,*,#6198,.F.);
#8764=ORIENTED_EDGE('',*,*,#6203,.F.);
#8765=ORIENTED_EDGE('',*,*,#6204,.T.);
#8766=ORIENTED_EDGE('',*,*,#6205,.T.);
#8767=ORIENTED_EDGE('',*,*,#6201,.F.);
#8768=ORIENTED_EDGE('',*,*,#6206,.F.);
#8769=ORIENTED_EDGE('',*,*,#6207,.T.);
#8770=ORIENTED_EDGE('',*,*,#6208,.T.);
#8771=ORIENTED_EDGE('',*,*,#6204,.F.);
#8772=ORIENTED_EDGE('',*,*,#6209,.F.);
#8773=ORIENTED_EDGE('',*,*,#6210,.T.);
#8774=ORIENTED_EDGE('',*,*,#6211,.T.);
#8775=ORIENTED_EDGE('',*,*,#6207,.F.);
#8776=ORIENTED_EDGE('',*,*,#6212,.F.);
#8777=ORIENTED_EDGE('',*,*,#6196,.T.);
#8778=ORIENTED_EDGE('',*,*,#6213,.T.);
#8779=ORIENTED_EDGE('',*,*,#6210,.F.);
#8780=ORIENTED_EDGE('',*,*,#6213,.F.);
#8781=ORIENTED_EDGE('',*,*,#6195,.F.);
#8782=ORIENTED_EDGE('',*,*,#6199,.F.);
#8783=ORIENTED_EDGE('',*,*,#6202,.F.);
#8784=ORIENTED_EDGE('',*,*,#6205,.F.);
#8785=ORIENTED_EDGE('',*,*,#6208,.F.);
#8786=ORIENTED_EDGE('',*,*,#6211,.F.);
#8787=ORIENTED_EDGE('',*,*,#6192,.F.);
#8788=ORIENTED_EDGE('',*,*,#6189,.F.);
#8789=ORIENTED_EDGE('',*,*,#6214,.F.);
#8790=ORIENTED_EDGE('',*,*,#6215,.T.);
#8791=ORIENTED_EDGE('',*,*,#6216,.T.);
#8792=ORIENTED_EDGE('',*,*,#6217,.F.);
#8793=ORIENTED_EDGE('',*,*,#6218,.F.);
#8794=ORIENTED_EDGE('',*,*,#6219,.T.);
#8795=ORIENTED_EDGE('',*,*,#6220,.T.);
#8796=ORIENTED_EDGE('',*,*,#6215,.F.);
#8797=ORIENTED_EDGE('',*,*,#6221,.F.);
#8798=ORIENTED_EDGE('',*,*,#6222,.T.);
#8799=ORIENTED_EDGE('',*,*,#6223,.T.);
#8800=ORIENTED_EDGE('',*,*,#6219,.F.);
#8801=ORIENTED_EDGE('',*,*,#6224,.F.);
#8802=ORIENTED_EDGE('',*,*,#6217,.T.);
#8803=ORIENTED_EDGE('',*,*,#6225,.T.);
#8804=ORIENTED_EDGE('',*,*,#6222,.F.);
#8805=ORIENTED_EDGE('',*,*,#6225,.F.);
#8806=ORIENTED_EDGE('',*,*,#6216,.F.);
#8807=ORIENTED_EDGE('',*,*,#6220,.F.);
#8808=ORIENTED_EDGE('',*,*,#6223,.F.);
#8809=ORIENTED_EDGE('',*,*,#6226,.F.);
#8810=ORIENTED_EDGE('',*,*,#6227,.T.);
#8811=ORIENTED_EDGE('',*,*,#6228,.T.);
#8812=ORIENTED_EDGE('',*,*,#6229,.F.);
#8813=ORIENTED_EDGE('',*,*,#6230,.F.);
#8814=ORIENTED_EDGE('',*,*,#6231,.T.);
#8815=ORIENTED_EDGE('',*,*,#6232,.T.);
#8816=ORIENTED_EDGE('',*,*,#6227,.F.);
#8817=ORIENTED_EDGE('',*,*,#6233,.F.);
#8818=ORIENTED_EDGE('',*,*,#6234,.T.);
#8819=ORIENTED_EDGE('',*,*,#6235,.T.);
#8820=ORIENTED_EDGE('',*,*,#6231,.F.);
#8821=ORIENTED_EDGE('',*,*,#6236,.F.);
#8822=ORIENTED_EDGE('',*,*,#6237,.T.);
#8823=ORIENTED_EDGE('',*,*,#6238,.T.);
#8824=ORIENTED_EDGE('',*,*,#6234,.F.);
#8825=ORIENTED_EDGE('',*,*,#6239,.F.);
#8826=ORIENTED_EDGE('',*,*,#6240,.T.);
#8827=ORIENTED_EDGE('',*,*,#6241,.T.);
#8828=ORIENTED_EDGE('',*,*,#6237,.F.);
#8829=ORIENTED_EDGE('',*,*,#6242,.F.);
#8830=ORIENTED_EDGE('',*,*,#6243,.T.);
#8831=ORIENTED_EDGE('',*,*,#6244,.T.);
#8832=ORIENTED_EDGE('',*,*,#6240,.F.);
#8833=ORIENTED_EDGE('',*,*,#6245,.F.);
#8834=ORIENTED_EDGE('',*,*,#6246,.T.);
#8835=ORIENTED_EDGE('',*,*,#6247,.T.);
#8836=ORIENTED_EDGE('',*,*,#6243,.F.);
#8837=ORIENTED_EDGE('',*,*,#6248,.F.);
#8838=ORIENTED_EDGE('',*,*,#6249,.T.);
#8839=ORIENTED_EDGE('',*,*,#6250,.T.);
#8840=ORIENTED_EDGE('',*,*,#6246,.F.);
#8841=ORIENTED_EDGE('',*,*,#6251,.F.);
#8842=ORIENTED_EDGE('',*,*,#6252,.T.);
#8843=ORIENTED_EDGE('',*,*,#6253,.T.);
#8844=ORIENTED_EDGE('',*,*,#6249,.F.);
#8845=ORIENTED_EDGE('',*,*,#6254,.F.);
#8846=ORIENTED_EDGE('',*,*,#6255,.T.);
#8847=ORIENTED_EDGE('',*,*,#6256,.T.);
#8848=ORIENTED_EDGE('',*,*,#6252,.F.);
#8849=ORIENTED_EDGE('',*,*,#6257,.F.);
#8850=ORIENTED_EDGE('',*,*,#6258,.T.);
#8851=ORIENTED_EDGE('',*,*,#6259,.T.);
#8852=ORIENTED_EDGE('',*,*,#6255,.F.);
#8853=ORIENTED_EDGE('',*,*,#6260,.F.);
#8854=ORIENTED_EDGE('',*,*,#6261,.T.);
#8855=ORIENTED_EDGE('',*,*,#6262,.T.);
#8856=ORIENTED_EDGE('',*,*,#6258,.F.);
#8857=ORIENTED_EDGE('',*,*,#6263,.F.);
#8858=ORIENTED_EDGE('',*,*,#6264,.T.);
#8859=ORIENTED_EDGE('',*,*,#6265,.T.);
#8860=ORIENTED_EDGE('',*,*,#6261,.F.);
#8861=ORIENTED_EDGE('',*,*,#6266,.F.);
#8862=ORIENTED_EDGE('',*,*,#6267,.T.);
#8863=ORIENTED_EDGE('',*,*,#6268,.T.);
#8864=ORIENTED_EDGE('',*,*,#6264,.F.);
#8865=ORIENTED_EDGE('',*,*,#6269,.F.);
#8866=ORIENTED_EDGE('',*,*,#6270,.T.);
#8867=ORIENTED_EDGE('',*,*,#6271,.T.);
#8868=ORIENTED_EDGE('',*,*,#6267,.F.);
#8869=ORIENTED_EDGE('',*,*,#6272,.F.);
#8870=ORIENTED_EDGE('',*,*,#6229,.T.);
#8871=ORIENTED_EDGE('',*,*,#6273,.T.);
#8872=ORIENTED_EDGE('',*,*,#6270,.F.);
#8873=ORIENTED_EDGE('',*,*,#6273,.F.);
#8874=ORIENTED_EDGE('',*,*,#6228,.F.);
#8875=ORIENTED_EDGE('',*,*,#6232,.F.);
#8876=ORIENTED_EDGE('',*,*,#6235,.F.);
#8877=ORIENTED_EDGE('',*,*,#6238,.F.);
#8878=ORIENTED_EDGE('',*,*,#6241,.F.);
#8879=ORIENTED_EDGE('',*,*,#6244,.F.);
#8880=ORIENTED_EDGE('',*,*,#6247,.F.);
#8881=ORIENTED_EDGE('',*,*,#6250,.F.);
#8882=ORIENTED_EDGE('',*,*,#6253,.F.);
#8883=ORIENTED_EDGE('',*,*,#6256,.F.);
#8884=ORIENTED_EDGE('',*,*,#6259,.F.);
#8885=ORIENTED_EDGE('',*,*,#6262,.F.);
#8886=ORIENTED_EDGE('',*,*,#6265,.F.);
#8887=ORIENTED_EDGE('',*,*,#6268,.F.);
#8888=ORIENTED_EDGE('',*,*,#6271,.F.);
#8889=ORIENTED_EDGE('',*,*,#6187,.T.);
#8890=ORIENTED_EDGE('',*,*,#6191,.T.);
#8891=ORIENTED_EDGE('',*,*,#6046,.T.);
#8892=ORIENTED_EDGE('',*,*,#6022,.T.);
#8893=ORIENTED_EDGE('',*,*,#5989,.F.);
#8894=ORIENTED_EDGE('',*,*,#6274,.T.);
#8895=ORIENTED_EDGE('',*,*,#5927,.F.);
#8896=ORIENTED_EDGE('',*,*,#5968,.F.);
#8897=ORIENTED_EDGE('',*,*,#5882,.F.);
#8898=ORIENTED_EDGE('',*,*,#6275,.F.);
#8899=ORIENTED_EDGE('',*,*,#6274,.F.);
#8900=ORIENTED_EDGE('',*,*,#6276,.F.);
#8901=ORIENTED_EDGE('',*,*,#6277,.F.);
#8902=ORIENTED_EDGE('',*,*,#6278,.T.);
#8903=ORIENTED_EDGE('',*,*,#6279,.F.);
#8904=ORIENTED_EDGE('',*,*,#6009,.F.);
#8905=ORIENTED_EDGE('',*,*,#6276,.T.);
#8906=ORIENTED_EDGE('',*,*,#6280,.T.);
#8907=ORIENTED_EDGE('',*,*,#6021,.F.);
#8908=ORIENTED_EDGE('',*,*,#6281,.T.);
#8909=ORIENTED_EDGE('',*,*,#6008,.F.);
#8910=ORIENTED_EDGE('',*,*,#5953,.T.);
#8911=ORIENTED_EDGE('',*,*,#6282,.T.);
#8912=ORIENTED_EDGE('',*,*,#6277,.T.);
#8913=ORIENTED_EDGE('',*,*,#6010,.F.);
#8914=ORIENTED_EDGE('',*,*,#6279,.T.);
#8915=ORIENTED_EDGE('',*,*,#6283,.T.);
#8916=ORIENTED_EDGE('',*,*,#6016,.T.);
#8917=ORIENTED_EDGE('',*,*,#6280,.F.);
#8918=ORIENTED_EDGE('',*,*,#5928,.T.);
#8919=ORIENTED_EDGE('',*,*,#6284,.F.);
#8920=ORIENTED_EDGE('',*,*,#6019,.T.);
#8921=ORIENTED_EDGE('',*,*,#6284,.T.);
#8922=ORIENTED_EDGE('',*,*,#6275,.T.);
#8923=ORIENTED_EDGE('',*,*,#6281,.F.);
#8924=ORIENTED_EDGE('',*,*,#6020,.F.);
#8925=ORIENTED_EDGE('',*,*,#6283,.F.);
#8926=ORIENTED_EDGE('',*,*,#6278,.F.);
#8927=ORIENTED_EDGE('',*,*,#6282,.F.);
#8928=ORIENTED_EDGE('',*,*,#5952,.F.);
#8929=ORIENTED_EDGE('',*,*,#6285,.T.);
#8930=ORIENTED_EDGE('',*,*,#6017,.T.);
#8931=ORIENTED_EDGE('',*,*,#6226,.T.);
#8932=ORIENTED_EDGE('',*,*,#6272,.T.);
#8933=ORIENTED_EDGE('',*,*,#6269,.T.);
#8934=ORIENTED_EDGE('',*,*,#6266,.T.);
#8935=ORIENTED_EDGE('',*,*,#6263,.T.);
#8936=ORIENTED_EDGE('',*,*,#6260,.T.);
#8937=ORIENTED_EDGE('',*,*,#6257,.T.);
#8938=ORIENTED_EDGE('',*,*,#6254,.T.);
#8939=ORIENTED_EDGE('',*,*,#6251,.T.);
#8940=ORIENTED_EDGE('',*,*,#6248,.T.);
#8941=ORIENTED_EDGE('',*,*,#6245,.T.);
#8942=ORIENTED_EDGE('',*,*,#6242,.T.);
#8943=ORIENTED_EDGE('',*,*,#6239,.T.);
#8944=ORIENTED_EDGE('',*,*,#6236,.T.);
#8945=ORIENTED_EDGE('',*,*,#6233,.T.);
#8946=ORIENTED_EDGE('',*,*,#6230,.T.);
#8947=ORIENTED_EDGE('',*,*,#6214,.T.);
#8948=ORIENTED_EDGE('',*,*,#6224,.T.);
#8949=ORIENTED_EDGE('',*,*,#6221,.T.);
#8950=ORIENTED_EDGE('',*,*,#6218,.T.);
#8951=ORIENTED_EDGE('',*,*,#6193,.T.);
#8952=ORIENTED_EDGE('',*,*,#6212,.T.);
#8953=ORIENTED_EDGE('',*,*,#6209,.T.);
#8954=ORIENTED_EDGE('',*,*,#6206,.T.);
#8955=ORIENTED_EDGE('',*,*,#6203,.T.);
#8956=ORIENTED_EDGE('',*,*,#6200,.T.);
#8957=ORIENTED_EDGE('',*,*,#6197,.T.);
#8958=ORIENTED_EDGE('',*,*,#6175,.T.);
#8959=ORIENTED_EDGE('',*,*,#6185,.T.);
#8960=ORIENTED_EDGE('',*,*,#6182,.T.);
#8961=ORIENTED_EDGE('',*,*,#6179,.T.);
#8962=ORIENTED_EDGE('',*,*,#6145,.T.);
#8963=ORIENTED_EDGE('',*,*,#6173,.T.);
#8964=ORIENTED_EDGE('',*,*,#6170,.T.);
#8965=ORIENTED_EDGE('',*,*,#6167,.T.);
#8966=ORIENTED_EDGE('',*,*,#6164,.T.);
#8967=ORIENTED_EDGE('',*,*,#6161,.T.);
#8968=ORIENTED_EDGE('',*,*,#6158,.T.);
#8969=ORIENTED_EDGE('',*,*,#6155,.T.);
#8970=ORIENTED_EDGE('',*,*,#6152,.T.);
#8971=ORIENTED_EDGE('',*,*,#6149,.T.);
#8972=ORIENTED_EDGE('',*,*,#6106,.T.);
#8973=ORIENTED_EDGE('',*,*,#6143,.T.);
#8974=ORIENTED_EDGE('',*,*,#6140,.T.);
#8975=ORIENTED_EDGE('',*,*,#6137,.T.);
#8976=ORIENTED_EDGE('',*,*,#6134,.T.);
#8977=ORIENTED_EDGE('',*,*,#6131,.T.);
#8978=ORIENTED_EDGE('',*,*,#6128,.T.);
#8979=ORIENTED_EDGE('',*,*,#6125,.T.);
#8980=ORIENTED_EDGE('',*,*,#6122,.T.);
#8981=ORIENTED_EDGE('',*,*,#6119,.T.);
#8982=ORIENTED_EDGE('',*,*,#6116,.T.);
#8983=ORIENTED_EDGE('',*,*,#6113,.T.);
#8984=ORIENTED_EDGE('',*,*,#6110,.T.);
#8985=ORIENTED_EDGE('',*,*,#6067,.T.);
#8986=ORIENTED_EDGE('',*,*,#6104,.T.);
#8987=ORIENTED_EDGE('',*,*,#6101,.T.);
#8988=ORIENTED_EDGE('',*,*,#6098,.T.);
#8989=ORIENTED_EDGE('',*,*,#6095,.T.);
#8990=ORIENTED_EDGE('',*,*,#6092,.T.);
#8991=ORIENTED_EDGE('',*,*,#6089,.T.);
#8992=ORIENTED_EDGE('',*,*,#6086,.T.);
#8993=ORIENTED_EDGE('',*,*,#6083,.T.);
#8994=ORIENTED_EDGE('',*,*,#6080,.T.);
#8995=ORIENTED_EDGE('',*,*,#6077,.T.);
#8996=ORIENTED_EDGE('',*,*,#6074,.T.);
#8997=ORIENTED_EDGE('',*,*,#6071,.T.);
#8998=ORIENTED_EDGE('',*,*,#6049,.T.);
#8999=ORIENTED_EDGE('',*,*,#6065,.T.);
#9000=ORIENTED_EDGE('',*,*,#6062,.T.);
#9001=ORIENTED_EDGE('',*,*,#6059,.T.);
#9002=ORIENTED_EDGE('',*,*,#6056,.T.);
#9003=ORIENTED_EDGE('',*,*,#6053,.T.);
#9004=ORIENTED_EDGE('',*,*,#6025,.T.);
#9005=ORIENTED_EDGE('',*,*,#6044,.T.);
#9006=ORIENTED_EDGE('',*,*,#6041,.T.);
#9007=ORIENTED_EDGE('',*,*,#6038,.T.);
#9008=ORIENTED_EDGE('',*,*,#6035,.T.);
#9009=ORIENTED_EDGE('',*,*,#6032,.T.);
#9010=ORIENTED_EDGE('',*,*,#6029,.T.);
#9011=ORIENTED_EDGE('',*,*,#5992,.T.);
#9012=ORIENTED_EDGE('',*,*,#6286,.T.);
#9013=ORIENTED_EDGE('',*,*,#6015,.F.);
#9014=ORIENTED_EDGE('',*,*,#6287,.F.);
#9015=ORIENTED_EDGE('',*,*,#5993,.T.);
#9016=ORIENTED_EDGE('',*,*,#6287,.T.);
#9017=ORIENTED_EDGE('',*,*,#6014,.F.);
#9018=ORIENTED_EDGE('',*,*,#6288,.F.);
#9019=ORIENTED_EDGE('',*,*,#5994,.T.);
#9020=ORIENTED_EDGE('',*,*,#6288,.T.);
#9021=ORIENTED_EDGE('',*,*,#6013,.F.);
#9022=ORIENTED_EDGE('',*,*,#6289,.F.);
#9023=ORIENTED_EDGE('',*,*,#5991,.T.);
#9024=ORIENTED_EDGE('',*,*,#6289,.T.);
#9025=ORIENTED_EDGE('',*,*,#6012,.F.);
#9026=ORIENTED_EDGE('',*,*,#6286,.F.);
#9027=ORIENTED_EDGE('',*,*,#5951,.T.);
#9028=ORIENTED_EDGE('',*,*,#5973,.F.);
#9029=ORIENTED_EDGE('',*,*,#6018,.F.);
#9030=ORIENTED_EDGE('',*,*,#6285,.F.);
#9031=ORIENTED_EDGE('',*,*,#6290,.F.);
#9032=ORIENTED_EDGE('',*,*,#6291,.F.);
#9033=ORIENTED_EDGE('',*,*,#6292,.F.);
#9034=ORIENTED_EDGE('',*,*,#6293,.F.);
#9035=ORIENTED_EDGE('',*,*,#6294,.F.);
#9036=ORIENTED_EDGE('',*,*,#6295,.T.);
#9037=ORIENTED_EDGE('',*,*,#6296,.F.);
#9038=ORIENTED_EDGE('',*,*,#6295,.F.);
#9039=ORIENTED_EDGE('',*,*,#6297,.F.);
#9040=ORIENTED_EDGE('',*,*,#6291,.T.);
#9041=ORIENTED_EDGE('',*,*,#6292,.T.);
#9042=ORIENTED_EDGE('',*,*,#6297,.T.);
#9043=ORIENTED_EDGE('',*,*,#6294,.T.);
#9044=ORIENTED_EDGE('',*,*,#6298,.T.);
#9045=ORIENTED_EDGE('',*,*,#6299,.F.);
#9046=ORIENTED_EDGE('',*,*,#6300,.F.);
#9047=ORIENTED_EDGE('',*,*,#6301,.F.);
#9048=ORIENTED_EDGE('',*,*,#6302,.T.);
#9049=ORIENTED_EDGE('',*,*,#6303,.F.);
#9050=ORIENTED_EDGE('',*,*,#6304,.F.);
#9051=ORIENTED_EDGE('',*,*,#6305,.F.);
#9052=ORIENTED_EDGE('',*,*,#6306,.T.);
#9053=ORIENTED_EDGE('',*,*,#6307,.F.);
#9054=ORIENTED_EDGE('',*,*,#6306,.F.);
#9055=ORIENTED_EDGE('',*,*,#6308,.F.);
#9056=ORIENTED_EDGE('',*,*,#6309,.T.);
#9057=ORIENTED_EDGE('',*,*,#6310,.F.);
#9058=ORIENTED_EDGE('',*,*,#6309,.F.);
#9059=ORIENTED_EDGE('',*,*,#6311,.F.);
#9060=ORIENTED_EDGE('',*,*,#6312,.T.);
#9061=ORIENTED_EDGE('',*,*,#6313,.F.);
#9062=ORIENTED_EDGE('',*,*,#6312,.F.);
#9063=ORIENTED_EDGE('',*,*,#6314,.F.);
#9064=ORIENTED_EDGE('',*,*,#6315,.T.);
#9065=ORIENTED_EDGE('',*,*,#6316,.F.);
#9066=ORIENTED_EDGE('',*,*,#6315,.F.);
#9067=ORIENTED_EDGE('',*,*,#6317,.F.);
#9068=ORIENTED_EDGE('',*,*,#6318,.T.);
#9069=ORIENTED_EDGE('',*,*,#6319,.F.);
#9070=ORIENTED_EDGE('',*,*,#6318,.F.);
#9071=ORIENTED_EDGE('',*,*,#6320,.F.);
#9072=ORIENTED_EDGE('',*,*,#6321,.T.);
#9073=ORIENTED_EDGE('',*,*,#6322,.F.);
#9074=ORIENTED_EDGE('',*,*,#6321,.F.);
#9075=ORIENTED_EDGE('',*,*,#6323,.F.);
#9076=ORIENTED_EDGE('',*,*,#6324,.T.);
#9077=ORIENTED_EDGE('',*,*,#6325,.F.);
#9078=ORIENTED_EDGE('',*,*,#6324,.F.);
#9079=ORIENTED_EDGE('',*,*,#6326,.F.);
#9080=ORIENTED_EDGE('',*,*,#6304,.T.);
#9081=ORIENTED_EDGE('',*,*,#6327,.F.);
#9082=ORIENTED_EDGE('',*,*,#6300,.T.);
#9083=ORIENTED_EDGE('',*,*,#6328,.F.);
#9084=ORIENTED_EDGE('',*,*,#6329,.F.);
#9085=ORIENTED_EDGE('',*,*,#6317,.T.);
#9086=ORIENTED_EDGE('',*,*,#6314,.T.);
#9087=ORIENTED_EDGE('',*,*,#6311,.T.);
#9088=ORIENTED_EDGE('',*,*,#6308,.T.);
#9089=ORIENTED_EDGE('',*,*,#6305,.T.);
#9090=ORIENTED_EDGE('',*,*,#6326,.T.);
#9091=ORIENTED_EDGE('',*,*,#6323,.T.);
#9092=ORIENTED_EDGE('',*,*,#6320,.T.);
#9093=ORIENTED_EDGE('',*,*,#6330,.T.);
#9094=ORIENTED_EDGE('',*,*,#6329,.T.);
#9095=ORIENTED_EDGE('',*,*,#6331,.F.);
#9096=ORIENTED_EDGE('',*,*,#6332,.F.);
#9097=ORIENTED_EDGE('',*,*,#6290,.T.);
#9098=ORIENTED_EDGE('',*,*,#6302,.F.);
#9099=ORIENTED_EDGE('',*,*,#6333,.T.);
#9100=ORIENTED_EDGE('',*,*,#6332,.T.);
#9101=ORIENTED_EDGE('',*,*,#6334,.F.);
#9102=ORIENTED_EDGE('',*,*,#6298,.F.);
#9103=ORIENTED_EDGE('',*,*,#6293,.T.);
#9104=ORIENTED_EDGE('',*,*,#6296,.T.);
#9105=ORIENTED_EDGE('',*,*,#6316,.T.);
#9106=ORIENTED_EDGE('',*,*,#6319,.T.);
#9107=ORIENTED_EDGE('',*,*,#6322,.T.);
#9108=ORIENTED_EDGE('',*,*,#6325,.T.);
#9109=ORIENTED_EDGE('',*,*,#6303,.T.);
#9110=ORIENTED_EDGE('',*,*,#6307,.T.);
#9111=ORIENTED_EDGE('',*,*,#6310,.T.);
#9112=ORIENTED_EDGE('',*,*,#6313,.T.);
#9113=ORIENTED_EDGE('',*,*,#6334,.T.);
#9114=ORIENTED_EDGE('',*,*,#6331,.T.);
#9115=ORIENTED_EDGE('',*,*,#6328,.T.);
#9116=ORIENTED_EDGE('',*,*,#6299,.T.);
#9117=ORIENTED_EDGE('',*,*,#6333,.F.);
#9118=ORIENTED_EDGE('',*,*,#6301,.T.);
#9119=ORIENTED_EDGE('',*,*,#6327,.T.);
#9120=ORIENTED_EDGE('',*,*,#6330,.F.);
#9121=ORIENTED_EDGE('',*,*,#6335,.F.);
#9122=ORIENTED_EDGE('',*,*,#6336,.F.);
#9123=ORIENTED_EDGE('',*,*,#6337,.F.);
#9124=ORIENTED_EDGE('',*,*,#6338,.F.);
#9125=ORIENTED_EDGE('',*,*,#6339,.F.);
#9126=ORIENTED_EDGE('',*,*,#6340,.F.);
#9127=ORIENTED_EDGE('',*,*,#6341,.F.);
#9128=ORIENTED_EDGE('',*,*,#6342,.F.);
#9129=ORIENTED_EDGE('',*,*,#6343,.F.);
#9130=ORIENTED_EDGE('',*,*,#6344,.F.);
#9131=ORIENTED_EDGE('',*,*,#6345,.F.);
#9132=ORIENTED_EDGE('',*,*,#6346,.F.);
#9133=ORIENTED_EDGE('',*,*,#6340,.T.);
#9134=ORIENTED_EDGE('',*,*,#6347,.F.);
#9135=ORIENTED_EDGE('',*,*,#6348,.F.);
#9136=ORIENTED_EDGE('',*,*,#6349,.T.);
#9137=ORIENTED_EDGE('',*,*,#6339,.T.);
#9138=ORIENTED_EDGE('',*,*,#6350,.F.);
#9139=ORIENTED_EDGE('',*,*,#6351,.T.);
#9140=ORIENTED_EDGE('',*,*,#6347,.T.);
#9141=ORIENTED_EDGE('',*,*,#6338,.T.);
#9142=ORIENTED_EDGE('',*,*,#6352,.F.);
#9143=ORIENTED_EDGE('',*,*,#6353,.T.);
#9144=ORIENTED_EDGE('',*,*,#6350,.T.);
#9145=ORIENTED_EDGE('',*,*,#6337,.T.);
#9146=ORIENTED_EDGE('',*,*,#6354,.F.);
#9147=ORIENTED_EDGE('',*,*,#6355,.T.);
#9148=ORIENTED_EDGE('',*,*,#6352,.T.);
#9149=ORIENTED_EDGE('',*,*,#6336,.T.);
#9150=ORIENTED_EDGE('',*,*,#6356,.F.);
#9151=ORIENTED_EDGE('',*,*,#6357,.T.);
#9152=ORIENTED_EDGE('',*,*,#6354,.T.);
#9153=ORIENTED_EDGE('',*,*,#6335,.T.);
#9154=ORIENTED_EDGE('',*,*,#6358,.F.);
#9155=ORIENTED_EDGE('',*,*,#6359,.T.);
#9156=ORIENTED_EDGE('',*,*,#6356,.T.);
#9157=ORIENTED_EDGE('',*,*,#6345,.T.);
#9158=ORIENTED_EDGE('',*,*,#6360,.F.);
#9159=ORIENTED_EDGE('',*,*,#6361,.F.);
#9160=ORIENTED_EDGE('',*,*,#6362,.T.);
#9161=ORIENTED_EDGE('',*,*,#6344,.T.);
#9162=ORIENTED_EDGE('',*,*,#6363,.F.);
#9163=ORIENTED_EDGE('',*,*,#6364,.T.);
#9164=ORIENTED_EDGE('',*,*,#6360,.T.);
#9165=ORIENTED_EDGE('',*,*,#6343,.T.);
#9166=ORIENTED_EDGE('',*,*,#6365,.F.);
#9167=ORIENTED_EDGE('',*,*,#6366,.F.);
#9168=ORIENTED_EDGE('',*,*,#6363,.T.);
#9169=ORIENTED_EDGE('',*,*,#6342,.T.);
#9170=ORIENTED_EDGE('',*,*,#6367,.F.);
#9171=ORIENTED_EDGE('',*,*,#6368,.T.);
#9172=ORIENTED_EDGE('',*,*,#6365,.T.);
#9173=ORIENTED_EDGE('',*,*,#6341,.T.);
#9174=ORIENTED_EDGE('',*,*,#6349,.F.);
#9175=ORIENTED_EDGE('',*,*,#6369,.F.);
#9176=ORIENTED_EDGE('',*,*,#6367,.T.);
#9177=ORIENTED_EDGE('',*,*,#6346,.T.);
#9178=ORIENTED_EDGE('',*,*,#6362,.F.);
#9179=ORIENTED_EDGE('',*,*,#6370,.T.);
#9180=ORIENTED_EDGE('',*,*,#6358,.T.);
#9181=ORIENTED_EDGE('',*,*,#6370,.F.);
#9182=ORIENTED_EDGE('',*,*,#6361,.T.);
#9183=ORIENTED_EDGE('',*,*,#6364,.F.);
#9184=ORIENTED_EDGE('',*,*,#6366,.T.);
#9185=ORIENTED_EDGE('',*,*,#6368,.F.);
#9186=ORIENTED_EDGE('',*,*,#6369,.T.);
#9187=ORIENTED_EDGE('',*,*,#6348,.T.);
#9188=ORIENTED_EDGE('',*,*,#6351,.F.);
#9189=ORIENTED_EDGE('',*,*,#6353,.F.);
#9190=ORIENTED_EDGE('',*,*,#6355,.F.);
#9191=ORIENTED_EDGE('',*,*,#6357,.F.);
#9192=ORIENTED_EDGE('',*,*,#6359,.F.);
#9193=ORIENTED_EDGE('',*,*,#6371,.F.);
#9194=ORIENTED_EDGE('',*,*,#6372,.F.);
#9195=ORIENTED_EDGE('',*,*,#6373,.F.);
#9196=ORIENTED_EDGE('',*,*,#6374,.T.);
#9197=ORIENTED_EDGE('',*,*,#6375,.F.);
#9198=ORIENTED_EDGE('',*,*,#6374,.F.);
#9199=ORIENTED_EDGE('',*,*,#6376,.F.);
#9200=ORIENTED_EDGE('',*,*,#6377,.T.);
#9201=ORIENTED_EDGE('',*,*,#6378,.F.);
#9202=ORIENTED_EDGE('',*,*,#6377,.F.);
#9203=ORIENTED_EDGE('',*,*,#6379,.F.);
#9204=ORIENTED_EDGE('',*,*,#6380,.T.);
#9205=ORIENTED_EDGE('',*,*,#6381,.F.);
#9206=ORIENTED_EDGE('',*,*,#6380,.F.);
#9207=ORIENTED_EDGE('',*,*,#6382,.F.);
#9208=ORIENTED_EDGE('',*,*,#6372,.T.);
#9209=ORIENTED_EDGE('',*,*,#6383,.T.);
#9210=ORIENTED_EDGE('',*,*,#6384,.T.);
#9211=ORIENTED_EDGE('',*,*,#6385,.F.);
#9212=ORIENTED_EDGE('',*,*,#6386,.F.);
#9213=ORIENTED_EDGE('',*,*,#6378,.T.);
#9214=ORIENTED_EDGE('',*,*,#6381,.T.);
#9215=ORIENTED_EDGE('',*,*,#6371,.T.);
#9216=ORIENTED_EDGE('',*,*,#6375,.T.);
#9217=ORIENTED_EDGE('',*,*,#6387,.T.);
#9218=ORIENTED_EDGE('',*,*,#6386,.T.);
#9219=ORIENTED_EDGE('',*,*,#6388,.F.);
#9220=ORIENTED_EDGE('',*,*,#6389,.F.);
#9221=ORIENTED_EDGE('',*,*,#6390,.T.);
#9222=ORIENTED_EDGE('',*,*,#6389,.T.);
#9223=ORIENTED_EDGE('',*,*,#6391,.F.);
#9224=ORIENTED_EDGE('',*,*,#6392,.F.);
#9225=ORIENTED_EDGE('',*,*,#6379,.T.);
#9226=ORIENTED_EDGE('',*,*,#6376,.T.);
#9227=ORIENTED_EDGE('',*,*,#6373,.T.);
#9228=ORIENTED_EDGE('',*,*,#6382,.T.);
#9229=ORIENTED_EDGE('',*,*,#6393,.T.);
#9230=ORIENTED_EDGE('',*,*,#6392,.T.);
#9231=ORIENTED_EDGE('',*,*,#6394,.F.);
#9232=ORIENTED_EDGE('',*,*,#6384,.F.);
#9233=ORIENTED_EDGE('',*,*,#6394,.T.);
#9234=ORIENTED_EDGE('',*,*,#6391,.T.);
#9235=ORIENTED_EDGE('',*,*,#6388,.T.);
#9236=ORIENTED_EDGE('',*,*,#6385,.T.);
#9237=ORIENTED_EDGE('',*,*,#6393,.F.);
#9238=ORIENTED_EDGE('',*,*,#6383,.F.);
#9239=ORIENTED_EDGE('',*,*,#6387,.F.);
#9240=ORIENTED_EDGE('',*,*,#6390,.F.);
#9241=PLANE('',#10245);
#9242=PLANE('',#10246);
#9243=PLANE('',#10247);
#9244=PLANE('',#10248);
#9245=PLANE('',#10249);
#9246=PLANE('',#10250);
#9247=PLANE('',#10251);
#9248=PLANE('',#10252);
#9249=PLANE('',#10253);
#9250=PLANE('',#10254);
#9251=PLANE('',#10255);
#9252=PLANE('',#10256);
#9253=PLANE('',#10257);
#9254=PLANE('',#10258);
#9255=PLANE('',#10259);
#9256=PLANE('',#10260);
#9257=PLANE('',#10261);
#9258=PLANE('',#10262);
#9259=PLANE('',#10263);
#9260=PLANE('',#10264);
#9261=PLANE('',#10265);
#9262=PLANE('',#10266);
#9263=PLANE('',#10273);
#9264=PLANE('',#10274);
#9265=PLANE('',#10275);
#9266=PLANE('',#10276);
#9267=PLANE('',#10277);
#9268=PLANE('',#10278);
#9269=PLANE('',#10279);
#9270=PLANE('',#10280);
#9271=PLANE('',#10281);
#9272=PLANE('',#10282);
#9273=PLANE('',#10283);
#9274=PLANE('',#10284);
#9275=PLANE('',#10288);
#9276=PLANE('',#10289);
#9277=PLANE('',#10290);
#9278=PLANE('',#10294);
#9279=PLANE('',#10295);
#9280=PLANE('',#10296);
#9281=PLANE('',#10300);
#9282=PLANE('',#10304);
#9283=PLANE('',#10305);
#9284=PLANE('',#10306);
#9285=PLANE('',#10307);
#9286=PLANE('',#10308);
#9287=PLANE('',#10309);
#9288=PLANE('',#10310);
#9289=PLANE('',#10311);
#9290=PLANE('',#10312);
#9291=PLANE('',#10313);
#9292=PLANE('',#10314);
#9293=PLANE('',#10318);
#9294=PLANE('',#10319);
#9295=PLANE('',#10320);
#9296=PLANE('',#10324);
#9297=PLANE('',#10325);
#9298=PLANE('',#10326);
#9299=PLANE('',#10333);
#9300=PLANE('',#10334);
#9301=PLANE('',#10335);
#9302=PLANE('',#10336);
#9303=PLANE('',#10337);
#9304=PLANE('',#10338);
#9305=PLANE('',#10342);
#9306=PLANE('',#10346);
#9307=PLANE('',#10347);
#9308=PLANE('',#10348);
#9309=PLANE('',#10349);
#9310=PLANE('',#10350);
#9311=PLANE('',#10351);
#9312=PLANE('',#10352);
#9313=PLANE('',#10353);
#9314=PLANE('',#10354);
#9315=PLANE('',#10355);
#9316=PLANE('',#10356);
#9317=PLANE('',#10357);
#9318=PLANE('',#10364);
#9319=PLANE('',#10365);
#9320=PLANE('',#10366);
#9321=PLANE('',#10367);
#9322=PLANE('',#10368);
#9323=PLANE('',#10372);
#9324=PLANE('',#10373);
#9325=PLANE('',#10374);
#9326=PLANE('',#10378);
#9327=PLANE('',#10379);
#9328=PLANE('',#10383);
#9329=PLANE('',#10384);
#9330=PLANE('',#10385);
#9331=PLANE('',#10386);
#9332=PLANE('',#10387);
#9333=PLANE('',#10388);
#9334=PLANE('',#10392);
#9335=PLANE('',#10393);
#9336=PLANE('',#10394);
#9337=PLANE('',#10395);
#9338=PLANE('',#10396);
#9339=PLANE('',#10400);
#9340=PLANE('',#10401);
#9341=PLANE('',#10408);
#9342=PLANE('',#10412);
#9343=PLANE('',#10416);
#9344=PLANE('',#10417);
#9345=PLANE('',#10418);
#9346=PLANE('',#10419);
#9347=PLANE('',#10420);
#9348=PLANE('',#10424);
#9349=PLANE('',#10425);
#9350=PLANE('',#10426);
#9351=PLANE('',#10427);
#9352=PLANE('',#10434);
#9353=PLANE('',#10435);
#9354=PLANE('',#10436);
#9355=PLANE('',#10437);
#9356=PLANE('',#10438);
#9357=PLANE('',#10439);
#9358=PLANE('',#10446);
#9359=PLANE('',#10453);
#9360=PLANE('',#10454);
#9361=PLANE('',#10455);
#9362=PLANE('',#10456);
#9363=PLANE('',#10457);
#9364=PLANE('',#10458);
#9365=PLANE('',#10465);
#9366=PLANE('',#10466);
#9367=PLANE('',#10467);
#9368=PLANE('',#10468);
#9369=PLANE('',#10469);
#9370=PLANE('',#10470);
#9371=PLANE('',#10474);
#9372=PLANE('',#10475);
#9373=PLANE('',#10476);
#9374=PLANE('',#10477);
#9375=PLANE('',#10481);
#9376=PLANE('',#10482);
#9377=PLANE('',#10501);
#9378=PLANE('',#10523);
#9379=PLANE('',#10527);
#9380=PLANE('',#10528);
#9381=PLANE('',#10529);
#9382=PLANE('',#10533);
#9383=PLANE('',#10534);
#9384=PLANE('',#10535);
#9385=PLANE('',#10536);
#9386=PLANE('',#10537);
#9387=PLANE('',#10541);
#9388=PLANE('',#10542);
#9389=PLANE('',#10543);
#9390=PLANE('',#10544);
#9391=PLANE('',#10551);
#9392=PLANE('',#10552);
#9393=PLANE('',#10553);
#9394=PLANE('',#10554);
#9395=PLANE('',#10555);
#9396=PLANE('',#10559);
#9397=PLANE('',#10560);
#9398=PLANE('',#10561);
#9399=PLANE('',#10565);
#9400=PLANE('',#10566);
#9401=PLANE('',#10567);
#9402=PLANE('',#10568);
#9403=PLANE('',#10569);
#9404=PLANE('',#10570);
#9405=PLANE('',#10571);
#9406=PLANE('',#10575);
#9407=PLANE('',#10579);
#9408=PLANE('',#10580);
#9409=PLANE('',#10581);
#9410=PLANE('',#10582);
#9411=PLANE('',#10583);
#9412=PLANE('',#10587);
#9413=PLANE('',#10588);
#9414=PLANE('',#10589);
#9415=PLANE('',#10590);
#9416=PLANE('',#10591);
#9417=PLANE('',#10592);
#9418=PLANE('',#10593);
#9419=PLANE('',#10594);
#9420=PLANE('',#10595);
#9421=PLANE('',#10596);
#9422=PLANE('',#10597);
#9423=PLANE('',#10598);
#9424=PLANE('',#10599);
#9425=PLANE('',#10600);
#9426=PLANE('',#10604);
#9427=PLANE('',#10605);
#9428=PLANE('',#10606);
#9429=PLANE('',#10607);
#9430=PLANE('',#10608);
#9431=PLANE('',#10609);
#9432=PLANE('',#10613);
#9433=PLANE('',#10614);
#9434=PLANE('',#10615);
#9435=PLANE('',#10616);
#9436=PLANE('',#10617);
#9437=PLANE('',#10618);
#9438=PLANE('',#10625);
#9439=PLANE('',#10626);
#9440=PLANE('',#10627);
#9441=PLANE('',#10628);
#9442=PLANE('',#10629);
#9443=PLANE('',#10630);
#9444=PLANE('',#10634);
#9445=PLANE('',#10635);
#9446=PLANE('',#10636);
#9447=PLANE('',#10637);
#9448=PLANE('',#10638);
#9449=PLANE('',#10642);
#9450=PLANE('',#10643);
#9451=PLANE('',#10644);
#9452=PLANE('',#10645);
#9453=PLANE('',#10646);
#9454=PLANE('',#10647);
#9455=PLANE('',#10648);
#9456=PLANE('',#10649);
#9457=PLANE('',#10650);
#9458=PLANE('',#10651);
#9459=PLANE('',#10652);
#9460=PLANE('',#10653);
#9461=PLANE('',#10654);
#9462=PLANE('',#10655);
#9463=PLANE('',#10656);
#9464=PLANE('',#10657);
#9465=PLANE('',#10658);
#9466=PLANE('',#10659);
#9467=PLANE('',#10660);
#9468=PLANE('',#10661);
#9469=PLANE('',#10662);
#9470=PLANE('',#10666);
#9471=PLANE('',#10670);
#9472=PLANE('',#10674);
#9473=PLANE('',#10675);
#9474=PLANE('',#10676);
#9475=PLANE('',#10677);
#9476=PLANE('',#10678);
#9477=PLANE('',#10682);
#9478=PLANE('',#10683);
#9479=PLANE('',#10684);
#9480=PLANE('',#10685);
#9481=PLANE('',#10686);
#9482=PLANE('',#10687);
#9483=PLANE('',#10688);
#9484=PLANE('',#10689);
#9485=PLANE('',#10690);
#9486=PLANE('',#10691);
#9487=PLANE('',#10692);
#9488=PLANE('',#10693);
#9489=PLANE('',#10694);
#9490=PLANE('',#10695);
#9491=PLANE('',#10696);
#9492=PLANE('',#10697);
#9493=PLANE('',#10698);
#9494=PLANE('',#10699);
#9495=PLANE('',#10700);
#9496=PLANE('',#10701);
#9497=PLANE('',#10702);
#9498=PLANE('',#10703);
#9499=PLANE('',#10704);
#9500=PLANE('',#10705);
#9501=PLANE('',#10706);
#9502=PLANE('',#10707);
#9503=PLANE('',#10708);
#9504=PLANE('',#10709);
#9505=PLANE('',#10710);
#9506=PLANE('',#10711);
#9507=PLANE('',#10712);
#9508=PLANE('',#10713);
#9509=PLANE('',#10714);
#9510=PLANE('',#10715);
#9511=PLANE('',#10716);
#9512=PLANE('',#10717);
#9513=PLANE('',#10718);
#9514=PLANE('',#10719);
#9515=PLANE('',#10720);
#9516=PLANE('',#10721);
#9517=PLANE('',#10722);
#9518=PLANE('',#10723);
#9519=PLANE('',#10724);
#9520=PLANE('',#10725);
#9521=PLANE('',#10726);
#9522=PLANE('',#10727);
#9523=PLANE('',#10732);
#9524=PLANE('',#10733);
#9525=PLANE('',#10734);
#9526=PLANE('',#10735);
#9527=PLANE('',#10736);
#9528=PLANE('',#10737);
#9529=PLANE('',#10738);
#9530=PLANE('',#10739);
#9531=PLANE('',#10740);
#9532=PLANE('',#10741);
#9533=PLANE('',#10744);
#9534=PLANE('',#10745);
#9535=PLANE('',#10746);
#9536=PLANE('',#10747);
#9537=PLANE('',#10748);
#9538=PLANE('',#10749);
#9539=PLANE('',#10750);
#9540=PLANE('',#10751);
#9541=PLANE('',#10752);
#9542=PLANE('',#10757);
#9543=PLANE('',#10759);
#9544=PLANE('',#10761);
#9545=PLANE('',#10762);
#9546=PLANE('',#10763);
#9547=PLANE('',#10764);
#9548=PLANE('',#10765);
#9549=PLANE('',#10766);
#9550=PLANE('',#10767);
#9551=PLANE('',#10768);
#9552=PLANE('',#10769);
#9553=PLANE('',#10770);
#9554=PLANE('',#10771);
#9555=PLANE('',#10774);
#9556=PLANE('',#10777);
#9557=PLANE('',#10779);
#9558=PLANE('',#10781);
#9559=PLANE('',#10782);
#9560=PLANE('',#10783);
#9561=PLANE('',#10787);
#9562=PLANE('',#10788);
#9563=PLANE('',#10789);
#9564=PLANE('',#10796);
#9565=PLANE('',#10800);
#9566=PLANE('',#10804);
#9567=PLANE('',#10805);
#9568=PLANE('',#10806);
#9569=PLANE('',#10807);
#9570=PLANE('',#10808);
#9571=PLANE('',#10812);
#9572=PLANE('',#10813);
#9573=PLANE('',#10814);
#9574=PLANE('',#10815);
#9575=PLANE('',#10816);
#9576=PLANE('',#10817);
#9577=PLANE('',#10818);
#9578=PLANE('',#10819);
#9579=PLANE('',#10820);
#9580=PLANE('',#10821);
#9581=PLANE('',#10822);
#9582=PLANE('',#10823);
#9583=PLANE('',#10824);
#9584=PLANE('',#10825);
#9585=PLANE('',#10826);
#9586=PLANE('',#10827);
#9587=PLANE('',#10828);
#9588=PLANE('',#10829);
#9589=PLANE('',#10830);
#9590=PLANE('',#10831);
#9591=PLANE('',#10832);
#9592=PLANE('',#10833);
#9593=PLANE('',#10834);
#9594=PLANE('',#10835);
#9595=PLANE('',#10836);
#9596=PLANE('',#10837);
#9597=PLANE('',#10838);
#9598=PLANE('',#10839);
#9599=PLANE('',#10840);
#9600=PLANE('',#10841);
#9601=PLANE('',#10845);
#9602=PLANE('',#10846);
#9603=PLANE('',#10847);
#9604=PLANE('',#10848);
#9605=PLANE('',#10849);
#9606=PLANE('',#10853);
#9607=PLANE('',#10854);
#9608=PLANE('',#10855);
#9609=PLANE('',#10856);
#9610=PLANE('',#10857);
#9611=PLANE('',#10858);
#9612=PLANE('',#10859);
#9613=PLANE('',#10872);
#9614=PLANE('',#10879);
#9615=PLANE('',#10880);
#9616=PLANE('',#10881);
#9617=PLANE('',#10882);
#9618=PLANE('',#10883);
#9619=PLANE('',#10884);
#9620=PLANE('',#10885);
#9621=PLANE('',#10886);
#9622=PLANE('',#10887);
#9623=PLANE('',#10891);
#9624=PLANE('',#10892);
#9625=PLANE('',#10893);
#9626=PLANE('',#10897);
#9627=PLANE('',#10898);
#9628=PLANE('',#10899);
#9629=PLANE('',#10900);
#9630=PLANE('',#10901);
#9631=PLANE('',#10902);
#9632=PLANE('',#10903);
#9633=PLANE('',#10904);
#9634=PLANE('',#10905);
#9635=PLANE('',#10906);
#9636=PLANE('',#10907);
#9637=PLANE('',#10908);
#9638=PLANE('',#10909);
#9639=PLANE('',#10910);
#9640=PLANE('',#10911);
#9641=PLANE('',#10912);
#9642=PLANE('',#10913);
#9643=PLANE('',#10914);
#9644=PLANE('',#10915);
#9645=PLANE('',#10916);
#9646=PLANE('',#10917);
#9647=PLANE('',#10918);
#9648=PLANE('',#10919);
#9649=PLANE('',#10920);
#9650=PLANE('',#10921);
#9651=PLANE('',#10922);
#9652=PLANE('',#10923);
#9653=PLANE('',#10924);
#9654=PLANE('',#10925);
#9655=PLANE('',#10926);
#9656=PLANE('',#10927);
#9657=PLANE('',#10931);
#9658=PLANE('',#10935);
#9659=PLANE('',#10939);
#9660=PLANE('',#10943);
#9661=PLANE('',#10944);
#9662=PLANE('',#10945);
#9663=PLANE('',#10946);
#9664=PLANE('',#10947);
#9665=PLANE('',#10948);
#9666=PLANE('',#10949);
#9667=PLANE('',#10954);
#9668=PLANE('',#10957);
#9669=PLANE('',#10960);
#9670=PLANE('',#10961);
#9671=PLANE('',#10964);
#9672=PLANE('',#10967);
#9673=PLANE('',#10968);
#9674=PLANE('',#10969);
#9675=PLANE('',#10970);
#9676=PLANE('',#10971);
#9677=PLANE('',#10975);
#9678=PLANE('',#10979);
#9679=PLANE('',#10980);
#9680=PLANE('',#10981);
#9681=PLANE('',#10982);
#9682=PLANE('',#10983);
#9683=PLANE('',#10984);
#9684=ADVANCED_FACE('',(#409),#9241,.F.);
#9685=ADVANCED_FACE('',(#410),#9242,.F.);
#9686=ADVANCED_FACE('',(#411),#9243,.F.);
#9687=ADVANCED_FACE('',(#412),#9244,.F.);
#9688=ADVANCED_FACE('',(#413),#9245,.F.);
#9689=ADVANCED_FACE('',(#414),#9246,.F.);
#9690=ADVANCED_FACE('',(#415),#9247,.F.);
#9691=ADVANCED_FACE('',(#416),#9248,.F.);
#9692=ADVANCED_FACE('',(#417),#9249,.F.);
#9693=ADVANCED_FACE('',(#418),#9250,.F.);
#9694=ADVANCED_FACE('',(#419),#9251,.F.);
#9695=ADVANCED_FACE('',(#420),#9252,.F.);
#9696=ADVANCED_FACE('',(#421),#9253,.F.);
#9697=ADVANCED_FACE('',(#422),#9254,.F.);
#9698=ADVANCED_FACE('',(#423),#9255,.F.);
#9699=ADVANCED_FACE('',(#424),#9256,.F.);
#9700=ADVANCED_FACE('',(#425),#9257,.F.);
#9701=ADVANCED_FACE('',(#426),#9258,.F.);
#9702=ADVANCED_FACE('',(#427),#9259,.F.);
#9703=ADVANCED_FACE('',(#428),#9260,.F.);
#9704=ADVANCED_FACE('',(#429),#9261,.F.);
#9705=ADVANCED_FACE('',(#430),#9262,.F.);
#9706=ADVANCED_FACE('',(#431),#310,.T.);
#9707=ADVANCED_FACE('',(#432),#311,.F.);
#9708=ADVANCED_FACE('',(#433),#9263,.F.);
#9709=ADVANCED_FACE('',(#434),#9264,.F.);
#9710=ADVANCED_FACE('',(#435),#9265,.F.);
#9711=ADVANCED_FACE('',(#436),#9266,.F.);
#9712=ADVANCED_FACE('',(#437),#9267,.F.);
#9713=ADVANCED_FACE('',(#438,#27),#9268,.T.);
#9714=ADVANCED_FACE('',(#439),#9269,.F.);
#9715=ADVANCED_FACE('',(#440),#9270,.F.);
#9716=ADVANCED_FACE('',(#441),#9271,.F.);
#9717=ADVANCED_FACE('',(#442),#9272,.F.);
#9718=ADVANCED_FACE('',(#443),#9273,.F.);
#9719=ADVANCED_FACE('',(#444),#9274,.F.);
#9720=ADVANCED_FACE('',(#445),#312,.T.);
#9721=ADVANCED_FACE('',(#446),#9275,.F.);
#9722=ADVANCED_FACE('',(#447),#9276,.F.);
#9723=ADVANCED_FACE('',(#448),#9277,.F.);
#9724=ADVANCED_FACE('',(#449),#313,.F.);
#9725=ADVANCED_FACE('',(#450),#9278,.F.);
#9726=ADVANCED_FACE('',(#451),#9279,.F.);
#9727=ADVANCED_FACE('',(#452,#28),#9280,.T.);
#9728=ADVANCED_FACE('',(#453),#314,.T.);
#9729=ADVANCED_FACE('',(#454),#9281,.F.);
#9730=ADVANCED_FACE('',(#455),#315,.F.);
#9731=ADVANCED_FACE('',(#456),#9282,.F.);
#9732=ADVANCED_FACE('',(#457),#9283,.F.);
#9733=ADVANCED_FACE('',(#458),#9284,.F.);
#9734=ADVANCED_FACE('',(#459),#9285,.F.);
#9735=ADVANCED_FACE('',(#460,#29),#9286,.T.);
#9736=ADVANCED_FACE('',(#461),#9287,.F.);
#9737=ADVANCED_FACE('',(#462),#9288,.F.);
#9738=ADVANCED_FACE('',(#463),#9289,.F.);
#9739=ADVANCED_FACE('',(#464),#9290,.F.);
#9740=ADVANCED_FACE('',(#465),#9291,.F.);
#9741=ADVANCED_FACE('',(#466),#9292,.F.);
#9742=ADVANCED_FACE('',(#467),#316,.T.);
#9743=ADVANCED_FACE('',(#468),#9293,.F.);
#9744=ADVANCED_FACE('',(#469),#9294,.F.);
#9745=ADVANCED_FACE('',(#470),#9295,.F.);
#9746=ADVANCED_FACE('',(#471),#317,.F.);
#9747=ADVANCED_FACE('',(#472),#9296,.F.);
#9748=ADVANCED_FACE('',(#473),#9297,.F.);
#9749=ADVANCED_FACE('',(#474,#30),#9298,.T.);
#9750=ADVANCED_FACE('',(#475),#318,.T.);
#9751=ADVANCED_FACE('',(#476),#319,.F.);
#9752=ADVANCED_FACE('',(#477),#9299,.F.);
#9753=ADVANCED_FACE('',(#478),#9300,.F.);
#9754=ADVANCED_FACE('',(#479),#9301,.F.);
#9755=ADVANCED_FACE('',(#480),#9302,.F.);
#9756=ADVANCED_FACE('',(#481),#9303,.F.);
#9757=ADVANCED_FACE('',(#482,#31),#9304,.T.);
#9758=ADVANCED_FACE('',(#483),#320,.T.);
#9759=ADVANCED_FACE('',(#484),#9305,.F.);
#9760=ADVANCED_FACE('',(#485),#321,.F.);
#9761=ADVANCED_FACE('',(#486),#9306,.F.);
#9762=ADVANCED_FACE('',(#487),#9307,.F.);
#9763=ADVANCED_FACE('',(#488),#9308,.F.);
#9764=ADVANCED_FACE('',(#489),#9309,.F.);
#9765=ADVANCED_FACE('',(#490,#32),#9310,.T.);
#9766=ADVANCED_FACE('',(#491),#9311,.F.);
#9767=ADVANCED_FACE('',(#492),#9312,.F.);
#9768=ADVANCED_FACE('',(#493),#9313,.F.);
#9769=ADVANCED_FACE('',(#494),#9314,.F.);
#9770=ADVANCED_FACE('',(#495),#9315,.F.);
#9771=ADVANCED_FACE('',(#496),#9316,.F.);
#9772=ADVANCED_FACE('',(#497),#9317,.F.);
#9773=ADVANCED_FACE('',(#498),#322,.F.);
#9774=ADVANCED_FACE('',(#499),#323,.F.);
#9775=ADVANCED_FACE('',(#500),#9318,.F.);
#9776=ADVANCED_FACE('',(#501),#9319,.F.);
#9777=ADVANCED_FACE('',(#502),#9320,.F.);
#9778=ADVANCED_FACE('',(#503),#9321,.F.);
#9779=ADVANCED_FACE('',(#504),#9322,.F.);
#9780=ADVANCED_FACE('',(#505),#324,.T.);
#9781=ADVANCED_FACE('',(#506),#9323,.F.);
#9782=ADVANCED_FACE('',(#507),#9324,.F.);
#9783=ADVANCED_FACE('',(#508),#9325,.F.);
#9784=ADVANCED_FACE('',(#509),#325,.T.);
#9785=ADVANCED_FACE('',(#510),#9326,.F.);
#9786=ADVANCED_FACE('',(#511),#9327,.T.);
#9787=ADVANCED_FACE('',(#512),#326,.F.);
#9788=ADVANCED_FACE('',(#513),#9328,.T.);
#9789=ADVANCED_FACE('',(#514),#9329,.F.);
#9790=ADVANCED_FACE('',(#515),#9330,.F.);
#9791=ADVANCED_FACE('',(#516),#9331,.F.);
#9792=ADVANCED_FACE('',(#517),#9332,.F.);
#9793=ADVANCED_FACE('',(#518),#9333,.F.);
#9794=ADVANCED_FACE('',(#519),#327,.F.);
#9795=ADVANCED_FACE('',(#520),#9334,.F.);
#9796=ADVANCED_FACE('',(#521),#9335,.F.);
#9797=ADVANCED_FACE('',(#522),#9336,.F.);
#9798=ADVANCED_FACE('',(#523),#9337,.F.);
#9799=ADVANCED_FACE('',(#524),#9338,.F.);
#9800=ADVANCED_FACE('',(#525),#328,.T.);
#9801=ADVANCED_FACE('',(#526),#9339,.F.);
#9802=ADVANCED_FACE('',(#527),#9340,.T.);
#9803=ADVANCED_FACE('',(#528),#329,.T.);
#9804=ADVANCED_FACE('',(#529),#330,.F.);
#9805=ADVANCED_FACE('',(#530,#33),#9341,.T.);
#9806=ADVANCED_FACE('',(#531),#331,.F.);
#9807=ADVANCED_FACE('',(#532),#9342,.T.);
#9808=ADVANCED_FACE('',(#533),#332,.F.);
#9809=ADVANCED_FACE('',(#534),#9343,.F.);
#9810=ADVANCED_FACE('',(#535),#9344,.F.);
#9811=ADVANCED_FACE('',(#536),#9345,.F.);
#9812=ADVANCED_FACE('',(#537),#9346,.F.);
#9813=ADVANCED_FACE('',(#538),#9347,.F.);
#9814=ADVANCED_FACE('',(#539),#333,.T.);
#9815=ADVANCED_FACE('',(#540),#9348,.F.);
#9816=ADVANCED_FACE('',(#541),#9349,.F.);
#9817=ADVANCED_FACE('',(#542),#9350,.F.);
#9818=ADVANCED_FACE('',(#543),#9351,.T.);
#9819=ADVANCED_FACE('',(#544),#334,.T.);
#9820=ADVANCED_FACE('',(#545),#335,.F.);
#9821=ADVANCED_FACE('',(#546),#9352,.F.);
#9822=ADVANCED_FACE('',(#547),#9353,.F.);
#9823=ADVANCED_FACE('',(#548),#9354,.F.);
#9824=ADVANCED_FACE('',(#549),#9355,.F.);
#9825=ADVANCED_FACE('',(#550),#9356,.F.);
#9826=ADVANCED_FACE('',(#551,#34),#9357,.T.);
#9827=ADVANCED_FACE('',(#552),#336,.T.);
#9828=ADVANCED_FACE('',(#553),#337,.F.);
#9829=ADVANCED_FACE('',(#554,#35),#9358,.T.);
#9830=ADVANCED_FACE('',(#555),#338,.T.);
#9831=ADVANCED_FACE('',(#556),#339,.F.);
#9832=ADVANCED_FACE('',(#557),#9359,.F.);
#9833=ADVANCED_FACE('',(#558),#9360,.F.);
#9834=ADVANCED_FACE('',(#559),#9361,.F.);
#9835=ADVANCED_FACE('',(#560),#9362,.F.);
#9836=ADVANCED_FACE('',(#561),#9363,.F.);
#9837=ADVANCED_FACE('',(#562,#36),#9364,.T.);
#9838=ADVANCED_FACE('',(#563),#340,.T.);
#9839=ADVANCED_FACE('',(#564),#341,.F.);
#9840=ADVANCED_FACE('',(#565),#9365,.F.);
#9841=ADVANCED_FACE('',(#566),#9366,.F.);
#9842=ADVANCED_FACE('',(#567),#9367,.F.);
#9843=ADVANCED_FACE('',(#568),#9368,.F.);
#9844=ADVANCED_FACE('',(#569),#9369,.F.);
#9845=ADVANCED_FACE('',(#570,#37),#9370,.T.);
#9846=ADVANCED_FACE('',(#571),#342,.F.);
#9847=ADVANCED_FACE('',(#572),#9371,.F.);
#9848=ADVANCED_FACE('',(#573),#9372,.F.);
#9849=ADVANCED_FACE('',(#574),#9373,.F.);
#9850=ADVANCED_FACE('',(#575),#9374,.F.);
#9851=ADVANCED_FACE('',(#576),#343,.T.);
#9852=ADVANCED_FACE('',(#577),#9375,.F.);
#9853=ADVANCED_FACE('',(#578),#9376,.T.);
#9854=ADVANCED_FACE('',(#579),#344,.F.);
#9855=ADVANCED_FACE('',(#580),#345,.F.);
#9856=ADVANCED_FACE('',(#581),#346,.T.);
#9857=ADVANCED_FACE('',(#582),#347,.T.);
#9858=ADVANCED_FACE('',(#583),#348,.T.);
#9859=ADVANCED_FACE('',(#584),#349,.T.);
#9860=ADVANCED_FACE('',(#585),#9377,.F.);
#9861=ADVANCED_FACE('',(#586),#350,.F.);
#9862=ADVANCED_FACE('',(#587),#351,.F.);
#9863=ADVANCED_FACE('',(#588),#352,.F.);
#9864=ADVANCED_FACE('',(#589),#353,.F.);
#9865=ADVANCED_FACE('',(#590),#354,.T.);
#9866=ADVANCED_FACE('',(#591),#355,.T.);
#9867=ADVANCED_FACE('',(#592),#356,.T.);
#9868=ADVANCED_FACE('',(#593),#9378,.F.);
#9869=ADVANCED_FACE('',(#594),#357,.F.);
#9870=ADVANCED_FACE('',(#595),#9379,.T.);
#9871=ADVANCED_FACE('',(#596),#9380,.F.);
#9872=ADVANCED_FACE('',(#597),#9381,.F.);
#9873=ADVANCED_FACE('',(#598),#358,.F.);
#9874=ADVANCED_FACE('',(#599),#9382,.F.);
#9875=ADVANCED_FACE('',(#600),#9383,.F.);
#9876=ADVANCED_FACE('',(#601),#9384,.F.);
#9877=ADVANCED_FACE('',(#602),#9385,.F.);
#9878=ADVANCED_FACE('',(#603),#9386,.F.);
#9879=ADVANCED_FACE('',(#604),#359,.T.);
#9880=ADVANCED_FACE('',(#605),#9387,.F.);
#9881=ADVANCED_FACE('',(#606),#9388,.T.);
#9882=ADVANCED_FACE('',(#607),#9389,.F.);
#9883=ADVANCED_FACE('',(#608),#9390,.F.);
#9884=ADVANCED_FACE('',(#609),#360,.F.);
#9885=ADVANCED_FACE('',(#610),#361,.F.);
#9886=ADVANCED_FACE('',(#611),#9391,.F.);
#9887=ADVANCED_FACE('',(#612),#9392,.F.);
#9888=ADVANCED_FACE('',(#613),#9393,.F.);
#9889=ADVANCED_FACE('',(#614),#9394,.F.);
#9890=ADVANCED_FACE('',(#615),#9395,.F.);
#9891=ADVANCED_FACE('',(#616),#362,.T.);
#9892=ADVANCED_FACE('',(#617),#9396,.F.);
#9893=ADVANCED_FACE('',(#618),#9397,.F.);
#9894=ADVANCED_FACE('',(#619),#9398,.F.);
#9895=ADVANCED_FACE('',(#620),#363,.T.);
#9896=ADVANCED_FACE('',(#621),#9399,.F.);
#9897=ADVANCED_FACE('',(#622),#9400,.T.);
#9898=ADVANCED_FACE('',(#623),#9401,.F.);
#9899=ADVANCED_FACE('',(#624),#9402,.F.);
#9900=ADVANCED_FACE('',(#625),#9403,.F.);
#9901=ADVANCED_FACE('',(#626),#9404,.F.);
#9902=ADVANCED_FACE('',(#627),#9405,.F.);
#9903=ADVANCED_FACE('',(#628),#364,.F.);
#9904=ADVANCED_FACE('',(#629),#9406,.T.);
#9905=ADVANCED_FACE('',(#630),#365,.F.);
#9906=ADVANCED_FACE('',(#631),#9407,.F.);
#9907=ADVANCED_FACE('',(#632),#9408,.F.);
#9908=ADVANCED_FACE('',(#633),#9409,.F.);
#9909=ADVANCED_FACE('',(#634),#9410,.F.);
#9910=ADVANCED_FACE('',(#635),#9411,.F.);
#9911=ADVANCED_FACE('',(#636),#366,.T.);
#9912=ADVANCED_FACE('',(#637),#9412,.F.);
#9913=ADVANCED_FACE('',(#638),#9413,.T.);
#9914=ADVANCED_FACE('',(#639),#9414,.F.);
#9915=ADVANCED_FACE('',(#640),#9415,.F.);
#9916=ADVANCED_FACE('',(#641),#9416,.F.);
#9917=ADVANCED_FACE('',(#642),#9417,.F.);
#9918=ADVANCED_FACE('',(#643),#9418,.F.);
#9919=ADVANCED_FACE('',(#644),#9419,.F.);
#9920=ADVANCED_FACE('',(#645),#9420,.F.);
#9921=ADVANCED_FACE('',(#646),#9421,.F.);
#9922=ADVANCED_FACE('',(#647),#9422,.F.);
#9923=ADVANCED_FACE('',(#648),#9423,.F.);
#9924=ADVANCED_FACE('',(#649),#9424,.F.);
#9925=ADVANCED_FACE('',(#650,#38),#9425,.F.);
#9926=ADVANCED_FACE('',(#651),#367,.F.);
#9927=ADVANCED_FACE('',(#652),#9426,.T.);
#9928=ADVANCED_FACE('',(#653),#9427,.F.);
#9929=ADVANCED_FACE('',(#654),#9428,.F.);
#9930=ADVANCED_FACE('',(#655),#9429,.F.);
#9931=ADVANCED_FACE('',(#656),#9430,.F.);
#9932=ADVANCED_FACE('',(#657),#9431,.F.);
#9933=ADVANCED_FACE('',(#658),#368,.F.);
#9934=ADVANCED_FACE('',(#659),#9432,.T.);
#9935=ADVANCED_FACE('',(#660),#9433,.F.);
#9936=ADVANCED_FACE('',(#661),#9434,.F.);
#9937=ADVANCED_FACE('',(#662),#9435,.F.);
#9938=ADVANCED_FACE('',(#663),#9436,.F.);
#9939=ADVANCED_FACE('',(#664),#9437,.F.);
#9940=ADVANCED_FACE('',(#665),#369,.T.);
#9941=ADVANCED_FACE('',(#666),#370,.F.);
#9942=ADVANCED_FACE('',(#667),#9438,.F.);
#9943=ADVANCED_FACE('',(#668),#9439,.F.);
#9944=ADVANCED_FACE('',(#669),#9440,.F.);
#9945=ADVANCED_FACE('',(#670),#9441,.F.);
#9946=ADVANCED_FACE('',(#671),#9442,.F.);
#9947=ADVANCED_FACE('',(#672,#39),#9443,.T.);
#9948=ADVANCED_FACE('',(#673),#371,.F.);
#9949=ADVANCED_FACE('',(#674),#9444,.F.);
#9950=ADVANCED_FACE('',(#675),#9445,.F.);
#9951=ADVANCED_FACE('',(#676),#9446,.F.);
#9952=ADVANCED_FACE('',(#677),#9447,.F.);
#9953=ADVANCED_FACE('',(#678),#9448,.F.);
#9954=ADVANCED_FACE('',(#679),#372,.T.);
#9955=ADVANCED_FACE('',(#680),#9449,.F.);
#9956=ADVANCED_FACE('',(#681),#9450,.F.);
#9957=ADVANCED_FACE('',(#682),#9451,.F.);
#9958=ADVANCED_FACE('',(#683),#9452,.T.);
#9959=ADVANCED_FACE('',(#684),#9453,.F.);
#9960=ADVANCED_FACE('',(#685),#9454,.F.);
#9961=ADVANCED_FACE('',(#686),#9455,.F.);
#9962=ADVANCED_FACE('',(#687),#9456,.F.);
#9963=ADVANCED_FACE('',(#688),#9457,.F.);
#9964=ADVANCED_FACE('',(#689),#9458,.F.);
#9965=ADVANCED_FACE('',(#690),#9459,.F.);
#9966=ADVANCED_FACE('',(#691),#9460,.F.);
#9967=ADVANCED_FACE('',(#692),#9461,.F.);
#9968=ADVANCED_FACE('',(#693),#9462,.F.);
#9969=ADVANCED_FACE('',(#694),#9463,.F.);
#9970=ADVANCED_FACE('',(#695),#9464,.F.);
#9971=ADVANCED_FACE('',(#696),#9465,.F.);
#9972=ADVANCED_FACE('',(#697),#9466,.F.);
#9973=ADVANCED_FACE('',(#698),#9467,.F.);
#9974=ADVANCED_FACE('',(#699),#9468,.F.);
#9975=ADVANCED_FACE('',(#700),#9469,.F.);
#9976=ADVANCED_FACE('',(#701),#373,.T.);
#9977=ADVANCED_FACE('',(#702),#9470,.F.);
#9978=ADVANCED_FACE('',(#703),#374,.F.);
#9979=ADVANCED_FACE('',(#704),#9471,.T.);
#9980=ADVANCED_FACE('',(#705),#375,.F.);
#9981=ADVANCED_FACE('',(#706),#9472,.F.);
#9982=ADVANCED_FACE('',(#707),#9473,.F.);
#9983=ADVANCED_FACE('',(#708),#9474,.F.);
#9984=ADVANCED_FACE('',(#709),#9475,.F.);
#9985=ADVANCED_FACE('',(#710),#9476,.F.);
#9986=ADVANCED_FACE('',(#711),#376,.T.);
#9987=ADVANCED_FACE('',(#712),#9477,.F.);
#9988=ADVANCED_FACE('',(#713),#9478,.T.);
#9989=ADVANCED_FACE('',(#714),#9479,.F.);
#9990=ADVANCED_FACE('',(#715),#9480,.F.);
#9991=ADVANCED_FACE('',(#716),#9481,.F.);
#9992=ADVANCED_FACE('',(#717),#9482,.F.);
#9993=ADVANCED_FACE('',(#718),#9483,.F.);
#9994=ADVANCED_FACE('',(#719),#9484,.F.);
#9995=ADVANCED_FACE('',(#720),#9485,.F.);
#9996=ADVANCED_FACE('',(#721),#9486,.F.);
#9997=ADVANCED_FACE('',(#722),#9487,.F.);
#9998=ADVANCED_FACE('',(#723),#9488,.F.);
#9999=ADVANCED_FACE('',(#724),#9489,.F.);
#10000=ADVANCED_FACE('',(#725),#9490,.F.);
#10001=ADVANCED_FACE('',(#726),#9491,.F.);
#10002=ADVANCED_FACE('',(#727),#9492,.T.);
#10003=ADVANCED_FACE('',(#728),#9493,.T.);
#10004=ADVANCED_FACE('',(#729),#9494,.T.);
#10005=ADVANCED_FACE('',(#730),#9495,.T.);
#10006=ADVANCED_FACE('',(#731),#9496,.T.);
#10007=ADVANCED_FACE('',(#732),#9497,.T.);
#10008=ADVANCED_FACE('',(#733),#9498,.T.);
#10009=ADVANCED_FACE('',(#734),#9499,.T.);
#10010=ADVANCED_FACE('',(#735),#9500,.T.);
#10011=ADVANCED_FACE('',(#736),#9501,.T.);
#10012=ADVANCED_FACE('',(#737),#9502,.T.);
#10013=ADVANCED_FACE('',(#738),#9503,.T.);
#10014=ADVANCED_FACE('',(#739),#9504,.T.);
#10015=ADVANCED_FACE('',(#740,#40),#9505,.T.);
#10016=ADVANCED_FACE('',(#741),#9506,.T.);
#10017=ADVANCED_FACE('',(#742),#9507,.T.);
#10018=ADVANCED_FACE('',(#743),#9508,.T.);
#10019=ADVANCED_FACE('',(#744),#9509,.T.);
#10020=ADVANCED_FACE('',(#745),#9510,.T.);
#10021=ADVANCED_FACE('',(#746),#9511,.T.);
#10022=ADVANCED_FACE('',(#747),#9512,.T.);
#10023=ADVANCED_FACE('',(#748),#9513,.T.);
#10024=ADVANCED_FACE('',(#749),#9514,.T.);
#10025=ADVANCED_FACE('',(#750),#9515,.T.);
#10026=ADVANCED_FACE('',(#751),#9516,.T.);
#10027=ADVANCED_FACE('',(#752),#9517,.T.);
#10028=ADVANCED_FACE('',(#753),#9518,.T.);
#10029=ADVANCED_FACE('',(#754),#9519,.T.);
#10030=ADVANCED_FACE('',(#755),#9520,.T.);
#10031=ADVANCED_FACE('',(#756,#41,#42),#9521,.T.);
#10032=ADVANCED_FACE('',(#757,#43,#44),#9522,.T.);
#10033=ADVANCED_FACE('',(#758),#9523,.T.);
#10034=ADVANCED_FACE('',(#759),#9524,.T.);
#10035=ADVANCED_FACE('',(#760),#9525,.T.);
#10036=ADVANCED_FACE('',(#761),#9526,.T.);
#10037=ADVANCED_FACE('',(#762),#9527,.T.);
#10038=ADVANCED_FACE('',(#763),#9528,.T.);
#10039=ADVANCED_FACE('',(#764),#9529,.T.);
#10040=ADVANCED_FACE('',(#765,#45),#9530,.T.);
#10041=ADVANCED_FACE('',(#766,#46,#47),#9531,.T.);
#10042=ADVANCED_FACE('',(#767,#48),#9532,.T.);
#10043=ADVANCED_FACE('',(#768),#9533,.T.);
#10044=ADVANCED_FACE('',(#769),#9534,.T.);
#10045=ADVANCED_FACE('',(#770),#9535,.T.);
#10046=ADVANCED_FACE('',(#771),#9536,.T.);
#10047=ADVANCED_FACE('',(#772),#9537,.T.);
#10048=ADVANCED_FACE('',(#773),#9538,.T.);
#10049=ADVANCED_FACE('',(#774),#9539,.T.);
#10050=ADVANCED_FACE('',(#775),#9540,.T.);
#10051=ADVANCED_FACE('',(#776,#49,#50),#9541,.T.);
#10052=ADVANCED_FACE('',(#777),#9542,.F.);
#10053=ADVANCED_FACE('',(#778),#377,.F.);
#10054=ADVANCED_FACE('',(#779),#9543,.F.);
#10055=ADVANCED_FACE('',(#780),#378,.F.);
#10056=ADVANCED_FACE('',(#781),#9544,.T.);
#10057=ADVANCED_FACE('',(#782),#9545,.F.);
#10058=ADVANCED_FACE('',(#783),#9546,.F.);
#10059=ADVANCED_FACE('',(#784),#9547,.F.);
#10060=ADVANCED_FACE('',(#785),#9548,.T.);
#10061=ADVANCED_FACE('',(#786),#9549,.F.);
#10062=ADVANCED_FACE('',(#787),#9550,.F.);
#10063=ADVANCED_FACE('',(#788),#9551,.F.);
#10064=ADVANCED_FACE('',(#789),#9552,.F.);
#10065=ADVANCED_FACE('',(#790,#51),#9553,.F.);
#10066=ADVANCED_FACE('',(#791),#9554,.F.);
#10067=ADVANCED_FACE('',(#792),#379,.F.);
#10068=ADVANCED_FACE('',(#793),#9555,.F.);
#10069=ADVANCED_FACE('',(#794),#380,.F.);
#10070=ADVANCED_FACE('',(#795),#9556,.F.);
#10071=ADVANCED_FACE('',(#796),#381,.F.);
#10072=ADVANCED_FACE('',(#797),#9557,.F.);
#10073=ADVANCED_FACE('',(#798),#382,.F.);
#10074=ADVANCED_FACE('',(#799),#9558,.T.);
#10075=ADVANCED_FACE('',(#800,#52,#53),#9559,.T.);
#10076=ADVANCED_FACE('',(#801,#54,#55,#56,#57,#58,#59,#60,#61,#62,#63,#64,
#65,#66,#67,#68,#69,#70,#71,#72,#73,#74,#75,#76,#77,#78,#79,#80,#81,#82,
#83,#84,#85,#86,#87,#88,#89,#90,#91,#92,#93,#94,#95),#9560,.T.);
#10077=ADVANCED_FACE('',(#802),#383,.T.);
#10078=ADVANCED_FACE('',(#803),#9561,.F.);
#10079=ADVANCED_FACE('',(#804),#9562,.F.);
#10080=ADVANCED_FACE('',(#805),#9563,.F.);
#10081=ADVANCED_FACE('',(#806),#384,.F.);
#10082=ADVANCED_FACE('',(#807),#385,.T.);
#10083=ADVANCED_FACE('',(#808),#9564,.F.);
#10084=ADVANCED_FACE('',(#809),#386,.F.);
#10085=ADVANCED_FACE('',(#810,#96),#9565,.T.);
#10086=ADVANCED_FACE('',(#811),#387,.T.);
#10087=ADVANCED_FACE('',(#812),#9566,.F.);
#10088=ADVANCED_FACE('',(#813),#9567,.F.);
#10089=ADVANCED_FACE('',(#814),#9568,.F.);
#10090=ADVANCED_FACE('',(#815),#9569,.F.);
#10091=ADVANCED_FACE('',(#816),#9570,.F.);
#10092=ADVANCED_FACE('',(#817),#388,.F.);
#10093=ADVANCED_FACE('',(#818,#97),#9571,.T.);
#10094=ADVANCED_FACE('',(#819),#9572,.F.);
#10095=ADVANCED_FACE('',(#820),#9573,.F.);
#10096=ADVANCED_FACE('',(#821),#9574,.F.);
#10097=ADVANCED_FACE('',(#822),#9575,.F.);
#10098=ADVANCED_FACE('',(#823),#9576,.F.);
#10099=ADVANCED_FACE('',(#824),#9577,.F.);
#10100=ADVANCED_FACE('',(#825),#9578,.F.);
#10101=ADVANCED_FACE('',(#826),#9579,.F.);
#10102=ADVANCED_FACE('',(#827),#9580,.F.);
#10103=ADVANCED_FACE('',(#828),#9581,.F.);
#10104=ADVANCED_FACE('',(#829),#9582,.F.);
#10105=ADVANCED_FACE('',(#830),#9583,.F.);
#10106=ADVANCED_FACE('',(#831),#9584,.F.);
#10107=ADVANCED_FACE('',(#832),#9585,.F.);
#10108=ADVANCED_FACE('',(#833),#9586,.F.);
#10109=ADVANCED_FACE('',(#834),#9587,.F.);
#10110=ADVANCED_FACE('',(#835),#9588,.F.);
#10111=ADVANCED_FACE('',(#836),#9589,.F.);
#10112=ADVANCED_FACE('',(#837),#9590,.F.);
#10113=ADVANCED_FACE('',(#838),#9591,.F.);
#10114=ADVANCED_FACE('',(#839),#9592,.F.);
#10115=ADVANCED_FACE('',(#840),#9593,.F.);
#10116=ADVANCED_FACE('',(#841),#9594,.F.);
#10117=ADVANCED_FACE('',(#842),#9595,.F.);
#10118=ADVANCED_FACE('',(#843),#9596,.F.);
#10119=ADVANCED_FACE('',(#844),#9597,.F.);
#10120=ADVANCED_FACE('',(#845),#9598,.F.);
#10121=ADVANCED_FACE('',(#846),#9599,.F.);
#10122=ADVANCED_FACE('',(#847),#9600,.F.);
#10123=ADVANCED_FACE('',(#848),#389,.F.);
#10124=ADVANCED_FACE('',(#849),#9601,.F.);
#10125=ADVANCED_FACE('',(#850),#9602,.F.);
#10126=ADVANCED_FACE('',(#851),#9603,.F.);
#10127=ADVANCED_FACE('',(#852),#9604,.F.);
#10128=ADVANCED_FACE('',(#853),#9605,.F.);
#10129=ADVANCED_FACE('',(#854),#390,.T.);
#10130=ADVANCED_FACE('',(#855),#9606,.F.);
#10131=ADVANCED_FACE('',(#856),#9607,.F.);
#10132=ADVANCED_FACE('',(#857),#9608,.T.);
#10133=ADVANCED_FACE('',(#858),#25,.F.);
#10134=ADVANCED_FACE('',(#859),#9609,.F.);
#10135=ADVANCED_FACE('',(#860),#26,.F.);
#10136=ADVANCED_FACE('',(#861),#9610,.F.);
#10137=ADVANCED_FACE('',(#862),#9611,.T.);
#10138=ADVANCED_FACE('',(#863),#9612,.F.);
#10139=ADVANCED_FACE('',(#864),#391,.T.);
#10140=ADVANCED_FACE('',(#865),#392,.F.);
#10141=ADVANCED_FACE('',(#866),#393,.F.);
#10142=ADVANCED_FACE('',(#867),#394,.F.);
#10143=ADVANCED_FACE('',(#868),#9613,.F.);
#10144=ADVANCED_FACE('',(#869),#395,.T.);
#10145=ADVANCED_FACE('',(#870),#396,.T.);
#10146=ADVANCED_FACE('',(#871),#9614,.F.);
#10147=ADVANCED_FACE('',(#872,#98),#9615,.T.);
#10148=ADVANCED_FACE('',(#873),#9616,.F.);
#10149=ADVANCED_FACE('',(#874),#9617,.F.);
#10150=ADVANCED_FACE('',(#875),#9618,.F.);
#10151=ADVANCED_FACE('',(#876),#9619,.F.);
#10152=ADVANCED_FACE('',(#877),#9620,.F.);
#10153=ADVANCED_FACE('',(#878),#9621,.F.);
#10154=ADVANCED_FACE('',(#879),#9622,.F.);
#10155=ADVANCED_FACE('',(#880),#397,.F.);
#10156=ADVANCED_FACE('',(#881),#9623,.F.);
#10157=ADVANCED_FACE('',(#882),#9624,.F.);
#10158=ADVANCED_FACE('',(#883),#9625,.F.);
#10159=ADVANCED_FACE('',(#884),#398,.T.);
#10160=ADVANCED_FACE('',(#885),#9626,.F.);
#10161=ADVANCED_FACE('',(#886),#9627,.F.);
#10162=ADVANCED_FACE('',(#887),#9628,.F.);
#10163=ADVANCED_FACE('',(#888),#9629,.F.);
#10164=ADVANCED_FACE('',(#889),#9630,.F.);
#10165=ADVANCED_FACE('',(#890),#9631,.F.);
#10166=ADVANCED_FACE('',(#891),#9632,.F.);
#10167=ADVANCED_FACE('',(#892),#9633,.F.);
#10168=ADVANCED_FACE('',(#893),#9634,.F.);
#10169=ADVANCED_FACE('',(#894),#9635,.T.);
#10170=ADVANCED_FACE('',(#895),#9636,.T.);
#10171=ADVANCED_FACE('',(#896),#9637,.T.);
#10172=ADVANCED_FACE('',(#897),#9638,.T.);
#10173=ADVANCED_FACE('',(#898),#9639,.T.);
#10174=ADVANCED_FACE('',(#899),#9640,.T.);
#10175=ADVANCED_FACE('',(#900),#9641,.T.);
#10176=ADVANCED_FACE('',(#901),#9642,.F.);
#10177=ADVANCED_FACE('',(#902),#9643,.T.);
#10178=ADVANCED_FACE('',(#903),#9644,.T.);
#10179=ADVANCED_FACE('',(#904),#9645,.T.);
#10180=ADVANCED_FACE('',(#905),#9646,.T.);
#10181=ADVANCED_FACE('',(#906,#99,#100,#101,#102,#103,#104,#105,#106,#107),
#9647,.T.);
#10182=ADVANCED_FACE('',(#907),#9648,.T.);
#10183=ADVANCED_FACE('',(#908),#9649,.T.);
#10184=ADVANCED_FACE('',(#909),#9650,.T.);
#10185=ADVANCED_FACE('',(#910),#9651,.T.);
#10186=ADVANCED_FACE('',(#911),#9652,.T.);
#10187=ADVANCED_FACE('',(#912),#9653,.F.);
#10188=ADVANCED_FACE('',(#913),#9654,.F.);
#10189=ADVANCED_FACE('',(#914),#9655,.F.);
#10190=ADVANCED_FACE('',(#915),#9656,.T.);
#10191=ADVANCED_FACE('',(#916),#399,.F.);
#10192=ADVANCED_FACE('',(#917),#9657,.F.);
#10193=ADVANCED_FACE('',(#918),#400,.F.);
#10194=ADVANCED_FACE('',(#919),#9658,.F.);
#10195=ADVANCED_FACE('',(#920),#401,.F.);
#10196=ADVANCED_FACE('',(#921),#9659,.F.);
#10197=ADVANCED_FACE('',(#922),#402,.F.);
#10198=ADVANCED_FACE('',(#923),#9660,.F.);
#10199=ADVANCED_FACE('',(#924,#108),#9661,.T.);
#10200=ADVANCED_FACE('',(#925),#9662,.T.);
#10201=ADVANCED_FACE('',(#926,#109),#9663,.T.);
#10202=ADVANCED_FACE('',(#927),#9664,.T.);
#10203=ADVANCED_FACE('',(#928),#9665,.F.);
#10204=ADVANCED_FACE('',(#929),#9666,.T.);
#10205=ADVANCED_FACE('',(#930),#9667,.T.);
#10206=ADVANCED_FACE('',(#931),#403,.T.);
#10207=ADVANCED_FACE('',(#932),#9668,.T.);
#10208=ADVANCED_FACE('',(#933),#404,.T.);
#10209=ADVANCED_FACE('',(#934),#9669,.T.);
#10210=ADVANCED_FACE('',(#935),#9670,.T.);
#10211=ADVANCED_FACE('',(#936),#405,.F.);
#10212=ADVANCED_FACE('',(#937),#9671,.T.);
#10213=ADVANCED_FACE('',(#938),#406,.F.);
#10214=ADVANCED_FACE('',(#939),#9672,.T.);
#10215=ADVANCED_FACE('',(#940),#9673,.T.);
#10216=ADVANCED_FACE('',(#941),#9674,.T.);
#10217=ADVANCED_FACE('',(#942),#9675,.F.);
#10218=ADVANCED_FACE('',(#943),#9676,.F.);
#10219=ADVANCED_FACE('',(#944),#407,.F.);
#10220=ADVANCED_FACE('',(#945),#9677,.F.);
#10221=ADVANCED_FACE('',(#946),#408,.F.);
#10222=ADVANCED_FACE('',(#947,#110),#9678,.T.);
#10223=ADVANCED_FACE('',(#948),#9679,.T.);
#10224=ADVANCED_FACE('',(#949,#111),#9680,.T.);
#10225=ADVANCED_FACE('',(#950),#9681,.T.);
#10226=ADVANCED_FACE('',(#951),#9682,.T.);
#10227=ADVANCED_FACE('',(#952),#9683,.F.);
#10228=CLOSED_SHELL('',(#9684,#9685,#9686,#9687,#9688,#9689,#9690,#9691,
#9692,#9693,#9694,#9695,#9696,#9697,#9698,#9699,#9700,#9701,#9702,#9703,
#9704,#9705,#9706,#9707,#9708,#9709,#9710,#9711,#9712,#9713,#9714,#9715,
#9716,#9717,#9718,#9719,#9720,#9721,#9722,#9723,#9724,#9725,#9726,#9727,
#9728,#9729,#9730,#9731,#9732,#9733,#9734,#9735,#9736,#9737,#9738,#9739,
#9740,#9741,#9742,#9743,#9744,#9745,#9746,#9747,#9748,#9749,#9750,#9751,
#9752,#9753,#9754,#9755,#9756,#9757,#9758,#9759,#9760,#9761,#9762,#9763,
#9764,#9765,#9766,#9767,#9768,#9769,#9770,#9771,#9772,#9773,#9774,#9775,
#9776,#9777,#9778,#9779,#9780,#9781,#9782,#9783,#9784,#9785,#9786,#9787,
#9788,#9789,#9790,#9791,#9792,#9793,#9794,#9795,#9796,#9797,#9798,#9799,
#9800,#9801,#9802,#9803,#9804,#9805,#9806,#9807,#9808,#9809,#9810,#9811,
#9812,#9813,#9814,#9815,#9816,#9817,#9818,#9819,#9820,#9821,#9822,#9823,
#9824,#9825,#9826,#9827,#9828,#9829,#9830,#9831,#9832,#9833,#9834,#9835,
#9836,#9837,#9838,#9839,#9840,#9841,#9842,#9843,#9844,#9845,#9846,#9847,
#9848,#9849,#9850,#9851,#9852,#9853,#9854,#9855,#9856,#9857,#9858,#9859,
#9860,#9861,#9862,#9863,#9864,#9865,#9866,#9867,#9868,#9869,#9870,#9871,
#9872,#9873,#9874,#9875,#9876,#9877,#9878,#9879,#9880,#9881,#9882,#9883,
#9884,#9885,#9886,#9887,#9888,#9889,#9890,#9891,#9892,#9893,#9894,#9895,
#9896,#9897,#9898,#9899,#9900,#9901,#9902,#9903,#9904,#9905,#9906,#9907,
#9908,#9909,#9910,#9911,#9912,#9913,#9914,#9915,#9916,#9917,#9918,#9919,
#9920,#9921,#9922,#9923,#9924,#9925,#9926,#9927,#9928,#9929,#9930,#9931,
#9932,#9933,#9934,#9935,#9936,#9937,#9938,#9939,#9940,#9941,#9942,#9943,
#9944,#9945,#9946,#9947,#9948,#9949,#9950,#9951,#9952,#9953,#9954,#9955,
#9956,#9957,#9958,#9959,#9960,#9961,#9962,#9963,#9964,#9965,#9966,#9967,
#9968,#9969,#9970,#9971,#9972,#9973,#9974,#9975,#9976,#9977,#9978,#9979,
#9980,#9981,#9982,#9983,#9984,#9985,#9986,#9987,#9988,#9989,#9990,#9991,
#9992,#9993,#9994,#9995,#9996,#9997,#9998,#9999,#10000,#10001,#10002,#10003,
#10004,#10005,#10006,#10007,#10008,#10009,#10010,#10011,#10012,#10013,#10014,
#10015,#10016,#10017,#10018,#10019,#10020,#10021,#10022,#10023,#10024,#10025,
#10026,#10027,#10028,#10029,#10030,#10031,#10032,#10033,#10034,#10035,#10036,
#10037,#10038,#10039,#10040,#10041,#10042,#10043,#10044,#10045,#10046,#10047,
#10048,#10049,#10050,#10051,#10052,#10053,#10054,#10055,#10056,#10057,#10058,
#10059,#10060,#10061,#10062,#10063,#10064,#10065,#10066,#10067,#10068,#10069,
#10070,#10071,#10072,#10073,#10074,#10075,#10076,#10077,#10078,#10079,#10080,
#10081,#10082,#10083,#10084,#10085,#10086,#10087,#10088,#10089,#10090,#10091,
#10092,#10093,#10094,#10095,#10096,#10097,#10098,#10099,#10100,#10101,#10102,
#10103,#10104,#10105,#10106,#10107,#10108,#10109,#10110,#10111,#10112,#10113,
#10114,#10115,#10116,#10117,#10118,#10119,#10120,#10121,#10122,#10123,#10124,
#10125,#10126,#10127,#10128,#10129,#10130,#10131,#10132,#10133,#10134,#10135,
#10136,#10137,#10138,#10139,#10140,#10141,#10142,#10143,#10144,#10145,#10146,
#10147,#10148,#10149,#10150,#10151,#10152,#10153,#10154,#10155,#10156,#10157,
#10158,#10159,#10160,#10161,#10162,#10163,#10164,#10165,#10166,#10167,#10168,
#10169,#10170,#10171,#10172,#10173,#10174,#10175,#10176,#10177,#10178,#10179,
#10180,#10181,#10182,#10183,#10184,#10185,#10186));
#10229=CLOSED_SHELL('',(#10187,#10188,#10189,#10190,#10191,#10192,#10193,
#10194,#10195,#10196,#10197,#10198,#10199,#10200,#10201,#10202,#10203));
#10230=CLOSED_SHELL('',(#10204,#10205,#10206,#10207,#10208,#10209,#10210,
#10211,#10212,#10213,#10214,#10215,#10216,#10217));
#10231=CLOSED_SHELL('',(#10218,#10219,#10220,#10221,#10222,#10223,#10224,
#10225,#10226,#10227));
#10232=DERIVED_UNIT_ELEMENT(#10234,1.);
#10233=DERIVED_UNIT_ELEMENT(#17863,-3.);
#10234=(
MASS_UNIT()
NAMED_UNIT(*)
SI_UNIT(.KILO.,.GRAM.)
);
#10235=DERIVED_UNIT((#10232,#10233));
#10236=MEASURE_REPRESENTATION_ITEM('density measure',
POSITIVE_RATIO_MEASURE(7850.),#10235);
#10237=PROPERTY_DEFINITION_REPRESENTATION(#10242,#10239);
#10238=PROPERTY_DEFINITION_REPRESENTATION(#10243,#10240);
#10239=REPRESENTATION('material name',(#10241),#17860);
#10240=REPRESENTATION('density',(#10236),#17860);
#10241=DESCRIPTIVE_REPRESENTATION_ITEM('Steel','Steel');
#10242=PROPERTY_DEFINITION('material property','material name',#17870);
#10243=PROPERTY_DEFINITION('material property','density of part',#17870);
#10244=AXIS2_PLACEMENT_3D('',#13688,#10985,#10986);
#10245=AXIS2_PLACEMENT_3D('',#13689,#10987,#10988);
#10246=AXIS2_PLACEMENT_3D('',#13698,#10993,#10994);
#10247=AXIS2_PLACEMENT_3D('',#13704,#10998,#10999);
#10248=AXIS2_PLACEMENT_3D('',#13710,#11003,#11004);
#10249=AXIS2_PLACEMENT_3D('',#13716,#11008,#11009);
#10250=AXIS2_PLACEMENT_3D('',#13722,#11013,#11014);
#10251=AXIS2_PLACEMENT_3D('',#13728,#11018,#11019);
#10252=AXIS2_PLACEMENT_3D('',#13734,#11023,#11024);
#10253=AXIS2_PLACEMENT_3D('',#13740,#11028,#11029);
#10254=AXIS2_PLACEMENT_3D('',#13746,#11033,#11034);
#10255=AXIS2_PLACEMENT_3D('',#13752,#11038,#11039);
#10256=AXIS2_PLACEMENT_3D('',#13758,#11043,#11044);
#10257=AXIS2_PLACEMENT_3D('',#13764,#11048,#11049);
#10258=AXIS2_PLACEMENT_3D('',#13767,#11052,#11053);
#10259=AXIS2_PLACEMENT_3D('',#13768,#11054,#11055);
#10260=AXIS2_PLACEMENT_3D('',#13777,#11060,#11061);
#10261=AXIS2_PLACEMENT_3D('',#13783,#11065,#11066);
#10262=AXIS2_PLACEMENT_3D('',#13789,#11070,#11071);
#10263=AXIS2_PLACEMENT_3D('',#13795,#11075,#11076);
#10264=AXIS2_PLACEMENT_3D('',#13801,#11080,#11081);
#10265=AXIS2_PLACEMENT_3D('',#13807,#11085,#11086);
#10266=AXIS2_PLACEMENT_3D('',#13810,#11089,#11090);
#10267=AXIS2_PLACEMENT_3D('',#13811,#11091,#11092);
#10268=AXIS2_PLACEMENT_3D('',#13813,#11093,#11094);
#10269=AXIS2_PLACEMENT_3D('',#13816,#11096,#11097);
#10270=AXIS2_PLACEMENT_3D('',#13817,#11098,#11099);
#10271=AXIS2_PLACEMENT_3D('',#13820,#11100,#11101);
#10272=AXIS2_PLACEMENT_3D('',#13824,#11103,#11104);
#10273=AXIS2_PLACEMENT_3D('',#13826,#11106,#11107);
#10274=AXIS2_PLACEMENT_3D('',#13832,#11111,#11112);
#10275=AXIS2_PLACEMENT_3D('',#13838,#11116,#11117);
#10276=AXIS2_PLACEMENT_3D('',#13844,#11121,#11122);
#10277=AXIS2_PLACEMENT_3D('',#13850,#11126,#11127);
#10278=AXIS2_PLACEMENT_3D('',#13853,#11130,#11131);
#10279=AXIS2_PLACEMENT_3D('',#13854,#11132,#11133);
#10280=AXIS2_PLACEMENT_3D('',#13863,#11138,#11139);
#10281=AXIS2_PLACEMENT_3D('',#13869,#11143,#11144);
#10282=AXIS2_PLACEMENT_3D('',#13875,#11148,#11149);
#10283=AXIS2_PLACEMENT_3D('',#13878,#11152,#11153);
#10284=AXIS2_PLACEMENT_3D('',#13879,#11154,#11155);
#10285=AXIS2_PLACEMENT_3D('',#13888,#11160,#11161);
#10286=AXIS2_PLACEMENT_3D('',#13890,#11162,#11163);
#10287=AXIS2_PLACEMENT_3D('',#13893,#11165,#11166);
#10288=AXIS2_PLACEMENT_3D('',#13894,#11167,#11168);
#10289=AXIS2_PLACEMENT_3D('',#13900,#11172,#11173);
#10290=AXIS2_PLACEMENT_3D('',#13903,#11176,#11177);
#10291=AXIS2_PLACEMENT_3D('',#13912,#11182,#11183);
#10292=AXIS2_PLACEMENT_3D('',#13914,#11184,#11185);
#10293=AXIS2_PLACEMENT_3D('',#13917,#11187,#11188);
#10294=AXIS2_PLACEMENT_3D('',#13918,#11189,#11190);
#10295=AXIS2_PLACEMENT_3D('',#13924,#11194,#11195);
#10296=AXIS2_PLACEMENT_3D('',#13927,#11198,#11199);
#10297=AXIS2_PLACEMENT_3D('',#13928,#11200,#11201);
#10298=AXIS2_PLACEMENT_3D('',#13930,#11202,#11203);
#10299=AXIS2_PLACEMENT_3D('',#13933,#11205,#11206);
#10300=AXIS2_PLACEMENT_3D('',#13934,#11207,#11208);
#10301=AXIS2_PLACEMENT_3D('',#13943,#11213,#11214);
#10302=AXIS2_PLACEMENT_3D('',#13945,#11215,#11216);
#10303=AXIS2_PLACEMENT_3D('',#13948,#11218,#11219);
#10304=AXIS2_PLACEMENT_3D('',#13949,#11220,#11221);
#10305=AXIS2_PLACEMENT_3D('',#13955,#11225,#11226);
#10306=AXIS2_PLACEMENT_3D('',#13961,#11230,#11231);
#10307=AXIS2_PLACEMENT_3D('',#13967,#11235,#11236);
#10308=AXIS2_PLACEMENT_3D('',#13970,#11239,#11240);
#10309=AXIS2_PLACEMENT_3D('',#13971,#11241,#11242);
#10310=AXIS2_PLACEMENT_3D('',#13980,#11247,#11248);
#10311=AXIS2_PLACEMENT_3D('',#13986,#11252,#11253);
#10312=AXIS2_PLACEMENT_3D('',#13992,#11257,#11258);
#10313=AXIS2_PLACEMENT_3D('',#13995,#11261,#11262);
#10314=AXIS2_PLACEMENT_3D('',#13996,#11263,#11264);
#10315=AXIS2_PLACEMENT_3D('',#14005,#11269,#11270);
#10316=AXIS2_PLACEMENT_3D('',#14007,#11271,#11272);
#10317=AXIS2_PLACEMENT_3D('',#14010,#11274,#11275);
#10318=AXIS2_PLACEMENT_3D('',#14011,#11276,#11277);
#10319=AXIS2_PLACEMENT_3D('',#14017,#11281,#11282);
#10320=AXIS2_PLACEMENT_3D('',#14020,#11285,#11286);
#10321=AXIS2_PLACEMENT_3D('',#14029,#11291,#11292);
#10322=AXIS2_PLACEMENT_3D('',#14031,#11293,#11294);
#10323=AXIS2_PLACEMENT_3D('',#14034,#11296,#11297);
#10324=AXIS2_PLACEMENT_3D('',#14035,#11298,#11299);
#10325=AXIS2_PLACEMENT_3D('',#14041,#11303,#11304);
#10326=AXIS2_PLACEMENT_3D('',#14044,#11307,#11308);
#10327=AXIS2_PLACEMENT_3D('',#14045,#11309,#11310);
#10328=AXIS2_PLACEMENT_3D('',#14047,#11311,#11312);
#10329=AXIS2_PLACEMENT_3D('',#14050,#11314,#11315);
#10330=AXIS2_PLACEMENT_3D('',#14051,#11316,#11317);
#10331=AXIS2_PLACEMENT_3D('',#14054,#11318,#11319);
#10332=AXIS2_PLACEMENT_3D('',#14058,#11321,#11322);
#10333=AXIS2_PLACEMENT_3D('',#14060,#11324,#11325);
#10334=AXIS2_PLACEMENT_3D('',#14066,#11329,#11330);
#10335=AXIS2_PLACEMENT_3D('',#14072,#11334,#11335);
#10336=AXIS2_PLACEMENT_3D('',#14078,#11339,#11340);
#10337=AXIS2_PLACEMENT_3D('',#14084,#11344,#11345);
#10338=AXIS2_PLACEMENT_3D('',#14087,#11348,#11349);
#10339=AXIS2_PLACEMENT_3D('',#14088,#11350,#11351);
#10340=AXIS2_PLACEMENT_3D('',#14090,#11352,#11353);
#10341=AXIS2_PLACEMENT_3D('',#14093,#11355,#11356);
#10342=AXIS2_PLACEMENT_3D('',#14094,#11357,#11358);
#10343=AXIS2_PLACEMENT_3D('',#14103,#11363,#11364);
#10344=AXIS2_PLACEMENT_3D('',#14105,#11365,#11366);
#10345=AXIS2_PLACEMENT_3D('',#14108,#11368,#11369);
#10346=AXIS2_PLACEMENT_3D('',#14109,#11370,#11371);
#10347=AXIS2_PLACEMENT_3D('',#14115,#11375,#11376);
#10348=AXIS2_PLACEMENT_3D('',#14121,#11380,#11381);
#10349=AXIS2_PLACEMENT_3D('',#14127,#11385,#11386);
#10350=AXIS2_PLACEMENT_3D('',#14130,#11389,#11390);
#10351=AXIS2_PLACEMENT_3D('',#14131,#11391,#11392);
#10352=AXIS2_PLACEMENT_3D('',#14140,#11397,#11398);
#10353=AXIS2_PLACEMENT_3D('',#14146,#11402,#11403);
#10354=AXIS2_PLACEMENT_3D('',#14152,#11407,#11408);
#10355=AXIS2_PLACEMENT_3D('',#14155,#11411,#11412);
#10356=AXIS2_PLACEMENT_3D('',#14156,#11413,#11414);
#10357=AXIS2_PLACEMENT_3D('',#14165,#11419,#11420);
#10358=AXIS2_PLACEMENT_3D('',#14171,#11424,#11425);
#10359=AXIS2_PLACEMENT_3D('',#14173,#11426,#11427);
#10360=AXIS2_PLACEMENT_3D('',#14176,#11429,#11430);
#10361=AXIS2_PLACEMENT_3D('',#14177,#11431,#11432);
#10362=AXIS2_PLACEMENT_3D('',#14179,#11433,#11434);
#10363=AXIS2_PLACEMENT_3D('',#14182,#11436,#11437);
#10364=AXIS2_PLACEMENT_3D('',#14183,#11438,#11439);
#10365=AXIS2_PLACEMENT_3D('',#14189,#11443,#11444);
#10366=AXIS2_PLACEMENT_3D('',#14195,#11448,#11449);
#10367=AXIS2_PLACEMENT_3D('',#14201,#11453,#11454);
#10368=AXIS2_PLACEMENT_3D('',#14207,#11458,#11459);
#10369=AXIS2_PLACEMENT_3D('',#14213,#11463,#11464);
#10370=AXIS2_PLACEMENT_3D('',#14215,#11465,#11466);
#10371=AXIS2_PLACEMENT_3D('',#14218,#11468,#11469);
#10372=AXIS2_PLACEMENT_3D('',#14219,#11470,#11471);
#10373=AXIS2_PLACEMENT_3D('',#14225,#11475,#11476);
#10374=AXIS2_PLACEMENT_3D('',#14231,#11480,#11481);
#10375=AXIS2_PLACEMENT_3D('',#14237,#11485,#11486);
#10376=AXIS2_PLACEMENT_3D('',#14239,#11487,#11488);
#10377=AXIS2_PLACEMENT_3D('',#14242,#11490,#11491);
#10378=AXIS2_PLACEMENT_3D('',#14243,#11492,#11493);
#10379=AXIS2_PLACEMENT_3D('',#14246,#11496,#11497);
#10380=AXIS2_PLACEMENT_3D('',#14247,#11498,#11499);
#10381=AXIS2_PLACEMENT_3D('',#14249,#11500,#11501);
#10382=AXIS2_PLACEMENT_3D('',#14252,#11503,#11504);
#10383=AXIS2_PLACEMENT_3D('',#14253,#11505,#11506);
#10384=AXIS2_PLACEMENT_3D('',#14254,#11507,#11508);
#10385=AXIS2_PLACEMENT_3D('',#14263,#11513,#11514);
#10386=AXIS2_PLACEMENT_3D('',#14269,#11518,#11519);
#10387=AXIS2_PLACEMENT_3D('',#14275,#11523,#11524);
#10388=AXIS2_PLACEMENT_3D('',#14278,#11527,#11528);
#10389=AXIS2_PLACEMENT_3D('',#14279,#11529,#11530);
#10390=AXIS2_PLACEMENT_3D('',#14282,#11531,#11532);
#10391=AXIS2_PLACEMENT_3D('',#14286,#11534,#11535);
#10392=AXIS2_PLACEMENT_3D('',#14288,#11537,#11538);
#10393=AXIS2_PLACEMENT_3D('',#14294,#11542,#11543);
#10394=AXIS2_PLACEMENT_3D('',#14300,#11547,#11548);
#10395=AXIS2_PLACEMENT_3D('',#14306,#11552,#11553);
#10396=AXIS2_PLACEMENT_3D('',#14312,#11557,#11558);
#10397=AXIS2_PLACEMENT_3D('',#14318,#11562,#11563);
#10398=AXIS2_PLACEMENT_3D('',#14320,#11564,#11565);
#10399=AXIS2_PLACEMENT_3D('',#14323,#11567,#11568);
#10400=AXIS2_PLACEMENT_3D('',#14324,#11569,#11570);
#10401=AXIS2_PLACEMENT_3D('',#14327,#11573,#11574);
#10402=AXIS2_PLACEMENT_3D('',#14328,#11575,#11576);
#10403=AXIS2_PLACEMENT_3D('',#14330,#11577,#11578);
#10404=AXIS2_PLACEMENT_3D('',#14333,#11580,#11581);
#10405=AXIS2_PLACEMENT_3D('',#14334,#11582,#11583);
#10406=AXIS2_PLACEMENT_3D('',#14336,#11584,#11585);
#10407=AXIS2_PLACEMENT_3D('',#14339,#11587,#11588);
#10408=AXIS2_PLACEMENT_3D('',#14340,#11589,#11590);
#10409=AXIS2_PLACEMENT_3D('',#14341,#11591,#11592);
#10410=AXIS2_PLACEMENT_3D('',#14343,#11593,#11594);
#10411=AXIS2_PLACEMENT_3D('',#14346,#11596,#11597);
#10412=AXIS2_PLACEMENT_3D('',#14347,#11598,#11599);
#10413=AXIS2_PLACEMENT_3D('',#14348,#11600,#11601);
#10414=AXIS2_PLACEMENT_3D('',#14351,#11602,#11603);
#10415=AXIS2_PLACEMENT_3D('',#14355,#11605,#11606);
#10416=AXIS2_PLACEMENT_3D('',#14357,#11608,#11609);
#10417=AXIS2_PLACEMENT_3D('',#14363,#11613,#11614);
#10418=AXIS2_PLACEMENT_3D('',#14369,#11618,#11619);
#10419=AXIS2_PLACEMENT_3D('',#14375,#11623,#11624);
#10420=AXIS2_PLACEMENT_3D('',#14381,#11628,#11629);
#10421=AXIS2_PLACEMENT_3D('',#14387,#11633,#11634);
#10422=AXIS2_PLACEMENT_3D('',#14389,#11635,#11636);
#10423=AXIS2_PLACEMENT_3D('',#14392,#11638,#11639);
#10424=AXIS2_PLACEMENT_3D('',#14393,#11640,#11641);
#10425=AXIS2_PLACEMENT_3D('',#14399,#11645,#11646);
#10426=AXIS2_PLACEMENT_3D('',#14405,#11650,#11651);
#10427=AXIS2_PLACEMENT_3D('',#14408,#11654,#11655);
#10428=AXIS2_PLACEMENT_3D('',#14409,#11656,#11657);
#10429=AXIS2_PLACEMENT_3D('',#14411,#11658,#11659);
#10430=AXIS2_PLACEMENT_3D('',#14414,#11661,#11662);
#10431=AXIS2_PLACEMENT_3D('',#14415,#11663,#11664);
#10432=AXIS2_PLACEMENT_3D('',#14418,#11665,#11666);
#10433=AXIS2_PLACEMENT_3D('',#14422,#11668,#11669);
#10434=AXIS2_PLACEMENT_3D('',#14424,#11671,#11672);
#10435=AXIS2_PLACEMENT_3D('',#14430,#11676,#11677);
#10436=AXIS2_PLACEMENT_3D('',#14436,#11681,#11682);
#10437=AXIS2_PLACEMENT_3D('',#14442,#11686,#11687);
#10438=AXIS2_PLACEMENT_3D('',#14448,#11691,#11692);
#10439=AXIS2_PLACEMENT_3D('',#14451,#11695,#11696);
#10440=AXIS2_PLACEMENT_3D('',#14452,#11697,#11698);
#10441=AXIS2_PLACEMENT_3D('',#14454,#11699,#11700);
#10442=AXIS2_PLACEMENT_3D('',#14457,#11702,#11703);
#10443=AXIS2_PLACEMENT_3D('',#14458,#11704,#11705);
#10444=AXIS2_PLACEMENT_3D('',#14460,#11706,#11707);
#10445=AXIS2_PLACEMENT_3D('',#14463,#11709,#11710);
#10446=AXIS2_PLACEMENT_3D('',#14464,#11711,#11712);
#10447=AXIS2_PLACEMENT_3D('',#14465,#11713,#11714);
#10448=AXIS2_PLACEMENT_3D('',#14467,#11715,#11716);
#10449=AXIS2_PLACEMENT_3D('',#14470,#11718,#11719);
#10450=AXIS2_PLACEMENT_3D('',#14471,#11720,#11721);
#10451=AXIS2_PLACEMENT_3D('',#14474,#11722,#11723);
#10452=AXIS2_PLACEMENT_3D('',#14478,#11725,#11726);
#10453=AXIS2_PLACEMENT_3D('',#14480,#11728,#11729);
#10454=AXIS2_PLACEMENT_3D('',#14486,#11733,#11734);
#10455=AXIS2_PLACEMENT_3D('',#14492,#11738,#11739);
#10456=AXIS2_PLACEMENT_3D('',#14498,#11743,#11744);
#10457=AXIS2_PLACEMENT_3D('',#14504,#11748,#11749);
#10458=AXIS2_PLACEMENT_3D('',#14507,#11752,#11753);
#10459=AXIS2_PLACEMENT_3D('',#14508,#11754,#11755);
#10460=AXIS2_PLACEMENT_3D('',#14510,#11756,#11757);
#10461=AXIS2_PLACEMENT_3D('',#14513,#11759,#11760);
#10462=AXIS2_PLACEMENT_3D('',#14514,#11761,#11762);
#10463=AXIS2_PLACEMENT_3D('',#14517,#11763,#11764);
#10464=AXIS2_PLACEMENT_3D('',#14521,#11766,#11767);
#10465=AXIS2_PLACEMENT_3D('',#14523,#11769,#11770);
#10466=AXIS2_PLACEMENT_3D('',#14529,#11774,#11775);
#10467=AXIS2_PLACEMENT_3D('',#14535,#11779,#11780);
#10468=AXIS2_PLACEMENT_3D('',#14541,#11784,#11785);
#10469=AXIS2_PLACEMENT_3D('',#14547,#11789,#11790);
#10470=AXIS2_PLACEMENT_3D('',#14550,#11793,#11794);
#10471=AXIS2_PLACEMENT_3D('',#14551,#11795,#11796);
#10472=AXIS2_PLACEMENT_3D('',#14554,#11797,#11798);
#10473=AXIS2_PLACEMENT_3D('',#14558,#11800,#11801);
#10474=AXIS2_PLACEMENT_3D('',#14560,#11803,#11804);
#10475=AXIS2_PLACEMENT_3D('',#14566,#11808,#11809);
#10476=AXIS2_PLACEMENT_3D('',#14572,#11813,#11814);
#10477=AXIS2_PLACEMENT_3D('',#14578,#11818,#11819);
#10478=AXIS2_PLACEMENT_3D('',#14584,#11823,#11824);
#10479=AXIS2_PLACEMENT_3D('',#14586,#11825,#11826);
#10480=AXIS2_PLACEMENT_3D('',#14589,#11828,#11829);
#10481=AXIS2_PLACEMENT_3D('',#14590,#11830,#11831);
#10482=AXIS2_PLACEMENT_3D('',#14593,#11834,#11835);
#10483=AXIS2_PLACEMENT_3D('',#14594,#11836,#11837);
#10484=AXIS2_PLACEMENT_3D('',#14597,#11838,#11839);
#10485=AXIS2_PLACEMENT_3D('',#14601,#11841,#11842);
#10486=AXIS2_PLACEMENT_3D('',#14603,#11844,#11845);
#10487=AXIS2_PLACEMENT_3D('',#14605,#11846,#11847);
#10488=AXIS2_PLACEMENT_3D('',#14608,#11849,#11850);
#10489=AXIS2_PLACEMENT_3D('',#14609,#11851,#11852);
#10490=AXIS2_PLACEMENT_3D('',#14611,#11853,#11854);
#10491=AXIS2_PLACEMENT_3D('',#14614,#11856,#11857);
#10492=AXIS2_PLACEMENT_3D('',#14615,#11858,#11859);
#10493=AXIS2_PLACEMENT_3D('',#14617,#11860,#11861);
#10494=AXIS2_PLACEMENT_3D('',#14620,#11863,#11864);
#10495=AXIS2_PLACEMENT_3D('',#14621,#11865,#11866);
#10496=AXIS2_PLACEMENT_3D('',#14623,#11867,#11868);
#10497=AXIS2_PLACEMENT_3D('',#14626,#11870,#11871);
#10498=AXIS2_PLACEMENT_3D('',#14627,#11872,#11873);
#10499=AXIS2_PLACEMENT_3D('',#14629,#11874,#11875);
#10500=AXIS2_PLACEMENT_3D('',#14632,#11877,#11878);
#10501=AXIS2_PLACEMENT_3D('',#14633,#11879,#11880);
#10502=AXIS2_PLACEMENT_3D('',#14639,#11884,#11885);
#10503=AXIS2_PLACEMENT_3D('',#14641,#11886,#11887);
#10504=AXIS2_PLACEMENT_3D('',#14644,#11889,#11890);
#10505=AXIS2_PLACEMENT_3D('',#14645,#11891,#11892);
#10506=AXIS2_PLACEMENT_3D('',#14647,#11893,#11894);
#10507=AXIS2_PLACEMENT_3D('',#14650,#11896,#11897);
#10508=AXIS2_PLACEMENT_3D('',#14651,#11898,#11899);
#10509=AXIS2_PLACEMENT_3D('',#14653,#11900,#11901);
#10510=AXIS2_PLACEMENT_3D('',#14656,#11903,#11904);
#10511=AXIS2_PLACEMENT_3D('',#14657,#11905,#11906);
#10512=AXIS2_PLACEMENT_3D('',#14659,#11907,#11908);
#10513=AXIS2_PLACEMENT_3D('',#14662,#11910,#11911);
#10514=AXIS2_PLACEMENT_3D('',#14663,#11912,#11913);
#10515=AXIS2_PLACEMENT_3D('',#14665,#11914,#11915);
#10516=AXIS2_PLACEMENT_3D('',#14668,#11917,#11918);
#10517=AXIS2_PLACEMENT_3D('',#14669,#11919,#11920);
#10518=AXIS2_PLACEMENT_3D('',#14671,#11921,#11922);
#10519=AXIS2_PLACEMENT_3D('',#14674,#11924,#11925);
#10520=AXIS2_PLACEMENT_3D('',#14675,#11926,#11927);
#10521=AXIS2_PLACEMENT_3D('',#14677,#11928,#11929);
#10522=AXIS2_PLACEMENT_3D('',#14680,#11931,#11932);
#10523=AXIS2_PLACEMENT_3D('',#14681,#11933,#11934);
#10524=AXIS2_PLACEMENT_3D('',#14687,#11938,#11939);
#10525=AXIS2_PLACEMENT_3D('',#14688,#11940,#11941);
#10526=AXIS2_PLACEMENT_3D('',#14689,#11942,#11943);
#10527=AXIS2_PLACEMENT_3D('',#14690,#11944,#11945);
#10528=AXIS2_PLACEMENT_3D('',#14691,#11946,#11947);
#10529=AXIS2_PLACEMENT_3D('',#14700,#11952,#11953);
#10530=AXIS2_PLACEMENT_3D('',#14706,#11957,#11958);
#10531=AXIS2_PLACEMENT_3D('',#14708,#11959,#11960);
#10532=AXIS2_PLACEMENT_3D('',#14711,#11962,#11963);
#10533=AXIS2_PLACEMENT_3D('',#14712,#11964,#11965);
#10534=AXIS2_PLACEMENT_3D('',#14718,#11969,#11970);
#10535=AXIS2_PLACEMENT_3D('',#14724,#11974,#11975);
#10536=AXIS2_PLACEMENT_3D('',#14730,#11979,#11980);
#10537=AXIS2_PLACEMENT_3D('',#14736,#11984,#11985);
#10538=AXIS2_PLACEMENT_3D('',#14742,#11989,#11990);
#10539=AXIS2_PLACEMENT_3D('',#14744,#11991,#11992);
#10540=AXIS2_PLACEMENT_3D('',#14747,#11994,#11995);
#10541=AXIS2_PLACEMENT_3D('',#14748,#11996,#11997);
#10542=AXIS2_PLACEMENT_3D('',#14751,#12000,#12001);
#10543=AXIS2_PLACEMENT_3D('',#14752,#12002,#12003);
#10544=AXIS2_PLACEMENT_3D('',#14761,#12008,#12009);
#10545=AXIS2_PLACEMENT_3D('',#14767,#12013,#12014);
#10546=AXIS2_PLACEMENT_3D('',#14769,#12015,#12016);
#10547=AXIS2_PLACEMENT_3D('',#14772,#12018,#12019);
#10548=AXIS2_PLACEMENT_3D('',#14773,#12020,#12021);
#10549=AXIS2_PLACEMENT_3D('',#14775,#12022,#12023);
#10550=AXIS2_PLACEMENT_3D('',#14778,#12025,#12026);
#10551=AXIS2_PLACEMENT_3D('',#14779,#12027,#12028);
#10552=AXIS2_PLACEMENT_3D('',#14785,#12032,#12033);
#10553=AXIS2_PLACEMENT_3D('',#14791,#12037,#12038);
#10554=AXIS2_PLACEMENT_3D('',#14797,#12042,#12043);
#10555=AXIS2_PLACEMENT_3D('',#14803,#12047,#12048);
#10556=AXIS2_PLACEMENT_3D('',#14809,#12052,#12053);
#10557=AXIS2_PLACEMENT_3D('',#14811,#12054,#12055);
#10558=AXIS2_PLACEMENT_3D('',#14814,#12057,#12058);
#10559=AXIS2_PLACEMENT_3D('',#14815,#12059,#12060);
#10560=AXIS2_PLACEMENT_3D('',#14821,#12064,#12065);
#10561=AXIS2_PLACEMENT_3D('',#14827,#12069,#12070);
#10562=AXIS2_PLACEMENT_3D('',#14833,#12074,#12075);
#10563=AXIS2_PLACEMENT_3D('',#14835,#12076,#12077);
#10564=AXIS2_PLACEMENT_3D('',#14838,#12079,#12080);
#10565=AXIS2_PLACEMENT_3D('',#14839,#12081,#12082);
#10566=AXIS2_PLACEMENT_3D('',#14842,#12085,#12086);
#10567=AXIS2_PLACEMENT_3D('',#14843,#12087,#12088);
#10568=AXIS2_PLACEMENT_3D('',#14852,#12093,#12094);
#10569=AXIS2_PLACEMENT_3D('',#14858,#12098,#12099);
#10570=AXIS2_PLACEMENT_3D('',#14864,#12103,#12104);
#10571=AXIS2_PLACEMENT_3D('',#14867,#12107,#12108);
#10572=AXIS2_PLACEMENT_3D('',#14868,#12109,#12110);
#10573=AXIS2_PLACEMENT_3D('',#14870,#12111,#12112);
#10574=AXIS2_PLACEMENT_3D('',#14873,#12114,#12115);
#10575=AXIS2_PLACEMENT_3D('',#14874,#12116,#12117);
#10576=AXIS2_PLACEMENT_3D('',#14875,#12118,#12119);
#10577=AXIS2_PLACEMENT_3D('',#14878,#12120,#12121);
#10578=AXIS2_PLACEMENT_3D('',#14882,#12123,#12124);
#10579=AXIS2_PLACEMENT_3D('',#14884,#12126,#12127);
#10580=AXIS2_PLACEMENT_3D('',#14890,#12131,#12132);
#10581=AXIS2_PLACEMENT_3D('',#14896,#12136,#12137);
#10582=AXIS2_PLACEMENT_3D('',#14902,#12141,#12142);
#10583=AXIS2_PLACEMENT_3D('',#14908,#12146,#12147);
#10584=AXIS2_PLACEMENT_3D('',#14914,#12151,#12152);
#10585=AXIS2_PLACEMENT_3D('',#14916,#12153,#12154);
#10586=AXIS2_PLACEMENT_3D('',#14919,#12156,#12157);
#10587=AXIS2_PLACEMENT_3D('',#14920,#12158,#12159);
#10588=AXIS2_PLACEMENT_3D('',#14923,#12162,#12163);
#10589=AXIS2_PLACEMENT_3D('',#14924,#12164,#12165);
#10590=AXIS2_PLACEMENT_3D('',#14933,#12170,#12171);
#10591=AXIS2_PLACEMENT_3D('',#14939,#12175,#12176);
#10592=AXIS2_PLACEMENT_3D('',#14942,#12179,#12180);
#10593=AXIS2_PLACEMENT_3D('',#14951,#12185,#12186);
#10594=AXIS2_PLACEMENT_3D('',#14957,#12190,#12191);
#10595=AXIS2_PLACEMENT_3D('',#14963,#12195,#12196);
#10596=AXIS2_PLACEMENT_3D('',#14969,#12200,#12201);
#10597=AXIS2_PLACEMENT_3D('',#14975,#12205,#12206);
#10598=AXIS2_PLACEMENT_3D('',#14981,#12210,#12211);
#10599=AXIS2_PLACEMENT_3D('',#14987,#12215,#12216);
#10600=AXIS2_PLACEMENT_3D('',#14990,#12219,#12220);
#10601=AXIS2_PLACEMENT_3D('',#14991,#12221,#12222);
#10602=AXIS2_PLACEMENT_3D('',#14993,#12223,#12224);
#10603=AXIS2_PLACEMENT_3D('',#14996,#12226,#12227);
#10604=AXIS2_PLACEMENT_3D('',#14997,#12228,#12229);
#10605=AXIS2_PLACEMENT_3D('',#14998,#12230,#12231);
#10606=AXIS2_PLACEMENT_3D('',#15007,#12236,#12237);
#10607=AXIS2_PLACEMENT_3D('',#15013,#12241,#12242);
#10608=AXIS2_PLACEMENT_3D('',#15019,#12246,#12247);
#10609=AXIS2_PLACEMENT_3D('',#15022,#12250,#12251);
#10610=AXIS2_PLACEMENT_3D('',#15023,#12252,#12253);
#10611=AXIS2_PLACEMENT_3D('',#15025,#12254,#12255);
#10612=AXIS2_PLACEMENT_3D('',#15028,#12257,#12258);
#10613=AXIS2_PLACEMENT_3D('',#15029,#12259,#12260);
#10614=AXIS2_PLACEMENT_3D('',#15030,#12261,#12262);
#10615=AXIS2_PLACEMENT_3D('',#15039,#12267,#12268);
#10616=AXIS2_PLACEMENT_3D('',#15045,#12272,#12273);
#10617=AXIS2_PLACEMENT_3D('',#15051,#12277,#12278);
#10618=AXIS2_PLACEMENT_3D('',#15054,#12281,#12282);
#10619=AXIS2_PLACEMENT_3D('',#15055,#12283,#12284);
#10620=AXIS2_PLACEMENT_3D('',#15057,#12285,#12286);
#10621=AXIS2_PLACEMENT_3D('',#15060,#12288,#12289);
#10622=AXIS2_PLACEMENT_3D('',#15061,#12290,#12291);
#10623=AXIS2_PLACEMENT_3D('',#15064,#12292,#12293);
#10624=AXIS2_PLACEMENT_3D('',#15068,#12295,#12296);
#10625=AXIS2_PLACEMENT_3D('',#15070,#12298,#12299);
#10626=AXIS2_PLACEMENT_3D('',#15076,#12303,#12304);
#10627=AXIS2_PLACEMENT_3D('',#15082,#12308,#12309);
#10628=AXIS2_PLACEMENT_3D('',#15088,#12313,#12314);
#10629=AXIS2_PLACEMENT_3D('',#15094,#12318,#12319);
#10630=AXIS2_PLACEMENT_3D('',#15097,#12322,#12323);
#10631=AXIS2_PLACEMENT_3D('',#15098,#12324,#12325);
#10632=AXIS2_PLACEMENT_3D('',#15101,#12326,#12327);
#10633=AXIS2_PLACEMENT_3D('',#15105,#12329,#12330);
#10634=AXIS2_PLACEMENT_3D('',#15107,#12332,#12333);
#10635=AXIS2_PLACEMENT_3D('',#15113,#12337,#12338);
#10636=AXIS2_PLACEMENT_3D('',#15119,#12342,#12343);
#10637=AXIS2_PLACEMENT_3D('',#15125,#12347,#12348);
#10638=AXIS2_PLACEMENT_3D('',#15131,#12352,#12353);
#10639=AXIS2_PLACEMENT_3D('',#15137,#12357,#12358);
#10640=AXIS2_PLACEMENT_3D('',#15139,#12359,#12360);
#10641=AXIS2_PLACEMENT_3D('',#15142,#12362,#12363);
#10642=AXIS2_PLACEMENT_3D('',#15143,#12364,#12365);
#10643=AXIS2_PLACEMENT_3D('',#15149,#12369,#12370);
#10644=AXIS2_PLACEMENT_3D('',#15155,#12374,#12375);
#10645=AXIS2_PLACEMENT_3D('',#15158,#12378,#12379);
#10646=AXIS2_PLACEMENT_3D('',#15159,#12380,#12381);
#10647=AXIS2_PLACEMENT_3D('',#15168,#12386,#12387);
#10648=AXIS2_PLACEMENT_3D('',#15174,#12391,#12392);
#10649=AXIS2_PLACEMENT_3D('',#15180,#12396,#12397);
#10650=AXIS2_PLACEMENT_3D('',#15186,#12401,#12402);
#10651=AXIS2_PLACEMENT_3D('',#15192,#12406,#12407);
#10652=AXIS2_PLACEMENT_3D('',#15198,#12411,#12412);
#10653=AXIS2_PLACEMENT_3D('',#15204,#12416,#12417);
#10654=AXIS2_PLACEMENT_3D('',#15210,#12421,#12422);
#10655=AXIS2_PLACEMENT_3D('',#15216,#12426,#12427);
#10656=AXIS2_PLACEMENT_3D('',#15222,#12431,#12432);
#10657=AXIS2_PLACEMENT_3D('',#15225,#12435,#12436);
#10658=AXIS2_PLACEMENT_3D('',#15226,#12437,#12438);
#10659=AXIS2_PLACEMENT_3D('',#15235,#12443,#12444);
#10660=AXIS2_PLACEMENT_3D('',#15241,#12448,#12449);
#10661=AXIS2_PLACEMENT_3D('',#15247,#12453,#12454);
#10662=AXIS2_PLACEMENT_3D('',#15253,#12458,#12459);
#10663=AXIS2_PLACEMENT_3D('',#15259,#12463,#12464);
#10664=AXIS2_PLACEMENT_3D('',#15261,#12465,#12466);
#10665=AXIS2_PLACEMENT_3D('',#15264,#12468,#12469);
#10666=AXIS2_PLACEMENT_3D('',#15265,#12470,#12471);
#10667=AXIS2_PLACEMENT_3D('',#15271,#12475,#12476);
#10668=AXIS2_PLACEMENT_3D('',#15272,#12477,#12478);
#10669=AXIS2_PLACEMENT_3D('',#15273,#12479,#12480);
#10670=AXIS2_PLACEMENT_3D('',#15274,#12481,#12482);
#10671=AXIS2_PLACEMENT_3D('',#15275,#12483,#12484);
#10672=AXIS2_PLACEMENT_3D('',#15278,#12485,#12486);
#10673=AXIS2_PLACEMENT_3D('',#15282,#12488,#12489);
#10674=AXIS2_PLACEMENT_3D('',#15284,#12491,#12492);
#10675=AXIS2_PLACEMENT_3D('',#15290,#12496,#12497);
#10676=AXIS2_PLACEMENT_3D('',#15296,#12501,#12502);
#10677=AXIS2_PLACEMENT_3D('',#15302,#12506,#12507);
#10678=AXIS2_PLACEMENT_3D('',#15308,#12511,#12512);
#10679=AXIS2_PLACEMENT_3D('',#15314,#12516,#12517);
#10680=AXIS2_PLACEMENT_3D('',#15316,#12518,#12519);
#10681=AXIS2_PLACEMENT_3D('',#15319,#12521,#12522);
#10682=AXIS2_PLACEMENT_3D('',#15320,#12523,#12524);
#10683=AXIS2_PLACEMENT_3D('',#15323,#12527,#12528);
#10684=AXIS2_PLACEMENT_3D('',#15324,#12529,#12530);
#10685=AXIS2_PLACEMENT_3D('',#15333,#12535,#12536);
#10686=AXIS2_PLACEMENT_3D('',#15339,#12540,#12541);
#10687=AXIS2_PLACEMENT_3D('',#15345,#12545,#12546);
#10688=AXIS2_PLACEMENT_3D('',#15351,#12550,#12551);
#10689=AXIS2_PLACEMENT_3D('',#15357,#12555,#12556);
#10690=AXIS2_PLACEMENT_3D('',#15363,#12560,#12561);
#10691=AXIS2_PLACEMENT_3D('',#15369,#12565,#12566);
#10692=AXIS2_PLACEMENT_3D('',#15375,#12570,#12571);
#10693=AXIS2_PLACEMENT_3D('',#15381,#12575,#12576);
#10694=AXIS2_PLACEMENT_3D('',#15387,#12580,#12581);
#10695=AXIS2_PLACEMENT_3D('',#15393,#12585,#12586);
#10696=AXIS2_PLACEMENT_3D('',#15396,#12589,#12590);
#10697=AXIS2_PLACEMENT_3D('',#15397,#12591,#12592);
#10698=AXIS2_PLACEMENT_3D('',#15398,#12593,#12594);
#10699=AXIS2_PLACEMENT_3D('',#15399,#12595,#12596);
#10700=AXIS2_PLACEMENT_3D('',#15400,#12597,#12598);
#10701=AXIS2_PLACEMENT_3D('',#15401,#12599,#12600);
#10702=AXIS2_PLACEMENT_3D('',#15402,#12601,#12602);
#10703=AXIS2_PLACEMENT_3D('',#15403,#12603,#12604);
#10704=AXIS2_PLACEMENT_3D('',#15404,#12605,#12606);
#10705=AXIS2_PLACEMENT_3D('',#15405,#12607,#12608);
#10706=AXIS2_PLACEMENT_3D('',#15406,#12609,#12610);
#10707=AXIS2_PLACEMENT_3D('',#15407,#12611,#12612);
#10708=AXIS2_PLACEMENT_3D('',#15408,#12613,#12614);
#10709=AXIS2_PLACEMENT_3D('',#15409,#12615,#12616);
#10710=AXIS2_PLACEMENT_3D('',#15410,#12617,#12618);
#10711=AXIS2_PLACEMENT_3D('',#15427,#12627,#12628);
#10712=AXIS2_PLACEMENT_3D('',#15433,#12632,#12633);
#10713=AXIS2_PLACEMENT_3D('',#15439,#12637,#12638);
#10714=AXIS2_PLACEMENT_3D('',#15443,#12641,#12642);
#10715=AXIS2_PLACEMENT_3D('',#15447,#12645,#12646);
#10716=AXIS2_PLACEMENT_3D('',#15449,#12648,#12649);
#10717=AXIS2_PLACEMENT_3D('',#15453,#12652,#12653);
#10718=AXIS2_PLACEMENT_3D('',#15461,#12658,#12659);
#10719=AXIS2_PLACEMENT_3D('',#15467,#12663,#12664);
#10720=AXIS2_PLACEMENT_3D('',#15484,#12673,#12674);
#10721=AXIS2_PLACEMENT_3D('',#15490,#12678,#12679);
#10722=AXIS2_PLACEMENT_3D('',#15496,#12683,#12684);
#10723=AXIS2_PLACEMENT_3D('',#15500,#12687,#12688);
#10724=AXIS2_PLACEMENT_3D('',#15504,#12691,#12692);
#10725=AXIS2_PLACEMENT_3D('',#15508,#12695,#12696);
#10726=AXIS2_PLACEMENT_3D('',#15517,#12701,#12702);
#10727=AXIS2_PLACEMENT_3D('',#15543,#12717,#12718);
#10728=AXIS2_PLACEMENT_3D('',#15577,#12736,#12737);
#10729=AXIS2_PLACEMENT_3D('',#15580,#12739,#12740);
#10730=AXIS2_PLACEMENT_3D('',#15585,#12742,#12743);
#10731=AXIS2_PLACEMENT_3D('',#15588,#12745,#12746);
#10732=AXIS2_PLACEMENT_3D('',#15589,#12747,#12748);
#10733=AXIS2_PLACEMENT_3D('',#15598,#12753,#12754);
#10734=AXIS2_PLACEMENT_3D('',#15607,#12759,#12760);
#10735=AXIS2_PLACEMENT_3D('',#15613,#12764,#12765);
#10736=AXIS2_PLACEMENT_3D('',#15619,#12769,#12770);
#10737=AXIS2_PLACEMENT_3D('',#15622,#12773,#12774);
#10738=AXIS2_PLACEMENT_3D('',#15631,#12779,#12780);
#10739=AXIS2_PLACEMENT_3D('',#15634,#12783,#12784);
#10740=AXIS2_PLACEMENT_3D('',#15636,#12786,#12787);
#10741=AXIS2_PLACEMENT_3D('',#15641,#12791,#12792);
#10742=AXIS2_PLACEMENT_3D('',#15665,#12804,#12805);
#10743=AXIS2_PLACEMENT_3D('',#15668,#12807,#12808);
#10744=AXIS2_PLACEMENT_3D('',#15669,#12809,#12810);
#10745=AXIS2_PLACEMENT_3D('',#15673,#12813,#12814);
#10746=AXIS2_PLACEMENT_3D('',#15677,#12817,#12818);
#10747=AXIS2_PLACEMENT_3D('',#15681,#12821,#12822);
#10748=AXIS2_PLACEMENT_3D('',#15683,#12824,#12825);
#10749=AXIS2_PLACEMENT_3D('',#15687,#12828,#12829);
#10750=AXIS2_PLACEMENT_3D('',#15689,#12831,#12832);
#10751=AXIS2_PLACEMENT_3D('',#15695,#12836,#12837);
#10752=AXIS2_PLACEMENT_3D('',#15696,#12838,#12839);
#10753=AXIS2_PLACEMENT_3D('',#15712,#12847,#12848);
#10754=AXIS2_PLACEMENT_3D('',#15715,#12850,#12851);
#10755=AXIS2_PLACEMENT_3D('',#15720,#12853,#12854);
#10756=AXIS2_PLACEMENT_3D('',#15723,#12856,#12857);
#10757=AXIS2_PLACEMENT_3D('',#15724,#12858,#12859);
#10758=AXIS2_PLACEMENT_3D('',#15727,#12862,#12863);
#10759=AXIS2_PLACEMENT_3D('',#15729,#12865,#12866);
#10760=AXIS2_PLACEMENT_3D('',#15731,#12868,#12869);
#10761=AXIS2_PLACEMENT_3D('',#15732,#12870,#12871);
#10762=AXIS2_PLACEMENT_3D('',#15734,#12873,#12874);
#10763=AXIS2_PLACEMENT_3D('',#15737,#12877,#12878);
#10764=AXIS2_PLACEMENT_3D('',#15739,#12880,#12881);
#10765=AXIS2_PLACEMENT_3D('',#15741,#12883,#12884);
#10766=AXIS2_PLACEMENT_3D('',#15745,#12887,#12888);
#10767=AXIS2_PLACEMENT_3D('',#15754,#12893,#12894);
#10768=AXIS2_PLACEMENT_3D('',#15762,#12899,#12900);
#10769=AXIS2_PLACEMENT_3D('',#15768,#12904,#12905);
#10770=AXIS2_PLACEMENT_3D('',#15773,#12909,#12910);
#10771=AXIS2_PLACEMENT_3D('',#15785,#12918,#12919);
#10772=AXIS2_PLACEMENT_3D('',#15791,#12923,#12924);
#10773=AXIS2_PLACEMENT_3D('',#15793,#12925,#12926);
#10774=AXIS2_PLACEMENT_3D('',#15795,#12928,#12929);
#10775=AXIS2_PLACEMENT_3D('',#15799,#12932,#12933);
#10776=AXIS2_PLACEMENT_3D('',#15800,#12934,#12935);
#10777=AXIS2_PLACEMENT_3D('',#15801,#12936,#12937);
#10778=AXIS2_PLACEMENT_3D('',#15804,#12940,#12941);
#10779=AXIS2_PLACEMENT_3D('',#15806,#12943,#12944);
#10780=AXIS2_PLACEMENT_3D('',#15808,#12946,#12947);
#10781=AXIS2_PLACEMENT_3D('',#15809,#12948,#12949);
#10782=AXIS2_PLACEMENT_3D('',#15811,#12951,#12952);
#10783=AXIS2_PLACEMENT_3D('',#15827,#12961,#12962);
#10784=AXIS2_PLACEMENT_3D('',#15839,#12969,#12970);
#10785=AXIS2_PLACEMENT_3D('',#15841,#12971,#12972);
#10786=AXIS2_PLACEMENT_3D('',#15844,#12974,#12975);
#10787=AXIS2_PLACEMENT_3D('',#15845,#12976,#12977);
#10788=AXIS2_PLACEMENT_3D('',#15854,#12982,#12983);
#10789=AXIS2_PLACEMENT_3D('',#15860,#12987,#12988);
#10790=AXIS2_PLACEMENT_3D('',#15866,#12992,#12993);
#10791=AXIS2_PLACEMENT_3D('',#15868,#12994,#12995);
#10792=AXIS2_PLACEMENT_3D('',#15871,#12997,#12998);
#10793=AXIS2_PLACEMENT_3D('',#15872,#12999,#13000);
#10794=AXIS2_PLACEMENT_3D('',#15874,#13001,#13002);
#10795=AXIS2_PLACEMENT_3D('',#15877,#13004,#13005);
#10796=AXIS2_PLACEMENT_3D('',#15878,#13006,#13007);
#10797=AXIS2_PLACEMENT_3D('',#15884,#13011,#13012);
#10798=AXIS2_PLACEMENT_3D('',#15885,#13013,#13014);
#10799=AXIS2_PLACEMENT_3D('',#15886,#13015,#13016);
#10800=AXIS2_PLACEMENT_3D('',#15887,#13017,#13018);
#10801=AXIS2_PLACEMENT_3D('',#15888,#13019,#13020);
#10802=AXIS2_PLACEMENT_3D('',#15890,#13021,#13022);
#10803=AXIS2_PLACEMENT_3D('',#15893,#13024,#13025);
#10804=AXIS2_PLACEMENT_3D('',#15894,#13026,#13027);
#10805=AXIS2_PLACEMENT_3D('',#15903,#13032,#13033);
#10806=AXIS2_PLACEMENT_3D('',#15909,#13037,#13038);
#10807=AXIS2_PLACEMENT_3D('',#15915,#13042,#13043);
#10808=AXIS2_PLACEMENT_3D('',#15921,#13047,#13048);
#10809=AXIS2_PLACEMENT_3D('',#15927,#13052,#13053);
#10810=AXIS2_PLACEMENT_3D('',#15928,#13054,#13055);
#10811=AXIS2_PLACEMENT_3D('',#15929,#13056,#13057);
#10812=AXIS2_PLACEMENT_3D('',#15930,#13058,#13059);
#10813=AXIS2_PLACEMENT_3D('',#15931,#13060,#13061);
#10814=AXIS2_PLACEMENT_3D('',#15940,#13066,#13067);
#10815=AXIS2_PLACEMENT_3D('',#15946,#13071,#13072);
#10816=AXIS2_PLACEMENT_3D('',#15952,#13076,#13077);
#10817=AXIS2_PLACEMENT_3D('',#15958,#13081,#13082);
#10818=AXIS2_PLACEMENT_3D('',#15964,#13086,#13087);
#10819=AXIS2_PLACEMENT_3D('',#15970,#13091,#13092);
#10820=AXIS2_PLACEMENT_3D('',#15976,#13096,#13097);
#10821=AXIS2_PLACEMENT_3D('',#15982,#13101,#13102);
#10822=AXIS2_PLACEMENT_3D('',#15988,#13106,#13107);
#10823=AXIS2_PLACEMENT_3D('',#15994,#13111,#13112);
#10824=AXIS2_PLACEMENT_3D('',#16000,#13116,#13117);
#10825=AXIS2_PLACEMENT_3D('',#16006,#13121,#13122);
#10826=AXIS2_PLACEMENT_3D('',#16009,#13125,#13126);
#10827=AXIS2_PLACEMENT_3D('',#16010,#13127,#13128);
#10828=AXIS2_PLACEMENT_3D('',#16019,#13133,#13134);
#10829=AXIS2_PLACEMENT_3D('',#16025,#13138,#13139);
#10830=AXIS2_PLACEMENT_3D('',#16031,#13143,#13144);
#10831=AXIS2_PLACEMENT_3D('',#16037,#13148,#13149);
#10832=AXIS2_PLACEMENT_3D('',#16043,#13153,#13154);
#10833=AXIS2_PLACEMENT_3D('',#16049,#13158,#13159);
#10834=AXIS2_PLACEMENT_3D('',#16055,#13163,#13164);
#10835=AXIS2_PLACEMENT_3D('',#16061,#13168,#13169);
#10836=AXIS2_PLACEMENT_3D('',#16067,#13173,#13174);
#10837=AXIS2_PLACEMENT_3D('',#16073,#13178,#13179);
#10838=AXIS2_PLACEMENT_3D('',#16079,#13183,#13184);
#10839=AXIS2_PLACEMENT_3D('',#16085,#13188,#13189);
#10840=AXIS2_PLACEMENT_3D('',#16088,#13192,#13193);
#10841=AXIS2_PLACEMENT_3D('',#16089,#13194,#13195);
#10842=AXIS2_PLACEMENT_3D('',#16098,#13200,#13201);
#10843=AXIS2_PLACEMENT_3D('',#16100,#13202,#13203);
#10844=AXIS2_PLACEMENT_3D('',#16103,#13205,#13206);
#10845=AXIS2_PLACEMENT_3D('',#16104,#13207,#13208);
#10846=AXIS2_PLACEMENT_3D('',#16110,#13212,#13213);
#10847=AXIS2_PLACEMENT_3D('',#16116,#13217,#13218);
#10848=AXIS2_PLACEMENT_3D('',#16122,#13222,#13223);
#10849=AXIS2_PLACEMENT_3D('',#16128,#13227,#13228);
#10850=AXIS2_PLACEMENT_3D('',#16134,#13232,#13233);
#10851=AXIS2_PLACEMENT_3D('',#16136,#13234,#13235);
#10852=AXIS2_PLACEMENT_3D('',#16139,#13237,#13238);
#10853=AXIS2_PLACEMENT_3D('',#16140,#13239,#13240);
#10854=AXIS2_PLACEMENT_3D('',#16146,#13244,#13245);
#10855=AXIS2_PLACEMENT_3D('',#16149,#13248,#13249);
#10856=AXIS2_PLACEMENT_3D('',#16856,#13252,#13253);
#10857=AXIS2_PLACEMENT_3D('',#17425,#13258,#13259);
#10858=AXIS2_PLACEMENT_3D('',#17428,#13262,#13263);
#10859=AXIS2_PLACEMENT_3D('',#17429,#13264,#13265);
#10860=AXIS2_PLACEMENT_3D('',#17438,#13270,#13271);
#10861=AXIS2_PLACEMENT_3D('',#17439,#13272,#13273);
#10862=AXIS2_PLACEMENT_3D('',#17440,#13274,#13275);
#10863=AXIS2_PLACEMENT_3D('',#17441,#13276,#13277);
#10864=AXIS2_PLACEMENT_3D('',#17444,#13278,#13279);
#10865=AXIS2_PLACEMENT_3D('',#17448,#13281,#13282);
#10866=AXIS2_PLACEMENT_3D('',#17450,#13284,#13285);
#10867=AXIS2_PLACEMENT_3D('',#17452,#13286,#13287);
#10868=AXIS2_PLACEMENT_3D('',#17455,#13289,#13290);
#10869=AXIS2_PLACEMENT_3D('',#17456,#13291,#13292);
#10870=AXIS2_PLACEMENT_3D('',#17458,#13293,#13294);
#10871=AXIS2_PLACEMENT_3D('',#17461,#13296,#13297);
#10872=AXIS2_PLACEMENT_3D('',#17462,#13298,#13299);
#10873=AXIS2_PLACEMENT_3D('',#17468,#13303,#13304);
#10874=AXIS2_PLACEMENT_3D('',#17470,#13305,#13306);
#10875=AXIS2_PLACEMENT_3D('',#17473,#13308,#13309);
#10876=AXIS2_PLACEMENT_3D('',#17474,#13310,#13311);
#10877=AXIS2_PLACEMENT_3D('',#17476,#13312,#13313);
#10878=AXIS2_PLACEMENT_3D('',#17479,#13315,#13316);
#10879=AXIS2_PLACEMENT_3D('',#17480,#13317,#13318);
#10880=AXIS2_PLACEMENT_3D('',#17483,#13321,#13322);
#10881=AXIS2_PLACEMENT_3D('',#17484,#13323,#13324);
#10882=AXIS2_PLACEMENT_3D('',#17493,#13329,#13330);
#10883=AXIS2_PLACEMENT_3D('',#17499,#13334,#13335);
#10884=AXIS2_PLACEMENT_3D('',#17505,#13339,#13340);
#10885=AXIS2_PLACEMENT_3D('',#17508,#13343,#13344);
#10886=AXIS2_PLACEMENT_3D('',#17509,#13345,#13346);
#10887=AXIS2_PLACEMENT_3D('',#17518,#13351,#13352);
#10888=AXIS2_PLACEMENT_3D('',#17524,#13356,#13357);
#10889=AXIS2_PLACEMENT_3D('',#17526,#13358,#13359);
#10890=AXIS2_PLACEMENT_3D('',#17529,#13361,#13362);
#10891=AXIS2_PLACEMENT_3D('',#17530,#13363,#13364);
#10892=AXIS2_PLACEMENT_3D('',#17536,#13368,#13369);
#10893=AXIS2_PLACEMENT_3D('',#17542,#13373,#13374);
#10894=AXIS2_PLACEMENT_3D('',#17548,#13378,#13379);
#10895=AXIS2_PLACEMENT_3D('',#17550,#13380,#13381);
#10896=AXIS2_PLACEMENT_3D('',#17553,#13383,#13384);
#10897=AXIS2_PLACEMENT_3D('',#17554,#13385,#13386);
#10898=AXIS2_PLACEMENT_3D('',#17560,#13390,#13391);
#10899=AXIS2_PLACEMENT_3D('',#17566,#13395,#13396);
#10900=AXIS2_PLACEMENT_3D('',#17572,#13400,#13401);
#10901=AXIS2_PLACEMENT_3D('',#17578,#13405,#13406);
#10902=AXIS2_PLACEMENT_3D('',#17584,#13410,#13411);
#10903=AXIS2_PLACEMENT_3D('',#17590,#13415,#13416);
#10904=AXIS2_PLACEMENT_3D('',#17596,#13420,#13421);
#10905=AXIS2_PLACEMENT_3D('',#17602,#13425,#13426);
#10906=AXIS2_PLACEMENT_3D('',#17605,#13429,#13430);
#10907=AXIS2_PLACEMENT_3D('',#17606,#13431,#13432);
#10908=AXIS2_PLACEMENT_3D('',#17607,#13433,#13434);
#10909=AXIS2_PLACEMENT_3D('',#17608,#13435,#13436);
#10910=AXIS2_PLACEMENT_3D('',#17609,#13437,#13438);
#10911=AXIS2_PLACEMENT_3D('',#17611,#13440,#13441);
#10912=AXIS2_PLACEMENT_3D('',#17615,#13444,#13445);
#10913=AXIS2_PLACEMENT_3D('',#17621,#13449,#13450);
#10914=AXIS2_PLACEMENT_3D('',#17624,#13453,#13454);
#10915=AXIS2_PLACEMENT_3D('',#17626,#13456,#13457);
#10916=AXIS2_PLACEMENT_3D('',#17628,#13459,#13460);
#10917=AXIS2_PLACEMENT_3D('',#17630,#13462,#13463);
#10918=AXIS2_PLACEMENT_3D('',#17631,#13464,#13465);
#10919=AXIS2_PLACEMENT_3D('',#17633,#13467,#13468);
#10920=AXIS2_PLACEMENT_3D('',#17636,#13471,#13472);
#10921=AXIS2_PLACEMENT_3D('',#17638,#13474,#13475);
#10922=AXIS2_PLACEMENT_3D('',#17640,#13477,#13478);
#10923=AXIS2_PLACEMENT_3D('',#17641,#13479,#13480);
#10924=AXIS2_PLACEMENT_3D('',#17642,#13481,#13482);
#10925=AXIS2_PLACEMENT_3D('',#17649,#13486,#13487);
#10926=AXIS2_PLACEMENT_3D('',#17656,#13491,#13492);
#10927=AXIS2_PLACEMENT_3D('',#17659,#13495,#13496);
#10928=AXIS2_PLACEMENT_3D('',#17669,#13502,#13503);
#10929=AXIS2_PLACEMENT_3D('',#17672,#13504,#13505);
#10930=AXIS2_PLACEMENT_3D('',#17676,#13507,#13508);
#10931=AXIS2_PLACEMENT_3D('',#17678,#13510,#13511);
#10932=AXIS2_PLACEMENT_3D('',#17684,#13515,#13516);
#10933=AXIS2_PLACEMENT_3D('',#17686,#13517,#13518);
#10934=AXIS2_PLACEMENT_3D('',#17688,#13519,#13520);
#10935=AXIS2_PLACEMENT_3D('',#17690,#13522,#13523);
#10936=AXIS2_PLACEMENT_3D('',#17696,#13527,#13528);
#10937=AXIS2_PLACEMENT_3D('',#17698,#13529,#13530);
#10938=AXIS2_PLACEMENT_3D('',#17700,#13531,#13532);
#10939=AXIS2_PLACEMENT_3D('',#17702,#13534,#13535);
#10940=AXIS2_PLACEMENT_3D('',#17708,#13539,#13540);
#10941=AXIS2_PLACEMENT_3D('',#17710,#13541,#13542);
#10942=AXIS2_PLACEMENT_3D('',#17712,#13543,#13544);
#10943=AXIS2_PLACEMENT_3D('',#17714,#13546,#13547);
#10944=AXIS2_PLACEMENT_3D('',#17717,#13550,#13551);
#10945=AXIS2_PLACEMENT_3D('',#17723,#13555,#13556);
#10946=AXIS2_PLACEMENT_3D('',#17729,#13560,#13561);
#10947=AXIS2_PLACEMENT_3D('',#17732,#13564,#13565);
#10948=AXIS2_PLACEMENT_3D('',#17733,#13566,#13567);
#10949=AXIS2_PLACEMENT_3D('',#17734,#13568,#13569);
#10950=AXIS2_PLACEMENT_3D('',#17741,#13572,#13573);
#10951=AXIS2_PLACEMENT_3D('',#17745,#13575,#13576);
#10952=AXIS2_PLACEMENT_3D('',#17753,#13580,#13581);
#10953=AXIS2_PLACEMENT_3D('',#17757,#13583,#13584);
#10954=AXIS2_PLACEMENT_3D('',#17759,#13586,#13587);
#10955=AXIS2_PLACEMENT_3D('',#17765,#13591,#13592);
#10956=AXIS2_PLACEMENT_3D('',#17768,#13594,#13595);
#10957=AXIS2_PLACEMENT_3D('',#17769,#13596,#13597);
#10958=AXIS2_PLACEMENT_3D('',#17773,#13600,#13601);
#10959=AXIS2_PLACEMENT_3D('',#17776,#13603,#13604);
#10960=AXIS2_PLACEMENT_3D('',#17777,#13605,#13606);
#10961=AXIS2_PLACEMENT_3D('',#17781,#13609,#13610);
#10962=AXIS2_PLACEMENT_3D('',#17785,#13613,#13614);
#10963=AXIS2_PLACEMENT_3D('',#17789,#13616,#13617);
#10964=AXIS2_PLACEMENT_3D('',#17791,#13619,#13620);
#10965=AXIS2_PLACEMENT_3D('',#17795,#13623,#13624);
#10966=AXIS2_PLACEMENT_3D('',#17798,#13626,#13627);
#10967=AXIS2_PLACEMENT_3D('',#17799,#13628,#13629);
#10968=AXIS2_PLACEMENT_3D('',#17803,#13632,#13633);
#10969=AXIS2_PLACEMENT_3D('',#17805,#13635,#13636);
#10970=AXIS2_PLACEMENT_3D('',#17807,#13638,#13639);
#10971=AXIS2_PLACEMENT_3D('',#17808,#13640,#13641);
#10972=AXIS2_PLACEMENT_3D('',#17817,#13646,#13647);
#10973=AXIS2_PLACEMENT_3D('',#17819,#13648,#13649);
#10974=AXIS2_PLACEMENT_3D('',#17821,#13650,#13651);
#10975=AXIS2_PLACEMENT_3D('',#17823,#13653,#13654);
#10976=AXIS2_PLACEMENT_3D('',#17829,#13658,#13659);
#10977=AXIS2_PLACEMENT_3D('',#17830,#13660,#13661);
#10978=AXIS2_PLACEMENT_3D('',#17831,#13662,#13663);
#10979=AXIS2_PLACEMENT_3D('',#17832,#13664,#13665);
#10980=AXIS2_PLACEMENT_3D('',#17841,#13670,#13671);
#10981=AXIS2_PLACEMENT_3D('',#17847,#13675,#13676);
#10982=AXIS2_PLACEMENT_3D('',#17853,#13680,#13681);
#10983=AXIS2_PLACEMENT_3D('',#17856,#13684,#13685);
#10984=AXIS2_PLACEMENT_3D('',#17857,#13686,#13687);
#10985=DIRECTION('axis',(0.,0.,1.));
#10986=DIRECTION('refdir',(1.,0.,0.));
#10987=DIRECTION('center_axis',(0.,-0.937837807681737,-0.34707383433891));
#10988=DIRECTION('ref_axis',(0.,-0.34707383433891,0.937837807681737));
#10989=DIRECTION('',(0.,-0.34707383433891,0.937837807681737));
#10990=DIRECTION('',(-1.,0.,0.));
#10991=DIRECTION('',(0.,-0.34707383433891,0.937837807681737));
#10992=DIRECTION('',(-1.,0.,0.));
#10993=DIRECTION('center_axis',(0.,0.,-1.));
#10994=DIRECTION('ref_axis',(0.,-1.,0.));
#10995=DIRECTION('',(0.,-1.,0.));
#10996=DIRECTION('',(-1.,0.,0.));
#10997=DIRECTION('',(0.,-1.,0.));
#10998=DIRECTION('center_axis',(0.,0.954282933263098,-0.298904806389555));
#10999=DIRECTION('ref_axis',(0.,-0.298904806389555,-0.954282933263098));
#11000=DIRECTION('',(0.,-0.298904806389555,-0.954282933263098));
#11001=DIRECTION('',(-1.,0.,0.));
#11002=DIRECTION('',(0.,-0.298904806389555,-0.954282933263098));
#11003=DIRECTION('center_axis',(0.,-0.937837807681736,-0.347073834338913));
#11004=DIRECTION('ref_axis',(0.,-0.347073834338913,0.937837807681736));
#11005=DIRECTION('',(0.,-0.347073834338913,0.937837807681736));
#11006=DIRECTION('',(-1.,0.,0.));
#11007=DIRECTION('',(0.,-0.347073834338913,0.937837807681736));
#11008=DIRECTION('center_axis',(0.,0.,-1.));
#11009=DIRECTION('ref_axis',(0.,-1.,0.));
#11010=DIRECTION('',(0.,-1.,0.));
#11011=DIRECTION('',(-1.,0.,0.));
#11012=DIRECTION('',(0.,-1.,0.));
#11013=DIRECTION('center_axis',(0.,0.954282933263098,-0.298904806389556));
#11014=DIRECTION('ref_axis',(0.,-0.298904806389556,-0.954282933263098));
#11015=DIRECTION('',(0.,-0.298904806389556,-0.954282933263098));
#11016=DIRECTION('',(-1.,0.,0.));
#11017=DIRECTION('',(0.,-0.298904806389556,-0.954282933263098));
#11018=DIRECTION('center_axis',(0.,0.,1.));
#11019=DIRECTION('ref_axis',(0.,1.,0.));
#11020=DIRECTION('',(0.,1.,0.));
#11021=DIRECTION('',(-1.,0.,0.));
#11022=DIRECTION('',(0.,1.,0.));
#11023=DIRECTION('center_axis',(0.,-0.942367029213,0.334580905391004));
#11024=DIRECTION('ref_axis',(0.,0.334580905391004,0.942367029213));
#11025=DIRECTION('',(0.,0.334580905391004,0.942367029213));
#11026=DIRECTION('',(-1.,0.,0.));
#11027=DIRECTION('',(0.,0.334580905391004,0.942367029213));
#11028=DIRECTION('center_axis',(0.,0.937837807681739,0.347073834338906));
#11029=DIRECTION('ref_axis',(0.,0.347073834338906,-0.937837807681739));
#11030=DIRECTION('',(0.,0.347073834338906,-0.937837807681739));
#11031=DIRECTION('',(-1.,0.,0.));
#11032=DIRECTION('',(0.,0.347073834338906,-0.937837807681739));
#11033=DIRECTION('center_axis',(0.,0.,1.));
#11034=DIRECTION('ref_axis',(0.,1.,0.));
#11035=DIRECTION('',(0.,1.,0.));
#11036=DIRECTION('',(-1.,0.,0.));
#11037=DIRECTION('',(0.,1.,0.));
#11038=DIRECTION('center_axis',(0.,-0.954282933263098,0.298904806389555));
#11039=DIRECTION('ref_axis',(0.,0.298904806389555,0.954282933263098));
#11040=DIRECTION('',(0.,0.298904806389555,0.954282933263098));
#11041=DIRECTION('',(-1.,0.,0.));
#11042=DIRECTION('',(0.,0.298904806389555,0.954282933263098));
#11043=DIRECTION('center_axis',(0.,0.937837807681741,0.3470738343389));
#11044=DIRECTION('ref_axis',(0.,0.3470738343389,-0.937837807681741));
#11045=DIRECTION('',(0.,0.3470738343389,-0.937837807681741));
#11046=DIRECTION('',(-1.,0.,0.));
#11047=DIRECTION('',(0.,0.3470738343389,-0.937837807681741));
#11048=DIRECTION('center_axis',(0.,0.,1.));
#11049=DIRECTION('ref_axis',(0.,1.,0.));
#11050=DIRECTION('',(0.,1.,0.));
#11051=DIRECTION('',(0.,1.,0.));
#11052=DIRECTION('center_axis',(-1.,0.,0.));
#11053=DIRECTION('ref_axis',(0.,0.,1.));
#11054=DIRECTION('center_axis',(0.,-0.92476281845997,-0.380543991667156));
#11055=DIRECTION('ref_axis',(0.,-0.380543991667156,0.92476281845997));
#11056=DIRECTION('',(0.,-0.380543991667156,0.92476281845997));
#11057=DIRECTION('',(-1.,0.,0.));
#11058=DIRECTION('',(0.,-0.380543991667156,0.92476281845997));
#11059=DIRECTION('',(-1.,0.,0.));
#11060=DIRECTION('center_axis',(0.,0.,-1.));
#11061=DIRECTION('ref_axis',(0.,-1.,0.));
#11062=DIRECTION('',(0.,-1.,0.));
#11063=DIRECTION('',(-1.,0.,0.));
#11064=DIRECTION('',(0.,-1.,0.));
#11065=DIRECTION('center_axis',(0.,0.929042616814924,-0.369972723510367));
#11066=DIRECTION('ref_axis',(0.,-0.369972723510367,-0.929042616814924));
#11067=DIRECTION('',(0.,-0.369972723510367,-0.929042616814924));
#11068=DIRECTION('',(-1.,0.,0.));
#11069=DIRECTION('',(0.,-0.369972723510367,-0.929042616814924));
#11070=DIRECTION('center_axis',(0.,0.,1.));
#11071=DIRECTION('ref_axis',(0.,1.,0.));
#11072=DIRECTION('',(0.,1.,0.));
#11073=DIRECTION('',(-1.,0.,0.));
#11074=DIRECTION('',(0.,1.,0.));
#11075=DIRECTION('center_axis',(0.,-0.9366057975356,0.350384902675191));
#11076=DIRECTION('ref_axis',(0.,0.350384902675191,0.9366057975356));
#11077=DIRECTION('',(0.,0.350384902675191,0.9366057975356));
#11078=DIRECTION('',(-1.,0.,0.));
#11079=DIRECTION('',(0.,0.350384902675191,0.9366057975356));
#11080=DIRECTION('center_axis',(0.,0.924762818459971,0.380543991667154));
#11081=DIRECTION('ref_axis',(0.,0.380543991667154,-0.924762818459971));
#11082=DIRECTION('',(0.,0.380543991667154,-0.924762818459971));
#11083=DIRECTION('',(-1.,0.,0.));
#11084=DIRECTION('',(0.,0.380543991667154,-0.924762818459971));
#11085=DIRECTION('center_axis',(0.,0.,1.));
#11086=DIRECTION('ref_axis',(0.,1.,0.));
#11087=DIRECTION('',(0.,1.,0.));
#11088=DIRECTION('',(0.,1.,0.));
#11089=DIRECTION('center_axis',(-1.,0.,0.));
#11090=DIRECTION('ref_axis',(0.,0.,1.));
#11091=DIRECTION('center_axis',(-1.,0.,0.));
#11092=DIRECTION('ref_axis',(0.,1.,0.));
#11093=DIRECTION('center_axis',(1.,0.,0.));
#11094=DIRECTION('ref_axis',(0.,1.,0.));
#11095=DIRECTION('',(-1.,0.,0.));
#11096=DIRECTION('center_axis',(1.,0.,0.));
#11097=DIRECTION('ref_axis',(0.,1.,0.));
#11098=DIRECTION('center_axis',(-1.,0.,0.));
#11099=DIRECTION('ref_axis',(0.,-1.,-6.12558404635338E-15));
#11100=DIRECTION('center_axis',(-1.,0.,0.));
#11101=DIRECTION('ref_axis',(0.,0.652212111967901,0.758036516931981));
#11102=DIRECTION('',(-1.,0.,0.));
#11103=DIRECTION('center_axis',(-1.,0.,0.));
#11104=DIRECTION('ref_axis',(0.,0.652212111967901,0.758036516931981));
#11105=DIRECTION('',(-1.,0.,0.));
#11106=DIRECTION('center_axis',(0.,-1.,0.));
#11107=DIRECTION('ref_axis',(0.,0.,1.));
#11108=DIRECTION('',(0.,0.,1.));
#11109=DIRECTION('',(-1.,0.,0.));
#11110=DIRECTION('',(0.,0.,1.));
#11111=DIRECTION('center_axis',(0.,0.,-1.));
#11112=DIRECTION('ref_axis',(0.,-1.,0.));
#11113=DIRECTION('',(0.,-1.,0.));
#11114=DIRECTION('',(-1.,0.,0.));
#11115=DIRECTION('',(0.,-1.,0.));
#11116=DIRECTION('center_axis',(0.,1.,0.));
#11117=DIRECTION('ref_axis',(0.,0.,-1.));
#11118=DIRECTION('',(0.,0.,-1.));
#11119=DIRECTION('',(-1.,0.,0.));
#11120=DIRECTION('',(0.,0.,-1.));
#11121=DIRECTION('center_axis',(0.,0.,1.));
#11122=DIRECTION('ref_axis',(0.,1.,0.));
#11123=DIRECTION('',(0.,1.,0.));
#11124=DIRECTION('',(-1.,0.,0.));
#11125=DIRECTION('',(0.,1.,0.));
#11126=DIRECTION('center_axis',(0.,-1.,0.));
#11127=DIRECTION('ref_axis',(0.,0.,1.));
#11128=DIRECTION('',(0.,0.,1.));
#11129=DIRECTION('',(0.,0.,1.));
#11130=DIRECTION('center_axis',(1.,0.,0.));
#11131=DIRECTION('ref_axis',(0.,1.,0.));
#11132=DIRECTION('center_axis',(0.,1.,0.));
#11133=DIRECTION('ref_axis',(0.,0.,-1.));
#11134=DIRECTION('',(0.,0.,-1.));
#11135=DIRECTION('',(-1.,0.,0.));
#11136=DIRECTION('',(0.,0.,-1.));
#11137=DIRECTION('',(-1.,0.,0.));
#11138=DIRECTION('center_axis',(0.,0.,1.));
#11139=DIRECTION('ref_axis',(0.,1.,0.));
#11140=DIRECTION('',(0.,1.,0.));
#11141=DIRECTION('',(-1.,0.,0.));
#11142=DIRECTION('',(0.,1.,0.));
#11143=DIRECTION('center_axis',(0.,-1.,0.));
#11144=DIRECTION('ref_axis',(0.,0.,1.));
#11145=DIRECTION('',(0.,0.,1.));
#11146=DIRECTION('',(-1.,0.,0.));
#11147=DIRECTION('',(0.,0.,1.));
#11148=DIRECTION('center_axis',(0.,0.,-1.));
#11149=DIRECTION('ref_axis',(0.,-1.,0.));
#11150=DIRECTION('',(0.,-1.,0.));
#11151=DIRECTION('',(0.,-1.,0.));
#11152=DIRECTION('center_axis',(-1.,0.,0.));
#11153=DIRECTION('ref_axis',(0.,0.,1.));
#11154=DIRECTION('center_axis',(0.,0.,-1.));
#11155=DIRECTION('ref_axis',(0.,-1.,0.));
#11156=DIRECTION('',(0.,-1.,0.));
#11157=DIRECTION('',(-1.,0.,0.));
#11158=DIRECTION('',(0.,-1.,0.));
#11159=DIRECTION('',(-1.,0.,0.));
#11160=DIRECTION('center_axis',(-1.,0.,0.));
#11161=DIRECTION('ref_axis',(0.,0.0992553040435371,-0.995062000389536));
#11162=DIRECTION('center_axis',(1.,0.,0.));
#11163=DIRECTION('ref_axis',(0.,0.0992553040435371,-0.995062000389536));
#11164=DIRECTION('',(-1.,0.,0.));
#11165=DIRECTION('center_axis',(1.,0.,0.));
#11166=DIRECTION('ref_axis',(0.,0.0992553040435371,-0.995062000389536));
#11167=DIRECTION('center_axis',(0.,0.,1.));
#11168=DIRECTION('ref_axis',(0.,1.,0.));
#11169=DIRECTION('',(0.,1.,0.));
#11170=DIRECTION('',(-1.,0.,0.));
#11171=DIRECTION('',(0.,1.,0.));
#11172=DIRECTION('center_axis',(0.,1.,0.));
#11173=DIRECTION('ref_axis',(0.,0.,-1.));
#11174=DIRECTION('',(0.,0.,-1.));
#11175=DIRECTION('',(0.,0.,-1.));
#11176=DIRECTION('center_axis',(0.,0.,-1.));
#11177=DIRECTION('ref_axis',(0.,-1.,0.));
#11178=DIRECTION('',(0.,-1.,0.));
#11179=DIRECTION('',(-1.,0.,0.));
#11180=DIRECTION('',(0.,-1.,0.));
#11181=DIRECTION('',(-1.,0.,0.));
#11182=DIRECTION('center_axis',(-1.,0.,0.));
#11183=DIRECTION('ref_axis',(0.,0.0787265690247275,-0.996896247023528));
#11184=DIRECTION('center_axis',(-1.,0.,0.));
#11185=DIRECTION('ref_axis',(0.,0.0787265690247275,-0.996896247023528));
#11186=DIRECTION('',(-1.,0.,0.));
#11187=DIRECTION('center_axis',(-1.,0.,0.));
#11188=DIRECTION('ref_axis',(0.,0.0787265690247275,-0.996896247023528));
#11189=DIRECTION('center_axis',(0.,0.,1.));
#11190=DIRECTION('ref_axis',(0.,1.,0.));
#11191=DIRECTION('',(0.,1.,0.));
#11192=DIRECTION('',(-1.,0.,0.));
#11193=DIRECTION('',(0.,1.,0.));
#11194=DIRECTION('center_axis',(0.,-1.,0.));
#11195=DIRECTION('ref_axis',(0.,0.,1.));
#11196=DIRECTION('',(0.,0.,1.));
#11197=DIRECTION('',(0.,0.,1.));
#11198=DIRECTION('center_axis',(1.,0.,0.));
#11199=DIRECTION('ref_axis',(0.,1.,0.));
#11200=DIRECTION('center_axis',(-1.,0.,0.));
#11201=DIRECTION('ref_axis',(0.,1.,0.));
#11202=DIRECTION('center_axis',(1.,0.,0.));
#11203=DIRECTION('ref_axis',(0.,1.,0.));
#11204=DIRECTION('',(-1.,0.,0.));
#11205=DIRECTION('center_axis',(1.,0.,0.));
#11206=DIRECTION('ref_axis',(0.,1.,0.));
#11207=DIRECTION('center_axis',(0.,-1.,0.));
#11208=DIRECTION('ref_axis',(0.,0.,1.));
#11209=DIRECTION('',(0.,0.,1.));
#11210=DIRECTION('',(-1.,0.,0.));
#11211=DIRECTION('',(0.,0.,1.));
#11212=DIRECTION('',(-1.,0.,0.));
#11213=DIRECTION('center_axis',(-1.,0.,0.));
#11214=DIRECTION('ref_axis',(0.,-1.,7.08915075787175E-17));
#11215=DIRECTION('center_axis',(-1.,0.,0.));
#11216=DIRECTION('ref_axis',(0.,0.646412666887276,0.762987984235453));
#11217=DIRECTION('',(-1.,0.,0.));
#11218=DIRECTION('center_axis',(-1.,0.,0.));
#11219=DIRECTION('ref_axis',(0.,0.646412666887276,0.762987984235453));
#11220=DIRECTION('center_axis',(0.,-1.,0.));
#11221=DIRECTION('ref_axis',(0.,0.,1.));
#11222=DIRECTION('',(0.,0.,1.));
#11223=DIRECTION('',(-1.,0.,0.));
#11224=DIRECTION('',(0.,0.,1.));
#11225=DIRECTION('center_axis',(0.,0.,-1.));
#11226=DIRECTION('ref_axis',(0.,-1.,0.));
#11227=DIRECTION('',(0.,-1.,0.));
#11228=DIRECTION('',(-1.,0.,0.));
#11229=DIRECTION('',(0.,-1.,0.));
#11230=DIRECTION('center_axis',(0.,1.,0.));
#11231=DIRECTION('ref_axis',(0.,0.,-1.));
#11232=DIRECTION('',(0.,0.,-1.));
#11233=DIRECTION('',(-1.,0.,0.));
#11234=DIRECTION('',(0.,0.,-1.));
#11235=DIRECTION('center_axis',(0.,0.,1.));
#11236=DIRECTION('ref_axis',(0.,1.,0.));
#11237=DIRECTION('',(0.,1.,0.));
#11238=DIRECTION('',(0.,1.,0.));
#11239=DIRECTION('center_axis',(1.,0.,0.));
#11240=DIRECTION('ref_axis',(0.,1.,0.));
#11241=DIRECTION('center_axis',(0.,1.,0.));
#11242=DIRECTION('ref_axis',(0.,0.,-1.));
#11243=DIRECTION('',(0.,0.,-1.));
#11244=DIRECTION('',(-1.,0.,0.));
#11245=DIRECTION('',(0.,0.,-1.));
#11246=DIRECTION('',(-1.,0.,0.));
#11247=DIRECTION('center_axis',(0.,0.,1.));
#11248=DIRECTION('ref_axis',(0.,1.,0.));
#11249=DIRECTION('',(0.,1.,0.));
#11250=DIRECTION('',(-1.,0.,0.));
#11251=DIRECTION('',(0.,1.,0.));
#11252=DIRECTION('center_axis',(0.,-1.,0.));
#11253=DIRECTION('ref_axis',(0.,0.,1.));
#11254=DIRECTION('',(0.,0.,1.));
#11255=DIRECTION('',(-1.,0.,0.));
#11256=DIRECTION('',(0.,0.,1.));
#11257=DIRECTION('center_axis',(0.,0.,-1.));
#11258=DIRECTION('ref_axis',(0.,-1.,0.));
#11259=DIRECTION('',(0.,-1.,0.));
#11260=DIRECTION('',(0.,-1.,0.));
#11261=DIRECTION('center_axis',(-1.,0.,0.));
#11262=DIRECTION('ref_axis',(0.,0.,1.));
#11263=DIRECTION('center_axis',(0.,0.,-1.));
#11264=DIRECTION('ref_axis',(0.,-1.,0.));
#11265=DIRECTION('',(0.,-1.,0.));
#11266=DIRECTION('',(-1.,0.,0.));
#11267=DIRECTION('',(0.,-1.,0.));
#11268=DIRECTION('',(-1.,0.,0.));
#11269=DIRECTION('center_axis',(-1.,0.,0.));
#11270=DIRECTION('ref_axis',(0.,0.155669552086331,-0.987809187319718));
#11271=DIRECTION('center_axis',(1.,0.,0.));
#11272=DIRECTION('ref_axis',(0.,0.155669552086331,-0.987809187319718));
#11273=DIRECTION('',(-1.,0.,0.));
#11274=DIRECTION('center_axis',(1.,0.,0.));
#11275=DIRECTION('ref_axis',(0.,0.155669552086331,-0.987809187319718));
#11276=DIRECTION('center_axis',(0.,0.,1.));
#11277=DIRECTION('ref_axis',(0.,1.,0.));
#11278=DIRECTION('',(0.,1.,0.));
#11279=DIRECTION('',(-1.,0.,0.));
#11280=DIRECTION('',(0.,1.,0.));
#11281=DIRECTION('center_axis',(0.,1.,0.));
#11282=DIRECTION('ref_axis',(0.,0.,-1.));
#11283=DIRECTION('',(0.,0.,-1.));
#11284=DIRECTION('',(0.,0.,-1.));
#11285=DIRECTION('center_axis',(0.,0.,-1.));
#11286=DIRECTION('ref_axis',(0.,-1.,0.));
#11287=DIRECTION('',(0.,-1.,0.));
#11288=DIRECTION('',(-1.,0.,0.));
#11289=DIRECTION('',(0.,-1.,0.));
#11290=DIRECTION('',(-1.,0.,0.));
#11291=DIRECTION('center_axis',(-1.,0.,0.));
#11292=DIRECTION('ref_axis',(0.,0.102246755711475,-0.994759066782745));
#11293=DIRECTION('center_axis',(-1.,0.,0.));
#11294=DIRECTION('ref_axis',(0.,0.102246755711475,-0.994759066782745));
#11295=DIRECTION('',(-1.,0.,0.));
#11296=DIRECTION('center_axis',(-1.,0.,0.));
#11297=DIRECTION('ref_axis',(0.,0.102246755711475,-0.994759066782745));
#11298=DIRECTION('center_axis',(0.,0.,1.));
#11299=DIRECTION('ref_axis',(0.,1.,0.));
#11300=DIRECTION('',(0.,1.,0.));
#11301=DIRECTION('',(-1.,0.,0.));
#11302=DIRECTION('',(0.,1.,0.));
#11303=DIRECTION('center_axis',(0.,-1.,0.));
#11304=DIRECTION('ref_axis',(0.,0.,1.));
#11305=DIRECTION('',(0.,0.,1.));
#11306=DIRECTION('',(0.,0.,1.));
#11307=DIRECTION('center_axis',(1.,0.,0.));
#11308=DIRECTION('ref_axis',(0.,1.,0.));
#11309=DIRECTION('center_axis',(-1.,0.,0.));
#11310=DIRECTION('ref_axis',(0.,1.,0.));
#11311=DIRECTION('center_axis',(1.,0.,0.));
#11312=DIRECTION('ref_axis',(0.,1.,0.));
#11313=DIRECTION('',(-1.,0.,0.));
#11314=DIRECTION('center_axis',(1.,0.,0.));
#11315=DIRECTION('ref_axis',(0.,1.,0.));
#11316=DIRECTION('center_axis',(-1.,0.,0.));
#11317=DIRECTION('ref_axis',(0.,-1.,-1.37246443543753E-16));
#11318=DIRECTION('center_axis',(-1.,0.,0.));
#11319=DIRECTION('ref_axis',(0.,0.685603604015647,0.727975066991141));
#11320=DIRECTION('',(-1.,0.,0.));
#11321=DIRECTION('center_axis',(-1.,0.,0.));
#11322=DIRECTION('ref_axis',(0.,0.685603604015647,0.727975066991141));
#11323=DIRECTION('',(-1.,0.,0.));
#11324=DIRECTION('center_axis',(0.,-1.,0.));
#11325=DIRECTION('ref_axis',(0.,0.,1.));
#11326=DIRECTION('',(0.,0.,1.));
#11327=DIRECTION('',(-1.,0.,0.));
#11328=DIRECTION('',(0.,0.,1.));
#11329=DIRECTION('center_axis',(0.,0.,-1.));
#11330=DIRECTION('ref_axis',(0.,-1.,0.));
#11331=DIRECTION('',(0.,-1.,0.));
#11332=DIRECTION('',(-1.,0.,0.));
#11333=DIRECTION('',(0.,-1.,0.));
#11334=DIRECTION('center_axis',(0.,1.,0.));
#11335=DIRECTION('ref_axis',(0.,0.,-1.));
#11336=DIRECTION('',(0.,0.,-1.));
#11337=DIRECTION('',(-1.,0.,0.));
#11338=DIRECTION('',(0.,0.,-1.));
#11339=DIRECTION('center_axis',(0.,0.,1.));
#11340=DIRECTION('ref_axis',(0.,1.,0.));
#11341=DIRECTION('',(0.,1.,0.));
#11342=DIRECTION('',(-1.,0.,0.));
#11343=DIRECTION('',(0.,1.,0.));
#11344=DIRECTION('center_axis',(0.,-1.,0.));
#11345=DIRECTION('ref_axis',(0.,0.,1.));
#11346=DIRECTION('',(0.,0.,1.));
#11347=DIRECTION('',(0.,0.,1.));
#11348=DIRECTION('center_axis',(1.,0.,0.));
#11349=DIRECTION('ref_axis',(0.,1.,0.));
#11350=DIRECTION('center_axis',(-1.,0.,0.));
#11351=DIRECTION('ref_axis',(0.,1.,0.));
#11352=DIRECTION('center_axis',(1.,0.,0.));
#11353=DIRECTION('ref_axis',(0.,1.,0.));
#11354=DIRECTION('',(-1.,0.,0.));
#11355=DIRECTION('center_axis',(1.,0.,0.));
#11356=DIRECTION('ref_axis',(0.,1.,0.));
#11357=DIRECTION('center_axis',(0.,1.,0.));
#11358=DIRECTION('ref_axis',(0.,0.,-1.));
#11359=DIRECTION('',(0.,0.,-1.));
#11360=DIRECTION('',(-1.,0.,0.));
#11361=DIRECTION('',(0.,0.,-1.));
#11362=DIRECTION('',(-1.,0.,0.));
#11363=DIRECTION('center_axis',(-1.,0.,0.));
#11364=DIRECTION('ref_axis',(0.,1.,-1.463025003386E-16));
#11365=DIRECTION('center_axis',(-1.,0.,0.));
#11366=DIRECTION('ref_axis',(0.,-0.640104065408626,-0.768288217693952));
#11367=DIRECTION('',(-1.,0.,0.));
#11368=DIRECTION('center_axis',(-1.,0.,0.));
#11369=DIRECTION('ref_axis',(0.,-0.640104065408626,-0.768288217693952));
#11370=DIRECTION('center_axis',(0.,0.999962713933988,0.00863543523938328));
#11371=DIRECTION('ref_axis',(0.,0.00863543523938328,-0.999962713933988));
#11372=DIRECTION('',(0.,0.00863543523938328,-0.999962713933988));
#11373=DIRECTION('',(-1.,0.,0.));
#11374=DIRECTION('',(0.,0.00863543523938327,-0.999962713933988));
#11375=DIRECTION('center_axis',(0.,0.,1.));
#11376=DIRECTION('ref_axis',(0.,1.,0.));
#11377=DIRECTION('',(0.,1.,0.));
#11378=DIRECTION('',(-1.,0.,0.));
#11379=DIRECTION('',(0.,1.,0.));
#11380=DIRECTION('center_axis',(0.,-1.,0.));
#11381=DIRECTION('ref_axis',(0.,0.,1.));
#11382=DIRECTION('',(0.,0.,1.));
#11383=DIRECTION('',(-1.,0.,0.));
#11384=DIRECTION('',(0.,0.,1.));
#11385=DIRECTION('center_axis',(0.,0.,-1.));
#11386=DIRECTION('ref_axis',(0.,-1.,0.));
#11387=DIRECTION('',(0.,-1.,0.));
#11388=DIRECTION('',(0.,-1.,0.));
#11389=DIRECTION('center_axis',(1.,0.,0.));
#11390=DIRECTION('ref_axis',(0.,1.,0.));
#11391=DIRECTION('center_axis',(0.,1.,0.));
#11392=DIRECTION('ref_axis',(0.,0.,-1.));
#11393=DIRECTION('',(0.,0.,-1.));
#11394=DIRECTION('',(-1.,0.,0.));
#11395=DIRECTION('',(0.,0.,-1.));
#11396=DIRECTION('',(-1.,0.,0.));
#11397=DIRECTION('center_axis',(0.,0.,1.));
#11398=DIRECTION('ref_axis',(0.,1.,0.));
#11399=DIRECTION('',(0.,1.,0.));
#11400=DIRECTION('',(-1.,0.,0.));
#11401=DIRECTION('',(0.,1.,0.));
#11402=DIRECTION('center_axis',(0.,-1.,0.));
#11403=DIRECTION('ref_axis',(0.,0.,1.));
#11404=DIRECTION('',(0.,0.,1.));
#11405=DIRECTION('',(-1.,0.,0.));
#11406=DIRECTION('',(0.,0.,1.));
#11407=DIRECTION('center_axis',(0.,0.,-1.));
#11408=DIRECTION('ref_axis',(0.,-1.,0.));
#11409=DIRECTION('',(0.,-1.,0.));
#11410=DIRECTION('',(0.,-1.,0.));
#11411=DIRECTION('center_axis',(-1.,0.,0.));
#11412=DIRECTION('ref_axis',(0.,0.,1.));
#11413=DIRECTION('center_axis',(0.,0.,-1.));
#11414=DIRECTION('ref_axis',(0.,-1.,0.));
#11415=DIRECTION('',(0.,-1.,0.));
#11416=DIRECTION('',(-1.,0.,0.));
#11417=DIRECTION('',(0.,-1.,0.));
#11418=DIRECTION('',(-1.,0.,0.));
#11419=DIRECTION('center_axis',(0.,1.,0.));
#11420=DIRECTION('ref_axis',(0.,0.,-1.));
#11421=DIRECTION('',(0.,0.,-1.));
#11422=DIRECTION('',(-1.,0.,0.));
#11423=DIRECTION('',(0.,0.,-1.));
#11424=DIRECTION('center_axis',(-1.,0.,0.));
#11425=DIRECTION('ref_axis',(0.,0.995534666247383,-0.0943966540705375));
#11426=DIRECTION('center_axis',(-1.,0.,0.));
#11427=DIRECTION('ref_axis',(0.,0.995534666247383,-0.0943966540705375));
#11428=DIRECTION('',(-1.,0.,0.));
#11429=DIRECTION('center_axis',(-1.,0.,0.));
#11430=DIRECTION('ref_axis',(0.,0.995534666247383,-0.0943966540705375));
#11431=DIRECTION('center_axis',(-1.,0.,0.));
#11432=DIRECTION('ref_axis',(0.,0.873453101731599,0.486908286102679));
#11433=DIRECTION('center_axis',(-1.,0.,0.));
#11434=DIRECTION('ref_axis',(0.,0.873453101731599,0.486908286102679));
#11435=DIRECTION('',(-1.,0.,0.));
#11436=DIRECTION('center_axis',(-1.,0.,0.));
#11437=DIRECTION('ref_axis',(0.,0.873453101731599,0.486908286102679));
#11438=DIRECTION('center_axis',(0.,1.,0.));
#11439=DIRECTION('ref_axis',(0.,0.,-1.));
#11440=DIRECTION('',(0.,0.,-1.));
#11441=DIRECTION('',(-1.,0.,0.));
#11442=DIRECTION('',(0.,0.,-1.));
#11443=DIRECTION('center_axis',(0.,0.,1.));
#11444=DIRECTION('ref_axis',(0.,1.,0.));
#11445=DIRECTION('',(0.,1.,0.));
#11446=DIRECTION('',(-1.,0.,0.));
#11447=DIRECTION('',(0.,1.,0.));
#11448=DIRECTION('center_axis',(0.,-1.,0.));
#11449=DIRECTION('ref_axis',(0.,0.,1.));
#11450=DIRECTION('',(0.,0.,1.));
#11451=DIRECTION('',(-1.,0.,0.));
#11452=DIRECTION('',(0.,0.,1.));
#11453=DIRECTION('center_axis',(0.,0.,-1.));
#11454=DIRECTION('ref_axis',(0.,-1.,0.));
#11455=DIRECTION('',(0.,-1.,0.));
#11456=DIRECTION('',(-1.,0.,0.));
#11457=DIRECTION('',(0.,-1.,0.));
#11458=DIRECTION('center_axis',(0.,1.,0.));
#11459=DIRECTION('ref_axis',(0.,0.,-1.));
#11460=DIRECTION('',(0.,0.,-1.));
#11461=DIRECTION('',(-1.,0.,0.));
#11462=DIRECTION('',(0.,0.,-1.));
#11463=DIRECTION('center_axis',(-1.,0.,0.));
#11464=DIRECTION('ref_axis',(0.,0.992490901111432,0.122318482704033));
#11465=DIRECTION('center_axis',(1.,0.,0.));
#11466=DIRECTION('ref_axis',(0.,0.992490901111432,0.122318482704033));
#11467=DIRECTION('',(-1.,0.,0.));
#11468=DIRECTION('center_axis',(1.,0.,0.));
#11469=DIRECTION('ref_axis',(0.,0.992490901111432,0.122318482704033));
#11470=DIRECTION('center_axis',(0.,-1.,0.));
#11471=DIRECTION('ref_axis',(0.,0.,1.));
#11472=DIRECTION('',(0.,0.,1.));
#11473=DIRECTION('',(-1.,0.,0.));
#11474=DIRECTION('',(0.,0.,1.));
#11475=DIRECTION('center_axis',(0.,0.,-1.));
#11476=DIRECTION('ref_axis',(0.,-1.,0.));
#11477=DIRECTION('',(0.,-1.,0.));
#11478=DIRECTION('',(-1.,0.,0.));
#11479=DIRECTION('',(0.,-1.,0.));
#11480=DIRECTION('center_axis',(0.,1.,0.));
#11481=DIRECTION('ref_axis',(0.,0.,-1.));
#11482=DIRECTION('',(0.,0.,-1.));
#11483=DIRECTION('',(-1.,0.,0.));
#11484=DIRECTION('',(0.,0.,-1.));
#11485=DIRECTION('center_axis',(-1.,0.,0.));
#11486=DIRECTION('ref_axis',(0.,0.994872772502267,0.101134398369958));
#11487=DIRECTION('center_axis',(1.,0.,0.));
#11488=DIRECTION('ref_axis',(0.,0.994872772502267,0.101134398369958));
#11489=DIRECTION('',(-1.,0.,0.));
#11490=DIRECTION('center_axis',(1.,0.,0.));
#11491=DIRECTION('ref_axis',(0.,0.994872772502267,0.101134398369958));
#11492=DIRECTION('center_axis',(0.,-1.,0.));
#11493=DIRECTION('ref_axis',(0.,0.,1.));
#11494=DIRECTION('',(0.,0.,1.));
#11495=DIRECTION('',(0.,0.,1.));
#11496=DIRECTION('center_axis',(1.,0.,0.));
#11497=DIRECTION('ref_axis',(0.,1.,0.));
#11498=DIRECTION('center_axis',(-1.,0.,0.));
#11499=DIRECTION('ref_axis',(0.,1.,0.));
#11500=DIRECTION('center_axis',(-1.,0.,0.));
#11501=DIRECTION('ref_axis',(0.,1.,0.));
#11502=DIRECTION('',(-1.,0.,0.));
#11503=DIRECTION('center_axis',(-1.,0.,0.));
#11504=DIRECTION('ref_axis',(0.,1.,0.));
#11505=DIRECTION('center_axis',(1.,0.,0.));
#11506=DIRECTION('ref_axis',(0.,1.,0.));
#11507=DIRECTION('center_axis',(0.,1.,0.));
#11508=DIRECTION('ref_axis',(0.,0.,-1.));
#11509=DIRECTION('',(0.,0.,-1.));
#11510=DIRECTION('',(-1.,0.,0.));
#11511=DIRECTION('',(0.,0.,-1.));
#11512=DIRECTION('',(-1.,0.,0.));
#11513=DIRECTION('center_axis',(0.,0.,1.));
#11514=DIRECTION('ref_axis',(0.,1.,0.));
#11515=DIRECTION('',(0.,1.,0.));
#11516=DIRECTION('',(-1.,0.,0.));
#11517=DIRECTION('',(0.,1.,0.));
#11518=DIRECTION('center_axis',(0.,-1.,0.));
#11519=DIRECTION('ref_axis',(0.,0.,1.));
#11520=DIRECTION('',(0.,0.,1.));
#11521=DIRECTION('',(-1.,0.,0.));
#11522=DIRECTION('',(0.,0.,1.));
#11523=DIRECTION('center_axis',(0.,0.,-1.));
#11524=DIRECTION('ref_axis',(0.,-1.,0.));
#11525=DIRECTION('',(0.,-1.,0.));
#11526=DIRECTION('',(0.,-1.,0.));
#11527=DIRECTION('center_axis',(-1.,0.,0.));
#11528=DIRECTION('ref_axis',(0.,0.,1.));
#11529=DIRECTION('center_axis',(-1.,0.,0.));
#11530=DIRECTION('ref_axis',(0.,0.172160238493457,0.985068958135356));
#11531=DIRECTION('center_axis',(-1.,0.,0.));
#11532=DIRECTION('ref_axis',(0.,0.172160238493457,0.985068958135356));
#11533=DIRECTION('',(-1.,0.,0.));
#11534=DIRECTION('center_axis',(-1.,0.,0.));
#11535=DIRECTION('ref_axis',(0.,0.172160238493457,0.985068958135356));
#11536=DIRECTION('',(-1.,0.,0.));
#11537=DIRECTION('center_axis',(0.,1.,0.));
#11538=DIRECTION('ref_axis',(0.,0.,-1.));
#11539=DIRECTION('',(0.,0.,-1.));
#11540=DIRECTION('',(-1.,0.,0.));
#11541=DIRECTION('',(0.,0.,-1.));
#11542=DIRECTION('center_axis',(0.,0.,1.));
#11543=DIRECTION('ref_axis',(0.,1.,0.));
#11544=DIRECTION('',(0.,1.,0.));
#11545=DIRECTION('',(-1.,0.,0.));
#11546=DIRECTION('',(0.,1.,0.));
#11547=DIRECTION('center_axis',(0.,-1.,0.));
#11548=DIRECTION('ref_axis',(0.,0.,1.));
#11549=DIRECTION('',(0.,0.,1.));
#11550=DIRECTION('',(-1.,0.,0.));
#11551=DIRECTION('',(0.,0.,1.));
#11552=DIRECTION('center_axis',(0.,0.,-1.));
#11553=DIRECTION('ref_axis',(0.,-1.,0.));
#11554=DIRECTION('',(0.,-1.,0.));
#11555=DIRECTION('',(-1.,0.,0.));
#11556=DIRECTION('',(0.,-1.,0.));
#11557=DIRECTION('center_axis',(0.,1.,0.));
#11558=DIRECTION('ref_axis',(0.,0.,-1.));
#11559=DIRECTION('',(0.,0.,-1.));
#11560=DIRECTION('',(-1.,0.,0.));
#11561=DIRECTION('',(0.,0.,-1.));
#11562=DIRECTION('center_axis',(-1.,0.,0.));
#11563=DIRECTION('ref_axis',(0.,0.290673873134912,0.956822188014445));
#11564=DIRECTION('center_axis',(1.,0.,0.));
#11565=DIRECTION('ref_axis',(0.,0.290673873134912,0.956822188014445));
#11566=DIRECTION('',(-1.,0.,0.));
#11567=DIRECTION('center_axis',(1.,0.,0.));
#11568=DIRECTION('ref_axis',(0.,0.290673873134912,0.956822188014445));
#11569=DIRECTION('center_axis',(0.,1.,0.));
#11570=DIRECTION('ref_axis',(0.,0.,-1.));
#11571=DIRECTION('',(0.,0.,-1.));
#11572=DIRECTION('',(0.,0.,-1.));
#11573=DIRECTION('center_axis',(1.,0.,0.));
#11574=DIRECTION('ref_axis',(0.,1.,0.));
#11575=DIRECTION('center_axis',(-1.,0.,0.));
#11576=DIRECTION('ref_axis',(0.,1.,0.));
#11577=DIRECTION('center_axis',(1.,0.,0.));
#11578=DIRECTION('ref_axis',(0.,1.,0.));
#11579=DIRECTION('',(-1.,0.,0.));
#11580=DIRECTION('center_axis',(1.,0.,0.));
#11581=DIRECTION('ref_axis',(0.,1.,0.));
#11582=DIRECTION('center_axis',(-1.,0.,0.));
#11583=DIRECTION('ref_axis',(0.,1.,0.));
#11584=DIRECTION('center_axis',(-1.,0.,0.));
#11585=DIRECTION('ref_axis',(0.,1.,0.));
#11586=DIRECTION('',(-1.,0.,0.));
#11587=DIRECTION('center_axis',(-1.,0.,0.));
#11588=DIRECTION('ref_axis',(0.,1.,0.));
#11589=DIRECTION('center_axis',(1.,0.,0.));
#11590=DIRECTION('ref_axis',(0.,1.,0.));
#11591=DIRECTION('center_axis',(-1.,0.,0.));
#11592=DIRECTION('ref_axis',(0.,1.,0.));
#11593=DIRECTION('center_axis',(-1.,0.,0.));
#11594=DIRECTION('ref_axis',(0.,1.,0.));
#11595=DIRECTION('',(-1.,0.,0.));
#11596=DIRECTION('center_axis',(-1.,0.,0.));
#11597=DIRECTION('ref_axis',(0.,1.,0.));
#11598=DIRECTION('center_axis',(1.,0.,0.));
#11599=DIRECTION('ref_axis',(0.,1.,0.));
#11600=DIRECTION('center_axis',(-1.,0.,0.));
#11601=DIRECTION('ref_axis',(0.,-0.979758387999147,-0.200183668527961));
#11602=DIRECTION('center_axis',(-1.,0.,0.));
#11603=DIRECTION('ref_axis',(0.,-0.979758387999147,-0.200183668527961));
#11604=DIRECTION('',(-1.,0.,0.));
#11605=DIRECTION('center_axis',(-1.,0.,0.));
#11606=DIRECTION('ref_axis',(0.,-0.979758387999147,-0.200183668527961));
#11607=DIRECTION('',(-1.,0.,0.));
#11608=DIRECTION('center_axis',(0.,-1.,0.));
#11609=DIRECTION('ref_axis',(0.,0.,1.));
#11610=DIRECTION('',(0.,0.,1.));
#11611=DIRECTION('',(-1.,0.,0.));
#11612=DIRECTION('',(0.,0.,1.));
#11613=DIRECTION('center_axis',(0.,0.,-1.));
#11614=DIRECTION('ref_axis',(0.,-1.,0.));
#11615=DIRECTION('',(0.,-1.,0.));
#11616=DIRECTION('',(-1.,0.,0.));
#11617=DIRECTION('',(0.,-1.,0.));
#11618=DIRECTION('center_axis',(0.,1.,0.));
#11619=DIRECTION('ref_axis',(0.,0.,-1.));
#11620=DIRECTION('',(0.,0.,-1.));
#11621=DIRECTION('',(-1.,0.,0.));
#11622=DIRECTION('',(0.,0.,-1.));
#11623=DIRECTION('center_axis',(0.,0.,1.));
#11624=DIRECTION('ref_axis',(0.,1.,0.));
#11625=DIRECTION('',(0.,1.,0.));
#11626=DIRECTION('',(-1.,0.,0.));
#11627=DIRECTION('',(0.,1.,0.));
#11628=DIRECTION('center_axis',(0.,-1.,0.));
#11629=DIRECTION('ref_axis',(0.,0.,1.));
#11630=DIRECTION('',(0.,0.,1.));
#11631=DIRECTION('',(-1.,0.,0.));
#11632=DIRECTION('',(0.,0.,1.));
#11633=DIRECTION('center_axis',(-1.,0.,0.));
#11634=DIRECTION('ref_axis',(0.,-0.96775837657791,-0.251880377487584));
#11635=DIRECTION('center_axis',(1.,0.,0.));
#11636=DIRECTION('ref_axis',(0.,-0.96775837657791,-0.251880377487584));
#11637=DIRECTION('',(-1.,0.,0.));
#11638=DIRECTION('center_axis',(1.,0.,0.));
#11639=DIRECTION('ref_axis',(0.,-0.96775837657791,-0.251880377487584));
#11640=DIRECTION('center_axis',(0.,1.,0.));
#11641=DIRECTION('ref_axis',(0.,0.,-1.));
#11642=DIRECTION('',(0.,0.,-1.));
#11643=DIRECTION('',(-1.,0.,0.));
#11644=DIRECTION('',(0.,0.,-1.));
#11645=DIRECTION('center_axis',(0.,0.,1.));
#11646=DIRECTION('ref_axis',(0.,1.,0.));
#11647=DIRECTION('',(0.,1.,0.));
#11648=DIRECTION('',(-1.,0.,0.));
#11649=DIRECTION('',(0.,1.,0.));
#11650=DIRECTION('center_axis',(0.,-1.,0.));
#11651=DIRECTION('ref_axis',(0.,0.,1.));
#11652=DIRECTION('',(0.,0.,1.));
#11653=DIRECTION('',(0.,0.,1.));
#11654=DIRECTION('center_axis',(1.,0.,0.));
#11655=DIRECTION('ref_axis',(0.,1.,0.));
#11656=DIRECTION('center_axis',(-1.,0.,0.));
#11657=DIRECTION('ref_axis',(0.,1.,0.));
#11658=DIRECTION('center_axis',(1.,0.,0.));
#11659=DIRECTION('ref_axis',(0.,1.,0.));
#11660=DIRECTION('',(-1.,0.,0.));
#11661=DIRECTION('center_axis',(1.,0.,0.));
#11662=DIRECTION('ref_axis',(0.,1.,0.));
#11663=DIRECTION('center_axis',(-1.,0.,0.));
#11664=DIRECTION('ref_axis',(0.,-1.,-7.13102497393238E-17));
#11665=DIRECTION('center_axis',(-1.,0.,0.));
#11666=DIRECTION('ref_axis',(0.,0.63830930698807,0.769779987147243));
#11667=DIRECTION('',(-1.,0.,0.));
#11668=DIRECTION('center_axis',(-1.,0.,0.));
#11669=DIRECTION('ref_axis',(0.,0.63830930698807,0.769779987147243));
#11670=DIRECTION('',(-1.,0.,0.));
#11671=DIRECTION('center_axis',(0.,-1.,0.));
#11672=DIRECTION('ref_axis',(0.,0.,1.));
#11673=DIRECTION('',(0.,0.,1.));
#11674=DIRECTION('',(-1.,0.,0.));
#11675=DIRECTION('',(0.,0.,1.));
#11676=DIRECTION('center_axis',(0.,0.,-1.));
#11677=DIRECTION('ref_axis',(0.,-1.,0.));
#11678=DIRECTION('',(0.,-1.,0.));
#11679=DIRECTION('',(-1.,0.,0.));
#11680=DIRECTION('',(0.,-1.,0.));
#11681=DIRECTION('center_axis',(0.,1.,0.));
#11682=DIRECTION('ref_axis',(0.,0.,-1.));
#11683=DIRECTION('',(0.,0.,-1.));
#11684=DIRECTION('',(-1.,0.,0.));
#11685=DIRECTION('',(0.,0.,-1.));
#11686=DIRECTION('center_axis',(0.,0.,1.));
#11687=DIRECTION('ref_axis',(0.,1.,0.));
#11688=DIRECTION('',(0.,1.,0.));
#11689=DIRECTION('',(-1.,0.,0.));
#11690=DIRECTION('',(0.,1.,0.));
#11691=DIRECTION('center_axis',(0.,-1.,0.));
#11692=DIRECTION('ref_axis',(0.,0.,1.));
#11693=DIRECTION('',(0.,0.,1.));
#11694=DIRECTION('',(0.,0.,1.));
#11695=DIRECTION('center_axis',(1.,0.,0.));
#11696=DIRECTION('ref_axis',(0.,1.,0.));
#11697=DIRECTION('center_axis',(-1.,0.,0.));
#11698=DIRECTION('ref_axis',(0.,1.,0.));
#11699=DIRECTION('center_axis',(1.,0.,0.));
#11700=DIRECTION('ref_axis',(0.,1.,0.));
#11701=DIRECTION('',(-1.,0.,0.));
#11702=DIRECTION('center_axis',(1.,0.,0.));
#11703=DIRECTION('ref_axis',(0.,1.,0.));
#11704=DIRECTION('center_axis',(-1.,0.,0.));
#11705=DIRECTION('ref_axis',(0.,1.,0.));
#11706=DIRECTION('center_axis',(-1.,0.,0.));
#11707=DIRECTION('ref_axis',(0.,1.,0.));
#11708=DIRECTION('',(-1.,0.,0.));
#11709=DIRECTION('center_axis',(-1.,0.,0.));
#11710=DIRECTION('ref_axis',(0.,1.,0.));
#11711=DIRECTION('center_axis',(1.,0.,0.));
#11712=DIRECTION('ref_axis',(0.,1.,0.));
#11713=DIRECTION('center_axis',(-1.,0.,0.));
#11714=DIRECTION('ref_axis',(0.,1.,0.));
#11715=DIRECTION('center_axis',(1.,0.,0.));
#11716=DIRECTION('ref_axis',(0.,1.,0.));
#11717=DIRECTION('',(-1.,0.,0.));
#11718=DIRECTION('center_axis',(1.,0.,0.));
#11719=DIRECTION('ref_axis',(0.,1.,0.));
#11720=DIRECTION('center_axis',(-1.,0.,0.));
#11721=DIRECTION('ref_axis',(0.,-1.,1.43502380072532E-16));
#11722=DIRECTION('center_axis',(-1.,0.,0.));
#11723=DIRECTION('ref_axis',(0.,0.647844378481919,0.761772709716866));
#11724=DIRECTION('',(-1.,0.,0.));
#11725=DIRECTION('center_axis',(-1.,0.,0.));
#11726=DIRECTION('ref_axis',(0.,0.647844378481919,0.761772709716866));
#11727=DIRECTION('',(-1.,0.,0.));
#11728=DIRECTION('center_axis',(0.,-1.,0.));
#11729=DIRECTION('ref_axis',(0.,0.,1.));
#11730=DIRECTION('',(0.,0.,1.));
#11731=DIRECTION('',(-1.,0.,0.));
#11732=DIRECTION('',(0.,0.,1.));
#11733=DIRECTION('center_axis',(0.,0.,-1.));
#11734=DIRECTION('ref_axis',(0.,-1.,0.));
#11735=DIRECTION('',(0.,-1.,0.));
#11736=DIRECTION('',(-1.,0.,0.));
#11737=DIRECTION('',(0.,-1.,0.));
#11738=DIRECTION('center_axis',(0.,1.,0.));
#11739=DIRECTION('ref_axis',(0.,0.,-1.));
#11740=DIRECTION('',(0.,0.,-1.));
#11741=DIRECTION('',(-1.,0.,0.));
#11742=DIRECTION('',(0.,0.,-1.));
#11743=DIRECTION('center_axis',(0.,0.,1.));
#11744=DIRECTION('ref_axis',(0.,1.,0.));
#11745=DIRECTION('',(0.,1.,0.));
#11746=DIRECTION('',(-1.,0.,0.));
#11747=DIRECTION('',(0.,1.,0.));
#11748=DIRECTION('center_axis',(0.,-1.,0.));
#11749=DIRECTION('ref_axis',(0.,0.,1.));
#11750=DIRECTION('',(0.,0.,1.));
#11751=DIRECTION('',(0.,0.,1.));
#11752=DIRECTION('center_axis',(1.,0.,0.));
#11753=DIRECTION('ref_axis',(0.,1.,0.));
#11754=DIRECTION('center_axis',(-1.,0.,0.));
#11755=DIRECTION('ref_axis',(0.,1.,0.));
#11756=DIRECTION('center_axis',(1.,0.,0.));
#11757=DIRECTION('ref_axis',(0.,1.,0.));
#11758=DIRECTION('',(-1.,0.,0.));
#11759=DIRECTION('center_axis',(1.,0.,0.));
#11760=DIRECTION('ref_axis',(0.,1.,0.));
#11761=DIRECTION('center_axis',(-1.,0.,0.));
#11762=DIRECTION('ref_axis',(0.,-1.,-3.52591497480104E-16));
#11763=DIRECTION('center_axis',(-1.,0.,0.));
#11764=DIRECTION('ref_axis',(0.,0.644698045350533,0.764437329230593));
#11765=DIRECTION('',(-1.,0.,0.));
#11766=DIRECTION('center_axis',(-1.,0.,0.));
#11767=DIRECTION('ref_axis',(0.,0.644698045350533,0.764437329230593));
#11768=DIRECTION('',(-1.,0.,0.));
#11769=DIRECTION('center_axis',(0.,-1.,0.));
#11770=DIRECTION('ref_axis',(0.,0.,1.));
#11771=DIRECTION('',(0.,0.,1.));
#11772=DIRECTION('',(-1.,0.,0.));
#11773=DIRECTION('',(0.,0.,1.));
#11774=DIRECTION('center_axis',(0.,0.,-1.));
#11775=DIRECTION('ref_axis',(0.,-1.,0.));
#11776=DIRECTION('',(0.,-1.,0.));
#11777=DIRECTION('',(-1.,0.,0.));
#11778=DIRECTION('',(0.,-1.,0.));
#11779=DIRECTION('center_axis',(0.,1.,0.));
#11780=DIRECTION('ref_axis',(0.,0.,-1.));
#11781=DIRECTION('',(0.,0.,-1.));
#11782=DIRECTION('',(-1.,0.,0.));
#11783=DIRECTION('',(0.,0.,-1.));
#11784=DIRECTION('center_axis',(0.,0.,1.));
#11785=DIRECTION('ref_axis',(0.,1.,0.));
#11786=DIRECTION('',(0.,1.,0.));
#11787=DIRECTION('',(-1.,0.,0.));
#11788=DIRECTION('',(0.,1.,0.));
#11789=DIRECTION('center_axis',(0.,-1.,0.));
#11790=DIRECTION('ref_axis',(0.,0.,1.));
#11791=DIRECTION('',(0.,0.,1.));
#11792=DIRECTION('',(0.,0.,1.));
#11793=DIRECTION('center_axis',(1.,0.,0.));
#11794=DIRECTION('ref_axis',(0.,1.,0.));
#11795=DIRECTION('center_axis',(-1.,0.,0.));
#11796=DIRECTION('ref_axis',(0.,-0.984793566847161,-0.173728612198587));
#11797=DIRECTION('center_axis',(-1.,0.,0.));
#11798=DIRECTION('ref_axis',(0.,0.815768910704829,0.578377977042225));
#11799=DIRECTION('',(-1.,0.,0.));
#11800=DIRECTION('center_axis',(-1.,0.,0.));
#11801=DIRECTION('ref_axis',(0.,0.815768910704829,0.578377977042225));
#11802=DIRECTION('',(-1.,0.,0.));
#11803=DIRECTION('center_axis',(0.,1.,0.));
#11804=DIRECTION('ref_axis',(0.,0.,-1.));
#11805=DIRECTION('',(0.,0.,-1.));
#11806=DIRECTION('',(-1.,0.,0.));
#11807=DIRECTION('',(0.,0.,-1.));
#11808=DIRECTION('center_axis',(0.,0.,1.));
#11809=DIRECTION('ref_axis',(0.,1.,0.));
#11810=DIRECTION('',(0.,1.,0.));
#11811=DIRECTION('',(-1.,0.,0.));
#11812=DIRECTION('',(0.,1.,0.));
#11813=DIRECTION('center_axis',(0.,-1.,0.));
#11814=DIRECTION('ref_axis',(0.,0.,1.));
#11815=DIRECTION('',(0.,0.,1.));
#11816=DIRECTION('',(-1.,0.,0.));
#11817=DIRECTION('',(0.,0.,1.));
#11818=DIRECTION('center_axis',(0.,0.000816364878348658,-0.999999666774137));
#11819=DIRECTION('ref_axis',(0.,-0.999999666774137,-0.000816364878348658));
#11820=DIRECTION('',(0.,-0.999999666774137,-0.000816364878348658));
#11821=DIRECTION('',(-1.,0.,0.));
#11822=DIRECTION('',(0.,-0.999999666774137,-0.000816364878348658));
#11823=DIRECTION('center_axis',(-1.,0.,0.));
#11824=DIRECTION('ref_axis',(0.,-0.998810572866561,-0.0487589943494773));
#11825=DIRECTION('center_axis',(1.,0.,0.));
#11826=DIRECTION('ref_axis',(0.,0.838755891587541,0.544507625591405));
#11827=DIRECTION('',(-1.,0.,0.));
#11828=DIRECTION('center_axis',(1.,0.,0.));
#11829=DIRECTION('ref_axis',(0.,0.838755891587541,0.544507625591405));
#11830=DIRECTION('center_axis',(0.,0.611447501075766,-0.791285001392166));
#11831=DIRECTION('ref_axis',(0.,-0.791285001392166,-0.611447501075766));
#11832=DIRECTION('',(0.,-0.791285001392166,-0.611447501075766));
#11833=DIRECTION('',(0.,-0.791285001392166,-0.611447501075766));
#11834=DIRECTION('center_axis',(1.,0.,0.));
#11835=DIRECTION('ref_axis',(0.,1.,0.));
#11836=DIRECTION('center_axis',(-1.,0.,0.));
#11837=DIRECTION('ref_axis',(0.,-0.90623786541301,0.422768176772651));
#11838=DIRECTION('center_axis',(-1.,0.,0.));
#11839=DIRECTION('ref_axis',(0.,-0.90623786541301,0.422768176772651));
#11840=DIRECTION('',(-1.,0.,0.));
#11841=DIRECTION('center_axis',(-1.,0.,0.));
#11842=DIRECTION('ref_axis',(0.,-0.90623786541301,0.422768176772651));
#11843=DIRECTION('',(-1.,0.,0.));
#11844=DIRECTION('center_axis',(-1.,0.,0.));
#11845=DIRECTION('ref_axis',(0.,-0.912845548622216,-0.408305038372791));
#11846=DIRECTION('center_axis',(-1.,0.,0.));
#11847=DIRECTION('ref_axis',(0.,-0.912845548622216,-0.408305038372791));
#11848=DIRECTION('',(-1.,0.,0.));
#11849=DIRECTION('center_axis',(-1.,0.,0.));
#11850=DIRECTION('ref_axis',(0.,-0.912845548622216,-0.408305038372791));
#11851=DIRECTION('center_axis',(-1.,0.,0.));
#11852=DIRECTION('ref_axis',(0.,0.484629231819807,0.874719673761682));
#11853=DIRECTION('center_axis',(1.,0.,0.));
#11854=DIRECTION('ref_axis',(0.,0.484629231819807,0.874719673761682));
#11855=DIRECTION('',(-1.,0.,0.));
#11856=DIRECTION('center_axis',(1.,0.,0.));
#11857=DIRECTION('ref_axis',(0.,0.484629231819807,0.874719673761682));
#11858=DIRECTION('center_axis',(-1.,0.,0.));
#11859=DIRECTION('ref_axis',(0.,0.395598099227718,-0.918423727855186));
#11860=DIRECTION('center_axis',(1.,0.,0.));
#11861=DIRECTION('ref_axis',(0.,0.395598099227718,-0.918423727855186));
#11862=DIRECTION('',(-1.,0.,0.));
#11863=DIRECTION('center_axis',(1.,0.,0.));
#11864=DIRECTION('ref_axis',(0.,0.395598099227718,-0.918423727855186));
#11865=DIRECTION('center_axis',(-1.,0.,0.));
#11866=DIRECTION('ref_axis',(0.,-0.358698913230486,-0.93345331412303));
#11867=DIRECTION('center_axis',(1.,0.,0.));
#11868=DIRECTION('ref_axis',(0.,-0.358698913230486,-0.93345331412303));
#11869=DIRECTION('',(-1.,0.,0.));
#11870=DIRECTION('center_axis',(1.,0.,0.));
#11871=DIRECTION('ref_axis',(0.,-0.358698913230486,-0.93345331412303));
#11872=DIRECTION('center_axis',(-1.,0.,0.));
#11873=DIRECTION('ref_axis',(0.,-0.872874108196035,-0.487945479783322));
#11874=DIRECTION('center_axis',(1.,0.,0.));
#11875=DIRECTION('ref_axis',(0.,-0.872874108196035,-0.487945479783322));
#11876=DIRECTION('',(-1.,0.,0.));
#11877=DIRECTION('center_axis',(1.,0.,0.));
#11878=DIRECTION('ref_axis',(0.,-0.872874108196035,-0.487945479783322));
#11879=DIRECTION('center_axis',(0.,-0.561501418337262,0.82747577439176));
#11880=DIRECTION('ref_axis',(0.,0.82747577439176,0.561501418337262));
#11881=DIRECTION('',(0.,0.82747577439176,0.561501418337262));
#11882=DIRECTION('',(-1.,0.,0.));
#11883=DIRECTION('',(0.,0.82747577439176,0.561501418337262));
#11884=DIRECTION('center_axis',(-1.,0.,0.));
#11885=DIRECTION('ref_axis',(0.,-0.88688572621799,-0.461988862020274));
#11886=DIRECTION('center_axis',(-1.,0.,0.));
#11887=DIRECTION('ref_axis',(0.,-0.88688572621799,-0.461988862020274));
#11888=DIRECTION('',(-1.,0.,0.));
#11889=DIRECTION('center_axis',(-1.,0.,0.));
#11890=DIRECTION('ref_axis',(0.,-0.88688572621799,-0.461988862020274));
#11891=DIRECTION('center_axis',(-1.,0.,0.));
#11892=DIRECTION('ref_axis',(0.,-0.0790342011421639,-0.996871905035858));
#11893=DIRECTION('center_axis',(-1.,0.,0.));
#11894=DIRECTION('ref_axis',(0.,-0.0790342011421639,-0.996871905035858));
#11895=DIRECTION('',(-1.,0.,0.));
#11896=DIRECTION('center_axis',(-1.,0.,0.));
#11897=DIRECTION('ref_axis',(0.,-0.0790342011421639,-0.996871905035858));
#11898=DIRECTION('center_axis',(-1.,0.,0.));
#11899=DIRECTION('ref_axis',(0.,0.658144947541829,-0.7528912458152));
#11900=DIRECTION('center_axis',(-1.,0.,0.));
#11901=DIRECTION('ref_axis',(0.,0.658144947541829,-0.7528912458152));
#11902=DIRECTION('',(-1.,0.,0.));
#11903=DIRECTION('center_axis',(-1.,0.,0.));
#11904=DIRECTION('ref_axis',(0.,0.658144947541829,-0.7528912458152));
#11905=DIRECTION('center_axis',(-1.,0.,0.));
#11906=DIRECTION('ref_axis',(0.,0.646112219548834,0.763242425281561));
#11907=DIRECTION('center_axis',(-1.,0.,0.));
#11908=DIRECTION('ref_axis',(0.,0.646112219548834,0.763242425281561));
#11909=DIRECTION('',(-1.,0.,0.));
#11910=DIRECTION('center_axis',(-1.,0.,0.));
#11911=DIRECTION('ref_axis',(0.,0.646112219548834,0.763242425281561));
#11912=DIRECTION('center_axis',(-1.,0.,0.));
#11913=DIRECTION('ref_axis',(0.,-0.798710922493406,-0.60171493440809));
#11914=DIRECTION('center_axis',(1.,0.,0.));
#11915=DIRECTION('ref_axis',(0.,-0.798710922493406,-0.60171493440809));
#11916=DIRECTION('',(-1.,0.,0.));
#11917=DIRECTION('center_axis',(1.,0.,0.));
#11918=DIRECTION('ref_axis',(0.,-0.798710922493406,-0.60171493440809));
#11919=DIRECTION('center_axis',(-1.,0.,0.));
#11920=DIRECTION('ref_axis',(0.,-0.0622980598145272,0.998057589392188));
#11921=DIRECTION('center_axis',(1.,0.,0.));
#11922=DIRECTION('ref_axis',(0.,-0.0622980598145272,0.998057589392188));
#11923=DIRECTION('',(-1.,0.,0.));
#11924=DIRECTION('center_axis',(1.,0.,0.));
#11925=DIRECTION('ref_axis',(0.,-0.0622980598145272,0.998057589392188));
#11926=DIRECTION('center_axis',(-1.,0.,0.));
#11927=DIRECTION('ref_axis',(0.,0.862046556609424,0.506829097662946));
#11928=DIRECTION('center_axis',(1.,0.,0.));
#11929=DIRECTION('ref_axis',(0.,0.862046556609424,0.506829097662946));
#11930=DIRECTION('',(-1.,0.,0.));
#11931=DIRECTION('center_axis',(1.,0.,0.));
#11932=DIRECTION('ref_axis',(0.,0.862046556609424,0.506829097662946));
#11933=DIRECTION('center_axis',(0.,0.561501418337266,-0.827475774391758));
#11934=DIRECTION('ref_axis',(0.,-0.827475774391758,-0.561501418337266));
#11935=DIRECTION('',(0.,-0.827475774391758,-0.561501418337266));
#11936=DIRECTION('',(-1.,0.,0.));
#11937=DIRECTION('',(0.,-0.827475774391758,-0.561501418337266));
#11938=DIRECTION('center_axis',(-1.,0.,0.));
#11939=DIRECTION('ref_axis',(0.,0.792714833716177,0.60959264464586));
#11940=DIRECTION('center_axis',(-1.,0.,0.));
#11941=DIRECTION('ref_axis',(0.,0.792714833716177,0.60959264464586));
#11942=DIRECTION('center_axis',(-1.,0.,0.));
#11943=DIRECTION('ref_axis',(0.,0.792714833716177,0.60959264464586));
#11944=DIRECTION('center_axis',(1.,0.,0.));
#11945=DIRECTION('ref_axis',(0.,1.,0.));
#11946=DIRECTION('center_axis',(0.,0.,-1.));
#11947=DIRECTION('ref_axis',(0.,-1.,0.));
#11948=DIRECTION('',(0.,-1.,0.));
#11949=DIRECTION('',(-1.,0.,0.));
#11950=DIRECTION('',(0.,-1.,0.));
#11951=DIRECTION('',(-1.,0.,0.));
#11952=DIRECTION('center_axis',(0.,1.,0.));
#11953=DIRECTION('ref_axis',(0.,0.,-1.));
#11954=DIRECTION('',(0.,0.,-1.));
#11955=DIRECTION('',(-1.,0.,0.));
#11956=DIRECTION('',(0.,0.,-1.));
#11957=DIRECTION('center_axis',(-1.,0.,0.));
#11958=DIRECTION('ref_axis',(0.,0.997088100406774,-0.0762582456342365));
#11959=DIRECTION('center_axis',(-1.,0.,0.));
#11960=DIRECTION('ref_axis',(0.,0.997088100406774,-0.0762582456342365));
#11961=DIRECTION('',(-1.,0.,0.));
#11962=DIRECTION('center_axis',(-1.,0.,0.));
#11963=DIRECTION('ref_axis',(0.,0.997088100406774,-0.0762582456342365));
#11964=DIRECTION('center_axis',(0.,1.,0.));
#11965=DIRECTION('ref_axis',(0.,0.,-1.));
#11966=DIRECTION('',(0.,0.,-1.));
#11967=DIRECTION('',(-1.,0.,0.));
#11968=DIRECTION('',(0.,0.,-1.));
#11969=DIRECTION('center_axis',(0.,0.,1.));
#11970=DIRECTION('ref_axis',(0.,1.,0.));
#11971=DIRECTION('',(0.,1.,0.));
#11972=DIRECTION('',(-1.,0.,0.));
#11973=DIRECTION('',(0.,1.,0.));
#11974=DIRECTION('center_axis',(0.,-1.,0.));
#11975=DIRECTION('ref_axis',(0.,0.,1.));
#11976=DIRECTION('',(0.,0.,1.));
#11977=DIRECTION('',(-1.,0.,0.));
#11978=DIRECTION('',(0.,0.,1.));
#11979=DIRECTION('center_axis',(0.,0.,-1.));
#11980=DIRECTION('ref_axis',(0.,-1.,0.));
#11981=DIRECTION('',(0.,-1.,0.));
#11982=DIRECTION('',(-1.,0.,0.));
#11983=DIRECTION('',(0.,-1.,0.));
#11984=DIRECTION('center_axis',(0.,1.,0.));
#11985=DIRECTION('ref_axis',(0.,0.,-1.));
#11986=DIRECTION('',(0.,0.,-1.));
#11987=DIRECTION('',(-1.,0.,0.));
#11988=DIRECTION('',(0.,0.,-1.));
#11989=DIRECTION('center_axis',(-1.,0.,0.));
#11990=DIRECTION('ref_axis',(0.,0.969288421410169,0.245926729169852));
#11991=DIRECTION('center_axis',(1.,0.,0.));
#11992=DIRECTION('ref_axis',(0.,0.969288421410169,0.245926729169852));
#11993=DIRECTION('',(-1.,0.,0.));
#11994=DIRECTION('center_axis',(1.,0.,0.));
#11995=DIRECTION('ref_axis',(0.,0.969288421410169,0.245926729169852));
#11996=DIRECTION('center_axis',(0.,-1.,0.));
#11997=DIRECTION('ref_axis',(0.,0.,1.));
#11998=DIRECTION('',(0.,0.,1.));
#11999=DIRECTION('',(0.,0.,1.));
#12000=DIRECTION('center_axis',(1.,0.,0.));
#12001=DIRECTION('ref_axis',(0.,1.,0.));
#12002=DIRECTION('center_axis',(0.,0.,-1.));
#12003=DIRECTION('ref_axis',(0.,-1.,0.));
#12004=DIRECTION('',(0.,-1.,0.));
#12005=DIRECTION('',(-1.,0.,0.));
#12006=DIRECTION('',(0.,-1.,0.));
#12007=DIRECTION('',(-1.,0.,0.));
#12008=DIRECTION('center_axis',(0.,1.,0.));
#12009=DIRECTION('ref_axis',(0.,0.,-1.));
#12010=DIRECTION('',(0.,0.,-1.));
#12011=DIRECTION('',(-1.,0.,0.));
#12012=DIRECTION('',(0.,0.,-1.));
#12013=DIRECTION('center_axis',(-1.,0.,0.));
#12014=DIRECTION('ref_axis',(0.,0.990583719454959,-0.136908344343135));
#12015=DIRECTION('center_axis',(-1.,0.,0.));
#12016=DIRECTION('ref_axis',(0.,0.990583719454959,-0.136908344343135));
#12017=DIRECTION('',(-1.,0.,0.));
#12018=DIRECTION('center_axis',(-1.,0.,0.));
#12019=DIRECTION('ref_axis',(0.,0.990583719454959,-0.136908344343135));
#12020=DIRECTION('center_axis',(-1.,0.,0.));
#12021=DIRECTION('ref_axis',(0.,0.812174123965829,0.583415111528951));
#12022=DIRECTION('center_axis',(-1.,0.,0.));
#12023=DIRECTION('ref_axis',(0.,0.812174123965829,0.583415111528951));
#12024=DIRECTION('',(-1.,0.,0.));
#12025=DIRECTION('center_axis',(-1.,0.,0.));
#12026=DIRECTION('ref_axis',(0.,0.812174123965829,0.583415111528951));
#12027=DIRECTION('center_axis',(0.,1.,0.));
#12028=DIRECTION('ref_axis',(0.,0.,-1.));
#12029=DIRECTION('',(0.,0.,-1.));
#12030=DIRECTION('',(-1.,0.,0.));
#12031=DIRECTION('',(0.,0.,-1.));
#12032=DIRECTION('center_axis',(0.,0.,1.));
#12033=DIRECTION('ref_axis',(0.,1.,0.));
#12034=DIRECTION('',(0.,1.,0.));
#12035=DIRECTION('',(-1.,0.,0.));
#12036=DIRECTION('',(0.,1.,0.));
#12037=DIRECTION('center_axis',(0.,-1.,0.));
#12038=DIRECTION('ref_axis',(0.,0.,1.));
#12039=DIRECTION('',(0.,0.,1.));
#12040=DIRECTION('',(-1.,0.,0.));
#12041=DIRECTION('',(0.,0.,1.));
#12042=DIRECTION('center_axis',(0.,0.,-1.));
#12043=DIRECTION('ref_axis',(0.,-1.,0.));
#12044=DIRECTION('',(0.,-1.,0.));
#12045=DIRECTION('',(-1.,0.,0.));
#12046=DIRECTION('',(0.,-1.,0.));
#12047=DIRECTION('center_axis',(0.,1.,0.));
#12048=DIRECTION('ref_axis',(0.,0.,-1.));
#12049=DIRECTION('',(0.,0.,-1.));
#12050=DIRECTION('',(-1.,0.,0.));
#12051=DIRECTION('',(0.,0.,-1.));
#12052=DIRECTION('center_axis',(-1.,0.,0.));
#12053=DIRECTION('ref_axis',(0.,0.977125805110253,0.212662081687449));
#12054=DIRECTION('center_axis',(1.,0.,0.));
#12055=DIRECTION('ref_axis',(0.,0.977125805110253,0.212662081687449));
#12056=DIRECTION('',(-1.,0.,0.));
#12057=DIRECTION('center_axis',(1.,0.,0.));
#12058=DIRECTION('ref_axis',(0.,0.977125805110253,0.212662081687449));
#12059=DIRECTION('center_axis',(0.,-1.,0.));
#12060=DIRECTION('ref_axis',(0.,0.,1.));
#12061=DIRECTION('',(0.,0.,1.));
#12062=DIRECTION('',(-1.,0.,0.));
#12063=DIRECTION('',(0.,0.,1.));
#12064=DIRECTION('center_axis',(0.,0.,-1.));
#12065=DIRECTION('ref_axis',(0.,-1.,0.));
#12066=DIRECTION('',(0.,-1.,0.));
#12067=DIRECTION('',(-1.,0.,0.));
#12068=DIRECTION('',(0.,-1.,0.));
#12069=DIRECTION('center_axis',(0.,1.,0.));
#12070=DIRECTION('ref_axis',(0.,0.,-1.));
#12071=DIRECTION('',(0.,0.,-1.));
#12072=DIRECTION('',(-1.,0.,0.));
#12073=DIRECTION('',(0.,0.,-1.));
#12074=DIRECTION('center_axis',(-1.,0.,0.));
#12075=DIRECTION('ref_axis',(0.,0.982488152948956,0.186325063571571));
#12076=DIRECTION('center_axis',(1.,0.,0.));
#12077=DIRECTION('ref_axis',(0.,0.982488152948956,0.186325063571571));
#12078=DIRECTION('',(-1.,0.,0.));
#12079=DIRECTION('center_axis',(1.,0.,0.));
#12080=DIRECTION('ref_axis',(0.,0.982488152948956,0.186325063571571));
#12081=DIRECTION('center_axis',(0.,-1.,0.));
#12082=DIRECTION('ref_axis',(0.,0.,1.));
#12083=DIRECTION('',(0.,0.,1.));
#12084=DIRECTION('',(0.,0.,1.));
#12085=DIRECTION('center_axis',(1.,0.,0.));
#12086=DIRECTION('ref_axis',(0.,1.,0.));
#12087=DIRECTION('center_axis',(0.,1.,0.));
#12088=DIRECTION('ref_axis',(0.,0.,-1.));
#12089=DIRECTION('',(0.,0.,-1.));
#12090=DIRECTION('',(-1.,0.,0.));
#12091=DIRECTION('',(0.,0.,-1.));
#12092=DIRECTION('',(-1.,0.,0.));
#12093=DIRECTION('center_axis',(0.,0.,1.));
#12094=DIRECTION('ref_axis',(0.,1.,0.));
#12095=DIRECTION('',(0.,1.,0.));
#12096=DIRECTION('',(-1.,0.,0.));
#12097=DIRECTION('',(0.,1.,0.));
#12098=DIRECTION('center_axis',(0.,-1.,0.));
#12099=DIRECTION('ref_axis',(0.,0.,1.));
#12100=DIRECTION('',(0.,0.,1.));
#12101=DIRECTION('',(-1.,0.,0.));
#12102=DIRECTION('',(0.,0.,1.));
#12103=DIRECTION('center_axis',(0.,0.,-1.));
#12104=DIRECTION('ref_axis',(0.,-1.,0.));
#12105=DIRECTION('',(0.,-1.,0.));
#12106=DIRECTION('',(0.,-1.,0.));
#12107=DIRECTION('center_axis',(-1.,0.,0.));
#12108=DIRECTION('ref_axis',(0.,0.,1.));
#12109=DIRECTION('center_axis',(-1.,0.,0.));
#12110=DIRECTION('ref_axis',(0.,1.,0.));
#12111=DIRECTION('center_axis',(-1.,0.,0.));
#12112=DIRECTION('ref_axis',(0.,1.,0.));
#12113=DIRECTION('',(-1.,0.,0.));
#12114=DIRECTION('center_axis',(-1.,0.,0.));
#12115=DIRECTION('ref_axis',(0.,1.,0.));
#12116=DIRECTION('center_axis',(1.,0.,0.));
#12117=DIRECTION('ref_axis',(0.,1.,0.));
#12118=DIRECTION('center_axis',(-1.,0.,0.));
#12119=DIRECTION('ref_axis',(0.,0.259890256390527,0.965638159267366));
#12120=DIRECTION('center_axis',(-1.,0.,0.));
#12121=DIRECTION('ref_axis',(0.,0.259890256390527,0.965638159267366));
#12122=DIRECTION('',(-1.,0.,0.));
#12123=DIRECTION('center_axis',(-1.,0.,0.));
#12124=DIRECTION('ref_axis',(0.,0.259890256390527,0.965638159267366));
#12125=DIRECTION('',(-1.,0.,0.));
#12126=DIRECTION('center_axis',(0.,1.,0.));
#12127=DIRECTION('ref_axis',(0.,0.,-1.));
#12128=DIRECTION('',(0.,0.,-1.));
#12129=DIRECTION('',(-1.,0.,0.));
#12130=DIRECTION('',(0.,0.,-1.));
#12131=DIRECTION('center_axis',(0.,0.,1.));
#12132=DIRECTION('ref_axis',(0.,1.,0.));
#12133=DIRECTION('',(0.,1.,0.));
#12134=DIRECTION('',(-1.,0.,0.));
#12135=DIRECTION('',(0.,1.,0.));
#12136=DIRECTION('center_axis',(0.,-1.,0.));
#12137=DIRECTION('ref_axis',(0.,0.,1.));
#12138=DIRECTION('',(0.,0.,1.));
#12139=DIRECTION('',(-1.,0.,0.));
#12140=DIRECTION('',(0.,0.,1.));
#12141=DIRECTION('center_axis',(0.,0.,-1.));
#12142=DIRECTION('ref_axis',(0.,-1.,0.));
#12143=DIRECTION('',(0.,-1.,0.));
#12144=DIRECTION('',(-1.,0.,0.));
#12145=DIRECTION('',(0.,-1.,0.));
#12146=DIRECTION('center_axis',(0.,1.,0.));
#12147=DIRECTION('ref_axis',(0.,0.,-1.));
#12148=DIRECTION('',(0.,0.,-1.));
#12149=DIRECTION('',(-1.,0.,0.));
#12150=DIRECTION('',(0.,0.,-1.));
#12151=DIRECTION('center_axis',(-1.,0.,0.));
#12152=DIRECTION('ref_axis',(0.,0.346261794451604,0.93813792680136));
#12153=DIRECTION('center_axis',(1.,0.,0.));
#12154=DIRECTION('ref_axis',(0.,0.346261794451604,0.93813792680136));
#12155=DIRECTION('',(-1.,0.,0.));
#12156=DIRECTION('center_axis',(1.,0.,0.));
#12157=DIRECTION('ref_axis',(0.,0.346261794451604,0.93813792680136));
#12158=DIRECTION('center_axis',(0.,1.,0.));
#12159=DIRECTION('ref_axis',(0.,0.,-1.));
#12160=DIRECTION('',(0.,0.,-1.));
#12161=DIRECTION('',(0.,0.,-1.));
#12162=DIRECTION('center_axis',(1.,0.,0.));
#12163=DIRECTION('ref_axis',(0.,1.,0.));
#12164=DIRECTION('center_axis',(0.,0.,1.));
#12165=DIRECTION('ref_axis',(0.,1.,0.));
#12166=DIRECTION('',(0.,1.,0.));
#12167=DIRECTION('',(-1.,0.,0.));
#12168=DIRECTION('',(0.,1.,0.));
#12169=DIRECTION('',(-1.,0.,0.));
#12170=DIRECTION('center_axis',(0.,0.914115288408498,-0.405454361794085));
#12171=DIRECTION('ref_axis',(0.,-0.405454361794085,-0.914115288408498));
#12172=DIRECTION('',(0.,-0.405454361794085,-0.914115288408498));
#12173=DIRECTION('',(-1.,0.,0.));
#12174=DIRECTION('',(0.,-0.405454361794085,-0.914115288408498));
#12175=DIRECTION('center_axis',(0.,-0.919528157205866,-0.393024131708963));
#12176=DIRECTION('ref_axis',(0.,-0.393024131708963,0.919528157205866));
#12177=DIRECTION('',(0.,-0.393024131708963,0.919528157205866));
#12178=DIRECTION('',(0.,-0.393024131708963,0.919528157205866));
#12179=DIRECTION('center_axis',(0.,0.,-1.));
#12180=DIRECTION('ref_axis',(0.,-1.,0.));
#12181=DIRECTION('',(0.,-1.,0.));
#12182=DIRECTION('',(-1.,0.,0.));
#12183=DIRECTION('',(0.,-1.,0.));
#12184=DIRECTION('',(-1.,0.,0.));
#12185=DIRECTION('center_axis',(0.,-0.912137768573071,-0.409883753206368));
#12186=DIRECTION('ref_axis',(0.,-0.409883753206368,0.912137768573071));
#12187=DIRECTION('',(0.,-0.409883753206368,0.912137768573071));
#12188=DIRECTION('',(-1.,0.,0.));
#12189=DIRECTION('',(0.,-0.409883753206368,0.912137768573071));
#12190=DIRECTION('center_axis',(0.,0.,-1.));
#12191=DIRECTION('ref_axis',(0.,-1.,0.));
#12192=DIRECTION('',(0.,-1.,0.));
#12193=DIRECTION('',(-1.,0.,0.));
#12194=DIRECTION('',(0.,-1.,0.));
#12195=DIRECTION('center_axis',(0.,0.91213776857307,0.40988375320637));
#12196=DIRECTION('ref_axis',(0.,0.40988375320637,-0.91213776857307));
#12197=DIRECTION('',(0.,0.40988375320637,-0.91213776857307));
#12198=DIRECTION('',(-1.,0.,0.));
#12199=DIRECTION('',(0.,0.40988375320637,-0.91213776857307));
#12200=DIRECTION('center_axis',(0.,0.,1.));
#12201=DIRECTION('ref_axis',(0.,1.,0.));
#12202=DIRECTION('',(0.,1.,0.));
#12203=DIRECTION('',(-1.,0.,0.));
#12204=DIRECTION('',(0.,1.,0.));
#12205=DIRECTION('center_axis',(0.,-0.911639023979146,0.410991836851232));
#12206=DIRECTION('ref_axis',(0.,0.410991836851232,0.911639023979146));
#12207=DIRECTION('',(0.,0.410991836851232,0.911639023979146));
#12208=DIRECTION('',(-1.,0.,0.));
#12209=DIRECTION('',(0.,0.410991836851232,0.911639023979146));
#12210=DIRECTION('center_axis',(0.,0.,-1.));
#12211=DIRECTION('ref_axis',(0.,-1.,0.));
#12212=DIRECTION('',(0.,-1.,0.));
#12213=DIRECTION('',(-1.,0.,0.));
#12214=DIRECTION('',(0.,-1.,0.));
#12215=DIRECTION('center_axis',(0.,0.914069739979087,-0.405557037239603));
#12216=DIRECTION('ref_axis',(0.,-0.405557037239603,-0.914069739979087));
#12217=DIRECTION('',(0.,-0.405557037239603,-0.914069739979087));
#12218=DIRECTION('',(0.,-0.405557037239603,-0.914069739979087));
#12219=DIRECTION('center_axis',(-1.,0.,0.));
#12220=DIRECTION('ref_axis',(0.,0.,1.));
#12221=DIRECTION('center_axis',(-1.,0.,0.));
#12222=DIRECTION('ref_axis',(0.,1.,0.));
#12223=DIRECTION('center_axis',(-1.,0.,0.));
#12224=DIRECTION('ref_axis',(0.,1.,0.));
#12225=DIRECTION('',(-1.,0.,0.));
#12226=DIRECTION('center_axis',(-1.,0.,0.));
#12227=DIRECTION('ref_axis',(0.,1.,0.));
#12228=DIRECTION('center_axis',(1.,0.,0.));
#12229=DIRECTION('ref_axis',(0.,1.,0.));
#12230=DIRECTION('center_axis',(0.,1.,0.));
#12231=DIRECTION('ref_axis',(0.,0.,-1.));
#12232=DIRECTION('',(0.,0.,-1.));
#12233=DIRECTION('',(-1.,0.,0.));
#12234=DIRECTION('',(0.,0.,-1.));
#12235=DIRECTION('',(-1.,0.,0.));
#12236=DIRECTION('center_axis',(0.,0.,1.));
#12237=DIRECTION('ref_axis',(0.,1.,0.));
#12238=DIRECTION('',(0.,1.,0.));
#12239=DIRECTION('',(-1.,0.,0.));
#12240=DIRECTION('',(0.,1.,0.));
#12241=DIRECTION('center_axis',(0.,-1.,0.));
#12242=DIRECTION('ref_axis',(0.,0.,1.));
#12243=DIRECTION('',(0.,0.,1.));
#12244=DIRECTION('',(-1.,0.,0.));
#12245=DIRECTION('',(0.,0.,1.));
#12246=DIRECTION('center_axis',(0.,0.,-1.));
#12247=DIRECTION('ref_axis',(0.,-1.,0.));
#12248=DIRECTION('',(0.,-1.,0.));
#12249=DIRECTION('',(0.,-1.,0.));
#12250=DIRECTION('center_axis',(-1.,0.,0.));
#12251=DIRECTION('ref_axis',(0.,0.,1.));
#12252=DIRECTION('center_axis',(-1.,0.,0.));
#12253=DIRECTION('ref_axis',(0.,1.,0.));
#12254=DIRECTION('center_axis',(-1.,0.,0.));
#12255=DIRECTION('ref_axis',(0.,1.,0.));
#12256=DIRECTION('',(-1.,0.,0.));
#12257=DIRECTION('center_axis',(-1.,0.,0.));
#12258=DIRECTION('ref_axis',(0.,1.,0.));
#12259=DIRECTION('center_axis',(1.,0.,0.));
#12260=DIRECTION('ref_axis',(0.,1.,0.));
#12261=DIRECTION('center_axis',(0.,1.,0.));
#12262=DIRECTION('ref_axis',(0.,0.,-1.));
#12263=DIRECTION('',(0.,0.,-1.));
#12264=DIRECTION('',(-1.,0.,0.));
#12265=DIRECTION('',(0.,0.,-1.));
#12266=DIRECTION('',(-1.,0.,0.));
#12267=DIRECTION('center_axis',(0.,0.,1.));
#12268=DIRECTION('ref_axis',(0.,1.,0.));
#12269=DIRECTION('',(0.,1.,0.));
#12270=DIRECTION('',(-1.,0.,0.));
#12271=DIRECTION('',(0.,1.,0.));
#12272=DIRECTION('center_axis',(0.,-1.,0.));
#12273=DIRECTION('ref_axis',(0.,0.,1.));
#12274=DIRECTION('',(0.,0.,1.));
#12275=DIRECTION('',(-1.,0.,0.));
#12276=DIRECTION('',(0.,0.,1.));
#12277=DIRECTION('center_axis',(0.,0.,-1.));
#12278=DIRECTION('ref_axis',(0.,-1.,0.));
#12279=DIRECTION('',(0.,-1.,0.));
#12280=DIRECTION('',(0.,-1.,0.));
#12281=DIRECTION('center_axis',(-1.,0.,0.));
#12282=DIRECTION('ref_axis',(0.,0.,1.));
#12283=DIRECTION('center_axis',(-1.,0.,0.));
#12284=DIRECTION('ref_axis',(0.,1.,0.));
#12285=DIRECTION('center_axis',(1.,0.,0.));
#12286=DIRECTION('ref_axis',(0.,1.,0.));
#12287=DIRECTION('',(-1.,0.,0.));
#12288=DIRECTION('center_axis',(1.,0.,0.));
#12289=DIRECTION('ref_axis',(0.,1.,0.));
#12290=DIRECTION('center_axis',(-1.,0.,0.));
#12291=DIRECTION('ref_axis',(0.,-1.,7.03662222795887E-17));
#12292=DIRECTION('center_axis',(-1.,0.,0.));
#12293=DIRECTION('ref_axis',(0.,0.658661699156447,0.752439210876429));
#12294=DIRECTION('',(-1.,0.,0.));
#12295=DIRECTION('center_axis',(-1.,0.,0.));
#12296=DIRECTION('ref_axis',(0.,0.658661699156447,0.752439210876429));
#12297=DIRECTION('',(-1.,0.,0.));
#12298=DIRECTION('center_axis',(0.,-1.,0.));
#12299=DIRECTION('ref_axis',(0.,0.,1.));
#12300=DIRECTION('',(0.,0.,1.));
#12301=DIRECTION('',(-1.,0.,0.));
#12302=DIRECTION('',(0.,0.,1.));
#12303=DIRECTION('center_axis',(0.,0.,-1.));
#12304=DIRECTION('ref_axis',(0.,-1.,0.));
#12305=DIRECTION('',(0.,-1.,0.));
#12306=DIRECTION('',(-1.,0.,0.));
#12307=DIRECTION('',(0.,-1.,0.));
#12308=DIRECTION('center_axis',(0.,1.,0.));
#12309=DIRECTION('ref_axis',(0.,0.,-1.));
#12310=DIRECTION('',(0.,0.,-1.));
#12311=DIRECTION('',(-1.,0.,0.));
#12312=DIRECTION('',(0.,0.,-1.));
#12313=DIRECTION('center_axis',(0.,0.,1.));
#12314=DIRECTION('ref_axis',(0.,1.,0.));
#12315=DIRECTION('',(0.,1.,0.));
#12316=DIRECTION('',(-1.,0.,0.));
#12317=DIRECTION('',(0.,1.,0.));
#12318=DIRECTION('center_axis',(0.,-1.,0.));
#12319=DIRECTION('ref_axis',(0.,0.,1.));
#12320=DIRECTION('',(0.,0.,1.));
#12321=DIRECTION('',(0.,0.,1.));
#12322=DIRECTION('center_axis',(1.,0.,0.));
#12323=DIRECTION('ref_axis',(0.,1.,0.));
#12324=DIRECTION('center_axis',(-1.,0.,0.));
#12325=DIRECTION('ref_axis',(0.,-0.987615040629177,-0.156896563133258));
#12326=DIRECTION('center_axis',(-1.,0.,0.));
#12327=DIRECTION('ref_axis',(0.,-0.987615040629177,-0.156896563133258));
#12328=DIRECTION('',(-1.,0.,0.));
#12329=DIRECTION('center_axis',(-1.,0.,0.));
#12330=DIRECTION('ref_axis',(0.,-0.987615040629177,-0.156896563133258));
#12331=DIRECTION('',(-1.,0.,0.));
#12332=DIRECTION('center_axis',(0.,-1.,0.));
#12333=DIRECTION('ref_axis',(0.,0.,1.));
#12334=DIRECTION('',(0.,0.,1.));
#12335=DIRECTION('',(-1.,0.,0.));
#12336=DIRECTION('',(0.,0.,1.));
#12337=DIRECTION('center_axis',(0.,0.,-1.));
#12338=DIRECTION('ref_axis',(0.,-1.,0.));
#12339=DIRECTION('',(0.,-1.,0.));
#12340=DIRECTION('',(-1.,0.,0.));
#12341=DIRECTION('',(0.,-1.,0.));
#12342=DIRECTION('center_axis',(0.,1.,0.));
#12343=DIRECTION('ref_axis',(0.,0.,-1.));
#12344=DIRECTION('',(0.,0.,-1.));
#12345=DIRECTION('',(-1.,0.,0.));
#12346=DIRECTION('',(0.,0.,-1.));
#12347=DIRECTION('center_axis',(0.,0.,1.));
#12348=DIRECTION('ref_axis',(0.,1.,0.));
#12349=DIRECTION('',(0.,1.,0.));
#12350=DIRECTION('',(-1.,0.,0.));
#12351=DIRECTION('',(0.,1.,0.));
#12352=DIRECTION('center_axis',(0.,-1.,0.));
#12353=DIRECTION('ref_axis',(0.,0.,1.));
#12354=DIRECTION('',(0.,0.,1.));
#12355=DIRECTION('',(-1.,0.,0.));
#12356=DIRECTION('',(0.,0.,1.));
#12357=DIRECTION('center_axis',(-1.,0.,0.));
#12358=DIRECTION('ref_axis',(0.,-1.,-5.55826881776567E-15));
#12359=DIRECTION('center_axis',(1.,0.,0.));
#12360=DIRECTION('ref_axis',(0.,-1.,-5.55826881776567E-15));
#12361=DIRECTION('',(-1.,0.,0.));
#12362=DIRECTION('center_axis',(1.,0.,0.));
#12363=DIRECTION('ref_axis',(0.,-1.,-5.55826881776567E-15));
#12364=DIRECTION('center_axis',(0.,1.,0.));
#12365=DIRECTION('ref_axis',(0.,0.,-1.));
#12366=DIRECTION('',(0.,0.,-1.));
#12367=DIRECTION('',(-1.,0.,0.));
#12368=DIRECTION('',(0.,0.,-1.));
#12369=DIRECTION('center_axis',(0.,0.,1.));
#12370=DIRECTION('ref_axis',(0.,1.,0.));
#12371=DIRECTION('',(0.,1.,0.));
#12372=DIRECTION('',(-1.,0.,0.));
#12373=DIRECTION('',(0.,1.,0.));
#12374=DIRECTION('center_axis',(0.,-1.,0.));
#12375=DIRECTION('ref_axis',(0.,0.,1.));
#12376=DIRECTION('',(0.,0.,1.));
#12377=DIRECTION('',(0.,0.,1.));
#12378=DIRECTION('center_axis',(1.,0.,0.));
#12379=DIRECTION('ref_axis',(0.,1.,0.));
#12380=DIRECTION('center_axis',(0.,0.,-1.));
#12381=DIRECTION('ref_axis',(0.,-1.,0.));
#12382=DIRECTION('',(0.,-1.,0.));
#12383=DIRECTION('',(-1.,0.,0.));
#12384=DIRECTION('',(0.,-1.,0.));
#12385=DIRECTION('',(-1.,0.,0.));
#12386=DIRECTION('center_axis',(0.,1.,0.));
#12387=DIRECTION('ref_axis',(0.,0.,-1.));
#12388=DIRECTION('',(0.,0.,-1.));
#12389=DIRECTION('',(-1.,0.,0.));
#12390=DIRECTION('',(0.,0.,-1.));
#12391=DIRECTION('center_axis',(0.,-0.754443078577717,-0.656365478362609));
#12392=DIRECTION('ref_axis',(0.,-0.656365478362609,0.754443078577717));
#12393=DIRECTION('',(0.,-0.656365478362609,0.754443078577717));
#12394=DIRECTION('',(-1.,0.,0.));
#12395=DIRECTION('',(0.,-0.656365478362609,0.754443078577717));
#12396=DIRECTION('center_axis',(0.,0.,-1.));
#12397=DIRECTION('ref_axis',(0.,-1.,0.));
#12398=DIRECTION('',(0.,-1.,0.));
#12399=DIRECTION('',(-1.,0.,0.));
#12400=DIRECTION('',(0.,-1.,0.));
#12401=DIRECTION('center_axis',(0.,0.774243348867842,0.6328880127905));
#12402=DIRECTION('ref_axis',(0.,0.6328880127905,-0.774243348867842));
#12403=DIRECTION('',(0.,0.6328880127905,-0.774243348867842));
#12404=DIRECTION('',(-1.,0.,0.));
#12405=DIRECTION('',(0.,0.6328880127905,-0.774243348867842));
#12406=DIRECTION('center_axis',(0.,0.746956272722429,-0.664873165829857));
#12407=DIRECTION('ref_axis',(0.,-0.664873165829857,-0.746956272722429));
#12408=DIRECTION('',(0.,-0.664873165829857,-0.746956272722429));
#12409=DIRECTION('',(-1.,0.,0.));
#12410=DIRECTION('',(0.,-0.664873165829857,-0.746956272722429));
#12411=DIRECTION('center_axis',(0.,0.,1.));
#12412=DIRECTION('ref_axis',(0.,1.,0.));
#12413=DIRECTION('',(0.,1.,0.));
#12414=DIRECTION('',(-1.,0.,0.));
#12415=DIRECTION('',(0.,1.,0.));
#12416=DIRECTION('center_axis',(0.,-0.74695627272243,0.664873165829855));
#12417=DIRECTION('ref_axis',(0.,0.664873165829855,0.74695627272243));
#12418=DIRECTION('',(0.,0.664873165829855,0.74695627272243));
#12419=DIRECTION('',(-1.,0.,0.));
#12420=DIRECTION('',(0.,0.664873165829855,0.74695627272243));
#12421=DIRECTION('center_axis',(0.,1.,0.));
#12422=DIRECTION('ref_axis',(0.,0.,-1.));
#12423=DIRECTION('',(0.,0.,-1.));
#12424=DIRECTION('',(-1.,0.,0.));
#12425=DIRECTION('',(0.,0.,-1.));
#12426=DIRECTION('center_axis',(0.,0.,1.));
#12427=DIRECTION('ref_axis',(0.,1.,0.));
#12428=DIRECTION('',(0.,1.,0.));
#12429=DIRECTION('',(-1.,0.,0.));
#12430=DIRECTION('',(0.,1.,0.));
#12431=DIRECTION('center_axis',(0.,-1.,0.));
#12432=DIRECTION('ref_axis',(0.,0.,1.));
#12433=DIRECTION('',(0.,0.,1.));
#12434=DIRECTION('',(0.,0.,1.));
#12435=DIRECTION('center_axis',(-1.,0.,0.));
#12436=DIRECTION('ref_axis',(0.,0.,1.));
#12437=DIRECTION('center_axis',(0.,1.,0.));
#12438=DIRECTION('ref_axis',(0.,0.,-1.));
#12439=DIRECTION('',(0.,0.,-1.));
#12440=DIRECTION('',(-1.,0.,0.));
#12441=DIRECTION('',(0.,0.,-1.));
#12442=DIRECTION('',(-1.,0.,0.));
#12443=DIRECTION('center_axis',(0.,0.,1.));
#12444=DIRECTION('ref_axis',(0.,1.,0.));
#12445=DIRECTION('',(0.,1.,0.));
#12446=DIRECTION('',(-1.,0.,0.));
#12447=DIRECTION('',(0.,1.,0.));
#12448=DIRECTION('center_axis',(0.,-1.,0.));
#12449=DIRECTION('ref_axis',(0.,0.,1.));
#12450=DIRECTION('',(0.,0.,1.));
#12451=DIRECTION('',(-1.,0.,0.));
#12452=DIRECTION('',(0.,0.,1.));
#12453=DIRECTION('center_axis',(0.,0.,-1.));
#12454=DIRECTION('ref_axis',(0.,-1.,0.));
#12455=DIRECTION('',(0.,-1.,0.));
#12456=DIRECTION('',(-1.,0.,0.));
#12457=DIRECTION('',(0.,-1.,0.));
#12458=DIRECTION('center_axis',(0.,1.,0.));
#12459=DIRECTION('ref_axis',(0.,0.,-1.));
#12460=DIRECTION('',(0.,0.,-1.));
#12461=DIRECTION('',(-1.,0.,0.));
#12462=DIRECTION('',(0.,0.,-1.));
#12463=DIRECTION('center_axis',(-1.,0.,0.));
#12464=DIRECTION('ref_axis',(0.,0.356271082775674,0.934382638739531));
#12465=DIRECTION('center_axis',(1.,0.,0.));
#12466=DIRECTION('ref_axis',(0.,0.356271082775674,0.934382638739531));
#12467=DIRECTION('',(-1.,0.,0.));
#12468=DIRECTION('center_axis',(1.,0.,0.));
#12469=DIRECTION('ref_axis',(0.,0.356271082775674,0.934382638739531));
#12470=DIRECTION('center_axis',(0.,1.,0.));
#12471=DIRECTION('ref_axis',(0.,0.,-1.));
#12472=DIRECTION('',(0.,0.,-1.));
#12473=DIRECTION('',(-1.,0.,0.));
#12474=DIRECTION('',(0.,0.,-1.));
#12475=DIRECTION('center_axis',(-1.,0.,0.));
#12476=DIRECTION('ref_axis',(0.,0.218040544428057,0.975939711757605));
#12477=DIRECTION('center_axis',(-1.,0.,0.));
#12478=DIRECTION('ref_axis',(0.,0.218040544428057,0.975939711757605));
#12479=DIRECTION('center_axis',(-1.,0.,0.));
#12480=DIRECTION('ref_axis',(0.,0.218040544428057,0.975939711757605));
#12481=DIRECTION('center_axis',(1.,0.,0.));
#12482=DIRECTION('ref_axis',(0.,1.,0.));
#12483=DIRECTION('center_axis',(-1.,0.,0.));
#12484=DIRECTION('ref_axis',(0.,0.159769243792084,0.987154389514683));
#12485=DIRECTION('center_axis',(-1.,0.,0.));
#12486=DIRECTION('ref_axis',(0.,0.159769243792084,0.987154389514683));
#12487=DIRECTION('',(-1.,0.,0.));
#12488=DIRECTION('center_axis',(-1.,0.,0.));
#12489=DIRECTION('ref_axis',(0.,0.159769243792084,0.987154389514683));
#12490=DIRECTION('',(-1.,0.,0.));
#12491=DIRECTION('center_axis',(0.,1.,0.));
#12492=DIRECTION('ref_axis',(0.,0.,-1.));
#12493=DIRECTION('',(0.,0.,-1.));
#12494=DIRECTION('',(-1.,0.,0.));
#12495=DIRECTION('',(0.,0.,-1.));
#12496=DIRECTION('center_axis',(0.,0.,1.));
#12497=DIRECTION('ref_axis',(0.,1.,0.));
#12498=DIRECTION('',(0.,1.,0.));
#12499=DIRECTION('',(-1.,0.,0.));
#12500=DIRECTION('',(0.,1.,0.));
#12501=DIRECTION('center_axis',(0.,-1.,0.));
#12502=DIRECTION('ref_axis',(0.,0.,1.));
#12503=DIRECTION('',(0.,0.,1.));
#12504=DIRECTION('',(-1.,0.,0.));
#12505=DIRECTION('',(0.,0.,1.));
#12506=DIRECTION('center_axis',(0.,0.,-1.));
#12507=DIRECTION('ref_axis',(0.,-1.,0.));
#12508=DIRECTION('',(0.,-1.,0.));
#12509=DIRECTION('',(-1.,0.,0.));
#12510=DIRECTION('',(0.,-1.,0.));
#12511=DIRECTION('center_axis',(0.,1.,0.));
#12512=DIRECTION('ref_axis',(0.,0.,-1.));
#12513=DIRECTION('',(0.,0.,-1.));
#12514=DIRECTION('',(-1.,0.,0.));
#12515=DIRECTION('',(0.,0.,-1.));
#12516=DIRECTION('center_axis',(-1.,0.,0.));
#12517=DIRECTION('ref_axis',(0.,0.410003088391229,0.912084134008291));
#12518=DIRECTION('center_axis',(1.,0.,0.));
#12519=DIRECTION('ref_axis',(0.,0.410003088391229,0.912084134008291));
#12520=DIRECTION('',(-1.,0.,0.));
#12521=DIRECTION('center_axis',(1.,0.,0.));
#12522=DIRECTION('ref_axis',(0.,0.410003088391229,0.912084134008291));
#12523=DIRECTION('center_axis',(0.,1.,0.));
#12524=DIRECTION('ref_axis',(0.,0.,-1.));
#12525=DIRECTION('',(0.,0.,-1.));
#12526=DIRECTION('',(0.,0.,-1.));
#12527=DIRECTION('center_axis',(1.,0.,0.));
#12528=DIRECTION('ref_axis',(0.,1.,0.));
#12529=DIRECTION('center_axis',(0.,-1.,0.));
#12530=DIRECTION('ref_axis',(0.,0.,1.));
#12531=DIRECTION('',(0.,0.,1.));
#12532=DIRECTION('',(-1.,0.,0.));
#12533=DIRECTION('',(0.,0.,1.));
#12534=DIRECTION('',(-1.,0.,0.));
#12535=DIRECTION('center_axis',(0.,0.,-1.));
#12536=DIRECTION('ref_axis',(0.,-1.,0.));
#12537=DIRECTION('',(0.,-1.,0.));
#12538=DIRECTION('',(-1.,0.,0.));
#12539=DIRECTION('',(0.,-1.,0.));
#12540=DIRECTION('center_axis',(0.,1.,0.));
#12541=DIRECTION('ref_axis',(0.,0.,-1.));
#12542=DIRECTION('',(0.,0.,-1.));
#12543=DIRECTION('',(-1.,0.,0.));
#12544=DIRECTION('',(0.,0.,-1.));
#12545=DIRECTION('center_axis',(0.,0.,-1.));
#12546=DIRECTION('ref_axis',(0.,-1.,0.));
#12547=DIRECTION('',(0.,-1.,0.));
#12548=DIRECTION('',(-1.,0.,0.));
#12549=DIRECTION('',(0.,-1.,0.));
#12550=DIRECTION('center_axis',(0.,-1.,0.));
#12551=DIRECTION('ref_axis',(0.,0.,1.));
#12552=DIRECTION('',(0.,0.,1.));
#12553=DIRECTION('',(-1.,0.,0.));
#12554=DIRECTION('',(0.,0.,1.));
#12555=DIRECTION('center_axis',(0.,0.,-1.));
#12556=DIRECTION('ref_axis',(0.,-1.,0.));
#12557=DIRECTION('',(0.,-1.,0.));
#12558=DIRECTION('',(-1.,0.,0.));
#12559=DIRECTION('',(0.,-1.,0.));
#12560=DIRECTION('center_axis',(0.,1.,0.));
#12561=DIRECTION('ref_axis',(0.,0.,-1.));
#12562=DIRECTION('',(0.,0.,-1.));
#12563=DIRECTION('',(-1.,0.,0.));
#12564=DIRECTION('',(0.,0.,-1.));
#12565=DIRECTION('center_axis',(0.,0.,1.));
#12566=DIRECTION('ref_axis',(0.,1.,0.));
#12567=DIRECTION('',(0.,1.,0.));
#12568=DIRECTION('',(-1.,0.,0.));
#12569=DIRECTION('',(0.,1.,0.));
#12570=DIRECTION('center_axis',(0.,-1.,0.));
#12571=DIRECTION('ref_axis',(0.,0.,1.));
#12572=DIRECTION('',(0.,0.,1.));
#12573=DIRECTION('',(-1.,0.,0.));
#12574=DIRECTION('',(0.,0.,1.));
#12575=DIRECTION('center_axis',(0.,0.,1.));
#12576=DIRECTION('ref_axis',(0.,1.,0.));
#12577=DIRECTION('',(0.,1.,0.));
#12578=DIRECTION('',(-1.,0.,0.));
#12579=DIRECTION('',(0.,1.,0.));
#12580=DIRECTION('center_axis',(0.,1.,0.));
#12581=DIRECTION('ref_axis',(0.,0.,-1.));
#12582=DIRECTION('',(0.,0.,-1.));
#12583=DIRECTION('',(-1.,0.,0.));
#12584=DIRECTION('',(0.,0.,-1.));
#12585=DIRECTION('center_axis',(0.,0.,1.));
#12586=DIRECTION('ref_axis',(0.,1.,0.));
#12587=DIRECTION('',(0.,1.,0.));
#12588=DIRECTION('',(0.,1.,0.));
#12589=DIRECTION('center_axis',(-1.,0.,0.));
#12590=DIRECTION('ref_axis',(0.,0.,1.));
#12591=DIRECTION('center_axis',(1.,0.,0.));
#12592=DIRECTION('ref_axis',(0.,1.,0.));
#12593=DIRECTION('center_axis',(1.,0.,0.));
#12594=DIRECTION('ref_axis',(0.,1.,0.));
#12595=DIRECTION('center_axis',(1.,0.,0.));
#12596=DIRECTION('ref_axis',(0.,1.,0.));
#12597=DIRECTION('center_axis',(1.,0.,0.));
#12598=DIRECTION('ref_axis',(0.,1.,0.));
#12599=DIRECTION('center_axis',(1.,0.,0.));
#12600=DIRECTION('ref_axis',(0.,1.,0.));
#12601=DIRECTION('center_axis',(1.,0.,0.));
#12602=DIRECTION('ref_axis',(0.,1.,0.));
#12603=DIRECTION('center_axis',(1.,0.,0.));
#12604=DIRECTION('ref_axis',(0.,1.,0.));
#12605=DIRECTION('center_axis',(1.,0.,0.));
#12606=DIRECTION('ref_axis',(0.,1.,0.));
#12607=DIRECTION('center_axis',(1.,0.,0.));
#12608=DIRECTION('ref_axis',(0.,1.,0.));
#12609=DIRECTION('center_axis',(1.,0.,0.));
#12610=DIRECTION('ref_axis',(0.,1.,0.));
#12611=DIRECTION('center_axis',(1.,0.,0.));
#12612=DIRECTION('ref_axis',(0.,1.,0.));
#12613=DIRECTION('center_axis',(1.,0.,0.));
#12614=DIRECTION('ref_axis',(0.,1.,0.));
#12615=DIRECTION('center_axis',(1.,0.,0.));
#12616=DIRECTION('ref_axis',(0.,1.,0.));
#12617=DIRECTION('center_axis',(0.,0.,-1.));
#12618=DIRECTION('ref_axis',(-1.,0.,0.));
#12619=DIRECTION('',(0.,1.,0.));
#12620=DIRECTION('',(-1.,0.,0.));
#12621=DIRECTION('',(0.,1.,0.));
#12622=DIRECTION('',(1.,0.,0.));
#12623=DIRECTION('',(0.,1.,0.));
#12624=DIRECTION('',(-1.,0.,0.));
#12625=DIRECTION('',(0.,-1.,0.));
#12626=DIRECTION('',(1.,0.,0.));
#12627=DIRECTION('center_axis',(0.,-1.,0.));
#12628=DIRECTION('ref_axis',(-1.,0.,0.));
#12629=DIRECTION('',(0.,0.,-1.));
#12630=DIRECTION('',(1.,0.,0.));
#12631=DIRECTION('',(0.,0.,-1.));
#12632=DIRECTION('center_axis',(0.,1.,0.));
#12633=DIRECTION('ref_axis',(1.,0.,0.));
#12634=DIRECTION('',(-1.,0.,0.));
#12635=DIRECTION('',(0.,0.,-1.));
#12636=DIRECTION('',(0.,0.,-1.));
#12637=DIRECTION('center_axis',(1.,0.,0.));
#12638=DIRECTION('ref_axis',(0.,-1.,0.));
#12639=DIRECTION('',(0.,1.,0.));
#12640=DIRECTION('',(0.,0.,-1.));
#12641=DIRECTION('center_axis',(0.,-1.,0.));
#12642=DIRECTION('ref_axis',(-1.,0.,0.));
#12643=DIRECTION('',(1.,0.,0.));
#12644=DIRECTION('',(0.,0.,-1.));
#12645=DIRECTION('center_axis',(-1.,0.,0.));
#12646=DIRECTION('ref_axis',(0.,1.,0.));
#12647=DIRECTION('',(0.,-1.,0.));
#12648=DIRECTION('center_axis',(-1.,0.,0.));
#12649=DIRECTION('ref_axis',(0.,1.,0.));
#12650=DIRECTION('',(0.,-1.,0.));
#12651=DIRECTION('',(0.,0.,-1.));
#12652=DIRECTION('center_axis',(0.,1.,0.));
#12653=DIRECTION('ref_axis',(0.,0.,1.));
#12654=DIRECTION('',(0.,0.,-1.));
#12655=DIRECTION('',(1.,0.,0.));
#12656=DIRECTION('',(0.,0.,1.));
#12657=DIRECTION('',(-1.,0.,0.));
#12658=DIRECTION('center_axis',(1.,0.,0.));
#12659=DIRECTION('ref_axis',(0.,1.,0.));
#12660=DIRECTION('',(0.,1.,0.));
#12661=DIRECTION('',(0.,-0.422618261740707,-0.906307787036647));
#12662=DIRECTION('',(0.,-1.,0.));
#12663=DIRECTION('center_axis',(0.,0.,-1.));
#12664=DIRECTION('ref_axis',(-1.,0.,0.));
#12665=DIRECTION('',(0.,-1.,0.));
#12666=DIRECTION('',(1.,0.,0.));
#12667=DIRECTION('',(0.,-1.,0.));
#12668=DIRECTION('',(-1.,0.,0.));
#12669=DIRECTION('',(0.,-1.,0.));
#12670=DIRECTION('',(1.,0.,0.));
#12671=DIRECTION('',(0.,1.,0.));
#12672=DIRECTION('',(-1.,0.,0.));
#12673=DIRECTION('center_axis',(0.,-1.,0.));
#12674=DIRECTION('ref_axis',(-1.,0.,0.));
#12675=DIRECTION('',(0.,0.,1.));
#12676=DIRECTION('',(0.,0.,-1.));
#12677=DIRECTION('',(-1.,0.,0.));
#12678=DIRECTION('center_axis',(0.,-1.,0.));
#12679=DIRECTION('ref_axis',(-1.,0.,0.));
#12680=DIRECTION('',(0.,0.,1.));
#12681=DIRECTION('',(0.,0.,-1.));
#12682=DIRECTION('',(1.,0.,0.));
#12683=DIRECTION('center_axis',(-1.,0.,0.));
#12684=DIRECTION('ref_axis',(0.,1.,0.));
#12685=DIRECTION('',(0.,-1.,0.));
#12686=DIRECTION('',(0.,0.,-1.));
#12687=DIRECTION('center_axis',(0.,1.,0.));
#12688=DIRECTION('ref_axis',(1.,0.,0.));
#12689=DIRECTION('',(0.,0.,-1.));
#12690=DIRECTION('',(-1.,0.,0.));
#12691=DIRECTION('center_axis',(1.,0.,0.));
#12692=DIRECTION('ref_axis',(0.,-1.,0.));
#12693=DIRECTION('',(0.,-1.,0.));
#12694=DIRECTION('',(0.,0.,-1.));
#12695=DIRECTION('center_axis',(-1.,0.,0.));
#12696=DIRECTION('ref_axis',(0.,1.,0.));
#12697=DIRECTION('',(0.,1.,0.));
#12698=DIRECTION('',(0.,0.,-1.));
#12699=DIRECTION('',(0.,1.,0.));
#12700=DIRECTION('',(0.,0.,-1.));
#12701=DIRECTION('center_axis',(0.,0.,1.));
#12702=DIRECTION('ref_axis',(1.,0.,0.));
#12703=DIRECTION('',(1.,-1.17673596891739E-47,0.));
#12704=DIRECTION('',(0.,1.,0.));
#12705=DIRECTION('',(1.,0.,0.));
#12706=DIRECTION('',(7.79506447585395E-17,1.,0.));
#12707=DIRECTION('',(-1.,0.,0.));
#12708=DIRECTION('',(0.,1.,0.));
#12709=DIRECTION('',(1.,0.,0.));
#12710=DIRECTION('',(0.,1.,0.));
#12711=DIRECTION('',(0.,-1.,0.));
#12712=DIRECTION('',(0.,1.,0.));
#12713=DIRECTION('',(1.,0.,0.));
#12714=DIRECTION('',(0.,-1.,0.));
#12715=DIRECTION('',(-1.,0.,0.));
#12716=DIRECTION('',(0.,1.,0.));
#12717=DIRECTION('center_axis',(1.,0.,0.));
#12718=DIRECTION('ref_axis',(0.,1.,0.));
#12719=DIRECTION('',(0.,0.,-1.));
#12720=DIRECTION('',(0.,0.,-1.));
#12721=DIRECTION('',(0.,-1.,0.));
#12722=DIRECTION('',(0.,0.,1.));
#12723=DIRECTION('',(0.,0.,-1.));
#12724=DIRECTION('',(0.,-1.,0.));
#12725=DIRECTION('',(0.,0.,1.));
#12726=DIRECTION('',(0.,-0.422618261740707,-0.906307787036646));
#12727=DIRECTION('',(0.,0.,-1.));
#12728=DIRECTION('',(0.,0.422618261740706,0.906307787036647));
#12729=DIRECTION('',(0.,0.,-1.));
#12730=DIRECTION('',(0.,-1.,0.));
#12731=DIRECTION('',(0.,0.,-1.));
#12732=DIRECTION('',(0.,-1.,0.));
#12733=DIRECTION('',(0.,1.,0.));
#12734=DIRECTION('',(0.,0.,-1.));
#12735=DIRECTION('',(0.,0.,1.));
#12736=DIRECTION('center_axis',(-1.,0.,0.));
#12737=DIRECTION('ref_axis',(0.,-1.,0.));
#12738=DIRECTION('',(0.,0.,-1.));
#12739=DIRECTION('center_axis',(-1.,0.,0.));
#12740=DIRECTION('ref_axis',(0.,1.,0.));
#12741=DIRECTION('',(0.,-0.422618182508793,-0.906307823983091));
#12742=DIRECTION('center_axis',(-1.,0.,0.));
#12743=DIRECTION('ref_axis',(0.,0.422618182508793,0.906307823983091));
#12744=DIRECTION('',(0.,0.422618182508793,0.90630782398309));
#12745=DIRECTION('center_axis',(-1.,0.,0.));
#12746=DIRECTION('ref_axis',(0.,-0.422618182508793,-0.906307823983091));
#12747=DIRECTION('center_axis',(0.,1.,0.));
#12748=DIRECTION('ref_axis',(1.,0.,0.));
#12749=DIRECTION('',(0.,0.,1.));
#12750=DIRECTION('',(1.,0.,0.));
#12751=DIRECTION('',(0.,0.,-1.));
#12752=DIRECTION('',(1.,0.,0.));
#12753=DIRECTION('center_axis',(-1.,0.,0.));
#12754=DIRECTION('ref_axis',(0.,1.,0.));
#12755=DIRECTION('',(0.,-1.,0.));
#12756=DIRECTION('',(0.,0.,-1.));
#12757=DIRECTION('',(0.,1.,0.));
#12758=DIRECTION('',(0.,0.,-1.));
#12759=DIRECTION('center_axis',(0.,1.,0.));
#12760=DIRECTION('ref_axis',(1.,0.,0.));
#12761=DIRECTION('',(-1.,0.,0.));
#12762=DIRECTION('',(1.,0.,0.));
#12763=DIRECTION('',(0.,0.,-1.));
#12764=DIRECTION('center_axis',(1.,0.,0.));
#12765=DIRECTION('ref_axis',(0.,-1.,0.));
#12766=DIRECTION('',(0.,1.,0.));
#12767=DIRECTION('',(0.,-1.,0.));
#12768=DIRECTION('',(0.,0.,-1.));
#12769=DIRECTION('center_axis',(0.,-1.,0.));
#12770=DIRECTION('ref_axis',(-1.,0.,0.));
#12771=DIRECTION('',(1.,0.,0.));
#12772=DIRECTION('',(-1.,0.,0.));
#12773=DIRECTION('center_axis',(0.,-1.,0.));
#12774=DIRECTION('ref_axis',(-1.,0.,0.));
#12775=DIRECTION('',(0.,0.,-1.));
#12776=DIRECTION('',(1.,0.,0.));
#12777=DIRECTION('',(0.,0.,-1.));
#12778=DIRECTION('',(-1.,0.,0.));
#12779=DIRECTION('center_axis',(-1.,0.,0.));
#12780=DIRECTION('ref_axis',(0.,1.,0.));
#12781=DIRECTION('',(0.,1.,0.));
#12782=DIRECTION('',(0.,1.,0.));
#12783=DIRECTION('center_axis',(0.,0.,-1.));
#12784=DIRECTION('ref_axis',(-1.,0.,0.));
#12785=DIRECTION('',(0.,1.,0.));
#12786=DIRECTION('center_axis',(0.,0.,1.));
#12787=DIRECTION('ref_axis',(1.,0.,0.));
#12788=DIRECTION('',(-8.37410373613592E-15,-1.,0.));
#12789=DIRECTION('',(-8.37410373613592E-15,-1.,0.));
#12790=DIRECTION('',(1.,-1.17673596891739E-47,0.));
#12791=DIRECTION('center_axis',(-1.,0.,0.));
#12792=DIRECTION('ref_axis',(0.,-1.,0.));
#12793=DIRECTION('',(0.,0.,1.));
#12794=DIRECTION('',(-8.37410373613592E-15,-1.,0.));
#12795=DIRECTION('',(0.,-1.,0.));
#12796=DIRECTION('',(0.,0.,1.));
#12797=DIRECTION('',(0.,-1.,0.));
#12798=DIRECTION('',(0.,0.,1.));
#12799=DIRECTION('',(0.,0.,-1.));
#12800=DIRECTION('',(0.,-0.422618261740706,-0.906307787036647));
#12801=DIRECTION('',(0.,0.,1.));
#12802=DIRECTION('',(0.,0.422618261740707,0.906307787036647));
#12803=DIRECTION('',(0.,-0.424140159810713,-0.905596557433686));
#12804=DIRECTION('center_axis',(1.,0.,0.));
#12805=DIRECTION('ref_axis',(0.,-0.905596557433685,0.424140159810714));
#12806=DIRECTION('',(0.,0.424140159810713,0.905596557433686));
#12807=DIRECTION('center_axis',(1.,0.,0.));
#12808=DIRECTION('ref_axis',(0.,0.905596557433685,-0.424140159810714));
#12809=DIRECTION('center_axis',(0.,1.,0.));
#12810=DIRECTION('ref_axis',(1.,0.,0.));
#12811=DIRECTION('',(0.,0.,-1.));
#12812=DIRECTION('',(1.,0.,0.));
#12813=DIRECTION('center_axis',(0.,-1.,0.));
#12814=DIRECTION('ref_axis',(-1.,0.,0.));
#12815=DIRECTION('',(-1.,0.,0.));
#12816=DIRECTION('',(0.,0.,-1.));
#12817=DIRECTION('center_axis',(0.,1.,0.));
#12818=DIRECTION('ref_axis',(1.,0.,0.));
#12819=DIRECTION('',(0.,0.,-1.));
#12820=DIRECTION('',(1.,0.,0.));
#12821=DIRECTION('center_axis',(-1.,0.,0.));
#12822=DIRECTION('ref_axis',(0.,1.,0.));
#12823=DIRECTION('',(0.,1.,0.));
#12824=DIRECTION('center_axis',(0.,-1.,0.));
#12825=DIRECTION('ref_axis',(-1.,0.,0.));
#12826=DIRECTION('',(-1.,0.,0.));
#12827=DIRECTION('',(0.,0.,-1.));
#12828=DIRECTION('center_axis',(1.,-7.79506447585395E-17,0.));
#12829=DIRECTION('ref_axis',(-7.79506447585395E-17,-1.,0.));
#12830=DIRECTION('',(-7.79506447585395E-17,-1.,0.));
#12831=DIRECTION('center_axis',(-1.,0.,0.));
#12832=DIRECTION('ref_axis',(0.,1.,0.));
#12833=DIRECTION('',(0.,0.,1.));
#12834=DIRECTION('',(0.,1.,0.));
#12835=DIRECTION('',(0.,0.,-1.));
#12836=DIRECTION('center_axis',(0.,0.,-1.));
#12837=DIRECTION('ref_axis',(-1.,0.,0.));
#12838=DIRECTION('center_axis',(-1.,0.,0.));
#12839=DIRECTION('ref_axis',(0.,-1.,0.));
#12840=DIRECTION('',(0.,0.,1.));
#12841=DIRECTION('',(0.,0.,1.));
#12842=DIRECTION('',(0.,1.,0.));
#12843=DIRECTION('',(0.,0.,1.));
#12844=DIRECTION('',(0.,-1.,0.));
#12845=DIRECTION('',(0.,0.422618261740707,0.906307787036646));
#12846=DIRECTION('',(0.,-0.422618182508793,-0.90630782398309));
#12847=DIRECTION('center_axis',(1.,0.,0.));
#12848=DIRECTION('ref_axis',(0.,-0.422618182508793,-0.906307823983091));
#12849=DIRECTION('',(0.,0.422618182508793,0.90630782398309));
#12850=DIRECTION('center_axis',(1.,0.,0.));
#12851=DIRECTION('ref_axis',(0.,0.422618182508793,0.906307823983091));
#12852=DIRECTION('',(0.,0.,-1.));
#12853=DIRECTION('center_axis',(1.,0.,0.));
#12854=DIRECTION('ref_axis',(0.,1.,0.));
#12855=DIRECTION('',(0.,0.,1.));
#12856=DIRECTION('center_axis',(1.,0.,0.));
#12857=DIRECTION('ref_axis',(0.,-1.,0.));
#12858=DIRECTION('center_axis',(0.,1.,0.));
#12859=DIRECTION('ref_axis',(0.,0.,1.));
#12860=DIRECTION('',(1.,0.,0.));
#12861=DIRECTION('',(1.,0.,0.));
#12862=DIRECTION('center_axis',(1.,0.,0.));
#12863=DIRECTION('ref_axis',(0.,1.,0.));
#12864=DIRECTION('',(1.,0.,0.));
#12865=DIRECTION('center_axis',(0.,-1.,0.));
#12866=DIRECTION('ref_axis',(0.,0.,-1.));
#12867=DIRECTION('',(1.,0.,0.));
#12868=DIRECTION('center_axis',(1.,0.,0.));
#12869=DIRECTION('ref_axis',(0.,-1.,0.));
#12870=DIRECTION('center_axis',(0.,1.,0.));
#12871=DIRECTION('ref_axis',(0.,0.,1.));
#12872=DIRECTION('',(1.,0.,0.));
#12873=DIRECTION('center_axis',(0.,0.,1.));
#12874=DIRECTION('ref_axis',(-1.,0.,0.));
#12875=DIRECTION('',(1.,0.,0.));
#12876=DIRECTION('',(-1.,0.,0.));
#12877=DIRECTION('center_axis',(0.,-1.,0.));
#12878=DIRECTION('ref_axis',(0.,0.,-1.));
#12879=DIRECTION('',(1.,0.,0.));
#12880=DIRECTION('center_axis',(0.,0.,-1.));
#12881=DIRECTION('ref_axis',(-1.,0.,0.));
#12882=DIRECTION('',(1.,0.,0.));
#12883=DIRECTION('center_axis',(0.,1.,0.));
#12884=DIRECTION('ref_axis',(0.,0.,1.));
#12885=DIRECTION('',(0.,0.,-1.));
#12886=DIRECTION('',(-1.,0.,0.));
#12887=DIRECTION('center_axis',(0.,-0.422618261740699,-0.90630778703665));
#12888=DIRECTION('ref_axis',(-1.,0.,0.));
#12889=DIRECTION('',(1.,-2.47062049611216E-31,1.1520692577318E-31));
#12890=DIRECTION('',(0.,0.90630778703665,-0.422618261740699));
#12891=DIRECTION('',(-1.,0.,0.));
#12892=DIRECTION('',(0.,0.90630778703665,-0.422618261740699));
#12893=DIRECTION('center_axis',(1.,0.,0.));
#12894=DIRECTION('ref_axis',(0.,-0.422618261740699,-0.90630778703665));
#12895=DIRECTION('',(0.,0.422618261740706,0.906307787036647));
#12896=DIRECTION('',(0.,-0.422618261740706,-0.906307787036647));
#12897=DIRECTION('',(0.,0.90630778703665,-0.422618261740699));
#12898=DIRECTION('',(0.,0.,1.));
#12899=DIRECTION('center_axis',(0.,0.422618261740699,0.90630778703665));
#12900=DIRECTION('ref_axis',(1.,0.,0.));
#12901=DIRECTION('',(-1.,0.,0.));
#12902=DIRECTION('',(1.,0.,0.));
#12903=DIRECTION('',(0.,0.90630778703665,-0.422618261740699));
#12904=DIRECTION('center_axis',(-1.,0.,0.));
#12905=DIRECTION('ref_axis',(0.,0.422618261740699,0.90630778703665));
#12906=DIRECTION('',(0.,-0.422618261740706,-0.906307787036647));
#12907=DIRECTION('',(0.,0.,-1.));
#12908=DIRECTION('',(0.,0.422618261740706,0.906307787036647));
#12909=DIRECTION('center_axis',(-2.72602810154631E-31,-0.906307787036647,
0.422618261740706));
#12910=DIRECTION('ref_axis',(0.,-0.422618261740706,-0.906307787036647));
#12911=DIRECTION('',(-1.,4.46417315139665E-15,-2.08167812782619E-15));
#12912=DIRECTION('',(-1.,0.,-6.45033200959698E-31));
#12913=DIRECTION('',(-1.,4.46417315139665E-15,-2.08167812782619E-15));
#12914=DIRECTION('',(1.,-1.72200307456592E-14,8.0298322103654E-15));
#12915=DIRECTION('',(0.,0.422618261740726,0.906307787036637));
#12916=DIRECTION('',(-1.,0.,0.));
#12917=DIRECTION('',(0.,-0.422618261740699,-0.90630778703665));
#12918=DIRECTION('center_axis',(0.,0.905596557433686,-0.424140159810713));
#12919=DIRECTION('ref_axis',(0.,-0.424140159810713,-0.905596557433686));
#12920=DIRECTION('',(-1.,0.,0.));
#12921=DIRECTION('',(0.,-0.424140159810713,-0.905596557433686));
#12922=DIRECTION('',(-1.,0.,0.));
#12923=DIRECTION('center_axis',(-1.,0.,0.));
#12924=DIRECTION('ref_axis',(0.,0.905596557433685,-0.424140159810714));
#12925=DIRECTION('center_axis',(-1.,0.,0.));
#12926=DIRECTION('ref_axis',(0.,0.905596557433685,-0.424140159810714));
#12927=DIRECTION('',(-1.,0.,0.));
#12928=DIRECTION('center_axis',(0.,-0.905596557433686,0.424140159810713));
#12929=DIRECTION('ref_axis',(0.,0.424140159810713,0.905596557433686));
#12930=DIRECTION('',(0.,0.424140159810713,0.905596557433686));
#12931=DIRECTION('',(-1.,0.,0.));
#12932=DIRECTION('center_axis',(-1.,0.,0.));
#12933=DIRECTION('ref_axis',(0.,-0.905596557433685,0.424140159810714));
#12934=DIRECTION('center_axis',(-1.,0.,0.));
#12935=DIRECTION('ref_axis',(0.,-0.905596557433685,0.424140159810714));
#12936=DIRECTION('center_axis',(-8.7229438141718E-18,0.906307823983091,
-0.422618182508793));
#12937=DIRECTION('ref_axis',(-8.742277657348E-8,-0.422618182508791,-0.906307823983087));
#12938=DIRECTION('',(0.999999999999996,-3.69464549430733E-8,-7.92319464006295E-8));
#12939=DIRECTION('',(0.999999999999996,-3.69464549430733E-8,-7.92319464006295E-8));
#12940=DIRECTION('center_axis',(-0.999999999999996,3.69464549477381E-8,
7.92319464286183E-8));
#12941=DIRECTION('ref_axis',(8.72292895582009E-18,-0.906307823983091,0.422618182508793));
#12942=DIRECTION('',(-0.999999999999996,3.69464549477381E-8,7.92319464286183E-8));
#12943=DIRECTION('center_axis',(8.7229438141718E-18,-0.906307823983091,
0.422618182508793));
#12944=DIRECTION('ref_axis',(8.742277657348E-8,0.422618182508791,0.906307823983087));
#12945=DIRECTION('',(0.999999999999996,-3.69464549430733E-8,-7.92319464006295E-8));
#12946=DIRECTION('center_axis',(-0.999999999999996,3.69464549477381E-8,
7.92319464286183E-8));
#12947=DIRECTION('ref_axis',(-8.72292895582009E-18,0.906307823983091,-0.422618182508793));
#12948=DIRECTION('center_axis',(0.,1.,0.));
#12949=DIRECTION('ref_axis',(-1.,0.,0.));
#12950=DIRECTION('',(1.,0.,-4.35838603920445E-31));
#12951=DIRECTION('center_axis',(0.,-0.906307787036647,0.422618261740706));
#12952=DIRECTION('ref_axis',(0.,-0.422618261740706,-0.906307787036647));
#12953=DIRECTION('',(1.,0.,0.));
#12954=DIRECTION('',(0.,0.422618261740706,0.906307787036647));
#12955=DIRECTION('',(1.,0.,0.));
#12956=DIRECTION('',(0.,-0.422618261740706,-0.906307787036647));
#12957=DIRECTION('',(1.,-1.72200307456592E-14,8.0298322103654E-15));
#12958=DIRECTION('',(0.,-0.422618261740699,-0.90630778703665));
#12959=DIRECTION('',(-1.,0.,0.));
#12960=DIRECTION('',(0.,0.422618261740726,0.906307787036637));
#12961=DIRECTION('center_axis',(1.,0.,0.));
#12962=DIRECTION('ref_axis',(0.,1.,0.));
#12963=DIRECTION('',(0.,1.,0.));
#12964=DIRECTION('',(0.,0.,1.));
#12965=DIRECTION('',(0.,1.,0.));
#12966=DIRECTION('',(0.,0.,1.));
#12967=DIRECTION('',(0.,-1.,0.));
#12968=DIRECTION('',(0.,0.422618261740699,0.90630778703665));
#12969=DIRECTION('center_axis',(0.,1.,0.));
#12970=DIRECTION('ref_axis',(1.,0.,0.));
#12971=DIRECTION('center_axis',(0.,-1.,0.));
#12972=DIRECTION('ref_axis',(1.,0.,0.));
#12973=DIRECTION('',(0.,1.,0.));
#12974=DIRECTION('center_axis',(0.,-1.,0.));
#12975=DIRECTION('ref_axis',(1.,0.,0.));
#12976=DIRECTION('center_axis',(1.,0.,0.));
#12977=DIRECTION('ref_axis',(0.,0.,-1.));
#12978=DIRECTION('',(0.,0.,-1.));
#12979=DIRECTION('',(0.,1.,0.));
#12980=DIRECTION('',(0.,0.,-1.));
#12981=DIRECTION('',(0.,1.,0.));
#12982=DIRECTION('center_axis',(0.,0.,1.));
#12983=DIRECTION('ref_axis',(1.,0.,0.));
#12984=DIRECTION('',(1.,0.,0.));
#12985=DIRECTION('',(0.,1.,0.));
#12986=DIRECTION('',(1.,0.,0.));
#12987=DIRECTION('center_axis',(-1.,0.,0.));
#12988=DIRECTION('ref_axis',(0.,0.,1.));
#12989=DIRECTION('',(0.,0.,1.));
#12990=DIRECTION('',(0.,1.,0.));
#12991=DIRECTION('',(0.,0.,1.));
#12992=DIRECTION('center_axis',(0.,1.,0.));
#12993=DIRECTION('ref_axis',(-0.999999449579612,0.,0.00104920945119729));
#12994=DIRECTION('center_axis',(0.,1.,0.));
#12995=DIRECTION('ref_axis',(0.665550657147163,0.,0.746352679884637));
#12996=DIRECTION('',(0.,1.,0.));
#12997=DIRECTION('center_axis',(0.,1.,0.));
#12998=DIRECTION('ref_axis',(0.665550657147163,0.,0.746352679884637));
#12999=DIRECTION('center_axis',(0.,1.,0.));
#13000=DIRECTION('ref_axis',(0.417180523250309,0.,-0.90882364131915));
#13001=DIRECTION('center_axis',(0.,-1.,0.));
#13002=DIRECTION('ref_axis',(-0.936638417060256,0.,-0.350297695805807));
#13003=DIRECTION('',(0.,1.,0.));
#13004=DIRECTION('center_axis',(0.,-1.,0.));
#13005=DIRECTION('ref_axis',(-0.936638417060256,0.,-0.350297695805807));
#13006=DIRECTION('center_axis',(-0.329372156318292,0.,0.944200181445777));
#13007=DIRECTION('ref_axis',(0.944200181445777,0.,0.329372156318292));
#13008=DIRECTION('',(0.944200181445777,0.,0.329372156318292));
#13009=DIRECTION('',(0.,1.,0.));
#13010=DIRECTION('',(0.944200181445777,0.,0.329372156318292));
#13011=DIRECTION('center_axis',(0.,1.,0.));
#13012=DIRECTION('ref_axis',(-0.943781964778795,0.,-0.330568605524297));
#13013=DIRECTION('center_axis',(0.,1.,0.));
#13014=DIRECTION('ref_axis',(-0.943781964778795,0.,-0.330568605524297));
#13015=DIRECTION('center_axis',(0.,1.,0.));
#13016=DIRECTION('ref_axis',(-0.943781964778795,0.,-0.330568605524297));
#13017=DIRECTION('center_axis',(0.,-1.,0.));
#13018=DIRECTION('ref_axis',(1.,0.,0.));
#13019=DIRECTION('center_axis',(0.,1.,0.));
#13020=DIRECTION('ref_axis',(1.,0.,0.));
#13021=DIRECTION('center_axis',(0.,-1.,0.));
#13022=DIRECTION('ref_axis',(1.,0.,0.));
#13023=DIRECTION('',(0.,1.,0.));
#13024=DIRECTION('center_axis',(0.,-1.,0.));
#13025=DIRECTION('ref_axis',(1.,0.,0.));
#13026=DIRECTION('center_axis',(-0.999168053100577,0.,-0.0407823695143115));
#13027=DIRECTION('ref_axis',(-0.0407823695143115,0.,0.999168053100577));
#13028=DIRECTION('',(-0.0407823695143115,0.,0.999168053100577));
#13029=DIRECTION('',(0.,1.,0.));
#13030=DIRECTION('',(-0.0407823695143115,0.,0.999168053100577));
#13031=DIRECTION('',(0.,1.,0.));
#13032=DIRECTION('center_axis',(0.,0.,-1.));
#13033=DIRECTION('ref_axis',(-1.,0.,0.));
#13034=DIRECTION('',(-1.,0.,0.));
#13035=DIRECTION('',(0.,1.,0.));
#13036=DIRECTION('',(-1.,0.,0.));
#13037=DIRECTION('center_axis',(1.,0.,0.));
#13038=DIRECTION('ref_axis',(0.,0.,-1.));
#13039=DIRECTION('',(0.,0.,-1.));
#13040=DIRECTION('',(0.,1.,0.));
#13041=DIRECTION('',(0.,0.,-1.));
#13042=DIRECTION('center_axis',(0.,0.,1.));
#13043=DIRECTION('ref_axis',(1.,0.,0.));
#13044=DIRECTION('',(1.,0.,0.));
#13045=DIRECTION('',(0.,1.,0.));
#13046=DIRECTION('',(1.,0.,0.));
#13047=DIRECTION('center_axis',(-1.,0.,0.));
#13048=DIRECTION('ref_axis',(0.,0.,1.));
#13049=DIRECTION('',(0.,0.,1.));
#13050=DIRECTION('',(0.,1.,0.));
#13051=DIRECTION('',(0.,0.,1.));
#13052=DIRECTION('center_axis',(0.,1.,0.));
#13053=DIRECTION('ref_axis',(-0.999966408572523,0.,0.00819644597190591));
#13054=DIRECTION('center_axis',(0.,1.,0.));
#13055=DIRECTION('ref_axis',(0.7158331929633,0.,0.698271322518666));
#13056=DIRECTION('center_axis',(0.,1.,0.));
#13057=DIRECTION('ref_axis',(0.7158331929633,0.,0.698271322518666));
#13058=DIRECTION('center_axis',(0.,-1.,0.));
#13059=DIRECTION('ref_axis',(1.,0.,0.));
#13060=DIRECTION('center_axis',(1.,0.,0.));
#13061=DIRECTION('ref_axis',(0.,0.,-1.));
#13062=DIRECTION('',(0.,0.,-1.));
#13063=DIRECTION('',(0.,1.,0.));
#13064=DIRECTION('',(0.,0.,-1.));
#13065=DIRECTION('',(0.,1.,0.));
#13066=DIRECTION('center_axis',(-0.867939779645979,0.,-0.496669446320276));
#13067=DIRECTION('ref_axis',(-0.496669446320276,0.,0.867939779645979));
#13068=DIRECTION('',(-0.496669446320276,0.,0.867939779645979));
#13069=DIRECTION('',(0.,1.,0.));
#13070=DIRECTION('',(-0.496669446320276,0.,0.867939779645979));
#13071=DIRECTION('center_axis',(0.,0.,-1.));
#13072=DIRECTION('ref_axis',(-1.,0.,0.));
#13073=DIRECTION('',(-1.,0.,0.));
#13074=DIRECTION('',(0.,1.,0.));
#13075=DIRECTION('',(-1.,0.,0.));
#13076=DIRECTION('center_axis',(0.85206983221034,0.,-0.523428124040964));
#13077=DIRECTION('ref_axis',(-0.523428124040964,0.,-0.85206983221034));
#13078=DIRECTION('',(-0.523428124040964,0.,-0.85206983221034));
#13079=DIRECTION('',(0.,1.,0.));
#13080=DIRECTION('',(-0.523428124040964,0.,-0.85206983221034));
#13081=DIRECTION('center_axis',(-1.,0.,0.));
#13082=DIRECTION('ref_axis',(0.,0.,1.));
#13083=DIRECTION('',(0.,0.,1.));
#13084=DIRECTION('',(0.,1.,0.));
#13085=DIRECTION('',(0.,0.,1.));
#13086=DIRECTION('center_axis',(0.,0.,-1.));
#13087=DIRECTION('ref_axis',(-1.,0.,0.));
#13088=DIRECTION('',(-1.,0.,0.));
#13089=DIRECTION('',(0.,1.,0.));
#13090=DIRECTION('',(-1.,0.,0.));
#13091=DIRECTION('center_axis',(1.,0.,0.));
#13092=DIRECTION('ref_axis',(0.,0.,-1.));
#13093=DIRECTION('',(0.,0.,-1.));
#13094=DIRECTION('',(0.,1.,0.));
#13095=DIRECTION('',(0.,0.,-1.));
#13096=DIRECTION('center_axis',(0.,0.,1.));
#13097=DIRECTION('ref_axis',(1.,0.,0.));
#13098=DIRECTION('',(1.,0.,0.));
#13099=DIRECTION('',(0.,1.,0.));
#13100=DIRECTION('',(1.,0.,0.));
#13101=DIRECTION('center_axis',(-0.867005531416592,0.,0.498298513436508));
#13102=DIRECTION('ref_axis',(0.498298513436508,0.,0.867005531416592));
#13103=DIRECTION('',(0.498298513436508,0.,0.867005531416592));
#13104=DIRECTION('',(0.,1.,0.));
#13105=DIRECTION('',(0.498298513436508,0.,0.867005531416592));
#13106=DIRECTION('center_axis',(0.860106930155447,0.,0.510113780149658));
#13107=DIRECTION('ref_axis',(0.510113780149658,0.,-0.860106930155447));
#13108=DIRECTION('',(0.510113780149658,0.,-0.860106930155447));
#13109=DIRECTION('',(0.,1.,0.));
#13110=DIRECTION('',(0.510113780149658,0.,-0.860106930155447));
#13111=DIRECTION('center_axis',(0.,0.,1.));
#13112=DIRECTION('ref_axis',(1.,0.,0.));
#13113=DIRECTION('',(1.,0.,0.));
#13114=DIRECTION('',(0.,1.,0.));
#13115=DIRECTION('',(1.,0.,0.));
#13116=DIRECTION('center_axis',(-1.,0.,0.));
#13117=DIRECTION('ref_axis',(0.,0.,1.));
#13118=DIRECTION('',(0.,0.,1.));
#13119=DIRECTION('',(0.,1.,0.));
#13120=DIRECTION('',(0.,0.,1.));
#13121=DIRECTION('center_axis',(0.,0.,-1.));
#13122=DIRECTION('ref_axis',(-1.,0.,0.));
#13123=DIRECTION('',(-1.,0.,0.));
#13124=DIRECTION('',(-1.,0.,0.));
#13125=DIRECTION('center_axis',(0.,1.,0.));
#13126=DIRECTION('ref_axis',(0.,0.,1.));
#13127=DIRECTION('center_axis',(0.,0.,-1.));
#13128=DIRECTION('ref_axis',(-1.,0.,0.));
#13129=DIRECTION('',(-1.,0.,0.));
#13130=DIRECTION('',(0.,1.,0.));
#13131=DIRECTION('',(-1.,0.,0.));
#13132=DIRECTION('',(0.,1.,0.));
#13133=DIRECTION('center_axis',(-1.,0.,0.));
#13134=DIRECTION('ref_axis',(0.,0.,1.));
#13135=DIRECTION('',(0.,0.,1.));
#13136=DIRECTION('',(0.,1.,0.));
#13137=DIRECTION('',(0.,0.,1.));
#13138=DIRECTION('center_axis',(0.,0.,-1.));
#13139=DIRECTION('ref_axis',(-1.,0.,0.));
#13140=DIRECTION('',(-1.,0.,0.));
#13141=DIRECTION('',(0.,1.,0.));
#13142=DIRECTION('',(-1.,0.,0.));
#13143=DIRECTION('center_axis',(1.,0.,0.));
#13144=DIRECTION('ref_axis',(0.,0.,-1.));
#13145=DIRECTION('',(0.,0.,-1.));
#13146=DIRECTION('',(0.,1.,0.));
#13147=DIRECTION('',(0.,0.,-1.));
#13148=DIRECTION('center_axis',(0.,0.,-1.));
#13149=DIRECTION('ref_axis',(-1.,0.,0.));
#13150=DIRECTION('',(-1.,0.,0.));
#13151=DIRECTION('',(0.,1.,0.));
#13152=DIRECTION('',(-1.,0.,0.));
#13153=DIRECTION('center_axis',(1.,0.,0.));
#13154=DIRECTION('ref_axis',(0.,0.,-1.));
#13155=DIRECTION('',(0.,0.,-1.));
#13156=DIRECTION('',(0.,1.,0.));
#13157=DIRECTION('',(0.,0.,-1.));
#13158=DIRECTION('center_axis',(0.,0.,1.));
#13159=DIRECTION('ref_axis',(1.,0.,0.));
#13160=DIRECTION('',(1.,0.,0.));
#13161=DIRECTION('',(0.,1.,0.));
#13162=DIRECTION('',(1.,0.,0.));
#13163=DIRECTION('center_axis',(1.,0.,0.));
#13164=DIRECTION('ref_axis',(0.,0.,-1.));
#13165=DIRECTION('',(0.,0.,-1.));
#13166=DIRECTION('',(0.,1.,0.));
#13167=DIRECTION('',(0.,0.,-1.));
#13168=DIRECTION('center_axis',(0.,0.,1.));
#13169=DIRECTION('ref_axis',(1.,0.,0.));
#13170=DIRECTION('',(1.,0.,0.));
#13171=DIRECTION('',(0.,1.,0.));
#13172=DIRECTION('',(1.,0.,0.));
#13173=DIRECTION('center_axis',(-1.,0.,0.));
#13174=DIRECTION('ref_axis',(0.,0.,1.));
#13175=DIRECTION('',(0.,0.,1.));
#13176=DIRECTION('',(0.,1.,0.));
#13177=DIRECTION('',(0.,0.,1.));
#13178=DIRECTION('center_axis',(0.00630304211069453,0.,0.999980135632779));
#13179=DIRECTION('ref_axis',(0.999980135632779,0.,-0.00630304211069453));
#13180=DIRECTION('',(0.999980135632779,0.,-0.00630304211069453));
#13181=DIRECTION('',(0.,1.,0.));
#13182=DIRECTION('',(0.999980135632779,0.,-0.00630304211069453));
#13183=DIRECTION('center_axis',(0.,0.,1.));
#13184=DIRECTION('ref_axis',(1.,0.,0.));
#13185=DIRECTION('',(1.,0.,0.));
#13186=DIRECTION('',(0.,1.,0.));
#13187=DIRECTION('',(1.,0.,0.));
#13188=DIRECTION('center_axis',(-0.999980135632779,0.,0.00630304211068713));
#13189=DIRECTION('ref_axis',(0.00630304211068713,0.,0.999980135632779));
#13190=DIRECTION('',(0.00630304211068713,0.,0.999980135632779));
#13191=DIRECTION('',(0.00630304211068713,0.,0.999980135632779));
#13192=DIRECTION('center_axis',(0.,1.,0.));
#13193=DIRECTION('ref_axis',(0.,0.,1.));
#13194=DIRECTION('center_axis',(1.,0.,0.));
#13195=DIRECTION('ref_axis',(0.,0.,-1.));
#13196=DIRECTION('',(0.,0.,-1.));
#13197=DIRECTION('',(0.,1.,0.));
#13198=DIRECTION('',(0.,0.,-1.));
#13199=DIRECTION('',(0.,1.,0.));
#13200=DIRECTION('center_axis',(0.,1.,0.));
#13201=DIRECTION('ref_axis',(1.,0.,-1.38045877945474E-15));
#13202=DIRECTION('center_axis',(0.,1.,0.));
#13203=DIRECTION('ref_axis',(1.,0.,-1.38045877945474E-15));
#13204=DIRECTION('',(0.,1.,0.));
#13205=DIRECTION('center_axis',(0.,1.,0.));
#13206=DIRECTION('ref_axis',(1.,0.,-1.38045877945474E-15));
#13207=DIRECTION('center_axis',(1.,0.,0.));
#13208=DIRECTION('ref_axis',(0.,0.,-1.));
#13209=DIRECTION('',(0.,0.,-1.));
#13210=DIRECTION('',(0.,1.,0.));
#13211=DIRECTION('',(0.,0.,-1.));
#13212=DIRECTION('center_axis',(0.,0.,1.));
#13213=DIRECTION('ref_axis',(1.,0.,0.));
#13214=DIRECTION('',(1.,0.,0.));
#13215=DIRECTION('',(0.,1.,0.));
#13216=DIRECTION('',(1.,0.,0.));
#13217=DIRECTION('center_axis',(-1.,0.,0.));
#13218=DIRECTION('ref_axis',(0.,0.,1.));
#13219=DIRECTION('',(0.,0.,1.));
#13220=DIRECTION('',(0.,1.,0.));
#13221=DIRECTION('',(0.,0.,1.));
#13222=DIRECTION('center_axis',(0.,0.,-1.));
#13223=DIRECTION('ref_axis',(-1.,0.,0.));
#13224=DIRECTION('',(-1.,0.,0.));
#13225=DIRECTION('',(0.,1.,0.));
#13226=DIRECTION('',(-1.,0.,0.));
#13227=DIRECTION('center_axis',(1.,0.,0.));
#13228=DIRECTION('ref_axis',(0.,0.,-1.));
#13229=DIRECTION('',(0.,0.,-1.));
#13230=DIRECTION('',(0.,1.,0.));
#13231=DIRECTION('',(0.,0.,-1.));
#13232=DIRECTION('center_axis',(0.,1.,0.));
#13233=DIRECTION('ref_axis',(0.995556860957085,0.,0.0941622886365597));
#13234=DIRECTION('center_axis',(0.,-1.,0.));
#13235=DIRECTION('ref_axis',(0.995556860957085,0.,0.0941622886365597));
#13236=DIRECTION('',(0.,1.,0.));
#13237=DIRECTION('center_axis',(0.,-1.,0.));
#13238=DIRECTION('ref_axis',(0.995556860957085,0.,0.0941622886365597));
#13239=DIRECTION('center_axis',(-1.,0.,0.));
#13240=DIRECTION('ref_axis',(0.,0.,1.));
#13241=DIRECTION('',(0.,0.,1.));
#13242=DIRECTION('',(0.,1.,0.));
#13243=DIRECTION('',(0.,0.,1.));
#13244=DIRECTION('center_axis',(0.,0.,-1.));
#13245=DIRECTION('ref_axis',(-1.,0.,0.));
#13246=DIRECTION('',(-1.,0.,0.));
#13247=DIRECTION('',(-1.,0.,0.));
#13248=DIRECTION('center_axis',(0.,-1.,0.));
#13249=DIRECTION('ref_axis',(1.,0.,0.));
#13250=DIRECTION('',(0.,1.,0.));
#13251=DIRECTION('',(0.,1.,0.));
#13252=DIRECTION('center_axis',(-0.529143306624727,0.,0.848532474955585));
#13253=DIRECTION('ref_axis',(0.848532474955584,0.,0.529143306624727));
#13254=DIRECTION('',(0.848532474955584,0.,0.529143306624727));
#13255=DIRECTION('',(0.,1.,0.));
#13256=DIRECTION('',(0.848532474955584,0.,0.529143306624727));
#13257=DIRECTION('',(0.,1.,0.));
#13258=DIRECTION('center_axis',(0.542738311822822,0.,-0.839901854313772));
#13259=DIRECTION('ref_axis',(-0.839901854313772,0.,-0.542738311822822));
#13260=DIRECTION('',(-0.839901854313772,0.,-0.542738311822822));
#13261=DIRECTION('',(-0.839901854313772,0.,-0.542738311822822));
#13262=DIRECTION('center_axis',(0.,-1.,0.));
#13263=DIRECTION('ref_axis',(1.,0.,0.));
#13264=DIRECTION('center_axis',(0.,0.,1.));
#13265=DIRECTION('ref_axis',(1.,0.,0.));
#13266=DIRECTION('',(1.,0.,0.));
#13267=DIRECTION('',(0.,1.,0.));
#13268=DIRECTION('',(1.,0.,0.));
#13269=DIRECTION('',(0.,1.,0.));
#13270=DIRECTION('center_axis',(0.,1.,0.));
#13271=DIRECTION('ref_axis',(0.971654339858392,0.,0.236406099401756));
#13272=DIRECTION('center_axis',(0.,-1.,0.));
#13273=DIRECTION('ref_axis',(0.971654339858392,0.,0.236406099401756));
#13274=DIRECTION('center_axis',(0.,-1.,0.));
#13275=DIRECTION('ref_axis',(0.971654339858392,0.,0.236406099401756));
#13276=DIRECTION('center_axis',(0.,1.,0.));
#13277=DIRECTION('ref_axis',(-3.56314592483015E-16,0.,1.));
#13278=DIRECTION('center_axis',(0.,1.,0.));
#13279=DIRECTION('ref_axis',(0.994100011322195,0.,-0.108467356790932));
#13280=DIRECTION('',(0.,1.,0.));
#13281=DIRECTION('center_axis',(0.,1.,0.));
#13282=DIRECTION('ref_axis',(0.994100011322195,0.,-0.108467356790932));
#13283=DIRECTION('',(0.,1.,0.));
#13284=DIRECTION('center_axis',(0.,1.,0.));
#13285=DIRECTION('ref_axis',(-0.999527908519516,0.,-0.0307239335144644));
#13286=DIRECTION('center_axis',(0.,1.,0.));
#13287=DIRECTION('ref_axis',(-0.999527908519516,0.,-0.0307239335144644));
#13288=DIRECTION('',(0.,1.,0.));
#13289=DIRECTION('center_axis',(0.,1.,0.));
#13290=DIRECTION('ref_axis',(-0.999527908519516,0.,-0.0307239335144644));
#13291=DIRECTION('center_axis',(0.,1.,0.));
#13292=DIRECTION('ref_axis',(-0.763550665613204,0.,-0.645747923760993));
#13293=DIRECTION('center_axis',(0.,1.,0.));
#13294=DIRECTION('ref_axis',(-0.763550665613204,0.,-0.645747923760993));
#13295=DIRECTION('',(0.,1.,0.));
#13296=DIRECTION('center_axis',(0.,1.,0.));
#13297=DIRECTION('ref_axis',(-0.763550665613204,0.,-0.645747923760993));
#13298=DIRECTION('center_axis',(0.468502629884745,0.,0.883462102068378));
#13299=DIRECTION('ref_axis',(0.883462102068378,0.,-0.468502629884745));
#13300=DIRECTION('',(0.883462102068378,0.,-0.468502629884745));
#13301=DIRECTION('',(0.,1.,0.));
#13302=DIRECTION('',(0.883462102068378,0.,-0.468502629884745));
#13303=DIRECTION('center_axis',(0.,1.,0.));
#13304=DIRECTION('ref_axis',(-0.746920041890941,0.,-0.66491386737053));
#13305=DIRECTION('center_axis',(0.,-1.,0.));
#13306=DIRECTION('ref_axis',(-0.746920041890941,0.,-0.66491386737053));
#13307=DIRECTION('',(0.,1.,0.));
#13308=DIRECTION('center_axis',(0.,-1.,0.));
#13309=DIRECTION('ref_axis',(-0.746920041890941,0.,-0.66491386737053));
#13310=DIRECTION('center_axis',(0.,1.,0.));
#13311=DIRECTION('ref_axis',(-0.99685166401325,0.,0.0792890910151914));
#13312=DIRECTION('center_axis',(0.,-1.,0.));
#13313=DIRECTION('ref_axis',(-0.99685166401325,0.,0.0792890910151914));
#13314=DIRECTION('',(0.,1.,0.));
#13315=DIRECTION('center_axis',(0.,-1.,0.));
#13316=DIRECTION('ref_axis',(-0.99685166401325,0.,0.0792890910151914));
#13317=DIRECTION('center_axis',(0.,0.,-1.));
#13318=DIRECTION('ref_axis',(-1.,0.,0.));
#13319=DIRECTION('',(-1.,0.,0.));
#13320=DIRECTION('',(-1.,0.,0.));
#13321=DIRECTION('center_axis',(0.,-1.,0.));
#13322=DIRECTION('ref_axis',(1.,0.,0.));
#13323=DIRECTION('center_axis',(1.,0.,0.));
#13324=DIRECTION('ref_axis',(0.,0.,-1.));
#13325=DIRECTION('',(0.,0.,-1.));
#13326=DIRECTION('',(0.,1.,0.));
#13327=DIRECTION('',(0.,0.,-1.));
#13328=DIRECTION('',(0.,1.,0.));
#13329=DIRECTION('center_axis',(0.,0.,1.));
#13330=DIRECTION('ref_axis',(1.,0.,0.));
#13331=DIRECTION('',(1.,0.,0.));
#13332=DIRECTION('',(0.,1.,0.));
#13333=DIRECTION('',(1.,0.,0.));
#13334=DIRECTION('center_axis',(-0.999980135632779,0.,0.00630304211069457));
#13335=DIRECTION('ref_axis',(0.00630304211069457,0.,0.999980135632779));
#13336=DIRECTION('',(0.00630304211069457,0.,0.999980135632779));
#13337=DIRECTION('',(0.,1.,0.));
#13338=DIRECTION('',(0.00630304211069457,0.,0.999980135632779));
#13339=DIRECTION('center_axis',(0.,0.,-1.));
#13340=DIRECTION('ref_axis',(-1.,0.,0.));
#13341=DIRECTION('',(-1.,0.,0.));
#13342=DIRECTION('',(-1.,0.,0.));
#13343=DIRECTION('center_axis',(0.,1.,0.));
#13344=DIRECTION('ref_axis',(0.,0.,1.));
#13345=DIRECTION('center_axis',(0.,0.,-1.));
#13346=DIRECTION('ref_axis',(-1.,0.,0.));
#13347=DIRECTION('',(-1.,0.,0.));
#13348=DIRECTION('',(0.,1.,0.));
#13349=DIRECTION('',(-1.,0.,0.));
#13350=DIRECTION('',(0.,1.,0.));
#13351=DIRECTION('center_axis',(-0.99984409359601,0.,0.0176575338361001));
#13352=DIRECTION('ref_axis',(0.0176575338361001,0.,0.99984409359601));
#13353=DIRECTION('',(0.0176575338361001,0.,0.99984409359601));
#13354=DIRECTION('',(0.,1.,0.));
#13355=DIRECTION('',(0.0176575338361001,0.,0.99984409359601));
#13356=DIRECTION('center_axis',(0.,1.,0.));
#13357=DIRECTION('ref_axis',(-0.999195414040941,0.,-0.0401064154413246));
#13358=DIRECTION('center_axis',(0.,1.,0.));
#13359=DIRECTION('ref_axis',(-0.999195414040941,0.,-0.0401064154413246));
#13360=DIRECTION('',(0.,1.,0.));
#13361=DIRECTION('center_axis',(0.,1.,0.));
#13362=DIRECTION('ref_axis',(-0.999195414040941,0.,-0.0401064154413246));
#13363=DIRECTION('center_axis',(0.,0.,-1.));
#13364=DIRECTION('ref_axis',(-1.,0.,0.));
#13365=DIRECTION('',(-1.,0.,0.));
#13366=DIRECTION('',(0.,1.,0.));
#13367=DIRECTION('',(-1.,0.,0.));
#13368=DIRECTION('center_axis',(1.,0.,0.));
#13369=DIRECTION('ref_axis',(0.,0.,-1.));
#13370=DIRECTION('',(0.,0.,-1.));
#13371=DIRECTION('',(0.,1.,0.));
#13372=DIRECTION('',(0.,0.,-1.));
#13373=DIRECTION('center_axis',(0.,0.,1.));
#13374=DIRECTION('ref_axis',(1.,0.,0.));
#13375=DIRECTION('',(1.,0.,0.));
#13376=DIRECTION('',(0.,1.,0.));
#13377=DIRECTION('',(1.,0.,0.));
#13378=DIRECTION('center_axis',(0.,1.,0.));
#13379=DIRECTION('ref_axis',(-0.962198982142517,0.,-0.272347422906669));
#13380=DIRECTION('center_axis',(0.,-1.,0.));
#13381=DIRECTION('ref_axis',(-0.962198982142517,0.,-0.272347422906669));
#13382=DIRECTION('',(0.,1.,0.));
#13383=DIRECTION('center_axis',(0.,-1.,0.));
#13384=DIRECTION('ref_axis',(-0.962198982142517,0.,-0.272347422906669));
#13385=DIRECTION('center_axis',(1.,0.,0.));
#13386=DIRECTION('ref_axis',(0.,0.,-1.));
#13387=DIRECTION('',(0.,0.,-1.));
#13388=DIRECTION('',(0.,1.,0.));
#13389=DIRECTION('',(0.,0.,-1.));
#13390=DIRECTION('center_axis',(0.,0.,-1.));
#13391=DIRECTION('ref_axis',(-1.,0.,0.));
#13392=DIRECTION('',(-1.,0.,0.));
#13393=DIRECTION('',(0.,1.,0.));
#13394=DIRECTION('',(-1.,0.,0.));
#13395=DIRECTION('center_axis',(1.,0.,0.));
#13396=DIRECTION('ref_axis',(0.,0.,-1.));
#13397=DIRECTION('',(0.,0.,-1.));
#13398=DIRECTION('',(0.,1.,0.));
#13399=DIRECTION('',(0.,0.,-1.));
#13400=DIRECTION('center_axis',(0.,0.,1.));
#13401=DIRECTION('ref_axis',(1.,0.,0.));
#13402=DIRECTION('',(1.,0.,0.));
#13403=DIRECTION('',(0.,1.,0.));
#13404=DIRECTION('',(1.,0.,0.));
#13405=DIRECTION('center_axis',(1.,0.,0.));
#13406=DIRECTION('ref_axis',(0.,0.,-1.));
#13407=DIRECTION('',(0.,0.,-1.));
#13408=DIRECTION('',(0.,1.,0.));
#13409=DIRECTION('',(0.,0.,-1.));
#13410=DIRECTION('center_axis',(0.,0.,1.));
#13411=DIRECTION('ref_axis',(1.,0.,0.));
#13412=DIRECTION('',(1.,0.,0.));
#13413=DIRECTION('',(0.,1.,0.));
#13414=DIRECTION('',(1.,0.,0.));
#13415=DIRECTION('center_axis',(-1.,0.,0.));
#13416=DIRECTION('ref_axis',(0.,0.,1.));
#13417=DIRECTION('',(0.,0.,1.));
#13418=DIRECTION('',(0.,1.,0.));
#13419=DIRECTION('',(0.,0.,1.));
#13420=DIRECTION('center_axis',(0.,0.,1.));
#13421=DIRECTION('ref_axis',(1.,0.,0.));
#13422=DIRECTION('',(1.,0.,0.));
#13423=DIRECTION('',(0.,1.,0.));
#13424=DIRECTION('',(1.,0.,0.));
#13425=DIRECTION('center_axis',(-1.,0.,0.));
#13426=DIRECTION('ref_axis',(0.,0.,1.));
#13427=DIRECTION('',(0.,0.,1.));
#13428=DIRECTION('',(0.,0.,1.));
#13429=DIRECTION('center_axis',(0.,-1.,0.));
#13430=DIRECTION('ref_axis',(1.,0.,0.));
#13431=DIRECTION('center_axis',(0.,-1.,0.));
#13432=DIRECTION('ref_axis',(0.,0.,-1.));
#13433=DIRECTION('center_axis',(0.,-1.,0.));
#13434=DIRECTION('ref_axis',(0.,0.,-1.));
#13435=DIRECTION('center_axis',(0.,-1.,0.));
#13436=DIRECTION('ref_axis',(0.,0.,-1.));
#13437=DIRECTION('center_axis',(0.,1.,0.));
#13438=DIRECTION('ref_axis',(-1.,0.,0.));
#13439=DIRECTION('',(0.,0.,-1.));
#13440=DIRECTION('center_axis',(1.,0.,0.));
#13441=DIRECTION('ref_axis',(0.,1.,0.));
#13442=DIRECTION('',(0.,-1.,0.));
#13443=DIRECTION('',(0.,0.422618261740706,0.906307787036647));
#13444=DIRECTION('center_axis',(-1.,0.,0.));
#13445=DIRECTION('ref_axis',(0.,-1.,0.));
#13446=DIRECTION('',(0.,1.,0.));
#13447=DIRECTION('',(0.,0.,1.));
#13448=DIRECTION('',(0.,-1.,0.));
#13449=DIRECTION('center_axis',(-2.72602810154631E-31,-0.906307787036647,
0.422618261740706));
#13450=DIRECTION('ref_axis',(0.,-0.422618261740706,-0.906307787036647));
#13451=DIRECTION('',(1.,0.,6.45033200959698E-31));
#13452=DIRECTION('',(-1.,3.00783921371745E-31,0.));
#13453=DIRECTION('center_axis',(0.,0.,1.));
#13454=DIRECTION('ref_axis',(1.,0.,0.));
#13455=DIRECTION('',(1.,0.,0.));
#13456=DIRECTION('center_axis',(0.,0.,1.));
#13457=DIRECTION('ref_axis',(1.,0.,0.));
#13458=DIRECTION('',(1.,0.,0.));
#13459=DIRECTION('center_axis',(0.,-1.,0.));
#13460=DIRECTION('ref_axis',(0.,0.,-1.));
#13461=DIRECTION('',(-1.,0.,0.));
#13462=DIRECTION('center_axis',(0.,0.,1.));
#13463=DIRECTION('ref_axis',(-1.,0.,0.));
#13464=DIRECTION('center_axis',(0.,-1.,0.));
#13465=DIRECTION('ref_axis',(0.,0.,-1.));
#13466=DIRECTION('',(1.,0.,1.01394773608772E-17));
#13467=DIRECTION('center_axis',(1.,0.,0.));
#13468=DIRECTION('ref_axis',(0.,0.422618261740726,0.906307787036637));
#13469=DIRECTION('',(0.,-0.906307787036647,0.422618261740706));
#13470=DIRECTION('',(0.,-0.906307787036647,0.422618261740706));
#13471=DIRECTION('center_axis',(0.,0.422618261740706,0.906307787036647));
#13472=DIRECTION('ref_axis',(-1.,0.,0.));
#13473=DIRECTION('',(0.,-0.906307787036647,0.422618261740706));
#13474=DIRECTION('center_axis',(-1.,0.,0.));
#13475=DIRECTION('ref_axis',(0.,-0.422618261740699,-0.90630778703665));
#13476=DIRECTION('',(0.,-0.906307787036647,0.422618261740706));
#13477=DIRECTION('center_axis',(-1.5619445923376E-28,-0.422618261740706,
-0.906307787036647));
#13478=DIRECTION('ref_axis',(1.,-1.72200307456592E-14,8.0298322103654E-15));
#13479=DIRECTION('center_axis',(0.,0.,-1.));
#13480=DIRECTION('ref_axis',(-1.,0.,0.));
#13481=DIRECTION('center_axis',(-1.,0.,0.));
#13482=DIRECTION('ref_axis',(0.,0.422618261740699,0.90630778703665));
#13483=DIRECTION('',(0.,-0.422618261740706,-0.906307787036647));
#13484=DIRECTION('',(0.,0.90630778703665,-0.422618261740699));
#13485=DIRECTION('',(0.,0.,1.));
#13486=DIRECTION('center_axis',(1.,0.,0.));
#13487=DIRECTION('ref_axis',(0.,-0.422618261740699,-0.90630778703665));
#13488=DIRECTION('',(0.,0.422618261740706,0.906307787036647));
#13489=DIRECTION('',(0.,0.,-1.));
#13490=DIRECTION('',(0.,0.90630778703665,-0.422618261740699));
#13491=DIRECTION('center_axis',(0.,0.422618261740699,0.90630778703665));
#13492=DIRECTION('ref_axis',(1.,0.,0.));
#13493=DIRECTION('',(-1.,0.,0.));
#13494=DIRECTION('',(1.,0.,0.));
#13495=DIRECTION('center_axis',(0.,-1.,0.));
#13496=DIRECTION('ref_axis',(0.,0.,-1.));
#13497=DIRECTION('',(1.,0.,0.));
#13498=DIRECTION('',(0.,0.,-1.));
#13499=DIRECTION('',(1.,0.,0.));
#13500=DIRECTION('',(0.,0.,1.));
#13501=DIRECTION('',(1.,0.,0.));
#13502=DIRECTION('center_axis',(0.,0.906307787045657,-0.422618261721384));
#13503=DIRECTION('ref_axis',(-1.,1.92090079045566E-22,4.11940791812809E-22));
#13504=DIRECTION('center_axis',(0.,-0.906307787036647,0.422618261740706));
#13505=DIRECTION('ref_axis',(-1.,1.92090079045566E-22,4.11940791812809E-22));
#13506=DIRECTION('',(0.,0.906307787045657,-0.422618261721384));
#13507=DIRECTION('center_axis',(0.,0.906307787036647,-0.422618261740706));
#13508=DIRECTION('ref_axis',(-1.,1.92090079045566E-22,4.11940791812809E-22));
#13509=DIRECTION('',(0.,0.906307787045657,-0.422618261721384));
#13510=DIRECTION('center_axis',(-1.,4.6920052479014E-16,1.00620377257516E-15));
#13511=DIRECTION('ref_axis',(1.11022302462516E-15,0.422618261721384,0.906307787045657));
#13512=DIRECTION('',(-1.11022302462516E-15,-0.422618261740706,-0.906307787036647));
#13513=DIRECTION('',(1.11022302462516E-15,0.422618261740706,0.906307787036647));
#13514=DIRECTION('',(0.,0.906307787045657,-0.422618261721384));
#13515=DIRECTION('center_axis',(0.,0.906307787045657,-0.422618261721384));
#13516=DIRECTION('ref_axis',(-1.77635683940025E-15,-0.422618261721384,-0.906307787045657));
#13517=DIRECTION('center_axis',(0.,-0.906307787036647,0.422618261740706));
#13518=DIRECTION('ref_axis',(-1.77635683940025E-15,-0.422618261721384,-0.906307787045657));
#13519=DIRECTION('center_axis',(0.,0.906307787036647,-0.422618261740706));
#13520=DIRECTION('ref_axis',(-1.77635683940025E-15,-0.422618261721384,-0.906307787045657));
#13521=DIRECTION('',(0.,0.906307787045657,-0.422618261721384));
#13522=DIRECTION('center_axis',(-2.22044604925031E-15,-0.422618261721384,
-0.906307787045657));
#13523=DIRECTION('ref_axis',(-1.,9.38401049623184E-16,2.01240754513031E-15));
#13524=DIRECTION('',(1.,-9.38401049623184E-16,-2.01240754513031E-15));
#13525=DIRECTION('',(-1.,9.38401049623185E-16,2.01240754513031E-15));
#13526=DIRECTION('',(0.,0.906307787045657,-0.422618261721384));
#13527=DIRECTION('center_axis',(0.,0.906307787045657,-0.422618261721384));
#13528=DIRECTION('ref_axis',(1.77635683940024E-15,-0.422618261721384,-0.906307787045657));
#13529=DIRECTION('center_axis',(0.,-0.906307787036647,0.422618261740706));
#13530=DIRECTION('ref_axis',(1.77635683940024E-15,-0.422618261721384,-0.906307787045657));
#13531=DIRECTION('center_axis',(0.,0.906307787036647,-0.422618261740706));
#13532=DIRECTION('ref_axis',(1.77635683940024E-15,-0.422618261721384,-0.906307787045657));
#13533=DIRECTION('',(0.,0.906307787045657,-0.422618261721384));
#13534=DIRECTION('center_axis',(1.,0.,0.));
#13535=DIRECTION('ref_axis',(0.,-0.422618261740706,-0.906307787036647));
#13536=DIRECTION('',(0.,0.422618261740706,0.906307787036647));
#13537=DIRECTION('',(0.,-0.422618261740706,-0.906307787036647));
#13538=DIRECTION('',(0.,0.906307787045657,-0.422618261721384));
#13539=DIRECTION('center_axis',(0.,0.906307787045657,-0.422618261721384));
#13540=DIRECTION('ref_axis',(1.,3.00288316656589E-15,6.43970373254095E-15));
#13541=DIRECTION('center_axis',(0.,-0.906307787036647,0.422618261740706));
#13542=DIRECTION('ref_axis',(1.,3.00288316656589E-15,6.43970373254095E-15));
#13543=DIRECTION('center_axis',(0.,0.906307787036647,-0.422618261740706));
#13544=DIRECTION('ref_axis',(1.,3.00288316656589E-15,6.43970373254095E-15));
#13545=DIRECTION('',(0.,0.906307787045657,-0.422618261721384));
#13546=DIRECTION('center_axis',(4.54527668662219E-22,0.422618261721384,
0.906307787045657));
#13547=DIRECTION('ref_axis',(1.,1.93219237678838E-11,-9.00996102325146E-12));
#13548=DIRECTION('',(-1.,1.92091693243083E-22,4.11941965532182E-22));
#13549=DIRECTION('',(1.,-1.92091693243083E-22,-4.11941965532182E-22));
#13550=DIRECTION('center_axis',(0.,-0.906307787036647,0.422618261740706));
#13551=DIRECTION('ref_axis',(0.,-0.422618261740706,-0.906307787036647));
#13552=DIRECTION('',(0.,0.422618261740706,0.906307787036647));
#13553=DIRECTION('',(0.,-0.422618261740706,-0.906307787036647));
#13554=DIRECTION('',(1.,0.,0.));
#13555=DIRECTION('center_axis',(0.,1.,0.));
#13556=DIRECTION('ref_axis',(0.,0.,1.));
#13557=DIRECTION('',(0.,0.,1.));
#13558=DIRECTION('',(0.,0.,1.));
#13559=DIRECTION('',(1.,0.,0.));
#13560=DIRECTION('center_axis',(0.,0.906307787036647,-0.422618261740706));
#13561=DIRECTION('ref_axis',(0.,0.422618261740706,0.906307787036647));
#13562=DIRECTION('',(0.,0.422618261740706,0.906307787036647));
#13563=DIRECTION('',(0.,0.422618261740706,0.906307787036647));
#13564=DIRECTION('center_axis',(1.,0.,0.));
#13565=DIRECTION('ref_axis',(0.,0.,-1.));
#13566=DIRECTION('center_axis',(1.,0.,0.));
#13567=DIRECTION('ref_axis',(0.,1.,0.));
#13568=DIRECTION('center_axis',(0.,0.,1.));
#13569=DIRECTION('ref_axis',(-1.,0.,0.));
#13570=DIRECTION('',(1.,0.,0.));
#13571=DIRECTION('',(-4.44089209850063E-16,1.,0.));
#13572=DIRECTION('center_axis',(0.,0.,-1.));
#13573=DIRECTION('ref_axis',(-1.,0.,0.));
#13574=DIRECTION('',(-1.,0.,0.));
#13575=DIRECTION('center_axis',(0.,0.,-1.));
#13576=DIRECTION('ref_axis',(0.,-1.,0.));
#13577=DIRECTION('',(0.,-1.,0.));
#13578=DIRECTION('',(1.,0.,0.));
#13579=DIRECTION('',(0.,1.,0.));
#13580=DIRECTION('center_axis',(0.,0.,1.));
#13581=DIRECTION('ref_axis',(3.55271367880049E-15,-1.,0.));
#13582=DIRECTION('',(1.,0.,0.));
#13583=DIRECTION('center_axis',(0.,0.,1.));
#13584=DIRECTION('ref_axis',(-1.,0.,0.));
#13585=DIRECTION('',(4.44089209850063E-16,-1.,0.));
#13586=DIRECTION('center_axis',(1.,0.,0.));
#13587=DIRECTION('ref_axis',(0.,1.,0.));
#13588=DIRECTION('',(0.,0.,1.));
#13589=DIRECTION('',(0.,-1.,0.));
#13590=DIRECTION('',(0.,0.,1.));
#13591=DIRECTION('center_axis',(0.,0.,1.));
#13592=DIRECTION('ref_axis',(0.,-1.,0.));
#13593=DIRECTION('',(0.,0.,1.));
#13594=DIRECTION('center_axis',(0.,0.,1.));
#13595=DIRECTION('ref_axis',(0.,-1.,0.));
#13596=DIRECTION('center_axis',(0.,-1.,0.));
#13597=DIRECTION('ref_axis',(1.,0.,0.));
#13598=DIRECTION('',(0.,0.,1.));
#13599=DIRECTION('',(1.,0.,0.));
#13600=DIRECTION('center_axis',(0.,0.,1.));
#13601=DIRECTION('ref_axis',(-1.,0.,0.));
#13602=DIRECTION('',(0.,0.,1.));
#13603=DIRECTION('center_axis',(0.,0.,1.));
#13604=DIRECTION('ref_axis',(-1.,0.,0.));
#13605=DIRECTION('center_axis',(-1.,-4.44089209850063E-16,0.));
#13606=DIRECTION('ref_axis',(4.44089209850063E-16,-1.,0.));
#13607=DIRECTION('',(0.,0.,1.));
#13608=DIRECTION('',(4.44089209850063E-16,-1.,0.));
#13609=DIRECTION('center_axis',(0.,1.,0.));
#13610=DIRECTION('ref_axis',(-1.,0.,0.));
#13611=DIRECTION('',(0.,0.,1.));
#13612=DIRECTION('',(-1.,0.,0.));
#13613=DIRECTION('center_axis',(0.,0.,1.));
#13614=DIRECTION('ref_axis',(-1.,0.,0.));
#13615=DIRECTION('',(0.,0.,1.));
#13616=DIRECTION('center_axis',(0.,0.,1.));
#13617=DIRECTION('ref_axis',(-1.,0.,0.));
#13618=DIRECTION('',(0.,0.,1.));
#13619=DIRECTION('center_axis',(0.,1.,0.));
#13620=DIRECTION('ref_axis',(-1.,0.,0.));
#13621=DIRECTION('',(0.,0.,1.));
#13622=DIRECTION('',(-1.,0.,0.));
#13623=DIRECTION('center_axis',(0.,0.,1.));
#13624=DIRECTION('ref_axis',(3.55271367880049E-15,-1.,0.));
#13625=DIRECTION('',(0.,0.,1.));
#13626=DIRECTION('center_axis',(0.,0.,1.));
#13627=DIRECTION('ref_axis',(3.55271367880049E-15,-1.,0.));
#13628=DIRECTION('center_axis',(-1.,0.,0.));
#13629=DIRECTION('ref_axis',(0.,-1.,0.));
#13630=DIRECTION('',(0.,0.,1.));
#13631=DIRECTION('',(0.,-1.,0.));
#13632=DIRECTION('center_axis',(0.,1.,0.));
#13633=DIRECTION('ref_axis',(-1.,0.,0.));
#13634=DIRECTION('',(1.,0.,0.));
#13635=DIRECTION('center_axis',(1.,4.44089209850063E-16,0.));
#13636=DIRECTION('ref_axis',(-4.44089209850063E-16,1.,0.));
#13637=DIRECTION('',(-4.44089209850063E-16,1.,0.));
#13638=DIRECTION('center_axis',(0.,0.,1.));
#13639=DIRECTION('ref_axis',(-1.,0.,0.));
#13640=DIRECTION('center_axis',(-1.,0.,0.));
#13641=DIRECTION('ref_axis',(0.,0.,-1.));
#13642=DIRECTION('',(0.,0.,1.));
#13643=DIRECTION('',(0.,-1.,0.));
#13644=DIRECTION('',(0.,0.,-1.));
#13645=DIRECTION('',(0.,-1.,0.));
#13646=DIRECTION('center_axis',(0.,-1.,0.));
#13647=DIRECTION('ref_axis',(-1.,0.,0.));
#13648=DIRECTION('center_axis',(0.,1.,0.));
#13649=DIRECTION('ref_axis',(-1.,0.,0.));
#13650=DIRECTION('center_axis',(0.,-1.,0.));
#13651=DIRECTION('ref_axis',(-1.,0.,0.));
#13652=DIRECTION('',(0.,-1.,0.));
#13653=DIRECTION('center_axis',(1.,0.,0.));
#13654=DIRECTION('ref_axis',(0.,0.,1.));
#13655=DIRECTION('',(0.,0.,-1.));
#13656=DIRECTION('',(0.,0.,1.));
#13657=DIRECTION('',(0.,-1.,0.));
#13658=DIRECTION('center_axis',(0.,-1.,0.));
#13659=DIRECTION('ref_axis',(1.,0.,0.));
#13660=DIRECTION('center_axis',(0.,1.,0.));
#13661=DIRECTION('ref_axis',(1.,0.,0.));
#13662=DIRECTION('center_axis',(0.,-1.,0.));
#13663=DIRECTION('ref_axis',(1.,0.,0.));
#13664=DIRECTION('center_axis',(0.,-1.,0.));
#13665=DIRECTION('ref_axis',(1.,0.,0.));
#13666=DIRECTION('',(1.,0.,0.));
#13667=DIRECTION('',(0.,0.,1.));
#13668=DIRECTION('',(1.,0.,0.));
#13669=DIRECTION('',(0.,0.,1.));
#13670=DIRECTION('center_axis',(-1.,0.,0.));
#13671=DIRECTION('ref_axis',(0.,-1.,0.));
#13672=DIRECTION('',(0.,-1.,0.));
#13673=DIRECTION('',(0.,-1.,0.));
#13674=DIRECTION('',(0.,0.,1.));
#13675=DIRECTION('center_axis',(0.,1.,0.));
#13676=DIRECTION('ref_axis',(-1.,0.,0.));
#13677=DIRECTION('',(-1.,0.,0.));
#13678=DIRECTION('',(-1.,0.,0.));
#13679=DIRECTION('',(0.,0.,1.));
#13680=DIRECTION('center_axis',(1.,0.,0.));
#13681=DIRECTION('ref_axis',(0.,1.,0.));
#13682=DIRECTION('',(0.,1.,0.));
#13683=DIRECTION('',(0.,1.,0.));
#13684=DIRECTION('center_axis',(0.,0.,1.));
#13685=DIRECTION('ref_axis',(1.,0.,0.));
#13686=DIRECTION('center_axis',(0.,0.,1.));
#13687=DIRECTION('ref_axis',(-1.,0.,0.));
#13688=CARTESIAN_POINT('',(0.,0.,0.));
#13689=CARTESIAN_POINT('Origin',(157.12132034356,104.323379659015,9.82996786584484));
#13690=CARTESIAN_POINT('',(157.12132034356,104.323379659015,9.82996786584484));
#13691=CARTESIAN_POINT('',(157.12132034356,102.90353158159,13.6665786282475));
#13692=CARTESIAN_POINT('',(157.12132034356,98.9097232048087,24.4583587101886));
#13693=CARTESIAN_POINT('',(156.12132034356,104.323379659015,9.82996786584484));
#13694=CARTESIAN_POINT('',(157.12132034356,104.323379659015,9.82996786584484));
#13695=CARTESIAN_POINT('',(156.12132034356,102.90353158159,13.6665786282475));
#13696=CARTESIAN_POINT('',(156.12132034356,102.90353158159,13.6665786282475));
#13697=CARTESIAN_POINT('',(157.12132034356,102.90353158159,13.6665786282475));
#13698=CARTESIAN_POINT('Origin',(157.12132034356,105.320294266568,9.82996786584484));
#13699=CARTESIAN_POINT('',(157.12132034356,105.320294266568,9.82996786584484));
#13700=CARTESIAN_POINT('',(157.12132034356,46.5994869615042,9.82996786584484));
#13701=CARTESIAN_POINT('',(156.12132034356,105.320294266568,9.82996786584484));
#13702=CARTESIAN_POINT('',(157.12132034356,105.320294266568,9.82996786584484));
#13703=CARTESIAN_POINT('',(156.12132034356,104.323379659015,9.82996786584484));
#13704=CARTESIAN_POINT('Origin',(157.12132034356,106.000001579523,12.0000001788139));
#13705=CARTESIAN_POINT('',(157.12132034356,106.000001579523,12.0000001788139));
#13706=CARTESIAN_POINT('',(157.12132034356,99.0118424098897,-10.3103838898052));
#13707=CARTESIAN_POINT('',(156.12132034356,106.000001579523,12.0000001788139));
#13708=CARTESIAN_POINT('',(157.12132034356,106.000001579523,12.0000001788139));
#13709=CARTESIAN_POINT('',(156.12132034356,105.320294266568,9.82996786584484));
#13710=CARTESIAN_POINT('Origin',(157.12132034356,106.803084404008,9.82996786584484));
#13711=CARTESIAN_POINT('',(157.12132034356,106.803084404008,9.82996786584484));
#13712=CARTESIAN_POINT('',(157.12132034356,101.240075027409,24.8619293728255));
#13713=CARTESIAN_POINT('',(156.12132034356,106.803084404008,9.82996786584484));
#13714=CARTESIAN_POINT('',(157.12132034356,106.803084404008,9.82996786584484));
#13715=CARTESIAN_POINT('',(156.12132034356,106.000001579523,12.0000001788139));
#13716=CARTESIAN_POINT('Origin',(157.12132034356,107.737056951546,9.82996786584484));
#13717=CARTESIAN_POINT('',(157.12132034356,107.737056951546,9.82996786584484));
#13718=CARTESIAN_POINT('',(157.12132034356,47.8078683039932,9.82996786584484));
#13719=CARTESIAN_POINT('',(156.12132034356,107.737056951546,9.82996786584484));
#13720=CARTESIAN_POINT('',(157.12132034356,107.737056951546,9.82996786584484));
#13721=CARTESIAN_POINT('',(156.12132034356,106.803084404008,9.82996786584484));
#13722=CARTESIAN_POINT('Origin',(157.12132034356,108.938777486573,13.6665786282475));
#13723=CARTESIAN_POINT('',(157.12132034356,108.938777486573,13.6665786282475));
#13724=CARTESIAN_POINT('',(157.12132034356,101.581649982603,-9.82177306365946));
#13725=CARTESIAN_POINT('',(156.12132034356,108.938777486573,13.6665786282475));
#13726=CARTESIAN_POINT('',(157.12132034356,108.938777486573,13.6665786282475));
#13727=CARTESIAN_POINT('',(156.12132034356,107.737056951546,9.82996786584484));
#13728=CARTESIAN_POINT('Origin',(157.12132034356,107.932060154131,13.6665786282475));
#13729=CARTESIAN_POINT('',(157.12132034356,107.932060154131,13.6665786282475));
#13730=CARTESIAN_POINT('',(157.12132034356,47.9053699052857,13.6665786282475));
#13731=CARTESIAN_POINT('',(156.12132034356,107.932060154131,13.6665786282475));
#13732=CARTESIAN_POINT('',(157.12132034356,107.932060154131,13.6665786282475));
#13733=CARTESIAN_POINT('',(156.12132034356,108.938777486573,13.6665786282475));
#13734=CARTESIAN_POINT('Origin',(157.12132034356,107.174789127704,11.5336797210336));
#13735=CARTESIAN_POINT('',(157.12132034356,107.174789127704,11.5336797210336));
#13736=CARTESIAN_POINT('',(157.12132034356,98.679251333593,-12.3945080015956));
#13737=CARTESIAN_POINT('',(156.12132034356,107.174789127704,11.5336797210336));
#13738=CARTESIAN_POINT('',(157.12132034356,107.174789127704,11.5336797210336));
#13739=CARTESIAN_POINT('',(156.12132034356,107.932060154131,13.6665786282475));
#13740=CARTESIAN_POINT('Origin',(157.12132034356,106.385448587239,13.6665786282475));
#13741=CARTESIAN_POINT('',(157.12132034356,106.385448587239,13.6665786282475));
#13742=CARTESIAN_POINT('',(157.12132034356,101.471999881379,26.9433442802522));
#13743=CARTESIAN_POINT('',(156.12132034356,106.385448587239,13.6665786282475));
#13744=CARTESIAN_POINT('',(157.12132034356,106.385448587239,13.6665786282475));
#13745=CARTESIAN_POINT('',(156.12132034356,107.174789127704,11.5336797210336));
#13746=CARTESIAN_POINT('Origin',(157.12132034356,105.528547765906,13.6665786282475));
#13747=CARTESIAN_POINT('',(157.12132034356,105.528547765906,13.6665786282475));
#13748=CARTESIAN_POINT('',(157.12132034356,46.7036137111733,13.6665786282475));
#13749=CARTESIAN_POINT('',(156.12132034356,105.528547765906,13.6665786282475));
#13750=CARTESIAN_POINT('',(157.12132034356,105.528547765906,13.6665786282475));
#13751=CARTESIAN_POINT('',(156.12132034356,106.385448587239,13.6665786282475));
#13752=CARTESIAN_POINT('Origin',(157.12132034356,104.828740566407,11.4323754545915));
#13753=CARTESIAN_POINT('',(157.12132034356,104.828740566407,11.4323754545915));
#13754=CARTESIAN_POINT('',(157.12132034356,97.973858586275,-10.4525081047836));
#13755=CARTESIAN_POINT('',(156.12132034356,104.828740566407,11.4323754545915));
#13756=CARTESIAN_POINT('',(157.12132034356,104.828740566407,11.4323754545915));
#13757=CARTESIAN_POINT('',(156.12132034356,105.528547765906,13.6665786282475));
#13758=CARTESIAN_POINT('Origin',(157.12132034356,104.001909470645,13.6665786282475));
#13759=CARTESIAN_POINT('',(157.12132034356,104.001909470645,13.6665786282475));
#13760=CARTESIAN_POINT('',(157.12132034356,99.2320216195281,26.5554245238185));
#13761=CARTESIAN_POINT('',(156.12132034356,104.001909470645,13.6665786282475));
#13762=CARTESIAN_POINT('',(157.12132034356,104.001909470645,13.6665786282475));
#13763=CARTESIAN_POINT('',(156.12132034356,104.828740566407,11.4323754545915));
#13764=CARTESIAN_POINT('Origin',(157.12132034356,102.90353158159,13.6665786282475));
#13765=CARTESIAN_POINT('',(157.12132034356,45.3911056190152,13.6665786282475));
#13766=CARTESIAN_POINT('',(156.12132034356,104.001909470645,13.6665786282475));
#13767=CARTESIAN_POINT('Origin',(156.12132034356,105.921154534082,11.7482732470461));
#13768=CARTESIAN_POINT('Origin',(157.12132034356,116.30711506038,18.1347263784651));
#13769=CARTESIAN_POINT('',(157.12132034356,116.30711506038,18.1347263784651));
#13770=CARTESIAN_POINT('',(157.12132034356,114.69216388097,22.0592313950959));
#13771=CARTESIAN_POINT('',(157.12132034356,110.198937088123,32.9782556443799));
#13772=CARTESIAN_POINT('',(156.12132034356,116.30711506038,18.1347263784651));
#13773=CARTESIAN_POINT('',(157.12132034356,116.30711506038,18.1347263784651));
#13774=CARTESIAN_POINT('',(156.12132034356,114.69216388097,22.0592313950959));
#13775=CARTESIAN_POINT('',(156.12132034356,114.69216388097,22.0592313950959));
#13776=CARTESIAN_POINT('',(157.12132034356,114.69216388097,22.0592313950959));
#13777=CARTESIAN_POINT('Origin',(157.12132034356,117.418479312877,18.1347263784651));
#13778=CARTESIAN_POINT('',(157.12132034356,117.418479312877,18.1347263784651));
#13779=CARTESIAN_POINT('',(157.12132034356,52.6485794846587,18.1347263784651));
#13780=CARTESIAN_POINT('',(156.12132034356,117.418479312877,18.1347263784651));
#13781=CARTESIAN_POINT('',(157.12132034356,117.418479312877,18.1347263784651));
#13782=CARTESIAN_POINT('',(156.12132034356,116.30711506038,18.1347263784651));
#13783=CARTESIAN_POINT('Origin',(157.12132034356,118.981335292951,22.0592313950959));
#13784=CARTESIAN_POINT('',(157.12132034356,118.981335292951,22.0592313950959));
#13785=CARTESIAN_POINT('',(157.12132034356,106.21757737393,-9.99198293489046));
#13786=CARTESIAN_POINT('',(156.12132034356,118.981335292951,22.0592313950959));
#13787=CARTESIAN_POINT('',(157.12132034356,118.981335292951,22.0592313950959));
#13788=CARTESIAN_POINT('',(156.12132034356,117.418479312877,18.1347263784651));
#13789=CARTESIAN_POINT('Origin',(157.12132034356,117.765780641783,22.0592313950959));
#13790=CARTESIAN_POINT('',(157.12132034356,117.765780641783,22.0592313950959));
#13791=CARTESIAN_POINT('',(157.12132034356,52.8222301491114,22.0592313950959));
#13792=CARTESIAN_POINT('',(156.12132034356,117.765780641783,22.0592313950959));
#13793=CARTESIAN_POINT('',(157.12132034356,117.765780641783,22.0592313950959));
#13794=CARTESIAN_POINT('',(156.12132034356,118.981335292951,22.0592313950959));
#13795=CARTESIAN_POINT('Origin',(157.12132034356,116.862797186629,19.6454871592035));
#13796=CARTESIAN_POINT('',(157.12132034356,116.862797186629,19.6454871592035));
#13797=CARTESIAN_POINT('',(157.12132034356,105.721579593249,-10.135844484637));
#13798=CARTESIAN_POINT('',(156.12132034356,116.862797186629,19.6454871592035));
#13799=CARTESIAN_POINT('',(157.12132034356,116.862797186629,19.6454871592035));
#13800=CARTESIAN_POINT('',(156.12132034356,117.765780641783,22.0592313950959));
#13801=CARTESIAN_POINT('Origin',(157.12132034356,115.869530753275,22.0592313950959));
#13802=CARTESIAN_POINT('',(157.12132034356,115.869530753275,22.0592313950959));
#13803=CARTESIAN_POINT('',(157.12132034356,110.483578926783,35.1476734680749));
#13804=CARTESIAN_POINT('',(156.12132034356,115.869530753275,22.0592313950959));
#13805=CARTESIAN_POINT('',(157.12132034356,115.869530753275,22.0592313950959));
#13806=CARTESIAN_POINT('',(156.12132034356,116.862797186629,19.6454871592035));
#13807=CARTESIAN_POINT('Origin',(157.12132034356,114.69216388097,22.0592313950959));
#13808=CARTESIAN_POINT('',(157.12132034356,51.2854217687051,22.0592313950959));
#13809=CARTESIAN_POINT('',(156.12132034356,115.869530753275,22.0592313950959));
#13810=CARTESIAN_POINT('Origin',(156.12132034356,116.836749586961,20.0969788867805));
#13811=CARTESIAN_POINT('Origin',(157.12132034356,101.155358952498,20.1733757684317));
#13812=CARTESIAN_POINT('',(157.12132034356,100.089455821945,20.1733757684317));
#13813=CARTESIAN_POINT('Origin',(157.12132034356,101.155358952498,20.1733757684317));
#13814=CARTESIAN_POINT('',(156.12132034356,100.089455821945,20.1733757684317));
#13815=CARTESIAN_POINT('',(157.12132034356,100.089455821945,20.1733757684317));
#13816=CARTESIAN_POINT('Origin',(156.12132034356,101.155358952498,20.1733757684317));
#13817=CARTESIAN_POINT('Origin',(157.12132034356,100.993970996348,20.1234013615624));
#13818=CARTESIAN_POINT('',(157.12132034356,102.249944637885,18.663640239193));
#13819=CARTESIAN_POINT('',(157.12132034356,102.249944637885,21.5831624839319));
#13820=CARTESIAN_POINT('Origin',(157.12132034356,100.993970996348,20.1234013615624));
#13821=CARTESIAN_POINT('',(156.12132034356,102.249944637885,18.663640239193));
#13822=CARTESIAN_POINT('',(157.12132034356,102.249944637885,18.663640239193));
#13823=CARTESIAN_POINT('',(156.12132034356,102.249944637885,21.5831624839319));
#13824=CARTESIAN_POINT('Origin',(156.12132034356,100.993970996348,20.1234013615624));
#13825=CARTESIAN_POINT('',(157.12132034356,102.249944637885,21.5831624839319));
#13826=CARTESIAN_POINT('Origin',(157.12132034356,102.249944637885,18.1999995931983));
#13827=CARTESIAN_POINT('',(157.12132034356,102.249944637885,18.1999995931983));
#13828=CARTESIAN_POINT('',(157.12132034356,102.249944637885,9.09999979659915));
#13829=CARTESIAN_POINT('',(156.12132034356,102.249944637885,18.1999995931983));
#13830=CARTESIAN_POINT('',(157.12132034356,102.249944637885,18.1999995931983));
#13831=CARTESIAN_POINT('',(156.12132034356,102.249944637885,18.1999995931983));
#13832=CARTESIAN_POINT('Origin',(157.12132034356,103.299997691065,18.1999995931983));
#13833=CARTESIAN_POINT('',(157.12132034356,103.299997691065,18.1999995931983));
#13834=CARTESIAN_POINT('',(157.12132034356,45.5893386737527,18.1999995931983));
#13835=CARTESIAN_POINT('',(156.12132034356,103.299997691065,18.1999995931983));
#13836=CARTESIAN_POINT('',(157.12132034356,103.299997691065,18.1999995931983));
#13837=CARTESIAN_POINT('',(156.12132034356,103.299997691065,18.1999995931983));
#13838=CARTESIAN_POINT('Origin',(157.12132034356,103.299997691065,22.1182694749283));
#13839=CARTESIAN_POINT('',(157.12132034356,103.299997691065,22.1182694749283));
#13840=CARTESIAN_POINT('',(157.12132034356,103.299997691065,11.0591347374641));
#13841=CARTESIAN_POINT('',(156.12132034356,103.299997691065,22.1182694749283));
#13842=CARTESIAN_POINT('',(157.12132034356,103.299997691065,22.1182694749283));
#13843=CARTESIAN_POINT('',(156.12132034356,103.299997691065,22.1182694749283));
#13844=CARTESIAN_POINT('Origin',(157.12132034356,102.249944637885,22.1182694749283));
#13845=CARTESIAN_POINT('',(157.12132034356,102.249944637885,22.1182694749283));
#13846=CARTESIAN_POINT('',(157.12132034356,45.0643121471627,22.1182694749283));
#13847=CARTESIAN_POINT('',(156.12132034356,102.249944637885,22.1182694749283));
#13848=CARTESIAN_POINT('',(157.12132034356,102.249944637885,22.1182694749283));
#13849=CARTESIAN_POINT('',(156.12132034356,102.249944637885,22.1182694749283));
#13850=CARTESIAN_POINT('Origin',(157.12132034356,102.249944637885,21.5831624839319));
#13851=CARTESIAN_POINT('',(157.12132034356,102.249944637885,10.791581241966));
#13852=CARTESIAN_POINT('',(156.12132034356,102.249944637885,21.5831624839319));
#13853=CARTESIAN_POINT('Origin',(156.12132034356,101.184127614668,20.157978689207));
#13854=CARTESIAN_POINT('Origin',(157.12132034356,111.899166259376,30.4058418955934));
#13855=CARTESIAN_POINT('',(157.12132034356,111.899166259376,30.4058418955934));
#13856=CARTESIAN_POINT('',(157.12132034356,111.899166259376,26.5465939612345));
#13857=CARTESIAN_POINT('',(157.12132034356,111.899166259376,15.2029209477967));
#13858=CARTESIAN_POINT('',(156.12132034356,111.899166259376,30.4058418955934));
#13859=CARTESIAN_POINT('',(157.12132034356,111.899166259376,30.4058418955934));
#13860=CARTESIAN_POINT('',(156.12132034356,111.899166259376,26.5465939612345));
#13861=CARTESIAN_POINT('',(156.12132034356,111.899166259376,30.4058418955934));
#13862=CARTESIAN_POINT('',(157.12132034356,111.899166259376,26.5465939612345));
#13863=CARTESIAN_POINT('Origin',(157.12132034356,110.817728651397,30.4058418955934));
#13864=CARTESIAN_POINT('',(157.12132034356,110.817728651397,30.4058418955934));
#13865=CARTESIAN_POINT('',(157.12132034356,49.3482041539185,30.4058418955934));
#13866=CARTESIAN_POINT('',(156.12132034356,110.817728651397,30.4058418955934));
#13867=CARTESIAN_POINT('',(157.12132034356,110.817728651397,30.4058418955934));
#13868=CARTESIAN_POINT('',(156.12132034356,110.817728651397,30.4058418955934));
#13869=CARTESIAN_POINT('Origin',(157.12132034356,110.817728651397,26.5465939612345));
#13870=CARTESIAN_POINT('',(157.12132034356,110.817728651397,26.5465939612345));
#13871=CARTESIAN_POINT('',(157.12132034356,110.817728651397,13.2732969806172));
#13872=CARTESIAN_POINT('',(156.12132034356,110.817728651397,26.5465939612345));
#13873=CARTESIAN_POINT('',(157.12132034356,110.817728651397,26.5465939612345));
#13874=CARTESIAN_POINT('',(156.12132034356,110.817728651397,26.5465939612345));
#13875=CARTESIAN_POINT('Origin',(157.12132034356,111.899166259376,26.5465939612345));
#13876=CARTESIAN_POINT('',(157.12132034356,49.8889229579083,26.5465939612345));
#13877=CARTESIAN_POINT('',(156.12132034356,111.899166259376,26.5465939612345));
#13878=CARTESIAN_POINT('Origin',(156.12132034356,111.358447455386,28.4762179284139));
#13879=CARTESIAN_POINT('Origin',(157.12132034356,95.8299222571796,30.6154107221885));
#13880=CARTESIAN_POINT('',(157.12132034356,95.8299222571796,30.6154107221885));
#13881=CARTESIAN_POINT('',(157.12132034356,94.7833591475191,30.6154107221885));
#13882=CARTESIAN_POINT('',(157.12132034356,41.85430095681,30.6154107221885));
#13883=CARTESIAN_POINT('',(156.12132034356,95.8299222571796,30.6154107221885));
#13884=CARTESIAN_POINT('',(157.12132034356,95.8299222571796,30.6154107221885));
#13885=CARTESIAN_POINT('',(156.12132034356,94.7833591475191,30.6154107221885));
#13886=CARTESIAN_POINT('',(156.12132034356,94.7833591475191,30.6154107221885));
#13887=CARTESIAN_POINT('',(157.12132034356,94.7833591475191,30.6154107221885));
#13888=CARTESIAN_POINT('Origin',(157.12132034356,95.6823730078188,29.1361885018769));
#13889=CARTESIAN_POINT('',(157.12132034356,95.8299222571796,27.6569662815654));
#13890=CARTESIAN_POINT('Origin',(157.12132034356,95.6823730078188,29.1361885018769));
#13891=CARTESIAN_POINT('',(156.12132034356,95.8299222571796,27.6569662815654));
#13892=CARTESIAN_POINT('',(157.12132034356,95.8299222571796,27.6569662815654));
#13893=CARTESIAN_POINT('Origin',(156.12132034356,95.6823730078188,29.1361885018769));
#13894=CARTESIAN_POINT('Origin',(157.12132034356,94.7833591475191,27.6569662815654));
#13895=CARTESIAN_POINT('',(157.12132034356,94.7833591475191,27.6569662815654));
#13896=CARTESIAN_POINT('',(157.12132034356,41.3310194019797,27.6569662815654));
#13897=CARTESIAN_POINT('',(156.12132034356,94.7833591475191,27.6569662815654));
#13898=CARTESIAN_POINT('',(157.12132034356,94.7833591475191,27.6569662815654));
#13899=CARTESIAN_POINT('',(156.12132034356,94.7833591475191,27.6569662815654));
#13900=CARTESIAN_POINT('Origin',(157.12132034356,94.7833591475191,30.6154107221885));
#13901=CARTESIAN_POINT('',(157.12132034356,94.7833591475191,15.3077053610943));
#13902=CARTESIAN_POINT('',(156.12132034356,94.7833591475191,30.6154107221885));
#13903=CARTESIAN_POINT('Origin',(157.12132034356,96.0000014305115,26.6342941292512));
#13904=CARTESIAN_POINT('',(157.12132034356,96.0000014305115,26.6342941292512));
#13905=CARTESIAN_POINT('',(157.12132034356,93.6145909734458,26.6342941292512));
#13906=CARTESIAN_POINT('',(157.12132034356,41.9393405434759,26.6342941292512));
#13907=CARTESIAN_POINT('',(156.12132034356,96.0000014305115,26.6342941292512));
#13908=CARTESIAN_POINT('',(157.12132034356,96.0000014305115,26.6342941292512));
#13909=CARTESIAN_POINT('',(156.12132034356,93.6145909734458,26.6342941292512));
#13910=CARTESIAN_POINT('',(156.12132034356,93.6145909734458,26.6342941292512));
#13911=CARTESIAN_POINT('',(157.12132034356,93.6145909734458,26.6342941292512));
#13912=CARTESIAN_POINT('Origin',(157.12132034356,95.8009804537256,29.1544505045968));
#13913=CARTESIAN_POINT('',(157.12132034356,96.0000014305115,31.6746068799425));
#13914=CARTESIAN_POINT('Origin',(157.12132034356,95.8009804537256,29.1544505045968));
#13915=CARTESIAN_POINT('',(156.12132034356,96.0000014305115,31.6746068799425));
#13916=CARTESIAN_POINT('',(157.12132034356,96.0000014305115,31.6746068799425));
#13917=CARTESIAN_POINT('Origin',(156.12132034356,95.8009804537256,29.1544505045968));
#13918=CARTESIAN_POINT('Origin',(157.12132034356,93.6145909734458,31.6746068799425));
#13919=CARTESIAN_POINT('',(157.12132034356,93.6145909734458,31.6746068799425));
#13920=CARTESIAN_POINT('',(157.12132034356,40.7466353149431,31.6746068799425));
#13921=CARTESIAN_POINT('',(156.12132034356,93.6145909734458,31.6746068799425));
#13922=CARTESIAN_POINT('',(157.12132034356,93.6145909734458,31.6746068799425));
#13923=CARTESIAN_POINT('',(156.12132034356,94.7833591475191,31.6746068799425));
#13924=CARTESIAN_POINT('Origin',(157.12132034356,93.6145909734458,26.6342941292512));
#13925=CARTESIAN_POINT('',(157.12132034356,93.6145909734458,13.3171470646256));
#13926=CARTESIAN_POINT('',(156.12132034356,93.6145909734458,31.6746068799425));
#13927=CARTESIAN_POINT('Origin',(156.12132034356,95.9717870491661,29.1544505045968));
#13928=CARTESIAN_POINT('Origin',(157.12132034356,112.951924321077,36.8826089967085));
#13929=CARTESIAN_POINT('',(157.12132034356,111.897293121722,36.8826089967085));
#13930=CARTESIAN_POINT('Origin',(157.12132034356,112.951924321077,36.8826089967085));
#13931=CARTESIAN_POINT('',(156.12132034356,111.897293121722,36.8826089967085));
#13932=CARTESIAN_POINT('',(157.12132034356,111.897293121722,36.8826089967085));
#13933=CARTESIAN_POINT('Origin',(156.12132034356,112.951924321077,36.8826089967085));
#13934=CARTESIAN_POINT('Origin',(157.12132034356,114.000001698732,38.3755398862037));
#13935=CARTESIAN_POINT('',(157.12132034356,114.000001698732,38.3755398862037));
#13936=CARTESIAN_POINT('',(157.12132034356,114.000001698732,38.8068304674506));
#13937=CARTESIAN_POINT('',(157.12132034356,114.000001698732,19.1877699431019));
#13938=CARTESIAN_POINT('',(156.12132034356,114.000001698732,38.3755398862037));
#13939=CARTESIAN_POINT('',(157.12132034356,114.000001698732,38.3755398862037));
#13940=CARTESIAN_POINT('',(156.12132034356,114.000001698732,38.8068304674506));
#13941=CARTESIAN_POINT('',(156.12132034356,114.000001698732,38.8068304674506));
#13942=CARTESIAN_POINT('',(157.12132034356,114.000001698732,38.8068304674506));
#13943=CARTESIAN_POINT('Origin',(157.12132034356,112.734578218017,36.8819074742573));
#13944=CARTESIAN_POINT('',(157.12132034356,114.000001698732,35.3882750623109));
#13945=CARTESIAN_POINT('Origin',(157.12132034356,112.734578218017,36.8819074742573));
#13946=CARTESIAN_POINT('',(156.12132034356,114.000001698732,35.3882750623109));
#13947=CARTESIAN_POINT('',(157.12132034356,114.000001698732,35.3882750623109));
#13948=CARTESIAN_POINT('Origin',(156.12132034356,112.734578218017,36.8819074742573));
#13949=CARTESIAN_POINT('Origin',(157.12132034356,114.000001698732,35.0000005215406));
#13950=CARTESIAN_POINT('',(157.12132034356,114.000001698732,35.0000005215406));
#13951=CARTESIAN_POINT('',(157.12132034356,114.000001698732,17.5000002607703));
#13952=CARTESIAN_POINT('',(156.12132034356,114.000001698732,35.0000005215406));
#13953=CARTESIAN_POINT('',(157.12132034356,114.000001698732,35.0000005215406));
#13954=CARTESIAN_POINT('',(156.12132034356,114.000001698732,35.0000005215406));
#13955=CARTESIAN_POINT('Origin',(157.12132034356,115.013735666095,35.0000005215406));
#13956=CARTESIAN_POINT('',(157.12132034356,115.013735666095,35.0000005215406));
#13957=CARTESIAN_POINT('',(157.12132034356,51.4462076612676,35.0000005215406));
#13958=CARTESIAN_POINT('',(156.12132034356,115.013735666095,35.0000005215406));
#13959=CARTESIAN_POINT('',(157.12132034356,115.013735666095,35.0000005215406));
#13960=CARTESIAN_POINT('',(156.12132034356,115.013735666095,35.0000005215406));
#13961=CARTESIAN_POINT('Origin',(157.12132034356,115.013735666095,38.8068304674506));
#13962=CARTESIAN_POINT('',(157.12132034356,115.013735666095,38.8068304674506));
#13963=CARTESIAN_POINT('',(157.12132034356,115.013735666095,19.4034152337253));
#13964=CARTESIAN_POINT('',(156.12132034356,115.013735666095,38.8068304674506));
#13965=CARTESIAN_POINT('',(157.12132034356,115.013735666095,38.8068304674506));
#13966=CARTESIAN_POINT('',(156.12132034356,115.013735666095,38.8068304674506));
#13967=CARTESIAN_POINT('Origin',(157.12132034356,114.000001698732,38.8068304674506));
#13968=CARTESIAN_POINT('',(157.12132034356,50.9393406775864,38.8068304674506));
#13969=CARTESIAN_POINT('',(156.12132034356,115.013735666095,38.8068304674506));
#13970=CARTESIAN_POINT('Origin',(156.12132034356,112.89535226701,36.8819074742573));
#13971=CARTESIAN_POINT('Origin',(157.12132034356,102.579422720508,40.198930094115));
#13972=CARTESIAN_POINT('',(157.12132034356,102.579422720508,40.198930094115));
#13973=CARTESIAN_POINT('',(157.12132034356,102.579422720508,35.0383501642006));
#13974=CARTESIAN_POINT('',(157.12132034356,102.579422720508,20.0994650470575));
#13975=CARTESIAN_POINT('',(156.12132034356,102.579422720508,40.198930094115));
#13976=CARTESIAN_POINT('',(157.12132034356,102.579422720508,40.198930094115));
#13977=CARTESIAN_POINT('',(156.12132034356,102.579422720508,35.0383501642006));
#13978=CARTESIAN_POINT('',(156.12132034356,102.579422720508,40.198930094115));
#13979=CARTESIAN_POINT('',(157.12132034356,102.579422720508,35.0383501642006));
#13980=CARTESIAN_POINT('Origin',(157.12132034356,101.64428407549,40.198930094115));
#13981=CARTESIAN_POINT('',(157.12132034356,101.64428407549,40.198930094115));
#13982=CARTESIAN_POINT('',(157.12132034356,44.7614818659651,40.198930094115));
#13983=CARTESIAN_POINT('',(156.12132034356,101.64428407549,40.198930094115));
#13984=CARTESIAN_POINT('',(157.12132034356,101.64428407549,40.198930094115));
#13985=CARTESIAN_POINT('',(156.12132034356,101.64428407549,40.198930094115));
#13986=CARTESIAN_POINT('Origin',(157.12132034356,101.64428407549,35.0383501642006));
#13987=CARTESIAN_POINT('',(157.12132034356,101.64428407549,35.0383501642006));
#13988=CARTESIAN_POINT('',(157.12132034356,101.64428407549,17.5191750821003));
#13989=CARTESIAN_POINT('',(156.12132034356,101.64428407549,35.0383501642006));
#13990=CARTESIAN_POINT('',(157.12132034356,101.64428407549,35.0383501642006));
#13991=CARTESIAN_POINT('',(156.12132034356,101.64428407549,35.0383501642006));
#13992=CARTESIAN_POINT('Origin',(157.12132034356,102.579422720508,35.0383501642006));
#13993=CARTESIAN_POINT('',(157.12132034356,45.2290511884741,35.0383501642006));
#13994=CARTESIAN_POINT('',(156.12132034356,102.579422720508,35.0383501642006));
#13995=CARTESIAN_POINT('Origin',(156.12132034356,102.111853397999,37.6186401291578));
#13996=CARTESIAN_POINT('Origin',(157.12132034356,95.8424179307506,39.0736938728519));
#13997=CARTESIAN_POINT('',(157.12132034356,95.8424179307506,39.0736938728519));
#13998=CARTESIAN_POINT('',(157.12132034356,94.7558681113241,39.0736938728519));
#13999=CARTESIAN_POINT('',(157.12132034356,41.8605487935955,39.0736938728519));
#14000=CARTESIAN_POINT('',(156.12132034356,95.8424179307506,39.0736938728519));
#14001=CARTESIAN_POINT('',(157.12132034356,95.8424179307506,39.0736938728519));
#14002=CARTESIAN_POINT('',(156.12132034356,94.7558681113241,39.0736938728519));
#14003=CARTESIAN_POINT('',(156.12132034356,94.7558681113241,39.0736938728519));
#14004=CARTESIAN_POINT('',(157.12132034356,94.7558681113241,39.0736938728519));
#14005=CARTESIAN_POINT('Origin',(157.12132034356,95.6074318621748,37.5825776312986));
#14006=CARTESIAN_POINT('',(157.12132034356,95.8424179307506,36.0914613897453));
#14007=CARTESIAN_POINT('Origin',(157.12132034356,95.6074318621748,37.5825776312986));
#14008=CARTESIAN_POINT('',(156.12132034356,95.8424179307506,36.0914613897453));
#14009=CARTESIAN_POINT('',(157.12132034356,95.8424179307506,36.0914613897453));
#14010=CARTESIAN_POINT('Origin',(156.12132034356,95.6074318621748,37.5825776312986));
#14011=CARTESIAN_POINT('Origin',(157.12132034356,94.7558681113241,36.0914613897453));
#14012=CARTESIAN_POINT('',(157.12132034356,94.7558681113241,36.0914613897453));
#14013=CARTESIAN_POINT('',(157.12132034356,41.3172738838823,36.0914613897453));
#14014=CARTESIAN_POINT('',(156.12132034356,94.7558681113241,36.0914613897453));
#14015=CARTESIAN_POINT('',(157.12132034356,94.7558681113241,36.0914613897453));
#14016=CARTESIAN_POINT('',(156.12132034356,94.7558681113241,36.0914613897453));
#14017=CARTESIAN_POINT('Origin',(157.12132034356,94.7558681113241,39.0736938728519));
#14018=CARTESIAN_POINT('',(157.12132034356,94.7558681113241,19.536846936426));
#14019=CARTESIAN_POINT('',(156.12132034356,94.7558681113241,39.0736938728519));
#14020=CARTESIAN_POINT('Origin',(157.12132034356,96.0000014305115,35.0000005215406));
#14021=CARTESIAN_POINT('',(157.12132034356,96.0000014305115,35.0000005215406));
#14022=CARTESIAN_POINT('',(157.12132034356,93.6230821293689,35.0000005215406));
#14023=CARTESIAN_POINT('',(157.12132034356,41.9393405434759,35.0000005215406));
#14024=CARTESIAN_POINT('',(156.12132034356,96.0000014305115,35.0000005215406));
#14025=CARTESIAN_POINT('',(157.12132034356,96.0000014305115,35.0000005215406));
#14026=CARTESIAN_POINT('',(156.12132034356,93.6230821293689,35.0000005215406));
#14027=CARTESIAN_POINT('',(156.12132034356,93.6230821293689,35.0000005215406));
#14028=CARTESIAN_POINT('',(157.12132034356,93.6230821293689,35.0000005215406));
#14029=CARTESIAN_POINT('Origin',(157.12132034356,95.7395548837231,37.5338859443807));
#14030=CARTESIAN_POINT('',(157.12132034356,96.0000014305115,40.0677713672208));
#14031=CARTESIAN_POINT('Origin',(157.12132034356,95.7395548837231,37.5338859443807));
#14032=CARTESIAN_POINT('',(156.12132034356,96.0000014305115,40.0677713672208));
#14033=CARTESIAN_POINT('',(157.12132034356,96.0000014305115,40.0677713672208));
#14034=CARTESIAN_POINT('Origin',(156.12132034356,95.7395548837231,37.5338859443807));
#14035=CARTESIAN_POINT('Origin',(157.12132034356,93.6230821293689,40.0677713672208));
#14036=CARTESIAN_POINT('',(157.12132034356,93.6230821293689,40.0677713672208));
#14037=CARTESIAN_POINT('',(157.12132034356,40.7508808929046,40.0677713672208));
#14038=CARTESIAN_POINT('',(156.12132034356,93.6230821293689,40.0677713672208));
#14039=CARTESIAN_POINT('',(157.12132034356,93.6230821293689,40.0677713672208));
#14040=CARTESIAN_POINT('',(156.12132034356,93.6230821293689,40.0677713672208));
#14041=CARTESIAN_POINT('Origin',(157.12132034356,93.6230821293689,35.0000005215406));
#14042=CARTESIAN_POINT('',(157.12132034356,93.6230821293689,17.5000002607703));
#14043=CARTESIAN_POINT('',(156.12132034356,93.6230821293689,40.0677713672208));
#14044=CARTESIAN_POINT('Origin',(156.12132034356,95.9549361630481,37.5338859443807));
#14045=CARTESIAN_POINT('Origin',(157.12132034356,109.670325996413,45.2695784814259));
#14046=CARTESIAN_POINT('',(157.12132034356,108.608294029927,45.2695784814259));
#14047=CARTESIAN_POINT('Origin',(157.12132034356,109.670325996413,45.2695784814259));
#14048=CARTESIAN_POINT('',(156.12132034356,108.608294029927,45.2695784814259));
#14049=CARTESIAN_POINT('',(157.12132034356,108.608294029927,45.2695784814259));
#14050=CARTESIAN_POINT('Origin',(156.12132034356,109.670325996413,45.2695784814259));
#14051=CARTESIAN_POINT('Origin',(157.12132034356,109.433742738698,45.2695784814259));
#14052=CARTESIAN_POINT('',(157.12132034356,110.820250263575,43.797382445124));
#14053=CARTESIAN_POINT('',(157.12132034356,110.820250263575,46.7417745177279));
#14054=CARTESIAN_POINT('Origin',(157.12132034356,109.433742738698,45.2695784814259));
#14055=CARTESIAN_POINT('',(156.12132034356,110.820250263575,43.797382445124));
#14056=CARTESIAN_POINT('',(157.12132034356,110.820250263575,43.797382445124));
#14057=CARTESIAN_POINT('',(156.12132034356,110.820250263575,46.7417745177279));
#14058=CARTESIAN_POINT('Origin',(156.12132034356,109.433742738698,45.2695784814259));
#14059=CARTESIAN_POINT('',(157.12132034356,110.820250263575,46.7417745177279));
#14060=CARTESIAN_POINT('Origin',(157.12132034356,110.820250263575,43.328623508192));
#14061=CARTESIAN_POINT('',(157.12132034356,110.820250263575,43.328623508192));
#14062=CARTESIAN_POINT('',(157.12132034356,110.820250263575,21.664311754096));
#14063=CARTESIAN_POINT('',(156.12132034356,110.820250263575,43.328623508192));
#14064=CARTESIAN_POINT('',(157.12132034356,110.820250263575,43.328623508192));
#14065=CARTESIAN_POINT('',(156.12132034356,110.820250263575,43.328623508192));
#14066=CARTESIAN_POINT('Origin',(157.12132034356,111.90425530523,43.328623508192));
#14067=CARTESIAN_POINT('',(157.12132034356,111.90425530523,43.328623508192));
#14068=CARTESIAN_POINT('',(157.12132034356,49.8914674808351,43.328623508192));
#14069=CARTESIAN_POINT('',(156.12132034356,111.90425530523,43.328623508192));
#14070=CARTESIAN_POINT('',(157.12132034356,111.90425530523,43.328623508192));
#14071=CARTESIAN_POINT('',(156.12132034356,111.90425530523,43.328623508192));
#14072=CARTESIAN_POINT('Origin',(157.12132034356,111.90425530523,47.1958847378807));
#14073=CARTESIAN_POINT('',(157.12132034356,111.90425530523,47.1958847378807));
#14074=CARTESIAN_POINT('',(157.12132034356,111.90425530523,23.5979423689404));
#14075=CARTESIAN_POINT('',(156.12132034356,111.90425530523,47.1958847378807));
#14076=CARTESIAN_POINT('',(157.12132034356,111.90425530523,47.1958847378807));
#14077=CARTESIAN_POINT('',(156.12132034356,111.90425530523,47.1958847378807));
#14078=CARTESIAN_POINT('Origin',(157.12132034356,110.820250263575,47.1958847378807));
#14079=CARTESIAN_POINT('',(157.12132034356,110.820250263575,47.1958847378807));
#14080=CARTESIAN_POINT('',(157.12132034356,49.3494649600075,47.1958847378807));
#14081=CARTESIAN_POINT('',(156.12132034356,110.820250263575,47.1958847378807));
#14082=CARTESIAN_POINT('',(157.12132034356,110.820250263575,47.1958847378807));
#14083=CARTESIAN_POINT('',(156.12132034356,110.820250263575,47.1958847378807));
#14084=CARTESIAN_POINT('Origin',(157.12132034356,110.820250263575,46.7417745177279));
#14085=CARTESIAN_POINT('',(157.12132034356,110.820250263575,23.3708872588639));
#14086=CARTESIAN_POINT('',(156.12132034356,110.820250263575,46.7417745177279));
#14087=CARTESIAN_POINT('Origin',(156.12132034356,109.657840739863,45.2695784814259));
#14088=CARTESIAN_POINT('Origin',(157.12132034356,100.933044900099,45.2040137308405));
#14089=CARTESIAN_POINT('',(157.12132034356,99.9105030846607,45.2040137308405));
#14090=CARTESIAN_POINT('Origin',(157.12132034356,100.933044900099,45.2040137308405));
#14091=CARTESIAN_POINT('',(156.12132034356,99.9105030846607,45.2040137308405));
#14092=CARTESIAN_POINT('',(157.12132034356,99.9105030846607,45.2040137308405));
#14093=CARTESIAN_POINT('Origin',(156.12132034356,100.933044900099,45.2040137308405));
#14094=CARTESIAN_POINT('Origin',(157.12132034356,99.9186212631449,43.7867503824603));
#14095=CARTESIAN_POINT('',(157.12132034356,99.9186212631449,43.7867503824603));
#14096=CARTESIAN_POINT('',(157.12132034356,99.9186212631449,43.3687923652965));
#14097=CARTESIAN_POINT('',(157.12132034356,99.9186212631449,21.8933751912301));
#14098=CARTESIAN_POINT('',(156.12132034356,99.9186212631449,43.7867503824603));
#14099=CARTESIAN_POINT('',(157.12132034356,99.9186212631449,43.7867503824603));
#14100=CARTESIAN_POINT('',(156.12132034356,99.9186212631449,43.3687923652965));
#14101=CARTESIAN_POINT('',(156.12132034356,99.9186212631449,43.3687923652965));
#14102=CARTESIAN_POINT('',(157.12132034356,99.9186212631449,43.3687923652965));
#14103=CARTESIAN_POINT('Origin',(157.12132034356,101.13298579883,45.2442977019831));
#14104=CARTESIAN_POINT('',(157.12132034356,99.9186212631449,46.7018450215059));
#14105=CARTESIAN_POINT('Origin',(157.12132034356,101.13298579883,45.2442977019831));
#14106=CARTESIAN_POINT('',(156.12132034356,99.9186212631449,46.7018450215059));
#14107=CARTESIAN_POINT('',(157.12132034356,99.9186212631449,46.7018450215059));
#14108=CARTESIAN_POINT('Origin',(156.12132034356,101.13298579883,45.2442977019831));
#14109=CARTESIAN_POINT('Origin',(157.12132034356,99.9039725463658,48.3981313325071));
#14110=CARTESIAN_POINT('',(157.12132034356,99.9039725463658,48.3981313325071));
#14111=CARTESIAN_POINT('',(157.12132034356,100.108757314537,24.6845457544617));
#14112=CARTESIAN_POINT('',(156.12132034356,99.9039725463658,48.3981313325071));
#14113=CARTESIAN_POINT('',(157.12132034356,99.9039725463658,48.3981313325071));
#14114=CARTESIAN_POINT('',(156.12132034356,99.9039725463658,48.3981313325071));
#14115=CARTESIAN_POINT('Origin',(157.12132034356,98.8941146755083,48.3981313325071));
#14116=CARTESIAN_POINT('',(157.12132034356,98.8941146755083,48.3981313325071));
#14117=CARTESIAN_POINT('',(157.12132034356,43.3863971659743,48.3981313325071));
#14118=CARTESIAN_POINT('',(156.12132034356,98.8941146755083,48.3981313325071));
#14119=CARTESIAN_POINT('',(157.12132034356,98.8941146755083,48.3981313325071));
#14120=CARTESIAN_POINT('',(156.12132034356,98.8941146755083,48.3981313325071));
#14121=CARTESIAN_POINT('Origin',(157.12132034356,98.8941146755083,43.3687923652965));
#14122=CARTESIAN_POINT('',(157.12132034356,98.8941146755083,43.3687923652965));
#14123=CARTESIAN_POINT('',(157.12132034356,98.8941146755083,21.6843961826482));
#14124=CARTESIAN_POINT('',(156.12132034356,98.8941146755083,43.3687923652965));
#14125=CARTESIAN_POINT('',(157.12132034356,98.8941146755083,43.3687923652965));
#14126=CARTESIAN_POINT('',(156.12132034356,98.8941146755083,43.3687923652965));
#14127=CARTESIAN_POINT('Origin',(157.12132034356,99.9186212631449,43.3687923652965));
#14128=CARTESIAN_POINT('',(157.12132034356,43.8986504597926,43.3687923652965));
#14129=CARTESIAN_POINT('',(156.12132034356,98.8941146755083,43.3687923652965));
#14130=CARTESIAN_POINT('Origin',(156.12132034356,100.962118291419,45.8726464629948));
#14131=CARTESIAN_POINT('Origin',(157.12132034356,104.40198078085,47.0826819606122));
#14132=CARTESIAN_POINT('',(157.12132034356,104.40198078085,47.0826819606122));
#14133=CARTESIAN_POINT('',(157.12132034356,104.40198078085,43.391205332273));
#14134=CARTESIAN_POINT('',(157.12132034356,104.40198078085,23.5413409803061));
#14135=CARTESIAN_POINT('',(156.12132034356,104.40198078085,47.0826819606122));
#14136=CARTESIAN_POINT('',(157.12132034356,104.40198078085,47.0826819606122));
#14137=CARTESIAN_POINT('',(156.12132034356,104.40198078085,43.391205332273));
#14138=CARTESIAN_POINT('',(156.12132034356,104.40198078085,47.0826819606122));
#14139=CARTESIAN_POINT('',(157.12132034356,104.40198078085,43.391205332273));
#14140=CARTESIAN_POINT('Origin',(157.12132034356,103.288678305637,47.0826819606122));
#14141=CARTESIAN_POINT('',(157.12132034356,103.288678305637,47.0826819606122));
#14142=CARTESIAN_POINT('',(157.12132034356,45.5836789810386,47.0826819606122));
#14143=CARTESIAN_POINT('',(156.12132034356,103.288678305637,47.0826819606122));
#14144=CARTESIAN_POINT('',(157.12132034356,103.288678305637,47.0826819606122));
#14145=CARTESIAN_POINT('',(156.12132034356,103.288678305637,47.0826819606122));
#14146=CARTESIAN_POINT('Origin',(157.12132034356,103.288678305637,43.391205332273));
#14147=CARTESIAN_POINT('',(157.12132034356,103.288678305637,43.391205332273));
#14148=CARTESIAN_POINT('',(157.12132034356,103.288678305637,21.6956026661365));
#14149=CARTESIAN_POINT('',(156.12132034356,103.288678305637,43.391205332273));
#14150=CARTESIAN_POINT('',(157.12132034356,103.288678305637,43.391205332273));
#14151=CARTESIAN_POINT('',(156.12132034356,103.288678305637,43.391205332273));
#14152=CARTESIAN_POINT('Origin',(157.12132034356,104.40198078085,43.391205332273));
#14153=CARTESIAN_POINT('',(157.12132034356,46.1403302186453,43.391205332273));
#14154=CARTESIAN_POINT('',(156.12132034356,104.40198078085,43.391205332273));
#14155=CARTESIAN_POINT('Origin',(156.12132034356,103.845329543244,45.2369436464426));
#14156=CARTESIAN_POINT('Origin',(157.12132034356,118.156098773524,43.2953083527341));
#14157=CARTESIAN_POINT('',(157.12132034356,118.156098773524,43.2953083527341));
#14158=CARTESIAN_POINT('',(157.12132034356,117.072093731869,43.2953083527341));
#14159=CARTESIAN_POINT('',(157.12132034356,53.0173892149822,43.2953083527341));
#14160=CARTESIAN_POINT('',(156.12132034356,118.156098773524,43.2953083527341));
#14161=CARTESIAN_POINT('',(157.12132034356,118.156098773524,43.2953083527341));
#14162=CARTESIAN_POINT('',(156.12132034356,117.072093731869,43.2953083527341));
#14163=CARTESIAN_POINT('',(156.12132034356,117.072093731869,43.2953083527341));
#14164=CARTESIAN_POINT('',(157.12132034356,117.072093731869,43.2953083527341));
#14165=CARTESIAN_POINT('Origin',(157.12132034356,118.156098773524,45.6976979045104));
#14166=CARTESIAN_POINT('',(157.12132034356,118.156098773524,45.6976979045104));
#14167=CARTESIAN_POINT('',(157.12132034356,118.156098773524,22.8488489522552));
#14168=CARTESIAN_POINT('',(156.12132034356,118.156098773524,45.6976979045104));
#14169=CARTESIAN_POINT('',(157.12132034356,118.156098773524,45.6976979045104));
#14170=CARTESIAN_POINT('',(156.12132034356,118.156098773524,43.2953083527341));
#14171=CARTESIAN_POINT('Origin',(157.12132034356,116.732359424126,45.8326969511618));
#14172=CARTESIAN_POINT('',(157.12132034356,115.54862718684,46.6352157783744));
#14173=CARTESIAN_POINT('Origin',(157.12132034356,116.732359424126,45.8326969511618));
#14174=CARTESIAN_POINT('',(156.12132034356,115.54862718684,46.6352157783744));
#14175=CARTESIAN_POINT('',(157.12132034356,115.54862718684,46.6352157783744));
#14176=CARTESIAN_POINT('Origin',(156.12132034356,116.732359424126,45.8326969511618));
#14177=CARTESIAN_POINT('Origin',(157.12132034356,114.431604402603,46.0125290556046));
#14178=CARTESIAN_POINT('',(157.12132034356,113.409914537088,46.7817029461656));
#14179=CARTESIAN_POINT('Origin',(157.12132034356,114.431604402603,46.0125290556046));
#14180=CARTESIAN_POINT('',(156.12132034356,113.409914537088,46.7817029461656));
#14181=CARTESIAN_POINT('',(157.12132034356,113.409914537088,46.7817029461656));
#14182=CARTESIAN_POINT('Origin',(156.12132034356,114.431604402603,46.0125290556046));
#14183=CARTESIAN_POINT('Origin',(157.12132034356,113.409914537088,47.1772182992019));
#14184=CARTESIAN_POINT('',(157.12132034356,113.409914537088,47.1772182992019));
#14185=CARTESIAN_POINT('',(157.12132034356,113.409914537088,23.588609149601));
#14186=CARTESIAN_POINT('',(156.12132034356,113.409914537088,47.1772182992019));
#14187=CARTESIAN_POINT('',(157.12132034356,113.409914537088,47.1772182992019));
#14188=CARTESIAN_POINT('',(156.12132034356,113.409914537088,47.1772182992019));
#14189=CARTESIAN_POINT('Origin',(157.12132034356,112.325909495433,47.1772182992019));
#14190=CARTESIAN_POINT('',(157.12132034356,112.325909495433,47.1772182992019));
#14191=CARTESIAN_POINT('',(157.12132034356,50.1022945759365,47.1772182992019));
#14192=CARTESIAN_POINT('',(156.12132034356,112.325909495433,47.1772182992019));
#14193=CARTESIAN_POINT('',(157.12132034356,112.325909495433,47.1772182992019));
#14194=CARTESIAN_POINT('',(156.12132034356,112.325909495433,47.1772182992019));
#14195=CARTESIAN_POINT('Origin',(157.12132034356,112.325909495433,43.280659635955));
#14196=CARTESIAN_POINT('',(157.12132034356,112.325909495433,43.280659635955));
#14197=CARTESIAN_POINT('',(157.12132034356,112.325909495433,21.6403298179775));
#14198=CARTESIAN_POINT('',(156.12132034356,112.325909495433,43.280659635955));
#14199=CARTESIAN_POINT('',(157.12132034356,112.325909495433,43.280659635955));
#14200=CARTESIAN_POINT('',(156.12132034356,112.325909495433,47.1772182992019));
#14201=CARTESIAN_POINT('Origin',(157.12132034356,113.409914537088,43.280659635955));
#14202=CARTESIAN_POINT('',(157.12132034356,113.409914537088,43.280659635955));
#14203=CARTESIAN_POINT('',(157.12132034356,50.6442970967641,43.280659635955));
#14204=CARTESIAN_POINT('',(156.12132034356,113.409914537088,43.280659635955));
#14205=CARTESIAN_POINT('',(157.12132034356,113.409914537088,43.280659635955));
#14206=CARTESIAN_POINT('',(156.12132034356,112.325909495433,43.280659635955));
#14207=CARTESIAN_POINT('Origin',(157.12132034356,113.409914537088,45.6976979045104));
#14208=CARTESIAN_POINT('',(157.12132034356,113.409914537088,45.6976979045104));
#14209=CARTESIAN_POINT('',(157.12132034356,113.409914537088,22.8488489522552));
#14210=CARTESIAN_POINT('',(156.12132034356,113.409914537088,45.6976979045104));
#14211=CARTESIAN_POINT('',(157.12132034356,113.409914537088,45.6976979045104));
#14212=CARTESIAN_POINT('',(156.12132034356,113.409914537088,43.280659635955));
#14213=CARTESIAN_POINT('Origin',(157.12132034356,114.04713371698,45.6191645062223));
#14214=CARTESIAN_POINT('',(157.12132034356,114.684352896872,45.6976979045104));
#14215=CARTESIAN_POINT('Origin',(157.12132034356,114.04713371698,45.6191645062223));
#14216=CARTESIAN_POINT('',(156.12132034356,114.684352896872,45.6976979045104));
#14217=CARTESIAN_POINT('',(157.12132034356,114.684352896872,45.6976979045104));
#14218=CARTESIAN_POINT('Origin',(156.12132034356,114.04713371698,45.6191645062223));
#14219=CARTESIAN_POINT('Origin',(157.12132034356,114.684352896872,43.2953083527341));
#14220=CARTESIAN_POINT('',(157.12132034356,114.684352896872,43.2953083527341));
#14221=CARTESIAN_POINT('',(157.12132034356,114.684352896872,21.6476541763671));
#14222=CARTESIAN_POINT('',(156.12132034356,114.684352896872,43.2953083527341));
#14223=CARTESIAN_POINT('',(157.12132034356,114.684352896872,43.2953083527341));
#14224=CARTESIAN_POINT('',(156.12132034356,114.684352896872,43.2953083527341));
#14225=CARTESIAN_POINT('Origin',(157.12132034356,115.797655372085,43.2953083527341));
#14226=CARTESIAN_POINT('',(157.12132034356,115.797655372085,43.2953083527341));
#14227=CARTESIAN_POINT('',(157.12132034356,51.8381675142627,43.2953083527341));
#14228=CARTESIAN_POINT('',(156.12132034356,115.797655372085,43.2953083527341));
#14229=CARTESIAN_POINT('',(157.12132034356,115.797655372085,43.2953083527341));
#14230=CARTESIAN_POINT('',(156.12132034356,114.684352896872,43.2953083527341));
#14231=CARTESIAN_POINT('Origin',(157.12132034356,115.797655372085,45.6976979045104));
#14232=CARTESIAN_POINT('',(157.12132034356,115.797655372085,45.6976979045104));
#14233=CARTESIAN_POINT('',(157.12132034356,115.797655372085,22.8488489522552));
#14234=CARTESIAN_POINT('',(156.12132034356,115.797655372085,45.6976979045104));
#14235=CARTESIAN_POINT('',(157.12132034356,115.797655372085,45.6976979045104));
#14236=CARTESIAN_POINT('',(156.12132034356,115.797655372085,43.2953083527341));
#14237=CARTESIAN_POINT('Origin',(157.12132034356,116.434874551977,45.6329210001973));
#14238=CARTESIAN_POINT('',(157.12132034356,117.072093731869,45.6976979045104));
#14239=CARTESIAN_POINT('Origin',(157.12132034356,116.434874551977,45.6329210001973));
#14240=CARTESIAN_POINT('',(156.12132034356,117.072093731869,45.6976979045104));
#14241=CARTESIAN_POINT('',(157.12132034356,117.072093731869,45.6976979045104));
#14242=CARTESIAN_POINT('Origin',(156.12132034356,116.434874551977,45.6329210001973));
#14243=CARTESIAN_POINT('Origin',(157.12132034356,117.072093731869,43.2953083527341));
#14244=CARTESIAN_POINT('',(157.12132034356,117.072093731869,21.6476541763671));
#14245=CARTESIAN_POINT('',(156.12132034356,117.072093731869,45.6976979045104));
#14246=CARTESIAN_POINT('Origin',(156.12132034356,115.244197127946,45.2860235160594));
#14247=CARTESIAN_POINT('Origin',(157.12132034356,99.2025331690539,39.8698998301272));
#14248=CARTESIAN_POINT('',(157.12132034356,98.5961774473151,39.8698998301272));
#14249=CARTESIAN_POINT('Origin',(157.12132034356,99.2025331690539,39.8698998301272));
#14250=CARTESIAN_POINT('',(156.12132034356,98.5961774473151,39.8698998301272));
#14251=CARTESIAN_POINT('',(157.12132034356,98.5961774473151,39.8698998301272));
#14252=CARTESIAN_POINT('Origin',(156.12132034356,99.2025331690539,39.8698998301272));
#14253=CARTESIAN_POINT('Origin',(156.12132034356,99.2025331690539,39.8698998301272));
#14254=CARTESIAN_POINT('Origin',(157.12132034356,101.194032135296,40.198930094115));
#14255=CARTESIAN_POINT('',(157.12132034356,101.194032135296,40.198930094115));
#14256=CARTESIAN_POINT('',(157.12132034356,101.194032135296,35.0383501642006));
#14257=CARTESIAN_POINT('',(157.12132034356,101.194032135296,20.0994650470575));
#14258=CARTESIAN_POINT('',(156.12132034356,101.194032135296,40.198930094115));
#14259=CARTESIAN_POINT('',(157.12132034356,101.194032135296,40.198930094115));
#14260=CARTESIAN_POINT('',(156.12132034356,101.194032135296,35.0383501642006));
#14261=CARTESIAN_POINT('',(156.12132034356,101.194032135296,40.198930094115));
#14262=CARTESIAN_POINT('',(157.12132034356,101.194032135296,35.0383501642006));
#14263=CARTESIAN_POINT('Origin',(157.12132034356,100.189623961017,40.198930094115));
#14264=CARTESIAN_POINT('',(157.12132034356,100.189623961017,40.198930094115));
#14265=CARTESIAN_POINT('',(157.12132034356,44.0341518087289,40.198930094115));
#14266=CARTESIAN_POINT('',(156.12132034356,100.189623961017,40.198930094115));
#14267=CARTESIAN_POINT('',(157.12132034356,100.189623961017,40.198930094115));
#14268=CARTESIAN_POINT('',(156.12132034356,100.189623961017,40.198930094115));
#14269=CARTESIAN_POINT('Origin',(157.12132034356,100.189623961017,35.0383501642006));
#14270=CARTESIAN_POINT('',(157.12132034356,100.189623961017,35.0383501642006));
#14271=CARTESIAN_POINT('',(157.12132034356,100.189623961017,17.5191750821003));
#14272=CARTESIAN_POINT('',(156.12132034356,100.189623961017,35.0383501642006));
#14273=CARTESIAN_POINT('',(157.12132034356,100.189623961017,35.0383501642006));
#14274=CARTESIAN_POINT('',(156.12132034356,100.189623961017,35.0383501642006));
#14275=CARTESIAN_POINT('Origin',(157.12132034356,101.194032135296,35.0383501642006));
#14276=CARTESIAN_POINT('',(157.12132034356,44.5363558958682,35.0383501642006));
#14277=CARTESIAN_POINT('',(156.12132034356,101.194032135296,35.0383501642006));
#14278=CARTESIAN_POINT('Origin',(156.12132034356,100.691828048157,37.6186401291578));
#14279=CARTESIAN_POINT('Origin',(157.12132034356,117.677059301824,37.1562568391748));
#14280=CARTESIAN_POINT('',(157.12132034356,116.500001735985,38.3988778926404));
#14281=CARTESIAN_POINT('',(157.12132034356,117.971728616954,38.842300014937));
#14282=CARTESIAN_POINT('Origin',(157.12132034356,117.677059301824,37.1562568391748));
#14283=CARTESIAN_POINT('',(156.12132034356,116.500001735985,38.3988778926404));
#14284=CARTESIAN_POINT('',(157.12132034356,116.500001735985,38.3988778926404));
#14285=CARTESIAN_POINT('',(156.12132034356,117.971728616954,38.842300014937));
#14286=CARTESIAN_POINT('Origin',(156.12132034356,117.677059301824,37.1562568391748));
#14287=CARTESIAN_POINT('',(157.12132034356,117.971728616954,38.842300014937));
#14288=CARTESIAN_POINT('Origin',(157.12132034356,116.500001735985,38.842300014937));
#14289=CARTESIAN_POINT('',(157.12132034356,116.500001735985,38.842300014937));
#14290=CARTESIAN_POINT('',(157.12132034356,116.500001735985,19.4211500074685));
#14291=CARTESIAN_POINT('',(156.12132034356,116.500001735985,38.842300014937));
#14292=CARTESIAN_POINT('',(157.12132034356,116.500001735985,38.842300014937));
#14293=CARTESIAN_POINT('',(156.12132034356,116.500001735985,38.842300014937));
#14294=CARTESIAN_POINT('Origin',(157.12132034356,115.451223921794,38.842300014937));
#14295=CARTESIAN_POINT('',(157.12132034356,115.451223921794,38.842300014937));
#14296=CARTESIAN_POINT('',(157.12132034356,51.6649517891172,38.842300014937));
#14297=CARTESIAN_POINT('',(156.12132034356,115.451223921794,38.842300014937));
#14298=CARTESIAN_POINT('',(157.12132034356,115.451223921794,38.842300014937));
#14299=CARTESIAN_POINT('',(156.12132034356,115.451223921794,38.842300014937));
#14300=CARTESIAN_POINT('Origin',(157.12132034356,115.451223921794,35.0000005215406));
#14301=CARTESIAN_POINT('',(157.12132034356,115.451223921794,35.0000005215406));
#14302=CARTESIAN_POINT('',(157.12132034356,115.451223921794,17.5000002607703));
#14303=CARTESIAN_POINT('',(156.12132034356,115.451223921794,35.0000005215406));
#14304=CARTESIAN_POINT('',(157.12132034356,115.451223921794,35.0000005215406));
#14305=CARTESIAN_POINT('',(156.12132034356,115.451223921794,38.842300014937));
#14306=CARTESIAN_POINT('Origin',(157.12132034356,116.500001735985,35.0000005215406));
#14307=CARTESIAN_POINT('',(157.12132034356,116.500001735985,35.0000005215406));
#14308=CARTESIAN_POINT('',(157.12132034356,52.1893406962128,35.0000005215406));
#14309=CARTESIAN_POINT('',(156.12132034356,116.500001735985,35.0000005215406));
#14310=CARTESIAN_POINT('',(157.12132034356,116.500001735985,35.0000005215406));
#14311=CARTESIAN_POINT('',(156.12132034356,115.451223921794,35.0000005215406));
#14312=CARTESIAN_POINT('Origin',(157.12132034356,116.500001735985,37.1152875386239));
#14313=CARTESIAN_POINT('',(157.12132034356,116.500001735985,37.1152875386239));
#14314=CARTESIAN_POINT('',(157.12132034356,116.500001735985,18.557643769312));
#14315=CARTESIAN_POINT('',(156.12132034356,116.500001735985,37.1152875386239));
#14316=CARTESIAN_POINT('',(157.12132034356,116.500001735985,37.1152875386239));
#14317=CARTESIAN_POINT('',(156.12132034356,116.500001735985,35.0000005215406));
#14318=CARTESIAN_POINT('Origin',(157.12132034356,117.620048062574,36.6577875424123));
#14319=CARTESIAN_POINT('',(157.12132034356,117.971728616954,37.8154277317238));
#14320=CARTESIAN_POINT('Origin',(157.12132034356,117.620048062574,36.6577875424123));
#14321=CARTESIAN_POINT('',(156.12132034356,117.971728616954,37.8154277317238));
#14322=CARTESIAN_POINT('',(157.12132034356,117.971728616954,37.8154277317238));
#14323=CARTESIAN_POINT('Origin',(156.12132034356,117.620048062574,36.6577875424123));
#14324=CARTESIAN_POINT('Origin',(157.12132034356,117.971728616954,38.842300014937));
#14325=CARTESIAN_POINT('',(157.12132034356,117.971728616954,19.4211500074685));
#14326=CARTESIAN_POINT('',(156.12132034356,117.971728616954,38.842300014937));
#14327=CARTESIAN_POINT('Origin',(156.12132034356,116.711476269374,36.9339282474021));
#14328=CARTESIAN_POINT('Origin',(157.12132034356,100.66249816074,28.5165646930368));
#14329=CARTESIAN_POINT('',(157.12132034356,99.6033892336746,28.5165646930368));
#14330=CARTESIAN_POINT('Origin',(157.12132034356,100.66249816074,28.5165646930368));
#14331=CARTESIAN_POINT('',(156.12132034356,99.6033892336746,28.5165646930368));
#14332=CARTESIAN_POINT('',(157.12132034356,99.6033892336746,28.5165646930368));
#14333=CARTESIAN_POINT('Origin',(156.12132034356,100.66249816074,28.5165646930368));
#14334=CARTESIAN_POINT('Origin',(157.12132034356,100.66249816074,28.5165646930368));
#14335=CARTESIAN_POINT('',(157.12132034356,98.5836126960115,28.5165646930368));
#14336=CARTESIAN_POINT('Origin',(157.12132034356,100.66249816074,28.5165646930368));
#14337=CARTESIAN_POINT('',(156.12132034356,98.5836126960115,28.5165646930368));
#14338=CARTESIAN_POINT('',(157.12132034356,98.5836126960115,28.5165646930368));
#14339=CARTESIAN_POINT('Origin',(156.12132034356,100.66249816074,28.5165646930368));
#14340=CARTESIAN_POINT('Origin',(156.12132034356,100.66249816074,28.5165646930368));
#14341=CARTESIAN_POINT('Origin',(157.12132034356,111.355853512713,31.4512306685198));
#14342=CARTESIAN_POINT('',(157.12132034356,110.709861763049,31.4512306685198));
#14343=CARTESIAN_POINT('Origin',(157.12132034356,111.355853512713,31.4512306685198));
#14344=CARTESIAN_POINT('',(156.12132034356,110.709861763049,31.4512306685198));
#14345=CARTESIAN_POINT('',(157.12132034356,110.709861763049,31.4512306685198));
#14346=CARTESIAN_POINT('Origin',(156.12132034356,111.355853512713,31.4512306685198));
#14347=CARTESIAN_POINT('Origin',(156.12132034356,111.355853512713,31.4512306685198));
#14348=CARTESIAN_POINT('Origin',(157.12132034356,105.153574946922,19.6421266551631));
#14349=CARTESIAN_POINT('',(157.12132034356,106.324528609968,18.6793170696463));
#14350=CARTESIAN_POINT('',(157.12132034356,103.668300402513,19.3386562172338));
#14351=CARTESIAN_POINT('Origin',(157.12132034356,105.153574946922,19.6421266551631));
#14352=CARTESIAN_POINT('',(156.12132034356,106.324528609968,18.6793170696463));
#14353=CARTESIAN_POINT('',(157.12132034356,106.324528609968,18.6793170696463));
#14354=CARTESIAN_POINT('',(156.12132034356,103.668300402513,19.3386562172338));
#14355=CARTESIAN_POINT('Origin',(156.12132034356,105.153574946922,19.6421266551631));
#14356=CARTESIAN_POINT('',(157.12132034356,103.668300402513,19.3386562172338));
#14357=CARTESIAN_POINT('Origin',(157.12132034356,106.324528609968,18.2202871364974));
#14358=CARTESIAN_POINT('',(157.12132034356,106.324528609968,18.2202871364974));
#14359=CARTESIAN_POINT('',(157.12132034356,106.324528609968,9.11014356824871));
#14360=CARTESIAN_POINT('',(156.12132034356,106.324528609968,18.2202871364974));
#14361=CARTESIAN_POINT('',(157.12132034356,106.324528609968,18.2202871364974));
#14362=CARTESIAN_POINT('',(156.12132034356,106.324528609968,18.2202871364974));
#14363=CARTESIAN_POINT('Origin',(157.12132034356,107.367414754595,18.2202871364974));
#14364=CARTESIAN_POINT('',(157.12132034356,107.367414754595,18.2202871364974));
#14365=CARTESIAN_POINT('',(157.12132034356,47.6230472055176,18.2202871364974));
#14366=CARTESIAN_POINT('',(156.12132034356,107.367414754595,18.2202871364974));
#14367=CARTESIAN_POINT('',(157.12132034356,107.367414754595,18.2202871364974));
#14368=CARTESIAN_POINT('',(156.12132034356,107.367414754595,18.2202871364974));
#14369=CARTESIAN_POINT('Origin',(157.12132034356,107.367414754595,22.1002903059378));
#14370=CARTESIAN_POINT('',(157.12132034356,107.367414754595,22.1002903059378));
#14371=CARTESIAN_POINT('',(157.12132034356,107.367414754595,11.0501451529689));
#14372=CARTESIAN_POINT('',(156.12132034356,107.367414754595,22.1002903059378));
#14373=CARTESIAN_POINT('',(157.12132034356,107.367414754595,22.1002903059378));
#14374=CARTESIAN_POINT('',(156.12132034356,107.367414754595,22.1002903059378));
#14375=CARTESIAN_POINT('Origin',(157.12132034356,106.324528609968,22.1002903059378));
#14376=CARTESIAN_POINT('',(157.12132034356,106.324528609968,22.1002903059378));
#14377=CARTESIAN_POINT('',(157.12132034356,47.1016041332044,22.1002903059378));
#14378=CARTESIAN_POINT('',(156.12132034356,106.324528609968,22.1002903059378));
#14379=CARTESIAN_POINT('',(157.12132034356,106.324528609968,22.1002903059378));
#14380=CARTESIAN_POINT('',(156.12132034356,106.324528609968,22.1002903059378));
#14381=CARTESIAN_POINT('Origin',(157.12132034356,106.324528609968,19.7391985659771));
#14382=CARTESIAN_POINT('',(157.12132034356,106.324528609968,19.7391985659771));
#14383=CARTESIAN_POINT('',(157.12132034356,106.324528609968,9.86959928298857));
#14384=CARTESIAN_POINT('',(156.12132034356,106.324528609968,19.7391985659771));
#14385=CARTESIAN_POINT('',(157.12132034356,106.324528609968,19.7391985659771));
#14386=CARTESIAN_POINT('',(156.12132034356,106.324528609968,19.7391985659771));
#14387=CARTESIAN_POINT('Origin',(157.12132034356,105.544525088731,19.9422116177118));
#14388=CARTESIAN_POINT('',(157.12132034356,104.764521567494,19.7391985659771));
#14389=CARTESIAN_POINT('Origin',(157.12132034356,105.544525088731,19.9422116177118));
#14390=CARTESIAN_POINT('',(156.12132034356,104.764521567494,19.7391985659771));
#14391=CARTESIAN_POINT('',(157.12132034356,104.764521567494,19.7391985659771));
#14392=CARTESIAN_POINT('Origin',(156.12132034356,105.544525088731,19.9422116177118));
#14393=CARTESIAN_POINT('Origin',(157.12132034356,104.764521567494,22.1002903059378));
#14394=CARTESIAN_POINT('',(157.12132034356,104.764521567494,22.1002903059378));
#14395=CARTESIAN_POINT('',(157.12132034356,104.764521567494,11.0501451529689));
#14396=CARTESIAN_POINT('',(156.12132034356,104.764521567494,22.1002903059378));
#14397=CARTESIAN_POINT('',(157.12132034356,104.764521567494,22.1002903059378));
#14398=CARTESIAN_POINT('',(156.12132034356,104.764521567494,22.1002903059378));
#14399=CARTESIAN_POINT('Origin',(157.12132034356,103.668300402513,22.1002903059378));
#14400=CARTESIAN_POINT('',(157.12132034356,103.668300402513,22.1002903059378));
#14401=CARTESIAN_POINT('',(157.12132034356,45.7734900294765,22.1002903059378));
#14402=CARTESIAN_POINT('',(156.12132034356,103.668300402513,22.1002903059378));
#14403=CARTESIAN_POINT('',(157.12132034356,103.668300402513,22.1002903059378));
#14404=CARTESIAN_POINT('',(156.12132034356,103.668300402513,22.1002903059378));
#14405=CARTESIAN_POINT('Origin',(157.12132034356,103.668300402513,19.3386562172338));
#14406=CARTESIAN_POINT('',(157.12132034356,103.668300402513,9.6693281086169));
#14407=CARTESIAN_POINT('',(156.12132034356,103.668300402513,22.1002903059378));
#14408=CARTESIAN_POINT('Origin',(156.12132034356,105.517857578554,20.1132284710901));
#14409=CARTESIAN_POINT('Origin',(157.12132034356,118.174390786256,11.7387688914893));
#14410=CARTESIAN_POINT('',(157.12132034356,117.129027521514,11.7387688914893));
#14411=CARTESIAN_POINT('Origin',(157.12132034356,118.174390786256,11.7387688914893));
#14412=CARTESIAN_POINT('',(156.12132034356,117.129027521514,11.7387688914893));
#14413=CARTESIAN_POINT('',(157.12132034356,117.129027521514,11.7387688914893));
#14414=CARTESIAN_POINT('Origin',(156.12132034356,118.174390786256,11.7387688914893));
#14415=CARTESIAN_POINT('Origin',(157.12132034356,117.977531348018,11.7387688914893));
#14416=CARTESIAN_POINT('',(157.12132034356,119.219754050998,10.2406892522533));
#14417=CARTESIAN_POINT('',(157.12132034356,119.219754050998,13.2368485307253));
#14418=CARTESIAN_POINT('Origin',(157.12132034356,117.977531348018,11.7387688914893));
#14419=CARTESIAN_POINT('',(156.12132034356,119.219754050998,10.2406892522533));
#14420=CARTESIAN_POINT('',(157.12132034356,119.219754050998,10.2406892522533));
#14421=CARTESIAN_POINT('',(156.12132034356,119.219754050998,13.2368485307253));
#14422=CARTESIAN_POINT('Origin',(156.12132034356,117.977531348018,11.7387688914893));
#14423=CARTESIAN_POINT('',(157.12132034356,119.219754050998,13.2368485307253));
#14424=CARTESIAN_POINT('Origin',(157.12132034356,119.219754050998,9.77974167094992));
#14425=CARTESIAN_POINT('',(157.12132034356,119.219754050998,9.77974167094992));
#14426=CARTESIAN_POINT('',(157.12132034356,119.219754050998,4.88987083547496));
#14427=CARTESIAN_POINT('',(156.12132034356,119.219754050998,9.77974167094992));
#14428=CARTESIAN_POINT('',(157.12132034356,119.219754050998,9.77974167094992));
#14429=CARTESIAN_POINT('',(156.12132034356,119.219754050998,9.77974167094992));
#14430=CARTESIAN_POINT('Origin',(157.12132034356,120.306273349784,9.77974167094992));
#14431=CARTESIAN_POINT('',(157.12132034356,120.306273349784,9.77974167094992));
#14432=CARTESIAN_POINT('',(157.12132034356,54.0924765031122,9.77974167094992));
#14433=CARTESIAN_POINT('',(156.12132034356,120.306273349784,9.77974167094992));
#14434=CARTESIAN_POINT('',(157.12132034356,120.306273349784,9.77974167094992));
#14435=CARTESIAN_POINT('',(156.12132034356,120.306273349784,9.77974167094992));
#14436=CARTESIAN_POINT('Origin',(157.12132034356,120.306273349784,15.0000002235174));
#14437=CARTESIAN_POINT('',(157.12132034356,120.306273349784,15.0000002235174));
#14438=CARTESIAN_POINT('',(157.12132034356,120.306273349784,7.50000011175871));
#14439=CARTESIAN_POINT('',(156.12132034356,120.306273349784,15.0000002235174));
#14440=CARTESIAN_POINT('',(157.12132034356,120.306273349784,15.0000002235174));
#14441=CARTESIAN_POINT('',(156.12132034356,120.306273349784,15.0000002235174));
#14442=CARTESIAN_POINT('Origin',(157.12132034356,119.219754050998,15.0000002235174));
#14443=CARTESIAN_POINT('',(157.12132034356,119.219754050998,15.0000002235174));
#14444=CARTESIAN_POINT('',(157.12132034356,53.5492168537189,15.0000002235174));
#14445=CARTESIAN_POINT('',(156.12132034356,119.219754050998,15.0000002235174));
#14446=CARTESIAN_POINT('',(157.12132034356,119.219754050998,15.0000002235174));
#14447=CARTESIAN_POINT('',(156.12132034356,119.219754050998,15.0000002235174));
#14448=CARTESIAN_POINT('Origin',(157.12132034356,119.219754050998,13.2368485307253));
#14449=CARTESIAN_POINT('',(157.12132034356,119.219754050998,6.61842426536266));
#14450=CARTESIAN_POINT('',(156.12132034356,119.219754050998,13.2368485307253));
#14451=CARTESIAN_POINT('Origin',(156.12132034356,118.168845329851,12.3898709472337));
#14452=CARTESIAN_POINT('Origin',(157.12132034356,100.955016666826,11.7482732470461));
#14453=CARTESIAN_POINT('',(157.12132034356,99.8809436417017,11.7482732470461));
#14454=CARTESIAN_POINT('Origin',(157.12132034356,100.955016666826,11.7482732470461));
#14455=CARTESIAN_POINT('',(156.12132034356,99.8809436417017,11.7482732470461));
#14456=CARTESIAN_POINT('',(157.12132034356,99.8809436417017,11.7482732470461));
#14457=CARTESIAN_POINT('Origin',(156.12132034356,100.955016666826,11.7482732470461));
#14458=CARTESIAN_POINT('Origin',(157.12132034356,100.955016666826,11.7482732470461));
#14459=CARTESIAN_POINT('',(157.12132034356,98.8247625382095,11.7482732470461));
#14460=CARTESIAN_POINT('Origin',(157.12132034356,100.955016666826,11.7482732470461));
#14461=CARTESIAN_POINT('',(156.12132034356,98.8247625382095,11.7482732470461));
#14462=CARTESIAN_POINT('',(157.12132034356,98.8247625382095,11.7482732470461));
#14463=CARTESIAN_POINT('Origin',(156.12132034356,100.955016666826,11.7482732470461));
#14464=CARTESIAN_POINT('Origin',(156.12132034356,100.955016666826,11.7482732470461));
#14465=CARTESIAN_POINT('Origin',(157.12132034356,110.961995386481,11.7836683395301));
#14466=CARTESIAN_POINT('',(157.12132034356,109.906345118885,11.7836683395301));
#14467=CARTESIAN_POINT('Origin',(157.12132034356,110.961995386481,11.7836683395301));
#14468=CARTESIAN_POINT('',(156.12132034356,109.906345118885,11.7836683395301));
#14469=CARTESIAN_POINT('',(157.12132034356,109.906345118885,11.7836683395301));
#14470=CARTESIAN_POINT('Origin',(156.12132034356,110.961995386481,11.7836683395301));
#14471=CARTESIAN_POINT('Origin',(157.12132034356,110.779021233068,11.7589747191031));
#14472=CARTESIAN_POINT('',(157.12132034356,112.032052271649,10.2855887002941));
#14473=CARTESIAN_POINT('',(157.12132034356,112.032052271649,13.2323607379122));
#14474=CARTESIAN_POINT('Origin',(157.12132034356,110.779021233068,11.7589747191031));
#14475=CARTESIAN_POINT('',(156.12132034356,112.032052271649,10.2855887002941));
#14476=CARTESIAN_POINT('',(157.12132034356,112.032052271649,10.2855887002941));
#14477=CARTESIAN_POINT('',(156.12132034356,112.032052271649,13.2323607379122));
#14478=CARTESIAN_POINT('Origin',(156.12132034356,110.779021233068,11.7589747191031));
#14479=CARTESIAN_POINT('',(157.12132034356,112.032052271649,13.2323607379122));
#14480=CARTESIAN_POINT('Origin',(157.12132034356,112.032052271649,9.79171629175476));
#14481=CARTESIAN_POINT('',(157.12132034356,112.032052271649,9.79171629175476));
#14482=CARTESIAN_POINT('',(157.12132034356,112.032052271649,4.89585814587738));
#14483=CARTESIAN_POINT('',(156.12132034356,112.032052271649,9.79171629175476));
#14484=CARTESIAN_POINT('',(157.12132034356,112.032052271649,9.79171629175476));
#14485=CARTESIAN_POINT('',(156.12132034356,112.032052271649,9.79171629175476));
#14486=CARTESIAN_POINT('Origin',(157.12132034356,113.102109156818,9.79171629175476));
#14487=CARTESIAN_POINT('',(157.12132034356,113.102109156818,9.79171629175476));
#14488=CARTESIAN_POINT('',(157.12132034356,50.4903944066292,9.79171629175476));
#14489=CARTESIAN_POINT('',(156.12132034356,113.102109156818,9.79171629175476));
#14490=CARTESIAN_POINT('',(157.12132034356,113.102109156818,9.79171629175476));
#14491=CARTESIAN_POINT('',(156.12132034356,113.102109156818,9.79171629175476));
#14492=CARTESIAN_POINT('Origin',(157.12132034356,113.102109156818,13.6665786282475));
#14493=CARTESIAN_POINT('',(157.12132034356,113.102109156818,13.6665786282475));
#14494=CARTESIAN_POINT('',(157.12132034356,113.102109156818,6.83328931412373));
#14495=CARTESIAN_POINT('',(156.12132034356,113.102109156818,13.6665786282475));
#14496=CARTESIAN_POINT('',(157.12132034356,113.102109156818,13.6665786282475));
#14497=CARTESIAN_POINT('',(156.12132034356,113.102109156818,13.6665786282475));
#14498=CARTESIAN_POINT('Origin',(157.12132034356,112.032052271649,13.6665786282475));
#14499=CARTESIAN_POINT('',(157.12132034356,112.032052271649,13.6665786282475));
#14500=CARTESIAN_POINT('',(157.12132034356,49.9553659640449,13.6665786282475));
#14501=CARTESIAN_POINT('',(156.12132034356,112.032052271649,13.6665786282475));
#14502=CARTESIAN_POINT('',(157.12132034356,112.032052271649,13.6665786282475));
#14503=CARTESIAN_POINT('',(156.12132034356,112.032052271649,13.6665786282475));
#14504=CARTESIAN_POINT('Origin',(157.12132034356,112.032052271649,13.2323607379122));
#14505=CARTESIAN_POINT('',(157.12132034356,112.032052271649,6.61618036895609));
#14506=CARTESIAN_POINT('',(156.12132034356,112.032052271649,13.2323607379122));
#14507=CARTESIAN_POINT('Origin',(156.12132034356,110.973488007735,11.7424226926366));
#14508=CARTESIAN_POINT('Origin',(157.12132034356,112.41734017664,20.1380802840353));
#14509=CARTESIAN_POINT('',(157.12132034356,111.340706057033,20.1380802840353));
#14510=CARTESIAN_POINT('Origin',(157.12132034356,112.41734017664,20.1380802840353));
#14511=CARTESIAN_POINT('',(156.12132034356,111.340706057033,20.1380802840353));
#14512=CARTESIAN_POINT('',(157.12132034356,111.340706057033,20.1380802840353));
#14513=CARTESIAN_POINT('Origin',(156.12132034356,112.41734017664,20.1380802840353));
#14514=CARTESIAN_POINT('Origin',(157.12132034356,112.231251231613,20.1380802840353));
#14515=CARTESIAN_POINT('',(157.12132034356,113.499997463077,18.6336907676612));
#14516=CARTESIAN_POINT('',(157.12132034356,113.499997463077,21.6424698004095));
#14517=CARTESIAN_POINT('Origin',(157.12132034356,112.231251231613,20.1380802840353));
#14518=CARTESIAN_POINT('',(156.12132034356,113.499997463077,18.6336907676612));
#14519=CARTESIAN_POINT('',(157.12132034356,113.499997463077,18.6336907676612));
#14520=CARTESIAN_POINT('',(156.12132034356,113.499997463077,21.6424698004095));
#14521=CARTESIAN_POINT('Origin',(156.12132034356,112.231251231613,20.1380802840353));
#14522=CARTESIAN_POINT('',(157.12132034356,113.499997463077,21.6424698004095));
#14523=CARTESIAN_POINT('Origin',(157.12132034356,113.499997463077,18.1999995931983));
#14524=CARTESIAN_POINT('',(157.12132034356,113.499997463077,18.1999995931983));
#14525=CARTESIAN_POINT('',(157.12132034356,113.499997463077,9.09999979659915));
#14526=CARTESIAN_POINT('',(156.12132034356,113.499997463077,18.1999995931983));
#14527=CARTESIAN_POINT('',(157.12132034356,113.499997463077,18.1999995931983));
#14528=CARTESIAN_POINT('',(156.12132034356,113.499997463077,18.1999995931983));
#14529=CARTESIAN_POINT('Origin',(157.12132034356,114.499997440726,18.1999995931983));
#14530=CARTESIAN_POINT('',(157.12132034356,114.499997440726,18.1999995931983));
#14531=CARTESIAN_POINT('',(157.12132034356,51.189338548583,18.1999995931983));
#14532=CARTESIAN_POINT('',(156.12132034356,114.499997440726,18.1999995931983));
#14533=CARTESIAN_POINT('',(157.12132034356,114.499997440726,18.1999995931983));
#14534=CARTESIAN_POINT('',(156.12132034356,114.499997440726,18.1999995931983));
#14535=CARTESIAN_POINT('Origin',(157.12132034356,114.499997440726,22.0999995060265));
#14536=CARTESIAN_POINT('',(157.12132034356,114.499997440726,22.0999995060265));
#14537=CARTESIAN_POINT('',(157.12132034356,114.499997440726,11.0499997530133));
#14538=CARTESIAN_POINT('',(156.12132034356,114.499997440726,22.0999995060265));
#14539=CARTESIAN_POINT('',(157.12132034356,114.499997440726,22.0999995060265));
#14540=CARTESIAN_POINT('',(156.12132034356,114.499997440726,22.0999995060265));
#14541=CARTESIAN_POINT('Origin',(157.12132034356,113.499997463077,22.0999995060265));
#14542=CARTESIAN_POINT('',(157.12132034356,113.499997463077,22.0999995060265));
#14543=CARTESIAN_POINT('',(157.12132034356,50.6893385597588,22.0999995060265));
#14544=CARTESIAN_POINT('',(156.12132034356,113.499997463077,22.0999995060265));
#14545=CARTESIAN_POINT('',(157.12132034356,113.499997463077,22.0999995060265));
#14546=CARTESIAN_POINT('',(156.12132034356,113.499997463077,22.0999995060265));
#14547=CARTESIAN_POINT('Origin',(157.12132034356,113.499997463077,21.6424698004095));
#14548=CARTESIAN_POINT('',(157.12132034356,113.499997463077,10.8212349002047));
#14549=CARTESIAN_POINT('',(156.12132034356,113.499997463077,22.0999995060265));
#14550=CARTESIAN_POINT('Origin',(156.12132034356,112.381639476424,20.1380802840353));
#14551=CARTESIAN_POINT('Origin',(157.12132034356,96.1563288804091,20.8565626538402));
#14552=CARTESIAN_POINT('',(157.12132034356,98.7752812881841,20.1387628414537));
#14553=CARTESIAN_POINT('',(157.12132034356,98.3715806052955,22.4271702051529));
#14554=CARTESIAN_POINT('Origin',(157.12132034356,96.1563288804091,20.8565626538402));
#14555=CARTESIAN_POINT('',(156.12132034356,98.7752812881841,20.1387628414537));
#14556=CARTESIAN_POINT('',(157.12132034356,98.7752812881841,20.1387628414537));
#14557=CARTESIAN_POINT('',(156.12132034356,98.3715806052955,22.4271702051529));
#14558=CARTESIAN_POINT('Origin',(156.12132034356,96.1563288804091,20.8565626538402));
#14559=CARTESIAN_POINT('',(157.12132034356,98.3715806052955,22.4271702051529));
#14560=CARTESIAN_POINT('Origin',(157.12132034356,98.7752812881841,21.1448006800746));
#14561=CARTESIAN_POINT('',(157.12132034356,98.7752812881841,21.1448006800746));
#14562=CARTESIAN_POINT('',(157.12132034356,98.7752812881841,10.5724003400373));
#14563=CARTESIAN_POINT('',(156.12132034356,98.7752812881841,21.1448006800746));
#14564=CARTESIAN_POINT('',(157.12132034356,98.7752812881841,21.1448006800746));
#14565=CARTESIAN_POINT('',(156.12132034356,98.7752812881841,21.1448006800746));
#14566=CARTESIAN_POINT('Origin',(157.12132034356,96.0968098737226,21.1448006800746));
#14567=CARTESIAN_POINT('',(157.12132034356,96.0968098737226,21.1448006800746));
#14568=CARTESIAN_POINT('',(157.12132034356,41.9877447650815,21.1448006800746));
#14569=CARTESIAN_POINT('',(156.12132034356,96.0968098737226,21.1448006800746));
#14570=CARTESIAN_POINT('',(157.12132034356,96.0968098737226,21.1448006800746));
#14571=CARTESIAN_POINT('',(156.12132034356,96.0968098737226,21.1448006800746));
#14572=CARTESIAN_POINT('Origin',(157.12132034356,96.0968098737226,20.1375503378575));
#14573=CARTESIAN_POINT('',(157.12132034356,96.0968098737226,20.1375503378575));
#14574=CARTESIAN_POINT('',(157.12132034356,96.0968098737226,10.0687751689288));
#14575=CARTESIAN_POINT('',(156.12132034356,96.0968098737226,20.1375503378575));
#14576=CARTESIAN_POINT('',(157.12132034356,96.0968098737226,20.1375503378575));
#14577=CARTESIAN_POINT('',(156.12132034356,96.0968098737226,21.1448006800746));
#14578=CARTESIAN_POINT('Origin',(157.12132034356,97.5820565131247,20.1387628414537));
#14579=CARTESIAN_POINT('',(157.12132034356,97.5820565131247,20.1387628414537));
#14580=CARTESIAN_POINT('',(157.12132034356,42.7221843541795,20.0939771536687));
#14581=CARTESIAN_POINT('',(156.12132034356,97.5820565131247,20.1387628414537));
#14582=CARTESIAN_POINT('',(157.12132034356,97.5820565131247,20.1387628414537));
#14583=CARTESIAN_POINT('',(156.12132034356,96.0968098737226,20.1375503378575));
#14584=CARTESIAN_POINT('Origin',(157.12132034356,96.1529599858486,20.879581607291));
#14585=CARTESIAN_POINT('',(157.12132034356,97.5031041039076,21.7560747268077));
#14586=CARTESIAN_POINT('Origin',(157.12132034356,96.1529599858486,20.879581607291));
#14587=CARTESIAN_POINT('',(156.12132034356,97.5031041039076,21.7560747268077));
#14588=CARTESIAN_POINT('',(157.12132034356,97.5031041039076,21.7560747268077));
#14589=CARTESIAN_POINT('Origin',(156.12132034356,96.1529599858486,20.879581607291));
#14590=CARTESIAN_POINT('Origin',(157.12132034356,98.3715806052955,22.4271702051529));
#14591=CARTESIAN_POINT('',(157.12132034356,58.3545523284695,-8.49507891784909));
#14592=CARTESIAN_POINT('',(156.12132034356,97.5031041039076,21.7560747268077));
#14593=CARTESIAN_POINT('Origin',(156.12132034356,96.108035931895,20.8565626538402));
#14594=CARTESIAN_POINT('Origin',(157.12132034356,108.297409503537,29.3338498767562));
#14595=CARTESIAN_POINT('',(157.12132034356,107.257067437786,28.8485208752397));
#14596=CARTESIAN_POINT('',(157.12132034356,107.257067437786,29.8191788782727));
#14597=CARTESIAN_POINT('Origin',(157.12132034356,108.297409503537,29.3338498767562));
#14598=CARTESIAN_POINT('',(156.12132034356,107.257067437786,28.8485208752397));
#14599=CARTESIAN_POINT('',(157.12132034356,107.257067437786,28.8485208752397));
#14600=CARTESIAN_POINT('',(156.12132034356,107.257067437786,29.8191788782727));
#14601=CARTESIAN_POINT('Origin',(156.12132034356,108.297409503537,29.3338498767562));
#14602=CARTESIAN_POINT('',(157.12132034356,107.257067437786,29.8191788782727));
#14603=CARTESIAN_POINT('Origin',(157.12132034356,108.250345464785,29.2928024117392));
#14604=CARTESIAN_POINT('',(157.12132034356,108.201491440737,28.2057878732314));
#14605=CARTESIAN_POINT('Origin',(157.12132034356,108.250345464785,29.2928024117392));
#14606=CARTESIAN_POINT('',(156.12132034356,108.201491440737,28.2057878732314));
#14607=CARTESIAN_POINT('',(157.12132034356,108.201491440737,28.2057878732314));
#14608=CARTESIAN_POINT('Origin',(156.12132034356,108.250345464785,29.2928024117392));
#14609=CARTESIAN_POINT('Origin',(157.12132034356,108.078277297081,25.4642343577059));
#14610=CARTESIAN_POINT('',(157.12132034356,109.408255444508,27.8647458721658));
#14611=CARTESIAN_POINT('Origin',(157.12132034356,108.078277297081,25.4642343577059));
#14612=CARTESIAN_POINT('',(156.12132034356,109.408255444508,27.8647458721658));
#14613=CARTESIAN_POINT('',(157.12132034356,109.408255444508,27.8647458721658));
#14614=CARTESIAN_POINT('Origin',(156.12132034356,108.078277297081,25.4642343577059));
#14615=CARTESIAN_POINT('Origin',(157.12132034356,109.145319216413,27.720458871715));
#14616=CARTESIAN_POINT('',(157.12132034356,109.263968444057,27.4450018708543));
#14617=CARTESIAN_POINT('Origin',(157.12132034356,109.145319216413,27.720458871715));
#14618=CARTESIAN_POINT('',(156.12132034356,109.263968444057,27.4450018708543));
#14619=CARTESIAN_POINT('',(157.12132034356,109.263968444057,27.4450018708543));
#14620=CARTESIAN_POINT('Origin',(156.12132034356,109.145319216413,27.720458871715));
#14621=CARTESIAN_POINT('Origin',(157.12132034356,108.711050298451,28.9889683582432));
#14622=CARTESIAN_POINT('',(157.12132034356,108.122789440491,27.4581188708953));
#14623=CARTESIAN_POINT('Origin',(157.12132034356,108.711050298451,28.9889683582432));
#14624=CARTESIAN_POINT('',(156.12132034356,108.122789440491,27.4581188708953));
#14625=CARTESIAN_POINT('',(157.12132034356,108.122789440491,27.4581188708953));
#14626=CARTESIAN_POINT('Origin',(156.12132034356,108.711050298451,28.9889683582432));
#14627=CARTESIAN_POINT('Origin',(157.12132034356,108.755054775415,28.4308321531439));
#14628=CARTESIAN_POINT('',(157.12132034356,107.742396439303,27.8647458721658));
#14629=CARTESIAN_POINT('Origin',(157.12132034356,108.755054775415,28.4308321531439));
#14630=CARTESIAN_POINT('',(156.12132034356,107.742396439303,27.8647458721658));
#14631=CARTESIAN_POINT('',(157.12132034356,107.742396439303,27.8647458721658));
#14632=CARTESIAN_POINT('Origin',(156.12132034356,108.755054775415,28.4308321531439));
#14633=CARTESIAN_POINT('Origin',(157.12132034356,107.007844437007,27.3662998706084));
#14634=CARTESIAN_POINT('',(157.12132034356,107.007844437007,27.3662998706084));
#14635=CARTESIAN_POINT('',(157.12132034356,59.8654266557285,-4.62319790954493));
#14636=CARTESIAN_POINT('',(156.12132034356,107.007844437007,27.3662998706084));
#14637=CARTESIAN_POINT('',(157.12132034356,107.007844437007,27.3662998706084));
#14638=CARTESIAN_POINT('',(156.12132034356,107.742396439303,27.8647458721658));
#14639=CARTESIAN_POINT('Origin',(157.12132034356,108.370079665062,28.0759036946506));
#14640=CARTESIAN_POINT('',(157.12132034356,108.37201244127,26.5399288680263));
#14641=CARTESIAN_POINT('Origin',(157.12132034356,108.370079665062,28.0759036946506));
#14642=CARTESIAN_POINT('',(156.12132034356,108.37201244127,26.5399288680263));
#14643=CARTESIAN_POINT('',(157.12132034356,108.37201244127,26.5399288680263));
#14644=CARTESIAN_POINT('Origin',(156.12132034356,108.370079665062,28.0759036946506));
#14645=CARTESIAN_POINT('Origin',(157.12132034356,108.619310010646,29.6591354334373));
#14646=CARTESIAN_POINT('',(157.12132034356,110.155924446844,26.9334388692558));
#14647=CARTESIAN_POINT('Origin',(157.12132034356,108.619310010646,29.6591354334373));
#14648=CARTESIAN_POINT('',(156.12132034356,110.155924446844,26.9334388692558));
#14649=CARTESIAN_POINT('',(157.12132034356,110.155924446844,26.9334388692558));
#14650=CARTESIAN_POINT('Origin',(156.12132034356,108.619310010646,29.6591354334373));
#14651=CARTESIAN_POINT('Origin',(157.12132034356,109.438478635324,27.7541679090482));
#14652=CARTESIAN_POINT('',(157.12132034356,110.142807446803,28.58618087442));
#14653=CARTESIAN_POINT('Origin',(157.12132034356,109.438478635324,27.7541679090482));
#14654=CARTESIAN_POINT('',(156.12132034356,110.142807446803,28.58618087442));
#14655=CARTESIAN_POINT('',(157.12132034356,110.142807446803,28.58618087442));
#14656=CARTESIAN_POINT('Origin',(156.12132034356,109.438478635324,27.7541679090482));
#14657=CARTESIAN_POINT('Origin',(157.12132034356,108.993360286934,27.2283566273502));
#14658=CARTESIAN_POINT('',(157.12132034356,108.921481349766,29.0059248757316));
#14659=CARTESIAN_POINT('Origin',(157.12132034356,108.993360286934,27.2283566273502));
#14660=CARTESIAN_POINT('',(156.12132034356,108.921481349766,29.0059248757316));
#14661=CARTESIAN_POINT('',(157.12132034356,108.921481349766,29.0059248757316));
#14662=CARTESIAN_POINT('Origin',(156.12132034356,108.993360286934,27.2283566273502));
#14663=CARTESIAN_POINT('Origin',(157.12132034356,108.886813593324,29.8632595209552));
#14664=CARTESIAN_POINT('',(157.12132034356,108.201491440737,29.3469668767972));
#14665=CARTESIAN_POINT('Origin',(157.12132034356,108.886813593324,29.8632595209552));
#14666=CARTESIAN_POINT('',(156.12132034356,108.201491440737,29.3469668767972));
#14667=CARTESIAN_POINT('',(157.12132034356,108.201491440737,29.3469668767972));
#14668=CARTESIAN_POINT('Origin',(156.12132034356,108.886813593324,29.8632595209552));
#14669=CARTESIAN_POINT('Origin',(157.12132034356,108.540657184931,29.362541347737));
#14670=CARTESIAN_POINT('',(157.12132034356,108.519505551718,29.7014049996565));
#14671=CARTESIAN_POINT('Origin',(157.12132034356,108.540657184931,29.362541347737));
#14672=CARTESIAN_POINT('',(156.12132034356,108.519505551718,29.7014049996565));
#14673=CARTESIAN_POINT('',(157.12132034356,108.519505551718,29.7014049996565));
#14674=CARTESIAN_POINT('Origin',(156.12132034356,108.540657184931,29.362541347737));
#14675=CARTESIAN_POINT('Origin',(157.12132034356,108.869929784882,28.8577038513592));
#14676=CARTESIAN_POINT('',(157.12132034356,109.657478445286,29.3207328767152));
#14677=CARTESIAN_POINT('Origin',(157.12132034356,108.869929784882,28.8577038513592));
#14678=CARTESIAN_POINT('',(156.12132034356,109.657478445286,29.3207328767152));
#14679=CARTESIAN_POINT('',(157.12132034356,109.657478445286,29.3207328767152));
#14680=CARTESIAN_POINT('Origin',(156.12132034356,108.869929784882,28.8577038513592));
#14681=CARTESIAN_POINT('Origin',(157.12132034356,110.392030447582,29.8191788782727));
#14682=CARTESIAN_POINT('',(157.12132034356,110.392030447582,29.8191788782727));
#14683=CARTESIAN_POINT('',(157.12132034356,61.5211701054438,-3.34319063960669));
#14684=CARTESIAN_POINT('',(156.12132034356,110.392030447582,29.8191788782727));
#14685=CARTESIAN_POINT('',(157.12132034356,110.392030447582,29.8191788782727));
#14686=CARTESIAN_POINT('',(156.12132034356,109.657478445286,29.3207328767152));
#14687=CARTESIAN_POINT('Origin',(157.12132034356,108.824548942684,28.6137956113484));
#14688=CARTESIAN_POINT('Origin',(157.12132034356,108.824548942684,28.6137956113484));
#14689=CARTESIAN_POINT('Origin',(156.12132034356,108.824548942684,28.6137956113484));
#14690=CARTESIAN_POINT('Origin',(156.12132034356,108.768213058782,28.5606476509442));
#14691=CARTESIAN_POINT('Origin',(157.12132034356,126.653302451894,34.92950916423));
#14692=CARTESIAN_POINT('',(157.12132034356,126.653302451894,34.92950916423));
#14693=CARTESIAN_POINT('',(157.12132034356,125.551338682718,34.92950916423));
#14694=CARTESIAN_POINT('',(157.12132034356,57.2659910541673,34.92950916423));
#14695=CARTESIAN_POINT('',(156.12132034356,126.653302451894,34.92950916423));
#14696=CARTESIAN_POINT('',(157.12132034356,126.653302451894,34.92950916423));
#14697=CARTESIAN_POINT('',(156.12132034356,125.551338682718,34.92950916423));
#14698=CARTESIAN_POINT('',(156.12132034356,125.551338682718,34.92950916423));
#14699=CARTESIAN_POINT('',(157.12132034356,125.551338682718,34.92950916423));
#14700=CARTESIAN_POINT('Origin',(157.12132034356,126.653302451894,37.3244437559063));
#14701=CARTESIAN_POINT('',(157.12132034356,126.653302451894,37.3244437559063));
#14702=CARTESIAN_POINT('',(157.12132034356,126.653302451894,18.6622218779532));
#14703=CARTESIAN_POINT('',(156.12132034356,126.653302451894,37.3244437559063));
#14704=CARTESIAN_POINT('',(157.12132034356,126.653302451894,37.3244437559063));
#14705=CARTESIAN_POINT('',(156.12132034356,126.653302451894,34.92950916423));
#14706=CARTESIAN_POINT('Origin',(157.12132034356,125.107053930602,37.4427023124974));
#14707=CARTESIAN_POINT('',(157.12132034356,123.920432304337,38.4411003753383));
#14708=CARTESIAN_POINT('Origin',(157.12132034356,125.107053930602,37.4427023124974));
#14709=CARTESIAN_POINT('',(156.12132034356,123.920432304337,38.4411003753383));
#14710=CARTESIAN_POINT('',(157.12132034356,123.920432304337,38.4411003753383));
#14711=CARTESIAN_POINT('Origin',(156.12132034356,125.107053930602,37.4427023124974));
#14712=CARTESIAN_POINT('Origin',(157.12132034356,123.920432304337,38.8818858830088));
#14713=CARTESIAN_POINT('',(157.12132034356,123.920432304337,38.8818858830088));
#14714=CARTESIAN_POINT('',(157.12132034356,123.920432304337,19.4409429415044));
#14715=CARTESIAN_POINT('',(156.12132034356,123.920432304337,38.8818858830088));
#14716=CARTESIAN_POINT('',(157.12132034356,123.920432304337,38.8818858830088));
#14717=CARTESIAN_POINT('',(156.12132034356,123.920432304337,38.8818858830088));
#14718=CARTESIAN_POINT('Origin',(157.12132034356,122.818468535161,38.8818858830088));
#14719=CARTESIAN_POINT('',(157.12132034356,122.818468535161,38.8818858830088));
#14720=CARTESIAN_POINT('',(157.12132034356,55.3485740958006,38.8818858830088));
#14721=CARTESIAN_POINT('',(156.12132034356,122.818468535161,38.8818858830088));
#14722=CARTESIAN_POINT('',(157.12132034356,122.818468535161,38.8818858830088));
#14723=CARTESIAN_POINT('',(156.12132034356,122.818468535161,38.8818858830088));
#14724=CARTESIAN_POINT('Origin',(157.12132034356,122.818468535161,34.92950916423));
#14725=CARTESIAN_POINT('',(157.12132034356,122.818468535161,34.92950916423));
#14726=CARTESIAN_POINT('',(157.12132034356,122.818468535161,17.464754582115));
#14727=CARTESIAN_POINT('',(156.12132034356,122.818468535161,34.92950916423));
#14728=CARTESIAN_POINT('',(157.12132034356,122.818468535161,34.92950916423));
#14729=CARTESIAN_POINT('',(156.12132034356,122.818468535161,38.8818858830088));
#14730=CARTESIAN_POINT('Origin',(157.12132034356,123.920432304337,34.92950916423));
#14731=CARTESIAN_POINT('',(157.12132034356,123.920432304337,34.92950916423));
#14732=CARTESIAN_POINT('',(157.12132034356,55.8995559803887,34.92950916423));
#14733=CARTESIAN_POINT('',(156.12132034356,123.920432304337,34.92950916423));
#14734=CARTESIAN_POINT('',(157.12132034356,123.920432304337,34.92950916423));
#14735=CARTESIAN_POINT('',(156.12132034356,122.818468535161,34.92950916423));
#14736=CARTESIAN_POINT('Origin',(157.12132034356,123.920432304337,37.3244437559063));
#14737=CARTESIAN_POINT('',(157.12132034356,123.920432304337,37.3244437559063));
#14738=CARTESIAN_POINT('',(157.12132034356,123.920432304337,18.6622218779532));
#14739=CARTESIAN_POINT('',(156.12132034356,123.920432304337,37.3244437559063));
#14740=CARTESIAN_POINT('',(157.12132034356,123.920432304337,37.3244437559063));
#14741=CARTESIAN_POINT('',(156.12132034356,123.920432304337,34.92950916423));
#14742=CARTESIAN_POINT('Origin',(157.12132034356,124.735885493527,37.1175479226548));
#14743=CARTESIAN_POINT('',(157.12132034356,125.551338682718,37.3244437559063));
#14744=CARTESIAN_POINT('Origin',(157.12132034356,124.735885493527,37.1175479226548));
#14745=CARTESIAN_POINT('',(156.12132034356,125.551338682718,37.3244437559063));
#14746=CARTESIAN_POINT('',(157.12132034356,125.551338682718,37.3244437559063));
#14747=CARTESIAN_POINT('Origin',(156.12132034356,124.735885493527,37.1175479226548));
#14748=CARTESIAN_POINT('Origin',(157.12132034356,125.551338682718,34.92950916423));
#14749=CARTESIAN_POINT('',(157.12132034356,125.551338682718,17.464754582115));
#14750=CARTESIAN_POINT('',(156.12132034356,125.551338682718,37.3244437559063));
#14751=CARTESIAN_POINT('Origin',(156.12132034356,124.738143328336,36.961487833818));
#14752=CARTESIAN_POINT('Origin',(157.12132034356,110.500001646578,35.0000005215406));
#14753=CARTESIAN_POINT('',(157.12132034356,110.500001646578,35.0000005215406));
#14754=CARTESIAN_POINT('',(157.12132034356,109.391375866689,35.0000005215406));
#14755=CARTESIAN_POINT('',(157.12132034356,49.1893406515093,35.0000005215406));
#14756=CARTESIAN_POINT('',(156.12132034356,110.500001646578,35.0000005215406));
#14757=CARTESIAN_POINT('',(157.12132034356,110.500001646578,35.0000005215406));
#14758=CARTESIAN_POINT('',(156.12132034356,109.391375866689,35.0000005215406));
#14759=CARTESIAN_POINT('',(156.12132034356,109.391375866689,35.0000005215406));
#14760=CARTESIAN_POINT('',(157.12132034356,109.391375866689,35.0000005215406));
#14761=CARTESIAN_POINT('Origin',(157.12132034356,110.500001646578,37.3588793944305));
#14762=CARTESIAN_POINT('',(157.12132034356,110.500001646578,37.3588793944305));
#14763=CARTESIAN_POINT('',(157.12132034356,110.500001646578,18.6794396972153));
#14764=CARTESIAN_POINT('',(156.12132034356,110.500001646578,37.3588793944305));
#14765=CARTESIAN_POINT('',(157.12132034356,110.500001646578,37.3588793944305));
#14766=CARTESIAN_POINT('',(156.12132034356,110.500001646578,35.0000005215406));
#14767=CARTESIAN_POINT('Origin',(157.12132034356,109.068676527308,37.5567025046306));
#14768=CARTESIAN_POINT('',(157.12132034356,107.838938952846,38.3153665132278));
#14769=CARTESIAN_POINT('Origin',(157.12132034356,109.068676527308,37.5567025046306));
#14770=CARTESIAN_POINT('',(156.12132034356,107.838938952846,38.3153665132278));
#14771=CARTESIAN_POINT('',(157.12132034356,107.838938952846,38.3153665132278));
#14772=CARTESIAN_POINT('Origin',(156.12132034356,109.068676527308,37.5567025046306));
#14773=CARTESIAN_POINT('Origin',(157.12132034356,106.671473546599,37.476732358195));
#14774=CARTESIAN_POINT('',(157.12132034356,105.661916772604,38.5000005736947));
#14775=CARTESIAN_POINT('Origin',(157.12132034356,106.671473546599,37.476732358195));
#14776=CARTESIAN_POINT('',(156.12132034356,105.661916772604,38.5000005736947));
#14777=CARTESIAN_POINT('',(157.12132034356,105.661916772604,38.5000005736947));
#14778=CARTESIAN_POINT('Origin',(156.12132034356,106.671473546599,37.476732358195));
#14779=CARTESIAN_POINT('Origin',(157.12132034356,105.661916772604,38.8481742735334));
#14780=CARTESIAN_POINT('',(157.12132034356,105.661916772604,38.8481742735334));
#14781=CARTESIAN_POINT('',(157.12132034356,105.661916772604,19.4240871367667));
#14782=CARTESIAN_POINT('',(156.12132034356,105.661916772604,38.8481742735334));
#14783=CARTESIAN_POINT('',(157.12132034356,105.661916772604,38.8481742735334));
#14784=CARTESIAN_POINT('',(156.12132034356,105.661916772604,38.8481742735334));
#14785=CARTESIAN_POINT('Origin',(157.12132034356,104.553604304435,38.8481742735334));
#14786=CARTESIAN_POINT('',(157.12132034356,104.553604304435,38.8481742735334));
#14787=CARTESIAN_POINT('',(157.12132034356,46.2161419804376,38.8481742735334));
#14788=CARTESIAN_POINT('',(156.12132034356,104.553604304435,38.8481742735334));
#14789=CARTESIAN_POINT('',(157.12132034356,104.553604304435,38.8481742735334));
#14790=CARTESIAN_POINT('',(156.12132034356,104.553604304435,38.8481742735334));
#14791=CARTESIAN_POINT('Origin',(157.12132034356,104.553604304435,35.0000005215406));
#14792=CARTESIAN_POINT('',(157.12132034356,104.553604304435,35.0000005215406));
#14793=CARTESIAN_POINT('',(157.12132034356,104.553604304435,17.5000002607703));
#14794=CARTESIAN_POINT('',(156.12132034356,104.553604304435,35.0000005215406));
#14795=CARTESIAN_POINT('',(157.12132034356,104.553604304435,35.0000005215406));
#14796=CARTESIAN_POINT('',(156.12132034356,104.553604304435,38.8481742735334));
#14797=CARTESIAN_POINT('Origin',(157.12132034356,105.661916772604,35.0000005215406));
#14798=CARTESIAN_POINT('',(157.12132034356,105.661916772604,35.0000005215406));
#14799=CARTESIAN_POINT('',(157.12132034356,46.7702982145224,35.0000005215406));
#14800=CARTESIAN_POINT('',(156.12132034356,105.661916772604,35.0000005215406));
#14801=CARTESIAN_POINT('',(157.12132034356,105.661916772604,35.0000005215406));
#14802=CARTESIAN_POINT('',(156.12132034356,104.553604304435,35.0000005215406));
#14803=CARTESIAN_POINT('Origin',(157.12132034356,105.661916772604,37.3588793944305));
#14804=CARTESIAN_POINT('',(157.12132034356,105.661916772604,37.3588793944305));
#14805=CARTESIAN_POINT('',(157.12132034356,105.661916772604,18.6794396972153));
#14806=CARTESIAN_POINT('',(156.12132034356,105.661916772604,37.3588793944305));
#14807=CARTESIAN_POINT('',(157.12132034356,105.661916772604,37.3588793944305));
#14808=CARTESIAN_POINT('',(156.12132034356,105.661916772604,35.0000005215406));
#14809=CARTESIAN_POINT('Origin',(157.12132034356,106.322169403734,37.215181727005));
#14810=CARTESIAN_POINT('',(157.12132034356,106.982422034864,37.3588793944305));
#14811=CARTESIAN_POINT('Origin',(157.12132034356,106.322169403734,37.215181727005));
#14812=CARTESIAN_POINT('',(156.12132034356,106.982422034864,37.3588793944305));
#14813=CARTESIAN_POINT('',(157.12132034356,106.982422034864,37.3588793944305));
#14814=CARTESIAN_POINT('Origin',(156.12132034356,106.322169403734,37.215181727005));
#14815=CARTESIAN_POINT('Origin',(157.12132034356,106.982422034864,35.0000005215406));
#14816=CARTESIAN_POINT('',(157.12132034356,106.982422034864,35.0000005215406));
#14817=CARTESIAN_POINT('',(157.12132034356,106.982422034864,17.5000002607703));
#14818=CARTESIAN_POINT('',(156.12132034356,106.982422034864,35.0000005215406));
#14819=CARTESIAN_POINT('',(157.12132034356,106.982422034864,35.0000005215406));
#14820=CARTESIAN_POINT('',(156.12132034356,106.982422034864,37.3588793944305));
#14821=CARTESIAN_POINT('Origin',(157.12132034356,108.106600489715,35.0000005215406));
#14822=CARTESIAN_POINT('',(157.12132034356,108.106600489715,35.0000005215406));
#14823=CARTESIAN_POINT('',(157.12132034356,47.9926400730778,35.0000005215406));
#14824=CARTESIAN_POINT('',(156.12132034356,108.106600489715,35.0000005215406));
#14825=CARTESIAN_POINT('',(157.12132034356,108.106600489715,35.0000005215406));
#14826=CARTESIAN_POINT('',(156.12132034356,106.982422034864,35.0000005215406));
#14827=CARTESIAN_POINT('Origin',(157.12132034356,108.106600489715,37.3588793944305));
#14828=CARTESIAN_POINT('',(157.12132034356,108.106600489715,37.3588793944305));
#14829=CARTESIAN_POINT('',(157.12132034356,108.106600489715,18.6794396972153));
#14830=CARTESIAN_POINT('',(156.12132034356,108.106600489715,37.3588793944305));
#14831=CARTESIAN_POINT('',(157.12132034356,108.106600489715,37.3588793944305));
#14832=CARTESIAN_POINT('',(156.12132034356,108.106600489715,35.0000005215406));
#14833=CARTESIAN_POINT('Origin',(157.12132034356,108.748988178202,37.2370530634609));
#14834=CARTESIAN_POINT('',(157.12132034356,109.391375866689,37.3588793944305));
#14835=CARTESIAN_POINT('Origin',(157.12132034356,108.748988178202,37.2370530634609));
#14836=CARTESIAN_POINT('',(156.12132034356,109.391375866689,37.3588793944305));
#14837=CARTESIAN_POINT('',(157.12132034356,109.391375866689,37.3588793944305));
#14838=CARTESIAN_POINT('Origin',(156.12132034356,108.748988178202,37.2370530634609));
#14839=CARTESIAN_POINT('Origin',(157.12132034356,109.391375866689,35.0000005215406));
#14840=CARTESIAN_POINT('',(157.12132034356,109.391375866689,17.5000002607703));
#14841=CARTESIAN_POINT('',(156.12132034356,109.391375866689,37.3588793944305));
#14842=CARTESIAN_POINT('Origin',(156.12132034356,107.533605913315,37.000817010529));
#14843=CARTESIAN_POINT('Origin',(157.12132034356,104.172621893502,38.8481742735334));
#14844=CARTESIAN_POINT('',(157.12132034356,104.172621893502,38.8481742735334));
#14845=CARTESIAN_POINT('',(157.12132034356,104.172621893502,35.0383501642006));
#14846=CARTESIAN_POINT('',(157.12132034356,104.172621893502,19.4240871367667));
#14847=CARTESIAN_POINT('',(156.12132034356,104.172621893502,38.8481742735334));
#14848=CARTESIAN_POINT('',(157.12132034356,104.172621893502,38.8481742735334));
#14849=CARTESIAN_POINT('',(156.12132034356,104.172621893502,35.0383501642006));
#14850=CARTESIAN_POINT('',(156.12132034356,104.172621893502,38.8481742735334));
#14851=CARTESIAN_POINT('',(157.12132034356,104.172621893502,35.0383501642006));
#14852=CARTESIAN_POINT('Origin',(157.12132034356,103.098944189962,38.8481742735334));
#14853=CARTESIAN_POINT('',(157.12132034356,103.098944189962,38.8481742735334));
#14854=CARTESIAN_POINT('',(157.12132034356,45.4888119232014,38.8481742735334));
#14855=CARTESIAN_POINT('',(156.12132034356,103.098944189962,38.8481742735334));
#14856=CARTESIAN_POINT('',(157.12132034356,103.098944189962,38.8481742735334));
#14857=CARTESIAN_POINT('',(156.12132034356,103.098944189962,38.8481742735334));
#14858=CARTESIAN_POINT('Origin',(157.12132034356,103.098944189962,35.0383501642006));
#14859=CARTESIAN_POINT('',(157.12132034356,103.098944189962,35.0383501642006));
#14860=CARTESIAN_POINT('',(157.12132034356,103.098944189962,17.5191750821003));
#14861=CARTESIAN_POINT('',(156.12132034356,103.098944189962,35.0383501642006));
#14862=CARTESIAN_POINT('',(157.12132034356,103.098944189962,35.0383501642006));
#14863=CARTESIAN_POINT('',(156.12132034356,103.098944189962,35.0383501642006));
#14864=CARTESIAN_POINT('Origin',(157.12132034356,104.172621893502,35.0383501642006));
#14865=CARTESIAN_POINT('',(157.12132034356,46.025650774971,35.0383501642006));
#14866=CARTESIAN_POINT('',(156.12132034356,104.172621893502,35.0383501642006));
#14867=CARTESIAN_POINT('Origin',(156.12132034356,103.635783041732,36.943262218867));
#14868=CARTESIAN_POINT('Origin',(157.12132034356,119.065421391472,48.1933483737467));
#14869=CARTESIAN_POINT('',(157.12132034356,118.523418870644,48.1933483737467));
#14870=CARTESIAN_POINT('Origin',(157.12132034356,119.065421391472,48.1933483737467));
#14871=CARTESIAN_POINT('',(156.12132034356,118.523418870644,48.1933483737467));
#14872=CARTESIAN_POINT('',(157.12132034356,118.523418870644,48.1933483737467));
#14873=CARTESIAN_POINT('Origin',(156.12132034356,119.065421391472,48.1933483737467));
#14874=CARTESIAN_POINT('Origin',(156.12132034356,119.065421391472,48.1933483737467));
#14875=CARTESIAN_POINT('Origin',(157.12132034356,106.987479292366,45.8663806955456));
#14876=CARTESIAN_POINT('',(157.12132034356,105.9107986091,46.7311127579132));
#14877=CARTESIAN_POINT('',(157.12132034356,107.346372853454,47.1998716948452));
#14878=CARTESIAN_POINT('Origin',(157.12132034356,106.987479292366,45.8663806955456));
#14879=CARTESIAN_POINT('',(156.12132034356,105.9107986091,46.7311127579132));
#14880=CARTESIAN_POINT('',(157.12132034356,105.9107986091,46.7311127579132));
#14881=CARTESIAN_POINT('',(156.12132034356,107.346372853454,47.1998716948452));
#14882=CARTESIAN_POINT('Origin',(156.12132034356,106.987479292366,45.8663806955456));
#14883=CARTESIAN_POINT('',(157.12132034356,107.346372853454,47.1998716948452));
#14884=CARTESIAN_POINT('Origin',(157.12132034356,105.9107986091,47.2291691284034));
#14885=CARTESIAN_POINT('',(157.12132034356,105.9107986091,47.2291691284034));
#14886=CARTESIAN_POINT('',(157.12132034356,105.9107986091,23.6145845642017));
#14887=CARTESIAN_POINT('',(156.12132034356,105.9107986091,47.2291691284034));
#14888=CARTESIAN_POINT('',(157.12132034356,105.9107986091,47.2291691284034));
#14889=CARTESIAN_POINT('',(156.12132034356,105.9107986091,46.7311127579132));
#14890=CARTESIAN_POINT('Origin',(157.12132034356,104.812144850666,47.2291691284034));
#14891=CARTESIAN_POINT('',(157.12132034356,104.812144850666,47.2291691284034));
#14892=CARTESIAN_POINT('',(157.12132034356,46.3454122535531,47.2291691284034));
#14893=CARTESIAN_POINT('',(156.12132034356,104.812144850666,47.2291691284034));
#14894=CARTESIAN_POINT('',(157.12132034356,104.812144850666,47.2291691284034));
#14895=CARTESIAN_POINT('',(156.12132034356,105.9107986091,47.2291691284034));
#14896=CARTESIAN_POINT('Origin',(157.12132034356,104.812144850666,43.3179617483774));
#14897=CARTESIAN_POINT('',(157.12132034356,104.812144850666,43.3179617483774));
#14898=CARTESIAN_POINT('',(157.12132034356,104.812144850666,21.6589808741887));
#14899=CARTESIAN_POINT('',(156.12132034356,104.812144850666,43.3179617483774));
#14900=CARTESIAN_POINT('',(157.12132034356,104.812144850666,43.3179617483774));
#14901=CARTESIAN_POINT('',(156.12132034356,104.812144850666,47.2291691284034));
#14902=CARTESIAN_POINT('Origin',(157.12132034356,105.9107986091,43.3179617483774));
#14903=CARTESIAN_POINT('',(157.12132034356,105.9107986091,43.3179617483774));
#14904=CARTESIAN_POINT('',(157.12132034356,46.8947391327702,43.3179617483774));
#14905=CARTESIAN_POINT('',(156.12132034356,105.9107986091,43.3179617483774));
#14906=CARTESIAN_POINT('',(157.12132034356,105.9107986091,43.3179617483774));
#14907=CARTESIAN_POINT('',(156.12132034356,104.812144850666,43.3179617483774));
#14908=CARTESIAN_POINT('Origin',(157.12132034356,105.9107986091,45.4273769645712));
#14909=CARTESIAN_POINT('',(157.12132034356,105.9107986091,45.4273769645712));
#14910=CARTESIAN_POINT('',(157.12132034356,105.9107986091,22.7136884822856));
#14911=CARTESIAN_POINT('',(156.12132034356,105.9107986091,45.4273769645712));
#14912=CARTESIAN_POINT('',(157.12132034356,105.9107986091,45.4273769645712));
#14913=CARTESIAN_POINT('',(156.12132034356,105.9107986091,43.3179617483774));
#14914=CARTESIAN_POINT('Origin',(157.12132034356,106.966643818385,45.1310010333174));
#14915=CARTESIAN_POINT('',(157.12132034356,107.346372853454,46.1598128035274));
#14916=CARTESIAN_POINT('Origin',(157.12132034356,106.966643818385,45.1310010333174));
#14917=CARTESIAN_POINT('',(156.12132034356,107.346372853454,46.1598128035274));
#14918=CARTESIAN_POINT('',(157.12132034356,107.346372853454,46.1598128035274));
#14919=CARTESIAN_POINT('Origin',(156.12132034356,106.966643818385,45.1310010333174));
#14920=CARTESIAN_POINT('Origin',(157.12132034356,107.346372853454,47.1998716948452));
#14921=CARTESIAN_POINT('',(157.12132034356,107.346372853454,23.5999358474226));
#14922=CARTESIAN_POINT('',(156.12132034356,107.346372853454,46.1598128035274));
#14923=CARTESIAN_POINT('Origin',(156.12132034356,106.07925885206,45.2826425887472));
#14924=CARTESIAN_POINT('Origin',(157.12132034356,95.1978109602717,45.3129628558814));
#14925=CARTESIAN_POINT('',(157.12132034356,95.1978109602717,45.3129628558814));
#14926=CARTESIAN_POINT('',(157.12132034356,96.625881304498,45.3129628558814));
#14927=CARTESIAN_POINT('',(157.12132034356,41.538245308356,45.3129628558814));
#14928=CARTESIAN_POINT('',(156.12132034356,95.1978109602717,45.3129628558814));
#14929=CARTESIAN_POINT('',(157.12132034356,95.1978109602717,45.3129628558814));
#14930=CARTESIAN_POINT('',(156.12132034356,96.625881304498,45.3129628558814));
#14931=CARTESIAN_POINT('',(156.12132034356,95.1978109602717,45.3129628558814));
#14932=CARTESIAN_POINT('',(157.12132034356,96.625881304498,45.3129628558814));
#14933=CARTESIAN_POINT('Origin',(157.12132034356,95.9250690059425,46.9525991770302));
#14934=CARTESIAN_POINT('',(157.12132034356,95.9250690059425,46.9525991770302));
#14935=CARTESIAN_POINT('',(157.12132034356,78.342952431583,7.31291817301911));
#14936=CARTESIAN_POINT('',(156.12132034356,95.9250690059425,46.9525991770302));
#14937=CARTESIAN_POINT('',(157.12132034356,95.9250690059425,46.9525991770302));
#14938=CARTESIAN_POINT('',(156.12132034356,95.9250690059425,46.9525991770302));
#14939=CARTESIAN_POINT('Origin',(157.12132034356,96.625881304498,45.3129628558814));
#14940=CARTESIAN_POINT('',(157.12132034356,96.4148805472655,45.8066250048781));
#14941=CARTESIAN_POINT('',(156.12132034356,96.625881304498,45.3129628558814));
#14942=CARTESIAN_POINT('Origin',(157.12132034356,97.1382568899884,44.3930983751212));
#14943=CARTESIAN_POINT('',(157.12132034356,97.1382568899884,44.3930983751212));
#14944=CARTESIAN_POINT('',(157.12132034356,94.7847211689318,44.3930983751212));
#14945=CARTESIAN_POINT('',(157.12132034356,42.5084682732144,44.3930983751212));
#14946=CARTESIAN_POINT('',(156.12132034356,97.1382568899884,44.3930983751212));
#14947=CARTESIAN_POINT('',(157.12132034356,97.1382568899884,44.3930983751212));
#14948=CARTESIAN_POINT('',(156.12132034356,94.7847211689318,44.3930983751212));
#14949=CARTESIAN_POINT('',(156.12132034356,97.1382568899884,44.3930983751212));
#14950=CARTESIAN_POINT('',(157.12132034356,94.7847211689318,44.3930983751212));
#14951=CARTESIAN_POINT('Origin',(157.12132034356,97.598545243573,43.3687923652965));
#14952=CARTESIAN_POINT('',(157.12132034356,97.598545243573,43.3687923652965));
#14953=CARTESIAN_POINT('',(157.12132034356,96.4889741811639,45.837984337464));
#14954=CARTESIAN_POINT('',(156.12132034356,97.598545243573,43.3687923652965));
#14955=CARTESIAN_POINT('',(157.12132034356,97.598545243573,43.3687923652965));
#14956=CARTESIAN_POINT('',(156.12132034356,97.598545243573,43.3687923652965));
#14957=CARTESIAN_POINT('Origin',(157.12132034356,98.6970890491839,43.3687923652965));
#14958=CARTESIAN_POINT('',(157.12132034356,98.6970890491839,43.3687923652965));
#14959=CARTESIAN_POINT('',(157.12132034356,43.2878843528121,43.3687923652965));
#14960=CARTESIAN_POINT('',(156.12132034356,98.6970890491839,43.3687923652965));
#14961=CARTESIAN_POINT('',(157.12132034356,98.6970890491839,43.3687923652965));
#14962=CARTESIAN_POINT('',(156.12132034356,98.6970890491839,43.3687923652965));
#14963=CARTESIAN_POINT('Origin',(157.12132034356,96.5000014379621,48.2580971386194));
#14964=CARTESIAN_POINT('',(157.12132034356,96.5000014379621,48.2580971386194));
#14965=CARTESIAN_POINT('',(157.12132034356,96.3966939247797,48.4879932587116));
#14966=CARTESIAN_POINT('',(156.12132034356,96.5000014379621,48.2580971386194));
#14967=CARTESIAN_POINT('',(157.12132034356,96.5000014379621,48.2580971386194));
#14968=CARTESIAN_POINT('',(156.12132034356,96.5000014379621,48.2580971386194));
#14969=CARTESIAN_POINT('Origin',(157.12132034356,95.3379853136139,48.2580971386194));
#14970=CARTESIAN_POINT('',(157.12132034356,95.3379853136139,48.2580971386194));
#14971=CARTESIAN_POINT('',(157.12132034356,41.6083324850271,48.2580971386194));
#14972=CARTESIAN_POINT('',(156.12132034356,95.3379853136139,48.2580971386194));
#14973=CARTESIAN_POINT('',(157.12132034356,95.3379853136139,48.2580971386194));
#14974=CARTESIAN_POINT('',(156.12132034356,95.3379853136139,48.2580971386194));
#14975=CARTESIAN_POINT('Origin',(157.12132034356,93.1337528302977,43.3687923652965));
#14976=CARTESIAN_POINT('',(157.12132034356,93.1337528302977,43.3687923652965));
#14977=CARTESIAN_POINT('',(157.12132034356,76.119582759277,5.62891530059685));
#14978=CARTESIAN_POINT('',(156.12132034356,93.1337528302977,43.3687923652965));
#14979=CARTESIAN_POINT('',(157.12132034356,93.1337528302977,43.3687923652965));
#14980=CARTESIAN_POINT('',(156.12132034356,93.1337528302977,43.3687923652965));
#14981=CARTESIAN_POINT('Origin',(157.12132034356,94.3302541929429,43.3687923652965));
#14982=CARTESIAN_POINT('',(157.12132034356,94.3302541929429,43.3687923652965));
#14983=CARTESIAN_POINT('',(157.12132034356,41.1044669246916,43.3687923652965));
#14984=CARTESIAN_POINT('',(156.12132034356,94.3302541929429,43.3687923652965));
#14985=CARTESIAN_POINT('',(157.12132034356,94.3302541929429,43.3687923652965));
#14986=CARTESIAN_POINT('',(156.12132034356,94.3302541929429,43.3687923652965));
#14987=CARTESIAN_POINT('Origin',(157.12132034356,94.7847211689318,44.3930983751212));
#14988=CARTESIAN_POINT('',(157.12132034356,77.7645294576565,6.03192896276991));
#14989=CARTESIAN_POINT('',(156.12132034356,94.7847211689318,44.3930983751212));
#14990=CARTESIAN_POINT('Origin',(156.12132034356,95.9154209397408,45.8134447519579));
#14991=CARTESIAN_POINT('Origin',(157.12132034356,103.867302618412,48.0787947015926));
#14992=CARTESIAN_POINT('',(157.12132034356,103.288492908544,48.0787947015926));
#14993=CARTESIAN_POINT('Origin',(157.12132034356,103.867302618412,48.0787947015926));
#14994=CARTESIAN_POINT('',(156.12132034356,103.288492908544,48.0787947015926));
#14995=CARTESIAN_POINT('',(157.12132034356,103.288492908544,48.0787947015926));
#14996=CARTESIAN_POINT('Origin',(156.12132034356,103.867302618412,48.0787947015926));
#14997=CARTESIAN_POINT('Origin',(156.12132034356,103.867302618412,48.0787947015926));
#14998=CARTESIAN_POINT('Origin',(157.12132034356,119.636721345857,47.1784765331146));
#14999=CARTESIAN_POINT('',(157.12132034356,119.636721345857,47.1784765331146));
#15000=CARTESIAN_POINT('',(157.12132034356,119.636721345857,43.2953083527341));
#15001=CARTESIAN_POINT('',(157.12132034356,119.636721345857,23.5892382665573));
#15002=CARTESIAN_POINT('',(156.12132034356,119.636721345857,47.1784765331146));
#15003=CARTESIAN_POINT('',(157.12132034356,119.636721345857,47.1784765331146));
#15004=CARTESIAN_POINT('',(156.12132034356,119.636721345857,43.2953083527341));
#15005=CARTESIAN_POINT('',(156.12132034356,119.636721345857,47.1784765331146));
#15006=CARTESIAN_POINT('',(157.12132034356,119.636721345857,43.2953083527341));
#15007=CARTESIAN_POINT('Origin',(157.12132034356,118.523418870644,47.1784765331146));
#15008=CARTESIAN_POINT('',(157.12132034356,118.523418870644,47.1784765331146));
#15009=CARTESIAN_POINT('',(157.12132034356,53.2010492635422,47.1784765331146));
#15010=CARTESIAN_POINT('',(156.12132034356,118.523418870644,47.1784765331146));
#15011=CARTESIAN_POINT('',(157.12132034356,118.523418870644,47.1784765331146));
#15012=CARTESIAN_POINT('',(156.12132034356,118.523418870644,47.1784765331146));
#15013=CARTESIAN_POINT('Origin',(157.12132034356,118.523418870644,43.2953083527341));
#15014=CARTESIAN_POINT('',(157.12132034356,118.523418870644,43.2953083527341));
#15015=CARTESIAN_POINT('',(157.12132034356,118.523418870644,21.6476541763671));
#15016=CARTESIAN_POINT('',(156.12132034356,118.523418870644,43.2953083527341));
#15017=CARTESIAN_POINT('',(157.12132034356,118.523418870644,43.2953083527341));
#15018=CARTESIAN_POINT('',(156.12132034356,118.523418870644,43.2953083527341));
#15019=CARTESIAN_POINT('Origin',(157.12132034356,119.636721345857,43.2953083527341));
#15020=CARTESIAN_POINT('',(157.12132034356,53.7577005011489,43.2953083527341));
#15021=CARTESIAN_POINT('',(156.12132034356,119.636721345857,43.2953083527341));
#15022=CARTESIAN_POINT('Origin',(156.12132034356,119.080070108251,45.2368924429244));
#15023=CARTESIAN_POINT('Origin',(157.12132034356,103.618465659417,39.8698998301272));
#15024=CARTESIAN_POINT('',(157.12132034356,103.029674660702,39.8698998301272));
#15025=CARTESIAN_POINT('Origin',(157.12132034356,103.618465659417,39.8698998301272));
#15026=CARTESIAN_POINT('',(156.12132034356,103.029674660702,39.8698998301272));
#15027=CARTESIAN_POINT('',(157.12132034356,103.029674660702,39.8698998301272));
#15028=CARTESIAN_POINT('Origin',(156.12132034356,103.618465659417,39.8698998301272));
#15029=CARTESIAN_POINT('Origin',(156.12132034356,103.618465659417,39.8698998301272));
#15030=CARTESIAN_POINT('Origin',(157.12132034356,99.7047372561932,38.8481742735334));
#15031=CARTESIAN_POINT('',(157.12132034356,99.7047372561932,38.8481742735334));
#15032=CARTESIAN_POINT('',(157.12132034356,99.7047372561932,35.0383501642006));
#15033=CARTESIAN_POINT('',(157.12132034356,99.7047372561932,19.4240871367667));
#15034=CARTESIAN_POINT('',(156.12132034356,99.7047372561932,38.8481742735334));
#15035=CARTESIAN_POINT('',(157.12132034356,99.7047372561932,38.8481742735334));
#15036=CARTESIAN_POINT('',(156.12132034356,99.7047372561932,35.0383501642006));
#15037=CARTESIAN_POINT('',(156.12132034356,99.7047372561932,38.8481742735334));
#15038=CARTESIAN_POINT('',(157.12132034356,99.7047372561932,35.0383501642006));
#15039=CARTESIAN_POINT('Origin',(157.12132034356,98.7003290819146,38.8481742735334));
#15040=CARTESIAN_POINT('',(157.12132034356,98.7003290819146,38.8481742735334));
#15041=CARTESIAN_POINT('',(157.12132034356,43.2895043691775,38.8481742735334));
#15042=CARTESIAN_POINT('',(156.12132034356,98.7003290819146,38.8481742735334));
#15043=CARTESIAN_POINT('',(157.12132034356,98.7003290819146,38.8481742735334));
#15044=CARTESIAN_POINT('',(156.12132034356,98.7003290819146,38.8481742735334));
#15045=CARTESIAN_POINT('Origin',(157.12132034356,98.7003290819146,35.0383501642006));
#15046=CARTESIAN_POINT('',(157.12132034356,98.7003290819146,35.0383501642006));
#15047=CARTESIAN_POINT('',(157.12132034356,98.7003290819146,17.5191750821003));
#15048=CARTESIAN_POINT('',(156.12132034356,98.7003290819146,35.0383501642006));
#15049=CARTESIAN_POINT('',(157.12132034356,98.7003290819146,35.0383501642006));
#15050=CARTESIAN_POINT('',(156.12132034356,98.7003290819146,35.0383501642006));
#15051=CARTESIAN_POINT('Origin',(157.12132034356,99.7047372561932,35.0383501642006));
#15052=CARTESIAN_POINT('',(157.12132034356,43.7917084563168,35.0383501642006));
#15053=CARTESIAN_POINT('',(156.12132034356,99.7047372561932,35.0383501642006));
#15054=CARTESIAN_POINT('Origin',(156.12132034356,99.2025331690539,36.943262218867));
#15055=CARTESIAN_POINT('Origin',(157.12132034356,120.247219740416,36.7955011467017));
#15056=CARTESIAN_POINT('',(157.12132034356,119.173032703183,36.7955011467017));
#15057=CARTESIAN_POINT('Origin',(157.12132034356,120.247219740416,36.7955011467017));
#15058=CARTESIAN_POINT('',(156.12132034356,119.173032703183,36.7955011467017));
#15059=CARTESIAN_POINT('',(157.12132034356,119.173032703183,36.7955011467017));
#15060=CARTESIAN_POINT('Origin',(156.12132034356,120.247219740416,36.7955011467017));
#15061=CARTESIAN_POINT('Origin',(157.12132034356,120.050155794035,36.8689653979802));
#15062=CARTESIAN_POINT('',(157.12132034356,121.349183509592,35.3849875221561));
#15063=CARTESIAN_POINT('',(157.12132034356,121.349183509592,38.3529432738042));
#15064=CARTESIAN_POINT('Origin',(157.12132034356,120.050155794035,36.8689653979802));
#15065=CARTESIAN_POINT('',(156.12132034356,121.349183509592,35.3849875221561));
#15066=CARTESIAN_POINT('',(157.12132034356,121.349183509592,35.3849875221561));
#15067=CARTESIAN_POINT('',(156.12132034356,121.349183509592,38.3529432738042));
#15068=CARTESIAN_POINT('Origin',(156.12132034356,120.050155794035,36.8689653979802));
#15069=CARTESIAN_POINT('',(157.12132034356,121.349183509592,38.3529432738042));
#15070=CARTESIAN_POINT('Origin',(157.12132034356,121.349183509592,35.0000005215406));
#15071=CARTESIAN_POINT('',(157.12132034356,121.349183509592,35.0000005215406));
#15072=CARTESIAN_POINT('',(157.12132034356,121.349183509592,17.5000002607703));
#15073=CARTESIAN_POINT('',(156.12132034356,121.349183509592,35.0000005215406));
#15074=CARTESIAN_POINT('',(157.12132034356,121.349183509592,35.0000005215406));
#15075=CARTESIAN_POINT('',(156.12132034356,121.349183509592,35.0000005215406));
#15076=CARTESIAN_POINT('Origin',(157.12132034356,122.383663748935,35.0000005215406));
#15077=CARTESIAN_POINT('',(157.12132034356,122.383663748935,35.0000005215406));
#15078=CARTESIAN_POINT('',(157.12132034356,55.1311717026878,35.0000005215406));
#15079=CARTESIAN_POINT('',(156.12132034356,122.383663748935,35.0000005215406));
#15080=CARTESIAN_POINT('',(157.12132034356,122.383663748935,35.0000005215406));
#15081=CARTESIAN_POINT('',(156.12132034356,122.383663748935,35.0000005215406));
#15082=CARTESIAN_POINT('Origin',(157.12132034356,122.383663748935,38.85218778552));
#15083=CARTESIAN_POINT('',(157.12132034356,122.383663748935,38.85218778552));
#15084=CARTESIAN_POINT('',(157.12132034356,122.383663748935,19.42609389276));
#15085=CARTESIAN_POINT('',(156.12132034356,122.383663748935,38.85218778552));
#15086=CARTESIAN_POINT('',(157.12132034356,122.383663748935,38.85218778552));
#15087=CARTESIAN_POINT('',(156.12132034356,122.383663748935,38.85218778552));
#15088=CARTESIAN_POINT('Origin',(157.12132034356,121.349183509592,38.85218778552));
#15089=CARTESIAN_POINT('',(157.12132034356,121.349183509592,38.85218778552));
#15090=CARTESIAN_POINT('',(157.12132034356,54.6139315830164,38.85218778552));
#15091=CARTESIAN_POINT('',(156.12132034356,121.349183509592,38.85218778552));
#15092=CARTESIAN_POINT('',(157.12132034356,121.349183509592,38.85218778552));
#15093=CARTESIAN_POINT('',(156.12132034356,121.349183509592,38.85218778552));
#15094=CARTESIAN_POINT('Origin',(157.12132034356,121.349183509592,38.3529432738042));
#15095=CARTESIAN_POINT('',(157.12132034356,121.349183509592,19.1764716369021));
#15096=CARTESIAN_POINT('',(156.12132034356,121.349183509592,38.3529432738042));
#15097=CARTESIAN_POINT('Origin',(156.12132034356,120.230798299373,36.8744651196383));
#15098=CARTESIAN_POINT('Origin',(157.12132034356,104.598961018277,28.0016972106103));
#15099=CARTESIAN_POINT('',(157.12132034356,105.745545390736,27.0000004023314));
#15100=CARTESIAN_POINT('',(157.12132034356,103.095302209448,27.7628198246605));
#15101=CARTESIAN_POINT('Origin',(157.12132034356,104.598961018277,28.0016972106103));
#15102=CARTESIAN_POINT('',(156.12132034356,105.745545390736,27.0000004023314));
#15103=CARTESIAN_POINT('',(157.12132034356,105.745545390736,27.0000004023314));
#15104=CARTESIAN_POINT('',(156.12132034356,103.095302209448,27.7628198246605));
#15105=CARTESIAN_POINT('Origin',(156.12132034356,104.598961018277,28.0016972106103));
#15106=CARTESIAN_POINT('',(157.12132034356,103.095302209448,27.7628198246605));
#15107=CARTESIAN_POINT('Origin',(157.12132034356,105.745545390736,26.60453237237));
#15108=CARTESIAN_POINT('',(157.12132034356,105.745545390736,26.60453237237));
#15109=CARTESIAN_POINT('',(157.12132034356,105.745545390736,13.302266186185));
#15110=CARTESIAN_POINT('',(156.12132034356,105.745545390736,26.60453237237));
#15111=CARTESIAN_POINT('',(157.12132034356,105.745545390736,26.60453237237));
#15112=CARTESIAN_POINT('',(156.12132034356,105.745545390736,26.60453237237));
#15113=CARTESIAN_POINT('Origin',(157.12132034356,106.819031758425,26.60453237237));
#15114=CARTESIAN_POINT('',(157.12132034356,106.819031758425,26.60453237237));
#15115=CARTESIAN_POINT('',(157.12132034356,47.3488557074325,26.60453237237));
#15116=CARTESIAN_POINT('',(156.12132034356,106.819031758425,26.60453237237));
#15117=CARTESIAN_POINT('',(157.12132034356,106.819031758425,26.60453237237));
#15118=CARTESIAN_POINT('',(156.12132034356,106.819031758425,26.60453237237));
#15119=CARTESIAN_POINT('Origin',(157.12132034356,106.819031758425,30.4715242525949));
#15120=CARTESIAN_POINT('',(157.12132034356,106.819031758425,30.4715242525949));
#15121=CARTESIAN_POINT('',(157.12132034356,106.819031758425,15.2357621262974));
#15122=CARTESIAN_POINT('',(156.12132034356,106.819031758425,30.4715242525949));
#15123=CARTESIAN_POINT('',(157.12132034356,106.819031758425,30.4715242525949));
#15124=CARTESIAN_POINT('',(156.12132034356,106.819031758425,30.4715242525949));
#15125=CARTESIAN_POINT('Origin',(157.12132034356,105.745545390736,30.4715242525949));
#15126=CARTESIAN_POINT('',(157.12132034356,105.745545390736,30.4715242525949));
#15127=CARTESIAN_POINT('',(157.12132034356,46.8121125235884,30.4715242525949));
#15128=CARTESIAN_POINT('',(156.12132034356,105.745545390736,30.4715242525949));
#15129=CARTESIAN_POINT('',(157.12132034356,105.745545390736,30.4715242525949));
#15130=CARTESIAN_POINT('',(156.12132034356,105.745545390736,30.4715242525949));
#15131=CARTESIAN_POINT('Origin',(157.12132034356,105.745545390736,28.2305097978291));
#15132=CARTESIAN_POINT('',(157.12132034356,105.745545390736,28.2305097978291));
#15133=CARTESIAN_POINT('',(157.12132034356,105.745545390736,14.1152548989145));
#15134=CARTESIAN_POINT('',(156.12132034356,105.745545390736,28.2305097978291));
#15135=CARTESIAN_POINT('',(157.12132034356,105.745545390736,28.2305097978291));
#15136=CARTESIAN_POINT('',(156.12132034356,105.745545390736,28.230509797829));
#15137=CARTESIAN_POINT('Origin',(157.12132034356,104.946575019907,28.230509797829));
#15138=CARTESIAN_POINT('',(157.12132034356,104.147604649077,28.230509797829));
#15139=CARTESIAN_POINT('Origin',(157.12132034356,104.946575019907,28.230509797829));
#15140=CARTESIAN_POINT('',(156.12132034356,104.147604649077,28.230509797829));
#15141=CARTESIAN_POINT('',(157.12132034356,104.147604649077,28.230509797829));
#15142=CARTESIAN_POINT('Origin',(156.12132034356,104.946575019907,28.230509797829));
#15143=CARTESIAN_POINT('Origin',(157.12132034356,104.147604649077,30.4715242525949));
#15144=CARTESIAN_POINT('',(157.12132034356,104.147604649077,30.4715242525949));
#15145=CARTESIAN_POINT('',(157.12132034356,104.147604649077,15.2357621262974));
#15146=CARTESIAN_POINT('',(156.12132034356,104.147604649077,30.4715242525949));
#15147=CARTESIAN_POINT('',(157.12132034356,104.147604649077,30.4715242525949));
#15148=CARTESIAN_POINT('',(156.12132034356,104.147604649077,30.4715242525949));
#15149=CARTESIAN_POINT('Origin',(157.12132034356,103.095302209448,30.4715242525949));
#15150=CARTESIAN_POINT('',(157.12132034356,103.095302209448,30.4715242525949));
#15151=CARTESIAN_POINT('',(157.12132034356,45.4869909329442,30.4715242525949));
#15152=CARTESIAN_POINT('',(156.12132034356,103.095302209448,30.4715242525949));
#15153=CARTESIAN_POINT('',(157.12132034356,103.095302209448,30.4715242525949));
#15154=CARTESIAN_POINT('',(156.12132034356,103.095302209448,30.4715242525949));
#15155=CARTESIAN_POINT('Origin',(157.12132034356,103.095302209448,27.7628198246605));
#15156=CARTESIAN_POINT('',(157.12132034356,103.095302209448,13.8814099123303));
#15157=CARTESIAN_POINT('',(156.12132034356,103.095302209448,30.4715242525949));
#15158=CARTESIAN_POINT('Origin',(156.12132034356,104.957166983936,28.475353183383));
#15159=CARTESIAN_POINT('Origin',(157.12132034356,113.410348270135,26.5465939612345));
#15160=CARTESIAN_POINT('',(157.12132034356,113.410348270135,26.5465939612345));
#15161=CARTESIAN_POINT('',(157.12132034356,112.344464097956,26.5465939612345));
#15162=CARTESIAN_POINT('',(157.12132034356,50.6445139632874,26.5465939612345));
#15163=CARTESIAN_POINT('',(156.12132034356,113.410348270135,26.5465939612345));
#15164=CARTESIAN_POINT('',(157.12132034356,113.410348270135,26.5465939612345));
#15165=CARTESIAN_POINT('',(156.12132034356,112.344464097956,26.5465939612345));
#15166=CARTESIAN_POINT('',(156.12132034356,112.344464097956,26.5465939612345));
#15167=CARTESIAN_POINT('',(157.12132034356,112.344464097956,26.5465939612345));
#15168=CARTESIAN_POINT('Origin',(157.12132034356,113.410348270135,28.2368490194949));
#15169=CARTESIAN_POINT('',(157.12132034356,113.410348270135,28.2368490194949));
#15170=CARTESIAN_POINT('',(157.12132034356,113.410348270135,14.1184245097475));
#15171=CARTESIAN_POINT('',(156.12132034356,113.410348270135,28.2368490194949));
#15172=CARTESIAN_POINT('',(157.12132034356,113.410348270135,28.2368490194949));
#15173=CARTESIAN_POINT('',(156.12132034356,113.410348270135,26.5465939612345));
#15174=CARTESIAN_POINT('Origin',(157.12132034356,114.861234419476,26.5691637903668));
#15175=CARTESIAN_POINT('',(157.12132034356,114.861234419476,26.5691637903668));
#15176=CARTESIAN_POINT('',(157.12132034356,94.086596363092,50.4480581080497));
#15177=CARTESIAN_POINT('',(156.12132034356,114.861234419476,26.5691637903668));
#15178=CARTESIAN_POINT('',(157.12132034356,114.861234419476,26.5691637903668));
#15179=CARTESIAN_POINT('',(156.12132034356,114.861234419476,26.5691637903668));
#15180=CARTESIAN_POINT('Origin',(157.12132034356,116.21205945507,26.5691637903668));
#15181=CARTESIAN_POINT('',(157.12132034356,116.21205945507,26.5691637903668));
#15182=CARTESIAN_POINT('',(157.12132034356,52.045369555755,26.5691637903668));
#15183=CARTESIAN_POINT('',(156.12132034356,116.21205945507,26.5691637903668));
#15184=CARTESIAN_POINT('',(157.12132034356,116.21205945507,26.5691637903668));
#15185=CARTESIAN_POINT('',(156.12132034356,116.21205945507,26.5691637903668));
#15186=CARTESIAN_POINT('Origin',(157.12132034356,114.577635793219,28.5686354565165));
#15187=CARTESIAN_POINT('',(157.12132034356,114.577635793219,28.5686354565165));
#15188=CARTESIAN_POINT('',(157.12132034356,96.2026264279323,51.047697310966));
#15189=CARTESIAN_POINT('',(156.12132034356,114.577635793219,28.5686354565165));
#15190=CARTESIAN_POINT('',(157.12132034356,114.577635793219,28.5686354565165));
#15191=CARTESIAN_POINT('',(156.12132034356,114.577635793219,28.5686354565165));
#15192=CARTESIAN_POINT('Origin',(157.12132034356,116.21205945507,30.4048398173615));
#15193=CARTESIAN_POINT('',(157.12132034356,116.21205945507,30.4048398173615));
#15194=CARTESIAN_POINT('',(157.12132034356,80.2967724603055,-9.94443322613898));
#15195=CARTESIAN_POINT('',(156.12132034356,116.21205945507,30.4048398173615));
#15196=CARTESIAN_POINT('',(157.12132034356,116.21205945507,30.4048398173615));
#15197=CARTESIAN_POINT('',(156.12132034356,116.21205945507,30.4048398173615));
#15198=CARTESIAN_POINT('Origin',(157.12132034356,114.761173305728,30.4048398173615));
#15199=CARTESIAN_POINT('',(157.12132034356,114.761173305728,30.4048398173615));
#15200=CARTESIAN_POINT('',(157.12132034356,51.3199264810843,30.4048398173615));
#15201=CARTESIAN_POINT('',(156.12132034356,114.761173305728,30.4048398173615));
#15202=CARTESIAN_POINT('',(157.12132034356,114.761173305728,30.4048398173615));
#15203=CARTESIAN_POINT('',(156.12132034356,114.761173305728,30.4048398173615));
#15204=CARTESIAN_POINT('Origin',(157.12132034356,113.410348270135,28.8872462588549));
#15205=CARTESIAN_POINT('',(157.12132034356,113.410348270135,28.8872462588549));
#15206=CARTESIAN_POINT('',(157.12132034356,78.4911604939431,-10.3429523539034));
#15207=CARTESIAN_POINT('',(156.12132034356,113.410348270135,28.8872462588549));
#15208=CARTESIAN_POINT('',(157.12132034356,113.410348270135,28.8872462588549));
#15209=CARTESIAN_POINT('',(156.12132034356,113.410348270135,28.8872462588549));
#15210=CARTESIAN_POINT('Origin',(157.12132034356,113.410348270135,31.741735411333));
#15211=CARTESIAN_POINT('',(157.12132034356,113.410348270135,31.741735411333));
#15212=CARTESIAN_POINT('',(157.12132034356,113.410348270135,15.8708677056665));
#15213=CARTESIAN_POINT('',(156.12132034356,113.410348270135,31.741735411333));
#15214=CARTESIAN_POINT('',(157.12132034356,113.410348270135,31.741735411333));
#15215=CARTESIAN_POINT('',(156.12132034356,113.410348270135,31.741735411333));
#15216=CARTESIAN_POINT('Origin',(157.12132034356,112.344464097956,31.741735411333));
#15217=CARTESIAN_POINT('',(157.12132034356,112.344464097956,31.741735411333));
#15218=CARTESIAN_POINT('',(157.12132034356,50.1115718771982,31.741735411333));
#15219=CARTESIAN_POINT('',(156.12132034356,112.344464097956,31.741735411333));
#15220=CARTESIAN_POINT('',(157.12132034356,112.344464097956,31.741735411333));
#15221=CARTESIAN_POINT('',(156.12132034356,112.344464097956,31.741735411333));
#15222=CARTESIAN_POINT('Origin',(157.12132034356,112.344464097956,26.5465939612345));
#15223=CARTESIAN_POINT('',(157.12132034356,112.344464097956,13.2732969806172));
#15224=CARTESIAN_POINT('',(156.12132034356,112.344464097956,31.741735411333));
#15225=CARTESIAN_POINT('Origin',(156.12132034356,114.278261776513,29.1441646862838));
#15226=CARTESIAN_POINT('Origin',(157.12132034356,108.805309612846,22.1168640820811));
#15227=CARTESIAN_POINT('',(157.12132034356,108.805309612846,22.1168640820811));
#15228=CARTESIAN_POINT('',(157.12132034356,108.805309612846,21.5999995172024));
#15229=CARTESIAN_POINT('',(157.12132034356,108.805309612846,11.0584320410406));
#15230=CARTESIAN_POINT('',(156.12132034356,108.805309612846,22.1168640820811));
#15231=CARTESIAN_POINT('',(157.12132034356,108.805309612846,22.1168640820811));
#15232=CARTESIAN_POINT('',(156.12132034356,108.805309612846,21.5999995172024));
#15233=CARTESIAN_POINT('',(156.12132034356,108.805309612846,22.1168640820811));
#15234=CARTESIAN_POINT('',(157.12132034356,108.805309612846,21.5999995172024));
#15235=CARTESIAN_POINT('Origin',(157.12132034356,107.729458207028,22.1168640820811));
#15236=CARTESIAN_POINT('',(157.12132034356,107.729458207028,22.1168640820811));
#15237=CARTESIAN_POINT('',(157.12132034356,47.8040689317343,22.1168640820811));
#15238=CARTESIAN_POINT('',(156.12132034356,107.729458207028,22.1168640820811));
#15239=CARTESIAN_POINT('',(157.12132034356,107.729458207028,22.1168640820811));
#15240=CARTESIAN_POINT('',(156.12132034356,107.729458207028,22.1168640820811));
#15241=CARTESIAN_POINT('Origin',(157.12132034356,107.729458207028,18.2202871364974));
#15242=CARTESIAN_POINT('',(157.12132034356,107.729458207028,18.2202871364974));
#15243=CARTESIAN_POINT('',(157.12132034356,107.729458207028,9.11014356824871));
#15244=CARTESIAN_POINT('',(156.12132034356,107.729458207028,18.2202871364974));
#15245=CARTESIAN_POINT('',(157.12132034356,107.729458207028,18.2202871364974));
#15246=CARTESIAN_POINT('',(156.12132034356,107.729458207028,22.1168640820811));
#15247=CARTESIAN_POINT('Origin',(157.12132034356,108.805309612846,18.2202871364974));
#15248=CARTESIAN_POINT('',(157.12132034356,108.805309612846,18.2202871364974));
#15249=CARTESIAN_POINT('',(157.12132034356,48.3419946346432,18.2202871364974));
#15250=CARTESIAN_POINT('',(156.12132034356,108.805309612846,18.2202871364974));
#15251=CARTESIAN_POINT('',(157.12132034356,108.805309612846,18.2202871364974));
#15252=CARTESIAN_POINT('',(156.12132034356,107.729458207028,18.2202871364974));
#15253=CARTESIAN_POINT('Origin',(157.12132034356,108.805309612846,20.3811571473619));
#15254=CARTESIAN_POINT('',(157.12132034356,108.805309612846,20.3811571473619));
#15255=CARTESIAN_POINT('',(157.12132034356,108.805309612846,10.1905785736809));
#15256=CARTESIAN_POINT('',(156.12132034356,108.805309612846,20.3811571473619));
#15257=CARTESIAN_POINT('',(157.12132034356,108.805309612846,20.3811571473619));
#15258=CARTESIAN_POINT('',(156.12132034356,108.805309612846,18.2202871364974));
#15259=CARTESIAN_POINT('Origin',(157.12132034356,109.821208656045,20.0675457295614));
#15260=CARTESIAN_POINT('',(157.12132034356,110.199997536838,21.0609851948215));
#15261=CARTESIAN_POINT('Origin',(157.12132034356,109.821208656045,20.0675457295614));
#15262=CARTESIAN_POINT('',(156.12132034356,110.199997536838,21.0609851948215));
#15263=CARTESIAN_POINT('',(157.12132034356,110.199997536838,21.0609851948215));
#15264=CARTESIAN_POINT('Origin',(156.12132034356,109.821208656045,20.0675457295614));
#15265=CARTESIAN_POINT('Origin',(157.12132034356,110.199997536838,22.0999995060265));
#15266=CARTESIAN_POINT('',(157.12132034356,110.199997536838,22.0999995060265));
#15267=CARTESIAN_POINT('',(157.12132034356,110.199997536838,11.0499997530133));
#15268=CARTESIAN_POINT('',(156.12132034356,110.199997536838,22.0999995060265));
#15269=CARTESIAN_POINT('',(157.12132034356,110.199997536838,22.0999995060265));
#15270=CARTESIAN_POINT('',(156.12132034356,110.199997536838,22.0999995060265));
#15271=CARTESIAN_POINT('Origin',(157.12132034356,109.897856532448,20.7476299019772));
#15272=CARTESIAN_POINT('Origin',(157.12132034356,109.897856532448,20.7476299019772));
#15273=CARTESIAN_POINT('Origin',(156.12132034356,109.897856532448,20.7476299019772));
#15274=CARTESIAN_POINT('Origin',(156.12132034356,108.964727871933,20.1768136145658));
#15275=CARTESIAN_POINT('Origin',(157.12132034356,115.726233393303,12.1066486362924));
#15276=CARTESIAN_POINT('',(157.12132034356,114.517876727964,13.1665110834403));
#15277=CARTESIAN_POINT('',(157.12132034356,115.983031539964,13.6933083192156));
#15278=CARTESIAN_POINT('Origin',(157.12132034356,115.726233393303,12.1066486362924));
#15279=CARTESIAN_POINT('',(156.12132034356,114.517876727964,13.1665110834403));
#15280=CARTESIAN_POINT('',(157.12132034356,114.517876727964,13.1665110834403));
#15281=CARTESIAN_POINT('',(156.12132034356,115.983031539964,13.6933083192156));
#15282=CARTESIAN_POINT('Origin',(156.12132034356,115.726233393303,12.1066486362924));
#15283=CARTESIAN_POINT('',(157.12132034356,115.983031539964,13.6933083192156));
#15284=CARTESIAN_POINT('Origin',(157.12132034356,114.517876727964,13.7097707328336));
#15285=CARTESIAN_POINT('',(157.12132034356,114.517876727964,13.7097707328336));
#15286=CARTESIAN_POINT('',(157.12132034356,114.517876727964,6.85488536641678));
#15287=CARTESIAN_POINT('',(156.12132034356,114.517876727964,13.7097707328336));
#15288=CARTESIAN_POINT('',(157.12132034356,114.517876727964,13.7097707328336));
#15289=CARTESIAN_POINT('',(156.12132034356,114.517876727964,13.1665110834403));
#15290=CARTESIAN_POINT('Origin',(157.12132034356,113.500001691282,13.7097707328336));
#15291=CARTESIAN_POINT('',(157.12132034356,113.500001691282,13.7097707328336));
#15292=CARTESIAN_POINT('',(157.12132034356,50.6893406738611,13.7097707328336));
#15293=CARTESIAN_POINT('',(156.12132034356,113.500001691282,13.7097707328336));
#15294=CARTESIAN_POINT('',(157.12132034356,113.500001691282,13.7097707328336));
#15295=CARTESIAN_POINT('',(156.12132034356,114.517876727964,13.7097707328336));
#15296=CARTESIAN_POINT('Origin',(157.12132034356,113.500001691282,9.79171629175476));
#15297=CARTESIAN_POINT('',(157.12132034356,113.500001691282,9.79171629175476));
#15298=CARTESIAN_POINT('',(157.12132034356,113.500001691282,4.89585814587738));
#15299=CARTESIAN_POINT('',(156.12132034356,113.500001691282,9.79171629175476));
#15300=CARTESIAN_POINT('',(157.12132034356,113.500001691282,9.79171629175476));
#15301=CARTESIAN_POINT('',(156.12132034356,113.500001691282,13.7097707328336));
#15302=CARTESIAN_POINT('Origin',(157.12132034356,114.517876727964,9.79171629175476));
#15303=CARTESIAN_POINT('',(157.12132034356,114.517876727964,9.79171629175476));
#15304=CARTESIAN_POINT('',(157.12132034356,51.1982781922022,9.79171629175476));
#15305=CARTESIAN_POINT('',(156.12132034356,114.517876727964,9.79171629175476));
#15306=CARTESIAN_POINT('',(157.12132034356,114.517876727964,9.79171629175476));
#15307=CARTESIAN_POINT('',(156.12132034356,113.500001691282,9.79171629175476));
#15308=CARTESIAN_POINT('Origin',(157.12132034356,114.517876727964,12.0964541982717));
#15309=CARTESIAN_POINT('',(157.12132034356,114.517876727964,12.0964541982717));
#15310=CARTESIAN_POINT('',(157.12132034356,114.517876727964,6.04822709913585));
#15311=CARTESIAN_POINT('',(156.12132034356,114.517876727964,12.0964541982717));
#15312=CARTESIAN_POINT('',(157.12132034356,114.517876727964,12.0964541982717));
#15313=CARTESIAN_POINT('',(156.12132034356,114.517876727964,9.79171629175476));
#15314=CARTESIAN_POINT('Origin',(157.12132034356,115.529213350385,11.646621986793));
#15315=CARTESIAN_POINT('',(157.12132034356,115.983031539964,12.656176261283));
#15316=CARTESIAN_POINT('Origin',(157.12132034356,115.529213350385,11.646621986793));
#15317=CARTESIAN_POINT('',(156.12132034356,115.983031539964,12.656176261283));
#15318=CARTESIAN_POINT('',(157.12132034356,115.983031539964,12.656176261283));
#15319=CARTESIAN_POINT('Origin',(156.12132034356,115.529213350385,11.646621986793));
#15320=CARTESIAN_POINT('Origin',(157.12132034356,115.983031539964,13.6933083192156));
#15321=CARTESIAN_POINT('',(157.12132034356,115.983031539964,6.84665415960779));
#15322=CARTESIAN_POINT('',(156.12132034356,115.983031539964,13.6933083192156));
#15323=CARTESIAN_POINT('Origin',(156.12132034356,114.741516615623,11.752835722205));
#15324=CARTESIAN_POINT('Origin',(157.12132034356,93.8406715129224,9.82996786584484));
#15325=CARTESIAN_POINT('',(157.12132034356,93.8406715129224,9.82996786584484));
#15326=CARTESIAN_POINT('',(157.12132034356,93.8406715129224,14.9051695042987));
#15327=CARTESIAN_POINT('',(157.12132034356,93.8406715129224,4.91498393292242));
#15328=CARTESIAN_POINT('',(156.12132034356,93.8406715129224,9.82996786584484));
#15329=CARTESIAN_POINT('',(157.12132034356,93.8406715129224,9.82996786584484));
#15330=CARTESIAN_POINT('',(156.12132034356,93.8406715129224,14.9051695042987));
#15331=CARTESIAN_POINT('',(156.12132034356,93.8406715129224,14.9051695042987));
#15332=CARTESIAN_POINT('',(157.12132034356,93.8406715129224,14.9051695042987));
#15333=CARTESIAN_POINT('Origin',(157.12132034356,95.0000014156103,9.82996786584484));
#15334=CARTESIAN_POINT('',(157.12132034356,95.0000014156103,9.82996786584484));
#15335=CARTESIAN_POINT('',(157.12132034356,41.4393405360253,9.82996786584484));
#15336=CARTESIAN_POINT('',(156.12132034356,95.0000014156103,9.82996786584484));
#15337=CARTESIAN_POINT('',(157.12132034356,95.0000014156103,9.82996786584484));
#15338=CARTESIAN_POINT('',(156.12132034356,93.8406715129224,9.82996786584484));
#15339=CARTESIAN_POINT('Origin',(157.12132034356,95.0000014156103,12.0000001788139));
#15340=CARTESIAN_POINT('',(157.12132034356,95.0000014156103,12.0000001788139));
#15341=CARTESIAN_POINT('',(157.12132034356,95.0000014156103,6.00000008940697));
#15342=CARTESIAN_POINT('',(156.12132034356,95.0000014156103,12.0000001788139));
#15343=CARTESIAN_POINT('',(157.12132034356,95.0000014156103,12.0000001788139));
#15344=CARTESIAN_POINT('',(156.12132034356,95.0000014156103,9.82996786584484));
#15345=CARTESIAN_POINT('Origin',(157.12132034356,97.3449774061406,12.0000001788139));
#15346=CARTESIAN_POINT('',(157.12132034356,97.3449774061406,12.0000001788139));
#15347=CARTESIAN_POINT('',(157.12132034356,42.6118285312905,12.0000001788139));
#15348=CARTESIAN_POINT('',(156.12132034356,97.3449774061406,12.0000001788139));
#15349=CARTESIAN_POINT('',(157.12132034356,97.3449774061406,12.0000001788139));
#15350=CARTESIAN_POINT('',(156.12132034356,95.0000014156103,12.0000001788139));
#15351=CARTESIAN_POINT('Origin',(157.12132034356,97.3449774061406,9.82996786584484));
#15352=CARTESIAN_POINT('',(157.12132034356,97.3449774061406,9.82996786584484));
#15353=CARTESIAN_POINT('',(157.12132034356,97.3449774061406,4.91498393292242));
#15354=CARTESIAN_POINT('',(156.12132034356,97.3449774061406,9.82996786584484));
#15355=CARTESIAN_POINT('',(157.12132034356,97.3449774061406,9.82996786584484));
#15356=CARTESIAN_POINT('',(156.12132034356,97.3449774061406,12.0000001788139));
#15357=CARTESIAN_POINT('Origin',(157.12132034356,98.5000014677644,9.82996786584484));
#15358=CARTESIAN_POINT('',(157.12132034356,98.5000014677644,9.82996786584484));
#15359=CARTESIAN_POINT('',(157.12132034356,43.1893405621024,9.82996786584484));
#15360=CARTESIAN_POINT('',(156.12132034356,98.5000014677644,9.82996786584484));
#15361=CARTESIAN_POINT('',(157.12132034356,98.5000014677644,9.82996786584484));
#15362=CARTESIAN_POINT('',(156.12132034356,97.3449774061406,9.82996786584484));
#15363=CARTESIAN_POINT('Origin',(157.12132034356,98.5000014677644,14.9051695042987));
#15364=CARTESIAN_POINT('',(157.12132034356,98.5000014677644,14.9051695042987));
#15365=CARTESIAN_POINT('',(157.12132034356,98.5000014677644,7.45258475214935));
#15366=CARTESIAN_POINT('',(156.12132034356,98.5000014677644,14.9051695042987));
#15367=CARTESIAN_POINT('',(157.12132034356,98.5000014677644,14.9051695042987));
#15368=CARTESIAN_POINT('',(156.12132034356,98.5000014677644,9.82996786584484));
#15369=CARTESIAN_POINT('Origin',(157.12132034356,97.3449774061406,14.9051695042987));
#15370=CARTESIAN_POINT('',(157.12132034356,97.3449774061406,14.9051695042987));
#15371=CARTESIAN_POINT('',(157.12132034356,42.6118285312905,14.9051695042987));
#15372=CARTESIAN_POINT('',(156.12132034356,97.3449774061406,14.9051695042987));
#15373=CARTESIAN_POINT('',(157.12132034356,97.3449774061406,14.9051695042987));
#15374=CARTESIAN_POINT('',(156.12132034356,98.5000014677644,14.9051695042987));
#15375=CARTESIAN_POINT('Origin',(157.12132034356,97.3449774061406,13.0000001937151));
#15376=CARTESIAN_POINT('',(157.12132034356,97.3449774061406,13.0000001937151));
#15377=CARTESIAN_POINT('',(157.12132034356,97.3449774061406,6.50000009685755));
#15378=CARTESIAN_POINT('',(156.12132034356,97.3449774061406,13.0000001937151));
#15379=CARTESIAN_POINT('',(157.12132034356,97.3449774061406,13.0000001937151));
#15380=CARTESIAN_POINT('',(156.12132034356,97.3449774061406,14.9051695042987));
#15381=CARTESIAN_POINT('Origin',(157.12132034356,95.0000014156103,13.0000001937151));
#15382=CARTESIAN_POINT('',(157.12132034356,95.0000014156103,13.0000001937151));
#15383=CARTESIAN_POINT('',(157.12132034356,41.4393405360253,13.0000001937151));
#15384=CARTESIAN_POINT('',(156.12132034356,95.0000014156103,13.0000001937151));
#15385=CARTESIAN_POINT('',(157.12132034356,95.0000014156103,13.0000001937151));
#15386=CARTESIAN_POINT('',(156.12132034356,97.3449774061406,13.0000001937151));
#15387=CARTESIAN_POINT('Origin',(157.12132034356,95.0000014156103,14.9051695042987));
#15388=CARTESIAN_POINT('',(157.12132034356,95.0000014156103,14.9051695042987));
#15389=CARTESIAN_POINT('',(157.12132034356,95.0000014156103,7.45258475214935));
#15390=CARTESIAN_POINT('',(156.12132034356,95.0000014156103,14.9051695042987));
#15391=CARTESIAN_POINT('',(157.12132034356,95.0000014156103,14.9051695042987));
#15392=CARTESIAN_POINT('',(156.12132034356,95.0000014156103,13.0000001937151));
#15393=CARTESIAN_POINT('Origin',(157.12132034356,93.8406715129224,14.9051695042987));
#15394=CARTESIAN_POINT('',(157.12132034356,40.8596755846814,14.9051695042987));
#15395=CARTESIAN_POINT('',(156.12132034356,95.0000014156103,14.9051695042987));
#15396=CARTESIAN_POINT('Origin',(156.12132034356,96.1703364903434,12.3675686850718));
#15397=CARTESIAN_POINT('Origin',(157.12132034356,-12.1213203435596,0.));
#15398=CARTESIAN_POINT('Origin',(157.12132034356,-12.1213203435596,0.));
#15399=CARTESIAN_POINT('Origin',(157.12132034356,-12.1213203435596,0.));
#15400=CARTESIAN_POINT('Origin',(157.12132034356,-12.1213203435596,0.));
#15401=CARTESIAN_POINT('Origin',(157.12132034356,-12.1213203435596,0.));
#15402=CARTESIAN_POINT('Origin',(157.12132034356,-12.1213203435596,0.));
#15403=CARTESIAN_POINT('Origin',(157.12132034356,-12.1213203435596,0.));
#15404=CARTESIAN_POINT('Origin',(157.12132034356,-12.1213203435596,0.));
#15405=CARTESIAN_POINT('Origin',(157.12132034356,-12.1213203435596,0.));
#15406=CARTESIAN_POINT('Origin',(157.12132034356,-12.1213203435596,0.));
#15407=CARTESIAN_POINT('Origin',(157.12132034356,-12.1213203435596,0.));
#15408=CARTESIAN_POINT('Origin',(157.12132034356,-12.1213203435596,0.));
#15409=CARTESIAN_POINT('Origin',(157.12132034356,-12.1213203435596,0.));
#15410=CARTESIAN_POINT('Origin',(149.999937119299,132.756934981914,139.994780429058));
#15411=CARTESIAN_POINT('',(155.,125.635614638354,139.994780429058));
#15412=CARTESIAN_POINT('',(155.,139.878255325474,139.994780429058));
#15413=CARTESIAN_POINT('',(155.,121.378467490957,139.994780429058));
#15414=CARTESIAN_POINT('',(142.87861677574,125.635614638354,139.994780429058));
#15415=CARTESIAN_POINT('',(142.87861677574,125.635614638354,139.994780429058));
#15416=CARTESIAN_POINT('',(142.87861677574,139.878255325474,139.994780429058));
#15417=CARTESIAN_POINT('',(142.87861677574,139.878255325474,139.994780429058));
#15418=CARTESIAN_POINT('',(157.121257462859,139.878255325474,139.994780429058));
#15419=CARTESIAN_POINT('',(154.999937119299,127.756934981914,139.994780429058));
#15420=CARTESIAN_POINT('',(154.999937119299,137.756934981914,139.994780429058));
#15421=CARTESIAN_POINT('',(154.999937119299,127.756934981914,139.994780429058));
#15422=CARTESIAN_POINT('',(144.999937119299,137.756934981914,139.994780429058));
#15423=CARTESIAN_POINT('',(154.999937119299,137.756934981914,139.994780429058));
#15424=CARTESIAN_POINT('',(144.999937119299,127.756934981914,139.994780429058));
#15425=CARTESIAN_POINT('',(144.999937119299,137.756934981914,139.994780429058));
#15426=CARTESIAN_POINT('',(144.999937119299,127.756934981914,139.994780429058));
#15427=CARTESIAN_POINT('Origin',(157.121257462859,125.635614638354,149.994780429058));
#15428=CARTESIAN_POINT('',(155.,125.635614638354,149.994780429058));
#15429=CARTESIAN_POINT('',(155.,125.635614638354,74.997390214529));
#15430=CARTESIAN_POINT('',(142.87861677574,125.635614638354,149.994780429058));
#15431=CARTESIAN_POINT('',(142.87861677574,125.635614638354,149.994780429058));
#15432=CARTESIAN_POINT('',(142.87861677574,125.635614638354,149.994780429058));
#15433=CARTESIAN_POINT('Origin',(144.999937119299,127.756934981914,149.994780429058));
#15434=CARTESIAN_POINT('',(154.999937119299,127.756934981914,149.994780429058));
#15435=CARTESIAN_POINT('',(144.999937119299,127.756934981914,149.994780429058));
#15436=CARTESIAN_POINT('',(144.999937119299,127.756934981914,149.994780429058));
#15437=CARTESIAN_POINT('',(154.999937119299,127.756934981914,149.994780429058));
#15438=CARTESIAN_POINT('',(144.999937119299,127.756934981914,149.994780429058));
#15439=CARTESIAN_POINT('Origin',(144.999937119299,137.756934981914,149.994780429058));
#15440=CARTESIAN_POINT('',(144.999937119299,137.756934981914,149.994780429058));
#15441=CARTESIAN_POINT('',(144.999937119299,137.756934981914,149.994780429058));
#15442=CARTESIAN_POINT('',(144.999937119299,137.756934981914,149.994780429058));
#15443=CARTESIAN_POINT('Origin',(154.999937119299,137.756934981914,149.994780429058));
#15444=CARTESIAN_POINT('',(154.999937119299,137.756934981914,149.994780429058));
#15445=CARTESIAN_POINT('',(154.999937119299,137.756934981914,149.994780429058));
#15446=CARTESIAN_POINT('',(154.999937119299,137.756934981914,149.994780429058));
#15447=CARTESIAN_POINT('Origin',(154.999937119299,127.756934981914,149.994780429058));
#15448=CARTESIAN_POINT('',(154.999937119299,127.756934981914,149.994780429058));
#15449=CARTESIAN_POINT('Origin',(142.87861677574,125.635614638354,149.994780429058));
#15450=CARTESIAN_POINT('',(142.87861677574,139.878255325474,149.994780429058));
#15451=CARTESIAN_POINT('',(142.87861677574,139.878255325474,149.994780429058));
#15452=CARTESIAN_POINT('',(142.87861677574,139.878255325474,149.994780429058));
#15453=CARTESIAN_POINT('Origin',(157.121257462859,139.878255325474,99.994780429058));
#15454=CARTESIAN_POINT('',(157.121257462859,139.878255325474,149.994780429058));
#15455=CARTESIAN_POINT('',(157.121267046102,139.878265234462,100.));
#15456=CARTESIAN_POINT('',(157.121257462859,139.878255325474,99.994780429058));
#15457=CARTESIAN_POINT('',(155.,139.878255325474,100.));
#15458=CARTESIAN_POINT('',(116.060628731429,139.878255325474,100.));
#15459=CARTESIAN_POINT('',(155.,139.878255325474,124.994780429058));
#15460=CARTESIAN_POINT('',(157.121257462859,139.878255325474,149.994780429058));
#15461=CARTESIAN_POINT('Origin',(157.121257462859,20.2147861363428,99.994780429058));
#15462=CARTESIAN_POINT('',(157.121257462859,47.8761564180961,149.994780429058));
#15463=CARTESIAN_POINT('',(157.121257462859,20.2147861363428,149.994780429058));
#15464=CARTESIAN_POINT('',(157.121257462859,24.5632074362482,100.));
#15465=CARTESIAN_POINT('',(157.121257462859,34.6782175410297,121.691709170728));
#15466=CARTESIAN_POINT('',(157.121257462859,81.0606276627368,100.));
#15467=CARTESIAN_POINT('Origin',(-0.000422193581423036,132.756934981914,
139.994780429058));
#15468=CARTESIAN_POINT('',(-5.,139.878255325474,139.994780429058));
#15469=CARTESIAN_POINT('',(-5.,137.756934981914,139.994780429058));
#15470=CARTESIAN_POINT('',(-5.,61.378467490957,139.994780429058));
#15471=CARTESIAN_POINT('',(7.12089814997822,139.878255325474,139.994780429058));
#15472=CARTESIAN_POINT('',(-7.12174253714107,139.878255325474,139.994780429058));
#15473=CARTESIAN_POINT('',(7.12089814997822,125.635614638354,139.994780429058));
#15474=CARTESIAN_POINT('',(7.12089814997822,139.878255325474,139.994780429058));
#15475=CARTESIAN_POINT('',(-5.,125.635614638354,139.994780429058));
#15476=CARTESIAN_POINT('',(7.12089814997822,125.635614638354,139.994780429058));
#15477=CARTESIAN_POINT('',(-5.,127.756934981914,139.994780429058));
#15478=CARTESIAN_POINT('',(-5.,61.378467490957,139.994780429058));
#15479=CARTESIAN_POINT('',(4.99957780641858,127.756934981914,139.994780429058));
#15480=CARTESIAN_POINT('',(4.99957780641858,127.756934981914,139.994780429058));
#15481=CARTESIAN_POINT('',(4.99957780641858,137.756934981914,139.994780429058));
#15482=CARTESIAN_POINT('',(4.99957780641858,137.756934981914,139.994780429058));
#15483=CARTESIAN_POINT('',(-5.00042219358142,137.756934981914,139.994780429058));
#15484=CARTESIAN_POINT('Origin',(7.12089814997822,125.635614638354,149.994780429058));
#15485=CARTESIAN_POINT('',(-5.,125.635614638354,149.994780429058));
#15486=CARTESIAN_POINT('',(-5.,125.635614638354,74.997390214529));
#15487=CARTESIAN_POINT('',(7.12089814997822,125.635614638354,149.994780429058));
#15488=CARTESIAN_POINT('',(7.12089814997822,125.635614638354,149.994780429058));
#15489=CARTESIAN_POINT('',(7.12089814997822,125.635614638354,149.994780429058));
#15490=CARTESIAN_POINT('Origin',(4.99957780641858,137.756934981914,149.994780429058));
#15491=CARTESIAN_POINT('',(-5.,137.756934981914,149.994780429058));
#15492=CARTESIAN_POINT('',(-5.,137.756934981914,74.997390214529));
#15493=CARTESIAN_POINT('',(4.99957780641858,137.756934981914,149.994780429058));
#15494=CARTESIAN_POINT('',(4.99957780641858,137.756934981914,149.994780429058));
#15495=CARTESIAN_POINT('',(-5.00042219358142,137.756934981914,149.994780429058));
#15496=CARTESIAN_POINT('Origin',(4.99957780641858,127.756934981914,149.994780429058));
#15497=CARTESIAN_POINT('',(4.99957780641858,127.756934981914,149.994780429058));
#15498=CARTESIAN_POINT('',(4.99957780641858,137.756934981914,149.994780429058));
#15499=CARTESIAN_POINT('',(4.99957780641858,127.756934981914,149.994780429058));
#15500=CARTESIAN_POINT('Origin',(-5.00042219358142,127.756934981914,149.994780429058));
#15501=CARTESIAN_POINT('',(-5.,127.756934981914,149.994780429058));
#15502=CARTESIAN_POINT('',(-5.,127.756934981914,74.997390214529));
#15503=CARTESIAN_POINT('',(4.99957780641858,127.756934981914,149.994780429058));
#15504=CARTESIAN_POINT('Origin',(7.12089814997822,139.878255325474,149.994780429058));
#15505=CARTESIAN_POINT('',(7.12089814997822,139.878255325474,149.994780429058));
#15506=CARTESIAN_POINT('',(7.12089814997822,139.878255325474,149.994780429058));
#15507=CARTESIAN_POINT('',(7.12089814997822,139.878255325474,149.994780429058));
#15508=CARTESIAN_POINT('Origin',(-7.12174253714107,125.635614638354,149.994780429058));
#15509=CARTESIAN_POINT('',(-7.12174253714107,125.635614638354,149.994780429058));
#15510=CARTESIAN_POINT('',(-7.12174253714107,139.878255325474,149.994780429058));
#15511=CARTESIAN_POINT('',(-7.12174253714107,125.635614638354,149.994780429058));
#15512=CARTESIAN_POINT('',(-7.12132034355964,139.878255325474,139.994780429058));
#15513=CARTESIAN_POINT('',(-7.12174253714107,139.878255325474,149.994780429058));
#15514=CARTESIAN_POINT('',(-7.12153143995314,125.635614638354,139.994780429058));
#15515=CARTESIAN_POINT('',(-7.12132034355964,122.439127662737,139.994780429058));
#15516=CARTESIAN_POINT('',(-7.12174253714107,125.635614638354,149.994780429058));
#15517=CARTESIAN_POINT('Origin',(74.9999685596496,66.1680207309082,149.994780429058));
#15518=CARTESIAN_POINT('',(-7.12132590828761,47.876278748668,149.994780429058));
#15519=CARTESIAN_POINT('',(-5.,47.8761564180961,149.994780429058));
#15520=CARTESIAN_POINT('',(34.9999842798248,47.8761564180961,149.994780429058));
#15521=CARTESIAN_POINT('',(-5.,47.8762553254736,149.994780429058));
#15522=CARTESIAN_POINT('',(-5.00000024559638,112.121255325474,149.994780429058));
#15523=CARTESIAN_POINT('',(7.12089814997822,47.8762553254736,149.994780429058));
#15524=CARTESIAN_POINT('',(-7.12174253714107,47.8762553254736,149.994780429058));
#15525=CARTESIAN_POINT('',(7.12089814997822,62.1188960125929,149.994780429058));
#15526=CARTESIAN_POINT('',(7.12089814997822,47.8762553254736,149.994780429058));
#15527=CARTESIAN_POINT('',(-5.,62.1188960125929,149.994780429058));
#15528=CARTESIAN_POINT('',(7.12089814997822,62.1188960125929,149.994780429058));
#15529=CARTESIAN_POINT('',(-5.00000024559638,112.121255325474,149.994780429058));
#15530=CARTESIAN_POINT('',(-7.12174253714107,139.878255325474,149.994780429058));
#15531=CARTESIAN_POINT('',(-7.12132034355964,62.1188960125929,149.994780429058));
#15532=CARTESIAN_POINT('',(-7.12132034355964,112.121255325474,149.994780429058));
#15533=CARTESIAN_POINT('',(-7.12174253714107,62.1188960125929,149.994780429058));
#15534=CARTESIAN_POINT('',(-5.,49.9975756690333,149.994780429058));
#15535=CARTESIAN_POINT('',(-5.,59.9975756690333,149.994780429058));
#15536=CARTESIAN_POINT('',(-5.00000024559638,112.121255325474,149.994780429058));
#15537=CARTESIAN_POINT('',(4.99957780641858,59.9975756690333,149.994780429058));
#15538=CARTESIAN_POINT('',(4.99957780641858,59.9975756690333,149.994780429058));
#15539=CARTESIAN_POINT('',(4.99957780641858,49.9975756690333,149.994780429058));
#15540=CARTESIAN_POINT('',(4.99957780641858,49.9975756690333,149.994780429058));
#15541=CARTESIAN_POINT('',(-5.00042219358142,49.9975756690333,149.994780429058));
#15542=CARTESIAN_POINT('',(-5.00000024559638,112.121255325474,149.994780429058));
#15543=CARTESIAN_POINT('Origin',(-5.,-10.,0.));
#15544=CARTESIAN_POINT('',(-5.0000002455955,139.878255325706,100.));
#15545=CARTESIAN_POINT('',(-5.00000024559639,139.878255325474,124.994780429058));
#15546=CARTESIAN_POINT('',(-5.,62.1188960125929,139.994780429058));
#15547=CARTESIAN_POINT('',(-5.,62.1188960125929,74.997390214529));
#15548=CARTESIAN_POINT('',(-5.,59.9975756690333,139.994780429058));
#15549=CARTESIAN_POINT('',(-5.,22.4987878345166,139.994780429058));
#15550=CARTESIAN_POINT('',(-5.,59.9975756690333,74.997390214529));
#15551=CARTESIAN_POINT('',(-5.,49.9975756690333,139.994780429058));
#15552=CARTESIAN_POINT('',(-5.,49.9975756690333,74.997390214529));
#15553=CARTESIAN_POINT('',(-5.,47.8762553254736,139.994780429058));
#15554=CARTESIAN_POINT('',(-5.,22.4987878345166,139.994780429058));
#15555=CARTESIAN_POINT('',(-5.,47.8762553254736,74.997390214529));
#15556=CARTESIAN_POINT('',(-5.,23.5249198932302,97.773385178519));
#15557=CARTESIAN_POINT('',(-5.,12.8298320742405,74.8376953352388));
#15558=CARTESIAN_POINT('',(-5.,23.5249198932302,90.6747804290578));
#15559=CARTESIAN_POINT('',(-5.,23.5249198932302,45.3373902145289));
#15560=CARTESIAN_POINT('',(-5.,-10.1213203435596,18.5201853921361));
#15561=CARTESIAN_POINT('',(-5.,-1.63017166337291,36.7295124998718));
#15562=CARTESIAN_POINT('',(-5.,-10.1213203435596,0.));
#15563=CARTESIAN_POINT('',(-5.,-10.1213203435596,0.));
#15564=CARTESIAN_POINT('',(-5.,-10.243,0.));
#15565=CARTESIAN_POINT('',(-5.,137.757,0.));
#15566=CARTESIAN_POINT('',(-5.0000002455964,-10.2429947752804,-0.00521957094196779));
#15567=CARTESIAN_POINT('',(-5.,-10.243,74.997390214529));
#15568=CARTESIAN_POINT('',(-5.0000002455964,137.75700522472,-0.00521957094196779));
#15569=CARTESIAN_POINT('',(-5.0000002455964,137.75700522472,-0.00521957094196779));
#15570=CARTESIAN_POINT('',(-5.,139.87832034356,-0.00521957094196779));
#15571=CARTESIAN_POINT('',(-5.,112.12132034356,-0.00521957094196779));
#15572=CARTESIAN_POINT('',(-5.,139.87832034356,-0.00260978547098389));
#15573=CARTESIAN_POINT('',(-5.,108.849427126054,16.8384744565139));
#15574=CARTESIAN_POINT('',(-5.,108.849427126054,28.9430200273183));
#15575=CARTESIAN_POINT('',(-5.,108.849427126054,14.4715100136591));
#15576=CARTESIAN_POINT('',(-5.,116.849427126054,28.9430200273183));
#15577=CARTESIAN_POINT('Origin',(-5.,112.849427126054,28.9430200273183));
#15578=CARTESIAN_POINT('',(-5.,116.849427126054,16.8384744565139));
#15579=CARTESIAN_POINT('',(-5.,116.849427126054,8.41923722825695));
#15580=CARTESIAN_POINT('Origin',(-5.,112.849427126054,16.8384744565139));
#15581=CARTESIAN_POINT('',(-5.,19.1688247483945,26.259186137779));
#15582=CARTESIAN_POINT('',(-5.,15.492046560568,18.374308069126));
#15583=CARTESIAN_POINT('',(-5.,9.69664509941794,5.94602669187113));
#15584=CARTESIAN_POINT('',(-5.,9.73654525773199,21.058141790589));
#15585=CARTESIAN_POINT('Origin',(-5.,12.61429590915,19.7162249298575));
#15586=CARTESIAN_POINT('',(-5.,13.4133234455585,28.9430198592419));
#15587=CARTESIAN_POINT('',(-5.,5.77953289049516,12.5722994476605));
#15588=CARTESIAN_POINT('Origin',(-5.,16.2910740969765,27.6011029985104));
#15589=CARTESIAN_POINT('Origin',(142.87861677574,62.1187971052154,149.994780429058));
#15590=CARTESIAN_POINT('',(155.,62.1187971052154,139.994780429058));
#15591=CARTESIAN_POINT('',(155.,62.1187971052154,149.994780429058));
#15592=CARTESIAN_POINT('',(155.,62.1187971052154,74.997390214529));
#15593=CARTESIAN_POINT('',(142.87861677574,62.1187971052154,139.994780429058));
#15594=CARTESIAN_POINT('',(142.87861677574,62.1187971052154,139.994780429058));
#15595=CARTESIAN_POINT('',(142.87861677574,62.1187971052154,149.994780429058));
#15596=CARTESIAN_POINT('',(142.87861677574,62.1187971052154,149.994780429058));
#15597=CARTESIAN_POINT('',(142.87861677574,62.1187971052154,149.994780429058));
#15598=CARTESIAN_POINT('Origin',(154.999937119299,49.9974767616558,149.994780429058));
#15599=CARTESIAN_POINT('',(154.999937119299,59.9974767616558,149.994780429058));
#15600=CARTESIAN_POINT('',(154.999937119299,49.9974767616558,149.994780429058));
#15601=CARTESIAN_POINT('',(154.999937119299,59.9974767616558,149.994780429058));
#15602=CARTESIAN_POINT('',(154.999937119299,59.9974767616558,139.994780429058));
#15603=CARTESIAN_POINT('',(154.999937119299,59.9974767616558,149.994780429058));
#15604=CARTESIAN_POINT('',(154.999937119299,49.9974767616558,139.994780429058));
#15605=CARTESIAN_POINT('',(154.999937119299,59.9974767616558,139.994780429058));
#15606=CARTESIAN_POINT('',(154.999937119299,49.9974767616558,149.994780429058));
#15607=CARTESIAN_POINT('Origin',(144.999937119299,49.9974767616558,149.994780429058));
#15608=CARTESIAN_POINT('',(144.999937119299,49.9974767616558,149.994780429058));
#15609=CARTESIAN_POINT('',(154.999937119299,49.9974767616558,149.994780429058));
#15610=CARTESIAN_POINT('',(144.999937119299,49.9974767616558,139.994780429058));
#15611=CARTESIAN_POINT('',(154.999937119299,49.9974767616558,139.994780429058));
#15612=CARTESIAN_POINT('',(144.999937119299,49.9974767616558,149.994780429058));
#15613=CARTESIAN_POINT('Origin',(144.999937119299,59.9974767616558,149.994780429058));
#15614=CARTESIAN_POINT('',(144.999937119299,59.9974767616558,149.994780429058));
#15615=CARTESIAN_POINT('',(144.999937119299,49.9974767616558,149.994780429058));
#15616=CARTESIAN_POINT('',(144.999937119299,59.9974767616558,139.994780429058));
#15617=CARTESIAN_POINT('',(144.999937119299,49.9974767616558,139.994780429058));
#15618=CARTESIAN_POINT('',(144.999937119299,59.9974767616558,149.994780429058));
#15619=CARTESIAN_POINT('Origin',(154.999937119299,59.9974767616558,149.994780429058));
#15620=CARTESIAN_POINT('',(144.999937119299,59.9974767616558,149.994780429058));
#15621=CARTESIAN_POINT('',(144.999937119299,59.9974767616558,139.994780429058));
#15622=CARTESIAN_POINT('Origin',(157.121257462859,47.8762553254736,149.994780429058));
#15623=CARTESIAN_POINT('',(155.,47.8762553254736,149.994780429058));
#15624=CARTESIAN_POINT('',(155.,47.8762553254736,139.994780429058));
#15625=CARTESIAN_POINT('',(155.,47.8762553254736,74.997390214529));
#15626=CARTESIAN_POINT('',(142.87861677574,47.8762553254736,149.994780429058));
#15627=CARTESIAN_POINT('',(-7.12174253714107,47.8762553254736,149.994780429058));
#15628=CARTESIAN_POINT('',(142.87861677574,47.8762553254736,139.994780429058));
#15629=CARTESIAN_POINT('',(142.87861677574,47.8762553254736,149.994780429058));
#15630=CARTESIAN_POINT('',(-7.12174253714107,47.8762553254736,139.994780429058));
#15631=CARTESIAN_POINT('Origin',(142.87861677574,47.8762553254736,149.994780429058));
#15632=CARTESIAN_POINT('',(142.87861677574,47.8761564180961,149.994780429058));
#15633=CARTESIAN_POINT('',(142.87861677574,47.8761564180961,139.994780429058));
#15634=CARTESIAN_POINT('Origin',(149.999937119299,54.9975262153445,139.994780429058));
#15635=CARTESIAN_POINT('',(155.,82.4987631076723,139.994780429058));
#15636=CARTESIAN_POINT('Origin',(74.9999685596496,66.1680207309082,149.994780429058));
#15637=CARTESIAN_POINT('',(155.,89.1446380281906,149.994780429058));
#15638=CARTESIAN_POINT('',(155.,47.8761564180961,149.994780429058));
#15639=CARTESIAN_POINT('',(155.,89.1446380281906,149.994780429058));
#15640=CARTESIAN_POINT('',(116.060613011254,47.8761564180961,149.994780429058));
#15641=CARTESIAN_POINT('Origin',(155.,110.,0.));
#15642=CARTESIAN_POINT('',(155.,139.87832034356,-0.00521957094196779));
#15643=CARTESIAN_POINT('',(155.,139.87832034356,-0.00260978547098389));
#15644=CARTESIAN_POINT('',(155.,137.75700522472,-0.00521957094196779));
#15645=CARTESIAN_POINT('',(155.,112.121255325474,-0.00521957094196779));
#15646=CARTESIAN_POINT('',(155.,-10.2429947752804,-0.00521957094196779));
#15647=CARTESIAN_POINT('',(155.,137.75700522472,-0.00521957094196779));
#15648=CARTESIAN_POINT('',(155.,-10.243,0.));
#15649=CARTESIAN_POINT('',(155.,-10.243,74.997390214529));
#15650=CARTESIAN_POINT('',(155.,-10.1213203435596,0.));
#15651=CARTESIAN_POINT('',(155.,137.757,0.));
#15652=CARTESIAN_POINT('',(155.,-10.1213203435596,18.5));
#15653=CARTESIAN_POINT('',(155.,-10.1213203435596,0.));
#15654=CARTESIAN_POINT('',(155.,-10.1213203435596,18.5201853921361));
#15655=CARTESIAN_POINT('',(155.,-10.1213203435596,0.));
#15656=CARTESIAN_POINT('',(155.,23.5249198932297,90.674780429058));
#15657=CARTESIAN_POINT('',(155.,-0.276201556333289,39.6331107645813));
#15658=CARTESIAN_POINT('',(155.,23.5249198932297,97.7733851785179));
#15659=CARTESIAN_POINT('',(155.,23.5249198932297,45.337390214529));
#15660=CARTESIAN_POINT('',(155.,23.5462037836448,97.8190286288084));
#15661=CARTESIAN_POINT('',(155.,15.237266247709,31.6065960154317));
#15662=CARTESIAN_POINT('',(155.,11.5372663070907,23.7065961422196));
#15663=CARTESIAN_POINT('',(155.,15.8408866685811,32.8954071843209));
#15664=CARTESIAN_POINT('',(155.,16.2627330715309,21.4934028474817));
#15665=CARTESIAN_POINT('Origin',(155.,13.8999996893108,22.5999994948506));
#15666=CARTESIAN_POINT('',(155.,19.9627329888295,29.393402670903));
#15667=CARTESIAN_POINT('',(155.,22.4163533916707,34.6322138012936));
#15668=CARTESIAN_POINT('Origin',(155.,17.5999996066093,30.4999993182719));
#15669=CARTESIAN_POINT('Origin',(-5.00042219358142,49.9975756690333,149.994780429058));
#15670=CARTESIAN_POINT('',(4.99957780641858,49.9975756690333,139.994780429058));
#15671=CARTESIAN_POINT('',(4.99957780641858,49.9975756690333,149.994780429058));
#15672=CARTESIAN_POINT('',(-5.00042219358142,49.9975756690333,139.994780429058));
#15673=CARTESIAN_POINT('Origin',(4.99957780641858,59.9975756690333,149.994780429058));
#15674=CARTESIAN_POINT('',(4.99957780641858,59.9975756690333,139.994780429058));
#15675=CARTESIAN_POINT('',(4.99957780641858,59.9975756690333,139.994780429058));
#15676=CARTESIAN_POINT('',(4.99957780641858,59.9975756690333,149.994780429058));
#15677=CARTESIAN_POINT('Origin',(-7.12174253714107,62.1188960125929,149.994780429058));
#15678=CARTESIAN_POINT('',(7.12089814997822,62.1188960125929,139.994780429058));
#15679=CARTESIAN_POINT('',(7.12089814997822,62.1188960125929,149.994780429058));
#15680=CARTESIAN_POINT('',(7.12089814997822,62.1188960125929,139.994780429058));
#15681=CARTESIAN_POINT('Origin',(4.99957780641858,49.9975756690333,149.994780429058));
#15682=CARTESIAN_POINT('',(4.99957780641858,49.9975756690333,139.994780429058));
#15683=CARTESIAN_POINT('Origin',(7.12089814997822,47.8762553254736,149.994780429058));
#15684=CARTESIAN_POINT('',(7.12089814997822,47.8762553254736,139.994780429058));
#15685=CARTESIAN_POINT('',(-7.12174253714107,47.8762553254736,139.994780429058));
#15686=CARTESIAN_POINT('',(7.12089814997822,47.8762553254736,149.994780429058));
#15687=CARTESIAN_POINT('Origin',(7.12089814997822,62.1188960125929,149.994780429058));
#15688=CARTESIAN_POINT('',(7.12089814997822,47.8762553254736,139.994780429058));
#15689=CARTESIAN_POINT('Origin',(-7.12174253714107,47.8762553254736,149.994780429058));
#15690=CARTESIAN_POINT('',(-7.12132034355964,62.1188960125929,139.994780429058));
#15691=CARTESIAN_POINT('',(-7.12132034355964,62.1188960125929,74.997390214529));
#15692=CARTESIAN_POINT('',(-7.12132034355964,47.8762553254736,139.994780429058));
#15693=CARTESIAN_POINT('',(-7.12132034355964,83.5594480062964,139.994780429058));
#15694=CARTESIAN_POINT('',(-7.12132034355964,47.8762553254736,74.997390214529));
#15695=CARTESIAN_POINT('Origin',(-0.000422193581423036,54.9975756690333,
139.994780429058));
#15696=CARTESIAN_POINT('Origin',(-7.12132034355964,112.12132034356,0.));
#15697=CARTESIAN_POINT('',(-7.12132034355964,139.878255325474,100.));
#15698=CARTESIAN_POINT('',(-7.12132034355964,139.878255325474,99.994780429058));
#15699=CARTESIAN_POINT('',(-7.12132034355964,139.87832034356,-2.));
#15700=CARTESIAN_POINT('',(-7.12132034355964,139.87832034356,0.));
#15701=CARTESIAN_POINT('',(-7.12132034355964,-13.1213203435596,-2.));
#15702=CARTESIAN_POINT('',(-7.12132034355964,112.12132034356,-2.));
#15703=CARTESIAN_POINT('',(-7.12132034355964,-13.1213203435596,19.2337763645948));
#15704=CARTESIAN_POINT('',(-7.12132034355964,-13.1213203435596,17.8837763645948));
#15705=CARTESIAN_POINT('',(-7.12132034355964,-13.0987011651994,19.2337763645948));
#15706=CARTESIAN_POINT('',(-7.12132034355964,-7.12132034355964,19.2337763645948));
#15707=CARTESIAN_POINT('',(-7.12132034355964,23.7356442612806,98.2252850441232));
#15708=CARTESIAN_POINT('',(-7.12132034355964,13.4133235239338,28.9430200273183));
#15709=CARTESIAN_POINT('',(-7.12132034355964,9.73654533610726,21.0581419586654));
#15710=CARTESIAN_POINT('',(-7.12132034355964,14.8469518944078,32.0174466909598));
#15711=CARTESIAN_POINT('',(-7.12132034355964,15.4920466389433,18.3743082372024));
#15712=CARTESIAN_POINT('Origin',(-7.12132034355964,12.6142959875253,19.7162250979339));
#15713=CARTESIAN_POINT('',(-7.12132034355964,19.1688248267698,26.2591863058553));
#15714=CARTESIAN_POINT('',(-7.12132034355964,22.4408422911571,33.2760520038233));
#15715=CARTESIAN_POINT('Origin',(-7.12132034355964,16.2910741753518,27.6011031665868));
#15716=CARTESIAN_POINT('',(-7.12132034355964,108.849427126054,28.9430200273183));
#15717=CARTESIAN_POINT('',(-7.12132034355964,108.849427126054,16.8384744565139));
#15718=CARTESIAN_POINT('',(-7.12132034355964,108.849427126054,14.4715100136591));
#15719=CARTESIAN_POINT('',(-7.12132034355964,116.849427126054,16.8384744565139));
#15720=CARTESIAN_POINT('Origin',(-7.12132034355964,112.849427126054,16.8384744565139));
#15721=CARTESIAN_POINT('',(-7.12132034355964,116.849427126054,28.9430200273183));
#15722=CARTESIAN_POINT('',(-7.12132034355964,116.849427126054,8.41923722825695));
#15723=CARTESIAN_POINT('Origin',(-7.12132034355964,112.849427126054,28.9430200273183));
#15724=CARTESIAN_POINT('Origin',(-7.12132034355964,116.849427126054,16.8384744565139));
#15725=CARTESIAN_POINT('',(-7.12132034355964,116.849427126054,28.9430200273183));
#15726=CARTESIAN_POINT('',(-7.12132034355964,116.849427126054,16.8384744565139));
#15727=CARTESIAN_POINT('Origin',(-7.12132034355964,112.849427126054,16.8384744565139));
#15728=CARTESIAN_POINT('',(-7.12132034355964,108.849427126054,16.8384744565139));
#15729=CARTESIAN_POINT('Origin',(-7.12132034355964,108.849427126054,28.9430200273183));
#15730=CARTESIAN_POINT('',(-7.12132034355964,108.849427126054,28.9430200273183));
#15731=CARTESIAN_POINT('Origin',(-7.12132034355964,112.849427126054,28.9430200273183));
#15732=CARTESIAN_POINT('Origin',(157.121257462859,139.878255325474,99.994780429058));
#15733=CARTESIAN_POINT('',(116.060628731429,139.878255325474,100.));
#15734=CARTESIAN_POINT('Origin',(155.,137.757,0.));
#15735=CARTESIAN_POINT('',(115.,-10.1213203435596,0.));
#15736=CARTESIAN_POINT('',(155.,-10.243,0.));
#15737=CARTESIAN_POINT('Origin',(155.,-10.243,149.994780429058));
#15738=CARTESIAN_POINT('',(114.999999938601,-10.243,-0.00521957094196779));
#15739=CARTESIAN_POINT('Origin',(74.9999998772018,111.060630275097,-0.00521957094196779));
#15740=CARTESIAN_POINT('',(116.06066017178,139.87832034356,-0.00521957094196779));
#15741=CARTESIAN_POINT('Origin',(157.12132034356,139.87832034356,0.));
#15742=CARTESIAN_POINT('',(157.12132034356,139.87832034356,-2.));
#15743=CARTESIAN_POINT('',(157.12132034356,139.87832034356,0.));
#15744=CARTESIAN_POINT('',(157.12132034356,139.87832034356,-2.));
#15745=CARTESIAN_POINT('Origin',(147.100002086163,20.7547280136694,91.8326815319083));
#15746=CARTESIAN_POINT('',(140.000002086163,23.4736483145278,90.564828173705));
#15747=CARTESIAN_POINT('',(147.100002086163,23.4736483145278,90.564828173705));
#15748=CARTESIAN_POINT('',(111.175001043081,23.4736483145278,90.564828173705));
#15749=CARTESIAN_POINT('',(140.000002086163,20.7547280136694,91.8326815319083));
#15750=CARTESIAN_POINT('',(140.000002086163,20.7547280136694,91.8326815319083));
#15751=CARTESIAN_POINT('',(147.100002086163,20.7547280136694,91.8326815319083));
#15752=CARTESIAN_POINT('',(111.175001043081,20.7547249534178,91.832682958927));
#15753=CARTESIAN_POINT('',(147.100002086163,20.7547280136694,91.8326815319083));
#15754=CARTESIAN_POINT('Origin',(147.100002086163,23.0791284532432,96.8173743606099));
#15755=CARTESIAN_POINT('',(147.100002086163,23.5249198932296,90.674780429058));
#15756=CARTESIAN_POINT('',(147.100002086163,16.1834829924973,74.9310181889522));
#15757=CARTESIAN_POINT('',(147.100002086163,23.0791284532432,96.8173743606099));
#15758=CARTESIAN_POINT('',(147.100002086163,13.4645596313874,76.1988729741743));
#15759=CARTESIAN_POINT('',(147.100002086163,23.5249198932297,96.6094983982043));
#15760=CARTESIAN_POINT('',(147.100002086163,23.0791284532432,96.8173743606099));
#15761=CARTESIAN_POINT('',(147.100002086163,23.5249198932297,93.7460773948339));
#15762=CARTESIAN_POINT('Origin',(140.000002086163,23.0791284532432,96.8173743606099));
#15763=CARTESIAN_POINT('',(140.000002086163,23.5249198932297,96.6094983982043));
#15764=CARTESIAN_POINT('',(148.560661214861,23.5249198932297,96.6094983982043));
#15765=CARTESIAN_POINT('',(140.000002086163,23.0791284532432,96.8173743606099));
#15766=CARTESIAN_POINT('',(107.625001043081,23.0791253929917,96.8173757876286));
#15767=CARTESIAN_POINT('',(140.000002086163,23.0791284532432,96.8173743606099));
#15768=CARTESIAN_POINT('Origin',(140.000002086163,20.7547280136694,91.8326815319083));
#15769=CARTESIAN_POINT('',(140.000002086163,23.5249198932297,90.674780429058));
#15770=CARTESIAN_POINT('',(140.000002086163,15.0212827727104,72.4386717746014));
#15771=CARTESIAN_POINT('',(140.000002086163,23.5249198932297,91.2537309804832));
#15772=CARTESIAN_POINT('',(140.000002086163,12.3023594116005,73.7065265598235));
#15773=CARTESIAN_POINT('Origin',(75.25,6.56891723089301,54.3125153754978));
#15774=CARTESIAN_POINT('',(137.62132034356,23.5249198932297,90.674780429058));
#15775=CARTESIAN_POINT('',(115.125,-10.1213203435596,18.5201853921361));
#15776=CARTESIAN_POINT('',(137.62132034356,23.5249198932297,90.674780429058));
#15777=CARTESIAN_POINT('',(15.,22.6284111770399,88.7522112828904));
#15778=CARTESIAN_POINT('',(135.5,22.6284111770378,88.7522112828914));
#15779=CARTESIAN_POINT('',(135.5,22.6284111770378,88.7522112828914));
#15780=CARTESIAN_POINT('',(15.,-9.49057671525534,19.8728194681059));
#15781=CARTESIAN_POINT('',(15.,22.6284111770399,88.7522112828904));
#15782=CARTESIAN_POINT('',(135.5,-9.49057671525534,19.8728194681059));
#15783=CARTESIAN_POINT('',(15.,-9.49057671525534,19.8728194681059));
#15784=CARTESIAN_POINT('',(135.5,-9.49057671525534,19.8728194681059));
#15785=CARTESIAN_POINT('Origin',(157.18300800078,19.9627329888295,29.393402670903));
#15786=CARTESIAN_POINT('',(157.12132034356,16.2627330715309,21.4934028474817));
#15787=CARTESIAN_POINT('',(157.18300800078,16.2627330715309,21.4934028474817));
#15788=CARTESIAN_POINT('',(157.12132034356,19.9627329888295,29.393402670903));
#15789=CARTESIAN_POINT('',(157.12132034356,11.4318535526212,11.1788222530528));
#15790=CARTESIAN_POINT('',(157.18300800078,19.9627329888295,29.393402670903));
#15791=CARTESIAN_POINT('Origin',(157.18300800078,17.5999996066093,30.4999993182719));
#15792=CARTESIAN_POINT('',(157.12132034356,15.237266247709,31.6065960154317));
#15793=CARTESIAN_POINT('Origin',(157.12132034356,17.5999996066093,30.4999993182719));
#15794=CARTESIAN_POINT('',(157.18300800078,15.237266247709,31.6065960154317));
#15795=CARTESIAN_POINT('Origin',(157.18300800078,11.5372663070907,23.7065961422196));
#15796=CARTESIAN_POINT('',(157.12132034356,11.5372663070907,23.7065961422196));
#15797=CARTESIAN_POINT('',(157.12132034356,4.85638682953167,9.44201563608006));
#15798=CARTESIAN_POINT('',(157.18300800078,11.5372663070907,23.7065961422196));
#15799=CARTESIAN_POINT('Origin',(157.18300800078,13.8999996893108,22.5999994948506));
#15800=CARTESIAN_POINT('Origin',(157.12132034356,13.8999996893108,22.5999994948506));
#15801=CARTESIAN_POINT('Origin',(-7.08872623649709,19.1688248255656,26.2591863032728));
#15802=CARTESIAN_POINT('',(-7.08872699707525,15.4920466377391,18.3743082346199));
#15803=CARTESIAN_POINT('',(-7.08872623649709,19.1688248255656,26.2591863032728));
#15804=CARTESIAN_POINT('Origin',(-7.08872623649709,16.2910741741475,27.6011031640043));
#15805=CARTESIAN_POINT('',(-7.08872623649709,13.4133235227295,28.9430200247358));
#15806=CARTESIAN_POINT('Origin',(-7.08872699707525,9.73654533490305,21.0581419560829));
#15807=CARTESIAN_POINT('',(-7.08872699707525,9.73654533490305,21.0581419560829));
#15808=CARTESIAN_POINT('Origin',(-7.08872699707525,12.6142959863211,19.7162250953514));
#15809=CARTESIAN_POINT('Origin',(157.12132034356,23.5249198932297,90.674780429058));
#15810=CARTESIAN_POINT('',(116.06066017178,23.5249198932297,97.7733851785179));
#15811=CARTESIAN_POINT('Origin',(75.25,3.84999386978307,55.5803701607199));
#15812=CARTESIAN_POINT('',(-5.,-13.0987011651994,19.2337763645948));
#15813=CARTESIAN_POINT('',(35.125,-13.0987011651994,19.2337763645948));
#15814=CARTESIAN_POINT('',(-5.,-13.0911359597668,19.25));
#15815=CARTESIAN_POINT('',(-5.,-8.04194619373809,30.0780223962144));
#15816=CARTESIAN_POINT('',(157.12132034356,-13.0911359597668,19.25));
#15817=CARTESIAN_POINT('',(75.125,-13.0911359597668,19.25));
#15818=CARTESIAN_POINT('',(157.12132034356,-4.62800746138554,37.39923763394));
#15819=CARTESIAN_POINT('',(15.,19.9094878159299,90.0200660681125));
#15820=CARTESIAN_POINT('',(135.5,19.9094878159278,90.0200660681135));
#15821=CARTESIAN_POINT('',(135.5,19.9094878159278,90.0200660681135));
#15822=CARTESIAN_POINT('',(135.5,-12.2095000763653,21.1406742533281));
#15823=CARTESIAN_POINT('',(135.5,-12.2095000763653,21.1406742533281));
#15824=CARTESIAN_POINT('',(15.,-12.2095000763653,21.1406742533281));
#15825=CARTESIAN_POINT('',(15.,-12.2095000763653,21.1406742533281));
#15826=CARTESIAN_POINT('',(15.,19.9094878159299,90.0200660681125));
#15827=CARTESIAN_POINT('Origin',(157.12132034356,-12.1213203435596,0.));
#15828=CARTESIAN_POINT('',(157.12132034356,-13.1213203435596,19.25));
#15829=CARTESIAN_POINT('',(157.12132034356,-7.12132034355964,19.25));
#15830=CARTESIAN_POINT('',(157.12132034356,-13.1213203435596,-2.));
#15831=CARTESIAN_POINT('',(157.12132034356,-13.1213203435596,-2.));
#15832=CARTESIAN_POINT('',(157.12132034356,112.12132034356,-2.));
#15833=CARTESIAN_POINT('',(157.12132034356,-10.1213203435596,18.5));
#15834=CARTESIAN_POINT('',(157.12132034356,-10.1213203435596,18.5201853921361));
#15835=CARTESIAN_POINT('',(157.12132034356,-10.1213203435596,0.));
#15836=CARTESIAN_POINT('',(157.12132034356,-10.1307329464956,18.5));
#15837=CARTESIAN_POINT('',(157.12132034356,-7.12132034355964,18.5));
#15838=CARTESIAN_POINT('',(157.12132034356,-10.3870854314442,17.9502503219379));
#15839=CARTESIAN_POINT('Origin',(88.3925967901339,-13.1213203435596,8.7210405281471));
#15840=CARTESIAN_POINT('',(86.6863186753178,-13.1213203435596,8.7210405281471));
#15841=CARTESIAN_POINT('Origin',(88.3925967901339,-13.1213203435596,8.7210405281471));
#15842=CARTESIAN_POINT('',(86.6863186753178,-11.1213203435596,8.7210405281471));
#15843=CARTESIAN_POINT('',(86.6863186753178,-13.1213203435596,8.7210405281471));
#15844=CARTESIAN_POINT('Origin',(88.3925967901339,-11.1213203435596,8.7210405281471));
#15845=CARTESIAN_POINT('Origin',(91.3999979570508,-13.1213203435596,11.5990539174432));
#15846=CARTESIAN_POINT('',(91.3999979570508,-13.1213203435596,11.5990539174432));
#15847=CARTESIAN_POINT('',(91.3999979570508,-13.1213203435596,5.66583841919528));
#15848=CARTESIAN_POINT('',(91.3999979570508,-13.1213203435596,9.92452695872161));
#15849=CARTESIAN_POINT('',(91.3999979570508,-11.1213203435596,11.5990539174432));
#15850=CARTESIAN_POINT('',(91.3999979570508,-13.1213203435596,11.5990539174432));
#15851=CARTESIAN_POINT('',(91.3999979570508,-11.1213203435596,5.66583841919528));
#15852=CARTESIAN_POINT('',(91.3999979570508,-11.1213203435596,11.5990539174432));
#15853=CARTESIAN_POINT('',(91.3999979570508,-13.1213203435596,5.66583841919528));
#15854=CARTESIAN_POINT('Origin',(90.0999979861081,-13.1213203435596,11.5990539174432));
#15855=CARTESIAN_POINT('',(90.0999979861081,-13.1213203435596,11.5990539174432));
#15856=CARTESIAN_POINT('',(82.549998993054,-13.1213203435596,11.5990539174432));
#15857=CARTESIAN_POINT('',(90.0999979861081,-11.1213203435596,11.5990539174432));
#15858=CARTESIAN_POINT('',(90.0999979861081,-13.1213203435596,11.5990539174432));
#15859=CARTESIAN_POINT('',(90.0999979861081,-11.1213203435596,11.5990539174432));
#15860=CARTESIAN_POINT('Origin',(90.0999979861081,-13.1213203435596,10.899999756366));
#15861=CARTESIAN_POINT('',(90.0999979861081,-13.1213203435596,10.899999756366));
#15862=CARTESIAN_POINT('',(90.0999979861081,-13.1213203435596,9.57499987818301));
#15863=CARTESIAN_POINT('',(90.0999979861081,-11.1213203435596,10.899999756366));
#15864=CARTESIAN_POINT('',(90.0999979861081,-13.1213203435596,10.899999756366));
#15865=CARTESIAN_POINT('',(90.0999979861081,-11.1213203435596,10.899999756366));
#15866=CARTESIAN_POINT('Origin',(88.1612199122003,-13.1213203435596,8.72584186827201));
#15867=CARTESIAN_POINT('',(90.0954314260393,-13.1213203435596,6.54762040066149));
#15868=CARTESIAN_POINT('Origin',(88.1612199122003,-13.1213203435596,8.72584186827201));
#15869=CARTESIAN_POINT('',(90.0954314260393,-11.1213203435596,6.54762040066149));
#15870=CARTESIAN_POINT('',(90.0954314260393,-13.1213203435596,6.54762040066149));
#15871=CARTESIAN_POINT('Origin',(88.1612199122003,-11.1213203435596,8.72584186827201));
#15872=CARTESIAN_POINT('Origin',(88.6084085495745,-13.1213203435596,5.72985581469999));
#15873=CARTESIAN_POINT('',(87.0188870826064,-13.1213203435596,5.13538339378391));
#15874=CARTESIAN_POINT('Origin',(88.6084085495745,-13.1213203435596,5.72985581469999));
#15875=CARTESIAN_POINT('',(87.0188870826064,-11.1213203435596,5.13538339378391));
#15876=CARTESIAN_POINT('',(87.0188870826064,-13.1213203435596,5.13538339378391));
#15877=CARTESIAN_POINT('Origin',(88.6084085495745,-11.1213203435596,5.72985581469999));
#15878=CARTESIAN_POINT('Origin',(85.8183836040438,-13.1213203435596,4.71660311056441));
#15879=CARTESIAN_POINT('',(85.8183836040438,-13.1213203435596,4.71660311056441));
#15880=CARTESIAN_POINT('',(81.5454447684143,-13.1213203435596,3.22604305162391));
#15881=CARTESIAN_POINT('',(85.8183836040438,-11.1213203435596,4.71660311056441));
#15882=CARTESIAN_POINT('',(85.8183836040438,-13.1213203435596,4.71660311056441));
#15883=CARTESIAN_POINT('',(85.8183836040438,-11.1213203435596,4.71660311056441));
#15884=CARTESIAN_POINT('Origin',(88.5284750938154,-13.1213203435596,5.66583841919528));
#15885=CARTESIAN_POINT('Origin',(88.5284750938154,-13.1213203435596,5.66583841919528));
#15886=CARTESIAN_POINT('Origin',(88.5284750938154,-11.1213203435596,5.66583841919528));
#15887=CARTESIAN_POINT('Origin',(88.324087140914,-11.1213203435596,7.21660050582749));
#15888=CARTESIAN_POINT('Origin',(71.2193083289891,-13.1213203435596,8.73231977628329));
#15889=CARTESIAN_POINT('',(69.4294466236625,-13.1213203435596,8.73231977628329));
#15890=CARTESIAN_POINT('Origin',(71.2193083289891,-13.1213203435596,8.73231977628329));
#15891=CARTESIAN_POINT('',(69.4294466236625,-11.1213203435596,8.73231977628329));
#15892=CARTESIAN_POINT('',(69.4294466236625,-13.1213203435596,8.73231977628329));
#15893=CARTESIAN_POINT('Origin',(71.2193083289891,-11.1213203435596,8.73231977628329));
#15894=CARTESIAN_POINT('Origin',(73.0561002080428,-13.1213203435596,5.78386670530642));
#15895=CARTESIAN_POINT('',(73.0561002080428,-13.1213203435596,5.78386670530642));
#15896=CARTESIAN_POINT('',(73.0216839071224,-13.1213203435596,6.62706607785605));
#15897=CARTESIAN_POINT('',(73.007471213508,-13.1213203435596,6.97527707140777));
#15898=CARTESIAN_POINT('',(73.0561002080428,-11.1213203435596,5.78386670530642));
#15899=CARTESIAN_POINT('',(73.0561002080428,-13.1213203435596,5.78386670530642));
#15900=CARTESIAN_POINT('',(73.0216839071224,-11.1213203435596,6.62706607785605));
#15901=CARTESIAN_POINT('',(73.0561002080428,-11.1213203435596,5.78386670530642));
#15902=CARTESIAN_POINT('',(73.0216839071224,-13.1213203435596,6.62706607785605));
#15903=CARTESIAN_POINT('Origin',(74.5000011101365,-13.1213203435596,5.78386670530642));
#15904=CARTESIAN_POINT('',(74.5000011101365,-13.1213203435596,5.78386670530642));
#15905=CARTESIAN_POINT('',(74.7500005550683,-13.1213203435596,5.78386670530642));
#15906=CARTESIAN_POINT('',(74.5000011101365,-11.1213203435596,5.78386670530642));
#15907=CARTESIAN_POINT('',(74.5000011101365,-13.1213203435596,5.78386670530642));
#15908=CARTESIAN_POINT('',(74.5000011101365,-11.1213203435596,5.78386670530642));
#15909=CARTESIAN_POINT('Origin',(74.5000011101365,-13.1213203435596,13.8200729702181));
#15910=CARTESIAN_POINT('',(74.5000011101365,-13.1213203435596,13.8200729702181));
#15911=CARTESIAN_POINT('',(74.5000011101365,-13.1213203435596,11.0350364851091));
#15912=CARTESIAN_POINT('',(74.5000011101365,-11.1213203435596,13.8200729702181));
#15913=CARTESIAN_POINT('',(74.5000011101365,-13.1213203435596,13.8200729702181));
#15914=CARTESIAN_POINT('',(74.5000011101365,-11.1213203435596,13.8200729702181));
#15915=CARTESIAN_POINT('Origin',(73.0561002080428,-13.1213203435596,13.8200729702181));
#15916=CARTESIAN_POINT('',(73.0561002080428,-13.1213203435596,13.8200729702181));
#15917=CARTESIAN_POINT('',(74.0280501040214,-13.1213203435596,13.8200729702181));
#15918=CARTESIAN_POINT('',(73.0561002080428,-11.1213203435596,13.8200729702181));
#15919=CARTESIAN_POINT('',(73.0561002080428,-13.1213203435596,13.8200729702181));
#15920=CARTESIAN_POINT('',(73.0561002080428,-11.1213203435596,13.8200729702181));
#15921=CARTESIAN_POINT('Origin',(73.0561002080428,-13.1213203435596,10.825854790144));
#15922=CARTESIAN_POINT('',(73.0561002080428,-13.1213203435596,10.825854790144));
#15923=CARTESIAN_POINT('',(73.0561002080428,-13.1213203435596,9.53792739507198));
#15924=CARTESIAN_POINT('',(73.0561002080428,-11.1213203435596,10.825854790144));
#15925=CARTESIAN_POINT('',(73.0561002080428,-13.1213203435596,10.825854790144));
#15926=CARTESIAN_POINT('',(73.0561002080428,-11.1213203435596,10.825854790144));
#15927=CARTESIAN_POINT('Origin',(70.921695574516,-13.1213203435596,8.74381450353333));
#15928=CARTESIAN_POINT('Origin',(70.921695574516,-13.1213203435596,8.74381450353333));
#15929=CARTESIAN_POINT('Origin',(70.921695574516,-11.1213203435596,8.74381450353333));
#15930=CARTESIAN_POINT('Origin',(71.2199949881453,-11.1213203435596,9.79109038269479));
#15931=CARTESIAN_POINT('Origin',(53.0799721836718,-13.1213203435596,11.0574506164637));
#15932=CARTESIAN_POINT('',(53.0799721836718,-13.1213203435596,11.0574506164637));
#15933=CARTESIAN_POINT('',(53.0799721836718,-13.1213203435596,5.82401864656053));
#15934=CARTESIAN_POINT('',(53.0799721836718,-13.1213203435596,9.65372530823186));
#15935=CARTESIAN_POINT('',(53.0799721836718,-11.1213203435596,11.0574506164637));
#15936=CARTESIAN_POINT('',(53.0799721836718,-13.1213203435596,11.0574506164637));
#15937=CARTESIAN_POINT('',(53.0799721836718,-11.1213203435596,5.82401864656053));
#15938=CARTESIAN_POINT('',(53.0799721836718,-11.1213203435596,11.0574506164637));
#15939=CARTESIAN_POINT('',(53.0799721836718,-13.1213203435596,5.82401864656053));
#15940=CARTESIAN_POINT('Origin',(55.4590298335298,-13.1213203435596,6.89999984577298));
#15941=CARTESIAN_POINT('',(55.4590298335298,-13.1213203435596,6.89999984577298));
#15942=CARTESIAN_POINT('',(57.5782398864013,-13.1213203435596,3.19663794191485));
#15943=CARTESIAN_POINT('',(55.4590298335298,-11.1213203435596,6.89999984577298));
#15944=CARTESIAN_POINT('',(55.4590298335298,-13.1213203435596,6.89999984577298));
#15945=CARTESIAN_POINT('',(55.4590298335298,-11.1213203435596,6.89999984577298));
#15946=CARTESIAN_POINT('Origin',(56.3999987393618,-13.1213203435596,6.89999984577298));
#15947=CARTESIAN_POINT('',(56.3999987393618,-13.1213203435596,6.89999984577298));
#15948=CARTESIAN_POINT('',(65.6999993696809,-13.1213203435596,6.89999984577298));
#15949=CARTESIAN_POINT('',(56.3999987393618,-11.1213203435596,6.89999984577298));
#15950=CARTESIAN_POINT('',(56.3999987393618,-13.1213203435596,6.89999984577298));
#15951=CARTESIAN_POINT('',(56.3999987393618,-11.1213203435596,6.89999984577298));
#15952=CARTESIAN_POINT('Origin',(58.9539286819936,-13.1213203435596,11.0574506164637));
#15953=CARTESIAN_POINT('',(58.9539286819936,-13.1213203435596,11.0574506164637));
#15954=CARTESIAN_POINT('',(60.5259982142399,-13.1213203435596,13.6165661111047));
#15955=CARTESIAN_POINT('',(58.9539286819936,-11.1213203435596,11.0574506164637));
#15956=CARTESIAN_POINT('',(58.9539286819936,-13.1213203435596,11.0574506164637));
#15957=CARTESIAN_POINT('',(58.9539286819936,-11.1213203435596,11.0574506164637));
#15958=CARTESIAN_POINT('Origin',(58.9539286819936,-13.1213203435596,5.82401864656053));
#15959=CARTESIAN_POINT('',(58.9539286819936,-13.1213203435596,5.82401864656053));
#15960=CARTESIAN_POINT('',(58.9539286819936,-13.1213203435596,7.03700932328027));
#15961=CARTESIAN_POINT('',(58.9539286819936,-11.1213203435596,5.82401864656053));
#15962=CARTESIAN_POINT('',(58.9539286819936,-13.1213203435596,5.82401864656053));
#15963=CARTESIAN_POINT('',(58.9539286819936,-11.1213203435596,5.82401864656053));
#15964=CARTESIAN_POINT('Origin',(60.3579160005582,-13.1213203435596,5.82401864656053));
#15965=CARTESIAN_POINT('',(60.3579160005582,-13.1213203435596,5.82401864656053));
#15966=CARTESIAN_POINT('',(67.6789580002791,-13.1213203435596,5.82401864656053));
#15967=CARTESIAN_POINT('',(60.3579160005582,-11.1213203435596,5.82401864656053));
#15968=CARTESIAN_POINT('',(60.3579160005582,-13.1213203435596,5.82401864656053));
#15969=CARTESIAN_POINT('',(60.3579160005582,-11.1213203435596,5.82401864656053));
#15970=CARTESIAN_POINT('Origin',(60.3579160005582,-13.1213203435596,13.7202107653834));
#15971=CARTESIAN_POINT('',(60.3579160005582,-13.1213203435596,13.7202107653834));
#15972=CARTESIAN_POINT('',(60.3579160005582,-13.1213203435596,10.9851053826917));
#15973=CARTESIAN_POINT('',(60.3579160005582,-11.1213203435596,13.7202107653834));
#15974=CARTESIAN_POINT('',(60.3579160005582,-13.1213203435596,13.7202107653834));
#15975=CARTESIAN_POINT('',(60.3579160005582,-11.1213203435596,13.7202107653834));
#15976=CARTESIAN_POINT('Origin',(58.7128715780086,-13.1213203435596,13.7202107653834));
#15977=CARTESIAN_POINT('',(58.7128715780086,-13.1213203435596,13.7202107653834));
#15978=CARTESIAN_POINT('',(66.8564357890043,-13.1213203435596,13.7202107653834));
#15979=CARTESIAN_POINT('',(58.7128715780086,-11.1213203435596,13.7202107653834));
#15980=CARTESIAN_POINT('',(58.7128715780086,-13.1213203435596,13.7202107653834));
#15981=CARTESIAN_POINT('',(58.7128715780086,-11.1213203435596,13.7202107653834));
#15982=CARTESIAN_POINT('Origin',(56.000000834465,-13.1213203435596,9.00000013411045));
#15983=CARTESIAN_POINT('',(56.000000834465,-13.1213203435596,9.00000013411045));
#15984=CARTESIAN_POINT('',(58.1968537447874,-13.1213203435596,12.8223748223722));
#15985=CARTESIAN_POINT('',(56.000000834465,-11.1213203435596,9.00000013411045));
#15986=CARTESIAN_POINT('',(56.000000834465,-13.1213203435596,9.00000013411045));
#15987=CARTESIAN_POINT('',(56.000000834465,-11.1213203435596,9.00000013411045));
#15988=CARTESIAN_POINT('Origin',(53.2005297410441,-13.1213203435596,13.7202107653834));
#15989=CARTESIAN_POINT('',(53.2005297410441,-13.1213203435596,13.7202107653834));
#15990=CARTESIAN_POINT('',(57.236850010294,-13.1213203435596,6.91453883295639));
#15991=CARTESIAN_POINT('',(53.2005297410441,-11.1213203435596,13.7202107653834));
#15992=CARTESIAN_POINT('',(53.2005297410441,-13.1213203435596,13.7202107653834));
#15993=CARTESIAN_POINT('',(53.2005297410441,-11.1213203435596,13.7202107653834));
#15994=CARTESIAN_POINT('Origin',(51.6482471968951,-13.1213203435596,13.7202107653834));
#15995=CARTESIAN_POINT('',(51.6482471968951,-13.1213203435596,13.7202107653834));
#15996=CARTESIAN_POINT('',(63.3241235984476,-13.1213203435596,13.7202107653834));
#15997=CARTESIAN_POINT('',(51.6482471968951,-11.1213203435596,13.7202107653834));
#15998=CARTESIAN_POINT('',(51.6482471968951,-13.1213203435596,13.7202107653834));
#15999=CARTESIAN_POINT('',(51.6482471968951,-11.1213203435596,13.7202107653834));
#16000=CARTESIAN_POINT('Origin',(51.6482471968951,-13.1213203435596,5.82401864656053));
#16001=CARTESIAN_POINT('',(51.6482471968951,-13.1213203435596,5.82401864656053));
#16002=CARTESIAN_POINT('',(51.6482471968951,-13.1213203435596,7.03700932328027));
#16003=CARTESIAN_POINT('',(51.6482471968951,-11.1213203435596,5.82401864656053));
#16004=CARTESIAN_POINT('',(51.6482471968951,-13.1213203435596,5.82401864656053));
#16005=CARTESIAN_POINT('',(51.6482471968951,-11.1213203435596,5.82401864656053));
#16006=CARTESIAN_POINT('Origin',(53.0799721836718,-13.1213203435596,5.82401864656053));
#16007=CARTESIAN_POINT('',(64.0399860918359,-13.1213203435596,5.82401864656053));
#16008=CARTESIAN_POINT('',(53.0799721836718,-11.1213203435596,5.82401864656053));
#16009=CARTESIAN_POINT('Origin',(56.0030815987267,-11.1213203435596,9.77211470597195));
#16010=CARTESIAN_POINT('Origin',(83.2444843103004,-13.1213203435596,13.199999704957));
#16011=CARTESIAN_POINT('',(83.2444843103004,-13.1213203435596,13.199999704957));
#16012=CARTESIAN_POINT('',(82.2999981604517,-13.1213203435596,13.199999704957));
#16013=CARTESIAN_POINT('',(79.1222421551502,-13.1213203435596,13.199999704957));
#16014=CARTESIAN_POINT('',(83.2444843103004,-11.1213203435596,13.199999704957));
#16015=CARTESIAN_POINT('',(83.2444843103004,-13.1213203435596,13.199999704957));
#16016=CARTESIAN_POINT('',(82.2999981604517,-11.1213203435596,13.199999704957));
#16017=CARTESIAN_POINT('',(83.2444843103004,-11.1213203435596,13.199999704957));
#16018=CARTESIAN_POINT('',(82.2999981604517,-13.1213203435596,13.199999704957));
#16019=CARTESIAN_POINT('Origin',(83.2444843103004,-13.1213203435596,12.2999997250736));
#16020=CARTESIAN_POINT('',(83.2444843103004,-13.1213203435596,12.2999997250736));
#16021=CARTESIAN_POINT('',(83.2444843103004,-13.1213203435596,10.2749998625368));
#16022=CARTESIAN_POINT('',(83.2444843103004,-11.1213203435596,12.2999997250736));
#16023=CARTESIAN_POINT('',(83.2444843103004,-13.1213203435596,12.2999997250736));
#16024=CARTESIAN_POINT('',(83.2444843103004,-11.1213203435596,12.2999997250736));
#16025=CARTESIAN_POINT('Origin',(84.244718648209,-13.1213203435596,12.2999997250736));
#16026=CARTESIAN_POINT('',(84.244718648209,-13.1213203435596,12.2999997250736));
#16027=CARTESIAN_POINT('',(79.6223593241045,-13.1213203435596,12.2999997250736));
#16028=CARTESIAN_POINT('',(84.244718648209,-11.1213203435596,12.2999997250736));
#16029=CARTESIAN_POINT('',(84.244718648209,-13.1213203435596,12.2999997250736));
#16030=CARTESIAN_POINT('',(83.2999981380999,-11.1213203435596,12.2999997250736));
#16031=CARTESIAN_POINT('Origin',(84.244718648209,-13.1213203435596,13.199999704957));
#16032=CARTESIAN_POINT('',(84.244718648209,-13.1213203435596,13.199999704957));
#16033=CARTESIAN_POINT('',(84.244718648209,-13.1213203435596,10.7249998524785));
#16034=CARTESIAN_POINT('',(84.244718648209,-11.1213203435596,13.199999704957));
#16035=CARTESIAN_POINT('',(84.244718648209,-13.1213203435596,13.199999704957));
#16036=CARTESIAN_POINT('',(84.244718648209,-11.1213203435596,13.199999704957));
#16037=CARTESIAN_POINT('Origin',(85.2588771156767,-13.1213203435596,13.199999704957));
#16038=CARTESIAN_POINT('',(85.2588771156767,-13.1213203435596,13.199999704957));
#16039=CARTESIAN_POINT('',(80.1294385578384,-13.1213203435596,13.199999704957));
#16040=CARTESIAN_POINT('',(85.2588771156767,-11.1213203435596,13.199999704957));
#16041=CARTESIAN_POINT('',(85.2588771156767,-13.1213203435596,13.199999704957));
#16042=CARTESIAN_POINT('',(85.2588771156767,-11.1213203435596,13.199999704957));
#16043=CARTESIAN_POINT('Origin',(85.2588771156767,-13.1213203435596,14.13403257014));
#16044=CARTESIAN_POINT('',(85.2588771156767,-13.1213203435596,14.13403257014));
#16045=CARTESIAN_POINT('',(85.2588771156767,-13.1213203435596,11.19201628507));
#16046=CARTESIAN_POINT('',(85.2588771156767,-11.1213203435596,14.13403257014));
#16047=CARTESIAN_POINT('',(85.2588771156767,-13.1213203435596,14.13403257014));
#16048=CARTESIAN_POINT('',(85.2588771156767,-11.1213203435596,14.13403257014));
#16049=CARTESIAN_POINT('Origin',(84.2999981157482,-13.1213203435596,14.13403257014));
#16050=CARTESIAN_POINT('',(84.2999981157482,-13.1213203435596,14.13403257014));
#16051=CARTESIAN_POINT('',(79.6499990578741,-13.1213203435596,14.13403257014));
#16052=CARTESIAN_POINT('',(84.2999981157482,-11.1213203435596,14.13403257014));
#16053=CARTESIAN_POINT('',(84.2999981157482,-13.1213203435596,14.13403257014));
#16054=CARTESIAN_POINT('',(84.2999981157482,-11.1213203435596,14.13403257014));
#16055=CARTESIAN_POINT('Origin',(84.2999981157482,-13.1213203435596,15.1263724097573));
#16056=CARTESIAN_POINT('',(84.2999981157482,-13.1213203435596,15.1263724097573));
#16057=CARTESIAN_POINT('',(84.2999981157482,-13.1213203435596,11.6881862048787));
#16058=CARTESIAN_POINT('',(84.2999981157482,-11.1213203435596,15.1263724097573));
#16059=CARTESIAN_POINT('',(84.2999981157482,-13.1213203435596,15.1263724097573));
#16060=CARTESIAN_POINT('',(84.2999981157482,-11.1213203435596,15.1263724097573));
#16061=CARTESIAN_POINT('Origin',(83.2444843103004,-13.1213203435596,15.1263724097573));
#16062=CARTESIAN_POINT('',(83.2444843103004,-13.1213203435596,15.1263724097573));
#16063=CARTESIAN_POINT('',(79.1222421551502,-13.1213203435596,15.1263724097573));
#16064=CARTESIAN_POINT('',(83.2444843103004,-11.1213203435596,15.1263724097573));
#16065=CARTESIAN_POINT('',(83.2444843103004,-13.1213203435596,15.1263724097573));
#16066=CARTESIAN_POINT('',(83.2444843103004,-11.1213203435596,15.1263724097573));
#16067=CARTESIAN_POINT('Origin',(83.2444843103004,-13.1213203435596,14.1311342406901));
#16068=CARTESIAN_POINT('',(83.2444843103004,-13.1213203435596,14.1311342406901));
#16069=CARTESIAN_POINT('',(83.2444843103004,-13.1213203435596,11.190567120345));
#16070=CARTESIAN_POINT('',(83.2444843103004,-11.1213203435596,14.1311342406901));
#16071=CARTESIAN_POINT('',(83.2444843103004,-13.1213203435596,14.1311342406901));
#16072=CARTESIAN_POINT('',(83.2444843103004,-11.1213203435596,14.1311342406901));
#16073=CARTESIAN_POINT('Origin',(82.3248420723008,-13.1213203435596,14.1369308995899));
#16074=CARTESIAN_POINT('',(82.3248420723008,-13.1213203435596,14.1369308995899));
#16075=CARTESIAN_POINT('',(78.6811189562001,-13.1213203435596,14.1598978960553));
#16076=CARTESIAN_POINT('',(82.3248420723008,-11.1213203435596,14.1369308995899));
#16077=CARTESIAN_POINT('',(82.3248420723008,-13.1213203435596,14.1369308995899));
#16078=CARTESIAN_POINT('',(82.3248420723008,-11.1213203435596,14.1369308995899));
#16079=CARTESIAN_POINT('Origin',(82.3059037945379,-13.1213203435596,14.1369308995899));
#16080=CARTESIAN_POINT('',(82.3059037945379,-13.1213203435596,14.1369308995899));
#16081=CARTESIAN_POINT('',(78.652951897269,-13.1213203435596,14.1369308995899));
#16082=CARTESIAN_POINT('',(82.3059037945379,-11.1213203435596,14.1369308995899));
#16083=CARTESIAN_POINT('',(82.3059037945379,-13.1213203435596,14.1369308995899));
#16084=CARTESIAN_POINT('',(82.3059037945379,-11.1213203435596,14.1369308995899));
#16085=CARTESIAN_POINT('Origin',(82.2999981604517,-13.1213203435596,13.199999704957));
#16086=CARTESIAN_POINT('',(82.2842534336383,-13.1213203435596,10.7020925392087));
#16087=CARTESIAN_POINT('',(82.2999981604517,-11.1213203435596,13.199999704957));
#16088=CARTESIAN_POINT('Origin',(83.7794376380642,-11.1213203435596,13.7131860674155));
#16089=CARTESIAN_POINT('Origin',(97.9507288259674,-13.1213203435596,9.267348854883));
#16090=CARTESIAN_POINT('',(97.9507288259674,-13.1213203435596,9.267348854883));
#16091=CARTESIAN_POINT('',(97.9507288259674,-13.1213203435596,5.83335053248308));
#16092=CARTESIAN_POINT('',(97.9507288259674,-13.1213203435596,8.7586744274415));
#16093=CARTESIAN_POINT('',(97.9507288259674,-11.1213203435596,9.267348854883));
#16094=CARTESIAN_POINT('',(97.9507288259674,-13.1213203435596,9.267348854883));
#16095=CARTESIAN_POINT('',(97.9507288259674,-11.1213203435596,5.83335053248308));
#16096=CARTESIAN_POINT('',(97.9507288259674,-11.1213203435596,5.83335053248308));
#16097=CARTESIAN_POINT('',(97.9507288259674,-13.1213203435596,5.83335053248308));
#16098=CARTESIAN_POINT('Origin',(95.5380026196905,-13.1213203435596,9.26734885488301));
#16099=CARTESIAN_POINT('',(93.8589650418582,-13.1213203435596,11.0000001639128));
#16100=CARTESIAN_POINT('Origin',(95.5380026196905,-13.1213203435596,9.26734885488301));
#16101=CARTESIAN_POINT('',(93.8589650418582,-11.1213203435596,11.0000001639128));
#16102=CARTESIAN_POINT('',(93.8589650418582,-13.1213203435596,11.0000001639128));
#16103=CARTESIAN_POINT('Origin',(95.5380026196905,-11.1213203435596,9.26734885488301));
#16104=CARTESIAN_POINT('Origin',(93.8589650418582,-13.1213203435596,13.8739319702975));
#16105=CARTESIAN_POINT('',(93.8589650418582,-13.1213203435596,13.8739319702975));
#16106=CARTESIAN_POINT('',(93.8589650418582,-13.1213203435596,11.0619659851488));
#16107=CARTESIAN_POINT('',(93.8589650418582,-11.1213203435596,13.8739319702975));
#16108=CARTESIAN_POINT('',(93.8589650418582,-13.1213203435596,13.8739319702975));
#16109=CARTESIAN_POINT('',(93.8589650418582,-11.1213203435596,13.8739319702975));
#16110=CARTESIAN_POINT('Origin',(92.407193393364,-13.1213203435596,13.8739319702975));
#16111=CARTESIAN_POINT('',(92.407193393364,-13.1213203435596,13.8739319702975));
#16112=CARTESIAN_POINT('',(83.703596696682,-13.1213203435596,13.8739319702975));
#16113=CARTESIAN_POINT('',(92.407193393364,-11.1213203435596,13.8739319702975));
#16114=CARTESIAN_POINT('',(92.407193393364,-13.1213203435596,13.8739319702975));
#16115=CARTESIAN_POINT('',(92.407193393364,-11.1213203435596,13.8739319702975));
#16116=CARTESIAN_POINT('Origin',(92.407193393364,-13.1213203435596,5.83335053248308));
#16117=CARTESIAN_POINT('',(92.407193393364,-13.1213203435596,5.83335053248308));
#16118=CARTESIAN_POINT('',(92.407193393364,-13.1213203435596,7.04167526624154));
#16119=CARTESIAN_POINT('',(92.407193393364,-11.1213203435596,5.83335053248308));
#16120=CARTESIAN_POINT('',(92.407193393364,-13.1213203435596,5.83335053248308));
#16121=CARTESIAN_POINT('',(92.407193393364,-11.1213203435596,13.8739319702975));
#16122=CARTESIAN_POINT('Origin',(93.8589650418582,-13.1213203435596,5.83335053248308));
#16123=CARTESIAN_POINT('',(93.8589650418582,-13.1213203435596,5.83335053248308));
#16124=CARTESIAN_POINT('',(84.4294825209291,-13.1213203435596,5.83335053248308));
#16125=CARTESIAN_POINT('',(93.8589650418582,-11.1213203435596,5.83335053248308));
#16126=CARTESIAN_POINT('',(93.8589650418582,-13.1213203435596,5.83335053248308));
#16127=CARTESIAN_POINT('',(92.407193393364,-11.1213203435596,5.83335053248308));
#16128=CARTESIAN_POINT('Origin',(93.8589650418582,-13.1213203435596,9.267348854883));
#16129=CARTESIAN_POINT('',(93.8589650418583,-13.1213203435596,9.267348854883));
#16130=CARTESIAN_POINT('',(93.8589650418582,-13.1213203435596,8.7586744274415));
#16131=CARTESIAN_POINT('',(93.8589650418583,-11.1213203435596,9.267348854883));
#16132=CARTESIAN_POINT('',(93.8589650418583,-13.1213203435596,9.267348854883));
#16133=CARTESIAN_POINT('',(93.8589650418582,-11.1213203435596,5.83335053248308));
#16134=CARTESIAN_POINT('Origin',(95.1990619481607,-13.1213203435596,9.14059909639016));
#16135=CARTESIAN_POINT('',(96.5391588544631,-13.1213203435596,9.267348854883));
#16136=CARTESIAN_POINT('Origin',(95.1990619481607,-13.1213203435596,9.14059909639016));
#16137=CARTESIAN_POINT('',(96.5391588544631,-11.1213203435596,9.267348854883));
#16138=CARTESIAN_POINT('',(96.5391588544631,-13.1213203435596,9.267348854883));
#16139=CARTESIAN_POINT('Origin',(95.1990619481607,-11.1213203435596,9.14059909639016));
#16140=CARTESIAN_POINT('Origin',(96.5391588544631,-13.1213203435596,5.83335053248308));
#16141=CARTESIAN_POINT('',(96.5391588544631,-13.1213203435596,5.83335053248308));
#16142=CARTESIAN_POINT('',(96.5391588544631,-13.1213203435596,7.04167526624154));
#16143=CARTESIAN_POINT('',(96.5391588544631,-11.1213203435596,5.83335053248308));
#16144=CARTESIAN_POINT('',(96.5391588544631,-13.1213203435596,5.83335053248308));
#16145=CARTESIAN_POINT('',(96.5391588544631,-11.1213203435596,5.83335053248308));
#16146=CARTESIAN_POINT('Origin',(97.9507288259674,-13.1213203435596,5.83335053248308));
#16147=CARTESIAN_POINT('',(86.4753644129837,-13.1213203435596,5.83335053248308));
#16148=CARTESIAN_POINT('',(96.5391588544631,-11.1213203435596,5.83335053248308));
#16149=CARTESIAN_POINT('Origin',(95.1789611096657,-11.1213203435596,9.85364125139031));
#16150=CARTESIAN_POINT('Ctrl Pts',(76.6999982856214,-13.1213203435596,8.09999981895089));
#16151=CARTESIAN_POINT('Ctrl Pts',(76.6999982856214,-11.1213203435596,8.09999981895089));
#16152=CARTESIAN_POINT('Ctrl Pts',(76.7229981023942,-13.1213203435596,8.06709226191042));
#16153=CARTESIAN_POINT('Ctrl Pts',(76.7229981023942,-11.1213203435596,8.06709226191042));
#16154=CARTESIAN_POINT('Ctrl Pts',(76.7685773306358,-13.1213203435596,8.00297417138899));
#16155=CARTESIAN_POINT('Ctrl Pts',(76.7685773306358,-11.1213203435596,8.00297417138899));
#16156=CARTESIAN_POINT('Ctrl Pts',(76.8356849581873,-13.1213203435596,7.91188812373809));
#16157=CARTESIAN_POINT('Ctrl Pts',(76.8356849581873,-11.1213203435596,7.91188812373809));
#16158=CARTESIAN_POINT('Ctrl Pts',(76.9226392136701,-13.1213203435596,7.8006226586739));
#16159=CARTESIAN_POINT('Ctrl Pts',(76.9226392136701,-11.1213203435596,7.8006226586739));
#16160=CARTESIAN_POINT('Ctrl Pts',(77.027165655955,-13.1213203435596,7.67839848374445));
#16161=CARTESIAN_POINT('Ctrl Pts',(77.027165655955,-11.1213203435596,7.67839848374445));
#16162=CARTESIAN_POINT('Ctrl Pts',(77.127640746322,-13.1213203435596,7.57268336682372));
#16163=CARTESIAN_POINT('Ctrl Pts',(77.127640746322,-11.1213203435596,7.57268336682372));
#16164=CARTESIAN_POINT('Ctrl Pts',(77.2242959331997,-13.1213203435596,7.48278069121113));
#16165=CARTESIAN_POINT('Ctrl Pts',(77.2242959331997,-11.1213203435596,7.48278069121113));
#16166=CARTESIAN_POINT('Ctrl Pts',(77.3175172958696,-13.1213203435596,7.40751498430091));
#16167=CARTESIAN_POINT('Ctrl Pts',(77.3175172958696,-11.1213203435596,7.40751498430091));
#16168=CARTESIAN_POINT('Ctrl Pts',(77.4078864025537,-13.1213203435596,7.34514265622551));
#16169=CARTESIAN_POINT('Ctrl Pts',(77.4078864025537,-11.1213203435596,7.34514265622551));
#16170=CARTESIAN_POINT('Ctrl Pts',(77.4962148936759,-13.1213203435596,7.29316149096834));
#16171=CARTESIAN_POINT('Ctrl Pts',(77.4962148936759,-11.1213203435596,7.29316149096834));
#16172=CARTESIAN_POINT('Ctrl Pts',(77.5835995517496,-13.1213203435596,7.2484724465384));
#16173=CARTESIAN_POINT('Ctrl Pts',(77.5835995517496,-11.1213203435596,7.2484724465384));
#16174=CARTESIAN_POINT('Ctrl Pts',(77.6714908440322,-13.1213203435596,7.20795765133344));
#16175=CARTESIAN_POINT('Ctrl Pts',(77.6714908440322,-11.1213203435596,7.20795765133344));
#16176=CARTESIAN_POINT('Ctrl Pts',(77.7617738097914,-13.1213203435596,7.16897228870766));
#16177=CARTESIAN_POINT('Ctrl Pts',(77.7617738097914,-11.1213203435596,7.16897228870766));
#16178=CARTESIAN_POINT('Ctrl Pts',(77.8568097904093,-13.1213203435596,7.1298274994673));
#16179=CARTESIAN_POINT('Ctrl Pts',(77.8568097904093,-11.1213203435596,7.1298274994673));
#16180=CARTESIAN_POINT('Ctrl Pts',(77.9595830990997,-13.1213203435596,7.09039074506497));
#16181=CARTESIAN_POINT('Ctrl Pts',(77.9595830990997,-11.1213203435596,7.09039074506497));
#16182=CARTESIAN_POINT('Ctrl Pts',(78.0731501594734,-13.1213203435596,7.05179010317153));
#16183=CARTESIAN_POINT('Ctrl Pts',(78.0731501594734,-11.1213203435596,7.05179010317153));
#16184=CARTESIAN_POINT('Ctrl Pts',(78.1999197580091,-13.1213203435596,7.01588875412325));
#16185=CARTESIAN_POINT('Ctrl Pts',(78.1999197580091,-11.1213203435596,7.01588875412325));
#16186=CARTESIAN_POINT('Ctrl Pts',(78.340976281913,-13.1213203435596,6.98483364529789));
#16187=CARTESIAN_POINT('Ctrl Pts',(78.340976281913,-11.1213203435596,6.98483364529789));
#16188=CARTESIAN_POINT('Ctrl Pts',(78.4954166553624,-13.1213203435596,6.96058304211218));
#16189=CARTESIAN_POINT('Ctrl Pts',(78.4954166553624,-11.1213203435596,6.96058304211218));
#16190=CARTESIAN_POINT('Ctrl Pts',(78.6596051932733,-13.1213203435596,6.94441968372214));
#16191=CARTESIAN_POINT('Ctrl Pts',(78.6596051932733,-11.1213203435596,6.94441968372214));
#16192=CARTESIAN_POINT('Ctrl Pts',(78.8266824722194,-13.1213203435596,6.93653808823185));
#16193=CARTESIAN_POINT('Ctrl Pts',(78.8266824722194,-11.1213203435596,6.93653808823185));
#16194=CARTESIAN_POINT('Ctrl Pts',(78.9882753654417,-13.1213203435596,6.93632815765231));
#16195=CARTESIAN_POINT('Ctrl Pts',(78.9882753654417,-11.1213203435596,6.93632815765231));
#16196=CARTESIAN_POINT('Ctrl Pts',(79.136030140627,-13.1213203435596,6.94259663274271));
#16197=CARTESIAN_POINT('Ctrl Pts',(79.136030140627,-11.1213203435596,6.94259663274271));
#16198=CARTESIAN_POINT('Ctrl Pts',(79.2631766828181,-13.1213203435596,6.95381163261816));
#16199=CARTESIAN_POINT('Ctrl Pts',(79.2631766828181,-11.1213203435596,6.95381163261816));
#16200=CARTESIAN_POINT('Ctrl Pts',(79.3661626987468,-13.1213203435596,6.96833859719949));
#16201=CARTESIAN_POINT('Ctrl Pts',(79.3661626987468,-11.1213203435596,6.96833859719949));
#16202=CARTESIAN_POINT('Ctrl Pts',(79.4460638073244,-13.1213203435596,6.98467676208653));
#16203=CARTESIAN_POINT('Ctrl Pts',(79.4460638073244,-11.1213203435596,6.98467676208653));
#16204=CARTESIAN_POINT('Ctrl Pts',(79.5106021546007,-13.1213203435596,7.00170413157724));
#16205=CARTESIAN_POINT('Ctrl Pts',(79.5106021546007,-11.1213203435596,7.00170413157724));
#16206=CARTESIAN_POINT('Ctrl Pts',(79.5708509776502,-13.1213203435596,7.01880258976016));
#16207=CARTESIAN_POINT('Ctrl Pts',(79.5708509776502,-11.1213203435596,7.01880258976016));
#16208=CARTESIAN_POINT('Ctrl Pts',(79.6373597864423,-13.1213203435596,7.0359419370885));
#16209=CARTESIAN_POINT('Ctrl Pts',(79.6373597864423,-11.1213203435596,7.0359419370885));
#16210=CARTESIAN_POINT('Ctrl Pts',(79.7160109978639,-13.1213203435596,7.05382059223976));
#16211=CARTESIAN_POINT('Ctrl Pts',(79.7160109978639,-11.1213203435596,7.05382059223976));
#16212=CARTESIAN_POINT('Ctrl Pts',(79.8053954959642,-13.1213203435596,7.07385754719603));
#16213=CARTESIAN_POINT('Ctrl Pts',(79.8053954959642,-11.1213203435596,7.07385754719603));
#16214=CARTESIAN_POINT('Ctrl Pts',(79.9001620033653,-13.1213203435596,7.09766531328139));
#16215=CARTESIAN_POINT('Ctrl Pts',(79.9001620033653,-11.1213203435596,7.09766531328139));
#16216=CARTESIAN_POINT('Ctrl Pts',(79.9934399255418,-13.1213203435596,7.12659633206841));
#16217=CARTESIAN_POINT('Ctrl Pts',(79.9934399255418,-11.1213203435596,7.12659633206841));
#16218=CARTESIAN_POINT('Ctrl Pts',(80.0795602640906,-13.1213203435596,7.16127773875544));
#16219=CARTESIAN_POINT('Ctrl Pts',(80.0795602640906,-11.1213203435596,7.16127773875544));
#16220=CARTESIAN_POINT('Ctrl Pts',(80.1568248819874,-13.1213203435596,7.2011043866662));
#16221=CARTESIAN_POINT('Ctrl Pts',(80.1568248819874,-11.1213203435596,7.2011043866662));
#16222=CARTESIAN_POINT('Ctrl Pts',(80.2263278544323,-13.1213203435596,7.24486004757425));
#16223=CARTESIAN_POINT('Ctrl Pts',(80.2263278544323,-11.1213203435596,7.24486004757425));
#16224=CARTESIAN_POINT('Ctrl Pts',(80.290459380559,-13.1213203435596,7.29144537814179));
#16225=CARTESIAN_POINT('Ctrl Pts',(80.290459380559,-11.1213203435596,7.29144537814179));
#16226=CARTESIAN_POINT('Ctrl Pts',(80.3515989922749,-13.1213203435596,7.34050223890771));
#16227=CARTESIAN_POINT('Ctrl Pts',(80.3515989922749,-11.1213203435596,7.34050223890771));
#16228=CARTESIAN_POINT('Ctrl Pts',(80.4105452960257,-13.1213203435596,7.39324809294191));
#16229=CARTESIAN_POINT('Ctrl Pts',(80.4105452960257,-11.1213203435596,7.39324809294191));
#16230=CARTESIAN_POINT('Ctrl Pts',(80.4667545086476,-13.1213203435596,7.45165274805892));
#16231=CARTESIAN_POINT('Ctrl Pts',(80.4667545086476,-11.1213203435596,7.45165274805892));
#16232=CARTESIAN_POINT('Ctrl Pts',(80.5189061211356,-13.1213203435596,7.51727452664194));
#16233=CARTESIAN_POINT('Ctrl Pts',(80.5189061211356,-11.1213203435596,7.51727452664194));
#16234=CARTESIAN_POINT('Ctrl Pts',(80.5653444297477,-13.1213203435596,7.59028600647787));
#16235=CARTESIAN_POINT('Ctrl Pts',(80.5653444297477,-11.1213203435596,7.59028600647787));
#16236=CARTESIAN_POINT('Ctrl Pts',(80.6045997022805,-13.1213203435596,7.66823529548558));
#16237=CARTESIAN_POINT('Ctrl Pts',(80.6045997022805,-11.1213203435596,7.66823529548558));
#16238=CARTESIAN_POINT('Ctrl Pts',(80.6355597694845,-13.1213203435596,7.74719605119977));
#16239=CARTESIAN_POINT('Ctrl Pts',(80.6355597694845,-11.1213203435596,7.74719605119977));
#16240=CARTESIAN_POINT('Ctrl Pts',(80.6576152501548,-13.1213203435596,7.82328785679459));
#16241=CARTESIAN_POINT('Ctrl Pts',(80.6576152501548,-11.1213203435596,7.82328785679459));
#16242=CARTESIAN_POINT('Ctrl Pts',(80.6707983410553,-13.1213203435596,7.89393650343916));
#16243=CARTESIAN_POINT('Ctrl Pts',(80.6707983410553,-11.1213203435596,7.89393650343916));
#16244=CARTESIAN_POINT('Ctrl Pts',(80.6759634525013,-13.1213203435596,7.9595695746635));
#16245=CARTESIAN_POINT('Ctrl Pts',(80.6759634525013,-11.1213203435596,7.9595695746635));
#16246=CARTESIAN_POINT('Ctrl Pts',(80.6745744148198,-13.1213203435596,8.02228606556311));
#16247=CARTESIAN_POINT('Ctrl Pts',(80.6745744148198,-11.1213203435596,8.02228606556311));
#16248=CARTESIAN_POINT('Ctrl Pts',(80.6684126042265,-13.1213203435596,8.08423292467535));
#16249=CARTESIAN_POINT('Ctrl Pts',(80.6684126042265,-11.1213203435596,8.08423292467535));
#16250=CARTESIAN_POINT('Ctrl Pts',(80.6593279461638,-13.1213203435596,8.14563590996475));
#16251=CARTESIAN_POINT('Ctrl Pts',(80.6593279461638,-11.1213203435596,8.14563590996475));
#16252=CARTESIAN_POINT('Ctrl Pts',(80.6489248268851,-13.1213203435596,8.20446913812656));
#16253=CARTESIAN_POINT('Ctrl Pts',(80.6489248268851,-11.1213203435596,8.20446913812656));
#16254=CARTESIAN_POINT('Ctrl Pts',(80.6382040587783,-13.1213203435596,8.25871994697097));
#16255=CARTESIAN_POINT('Ctrl Pts',(80.6382040587783,-11.1213203435596,8.25871994697097));
#16256=CARTESIAN_POINT('Ctrl Pts',(80.6271648908355,-13.1213203435596,8.30826383447133));
#16257=CARTESIAN_POINT('Ctrl Pts',(80.6271648908355,-11.1213203435596,8.30826383447133));
#16258=CARTESIAN_POINT('Ctrl Pts',(80.6145556734382,-13.1213203435596,8.35630329208797));
#16259=CARTESIAN_POINT('Ctrl Pts',(80.6145556734382,-11.1213203435596,8.35630329208797));
#16260=CARTESIAN_POINT('Ctrl Pts',(80.5985143889342,-13.1213203435596,8.40682226603927));
#16261=CARTESIAN_POINT('Ctrl Pts',(80.5985143889342,-11.1213203435596,8.40682226603927));
#16262=CARTESIAN_POINT('Ctrl Pts',(80.5771326995987,-13.1213203435596,8.46235034716181));
#16263=CARTESIAN_POINT('Ctrl Pts',(80.5771326995987,-11.1213203435596,8.46235034716181));
#16264=CARTESIAN_POINT('Ctrl Pts',(80.5489826659001,-13.1213203435596,8.52208244465537));
#16265=CARTESIAN_POINT('Ctrl Pts',(80.5489826659001,-11.1213203435596,8.52208244465537));
#16266=CARTESIAN_POINT('Ctrl Pts',(80.5132379322947,-13.1213203435596,8.58351561269452));
#16267=CARTESIAN_POINT('Ctrl Pts',(80.5132379322947,-11.1213203435596,8.58351561269452));
#16268=CARTESIAN_POINT('Ctrl Pts',(80.46980052421,-13.1213203435596,8.6435632999042));
#16269=CARTESIAN_POINT('Ctrl Pts',(80.46980052421,-11.1213203435596,8.6435632999042));
#16270=CARTESIAN_POINT('Ctrl Pts',(80.4195304476045,-13.1213203435596,8.70007643649456));
#16271=CARTESIAN_POINT('Ctrl Pts',(80.4195304476045,-11.1213203435596,8.70007643649456));
#16272=CARTESIAN_POINT('Ctrl Pts',(80.3638092690423,-13.1213203435596,8.75199444545982));
#16273=CARTESIAN_POINT('Ctrl Pts',(80.3638092690423,-11.1213203435596,8.75199444545982));
#16274=CARTESIAN_POINT('Ctrl Pts',(80.3038402496597,-13.1213203435596,8.79904657718178));
#16275=CARTESIAN_POINT('Ctrl Pts',(80.3038402496597,-11.1213203435596,8.79904657718178));
#16276=CARTESIAN_POINT('Ctrl Pts',(80.2400523232406,-13.1213203435596,8.84159704600912));
#16277=CARTESIAN_POINT('Ctrl Pts',(80.2400523232406,-11.1213203435596,8.84159704600912));
#16278=CARTESIAN_POINT('Ctrl Pts',(80.1714151162977,-13.1213203435596,8.88043132312247));
#16279=CARTESIAN_POINT('Ctrl Pts',(80.1714151162977,-11.1213203435596,8.88043132312247));
#16280=CARTESIAN_POINT('Ctrl Pts',(80.0961963411681,-13.1213203435596,8.91652440841111));
#16281=CARTESIAN_POINT('Ctrl Pts',(80.0961963411681,-11.1213203435596,8.91652440841111));
#16282=CARTESIAN_POINT('Ctrl Pts',(80.0127912760765,-13.1213203435596,8.95079135770476));
#16283=CARTESIAN_POINT('Ctrl Pts',(80.0127912760765,-11.1213203435596,8.95079135770476));
#16284=CARTESIAN_POINT('Ctrl Pts',(79.9204960657189,-13.1213203435596,8.98385434306883));
#16285=CARTESIAN_POINT('Ctrl Pts',(79.9204960657189,-11.1213203435596,8.98385434306883));
#16286=CARTESIAN_POINT('Ctrl Pts',(79.8203842499987,-13.1213203435596,9.01577818463449));
#16287=CARTESIAN_POINT('Ctrl Pts',(79.8203842499987,-11.1213203435596,9.01577818463449));
#16288=CARTESIAN_POINT('Ctrl Pts',(79.7147390965532,-13.1213203435596,9.04625081908938));
#16289=CARTESIAN_POINT('Ctrl Pts',(79.7147390965532,-11.1213203435596,9.04625081908938));
#16290=CARTESIAN_POINT('Ctrl Pts',(79.606371474067,-13.1213203435596,9.07479909506217));
#16291=CARTESIAN_POINT('Ctrl Pts',(79.606371474067,-11.1213203435596,9.07479909506217));
#16292=CARTESIAN_POINT('Ctrl Pts',(79.497981161784,-13.1213203435596,9.10099115590498));
#16293=CARTESIAN_POINT('Ctrl Pts',(79.497981161784,-11.1213203435596,9.10099115590498));
#16294=CARTESIAN_POINT('Ctrl Pts',(79.3914949841786,-13.1213203435596,9.12464598895579));
#16295=CARTESIAN_POINT('Ctrl Pts',(79.3914949841786,-11.1213203435596,9.12464598895579));
#16296=CARTESIAN_POINT('Ctrl Pts',(79.2874280339526,-13.1213203435596,9.14603579735745));
#16297=CARTESIAN_POINT('Ctrl Pts',(79.2874280339526,-11.1213203435596,9.14603579735745));
#16298=CARTESIAN_POINT('Ctrl Pts',(79.1853234637552,-13.1213203435596,9.16574017044658));
#16299=CARTESIAN_POINT('Ctrl Pts',(79.1853234637552,-11.1213203435596,9.16574017044658));
#16300=CARTESIAN_POINT('Ctrl Pts',(79.0841872754261,-13.1213203435596,9.18450277537818));
#16301=CARTESIAN_POINT('Ctrl Pts',(79.0841872754261,-11.1213203435596,9.18450277537818));
#16302=CARTESIAN_POINT('Ctrl Pts',(78.9829097114387,-13.1213203435596,9.20309028736436));
#16303=CARTESIAN_POINT('Ctrl Pts',(78.9829097114387,-11.1213203435596,9.20309028736436));
#16304=CARTESIAN_POINT('Ctrl Pts',(78.8807272397603,-13.1213203435596,9.22214314673814));
#16305=CARTESIAN_POINT('Ctrl Pts',(78.8807272397603,-11.1213203435596,9.22214314673814));
#16306=CARTESIAN_POINT('Ctrl Pts',(78.7775631905585,-13.1213203435596,9.24205163221569));
#16307=CARTESIAN_POINT('Ctrl Pts',(78.7775631905585,-11.1213203435596,9.24205163221569));
#16308=CARTESIAN_POINT('Ctrl Pts',(78.673743327585,-13.1213203435596,9.26297266234474));
#16309=CARTESIAN_POINT('Ctrl Pts',(78.673743327585,-11.1213203435596,9.26297266234474));
#16310=CARTESIAN_POINT('Ctrl Pts',(78.5697818039251,-13.1213203435596,9.28482396992127));
#16311=CARTESIAN_POINT('Ctrl Pts',(78.5697818039251,-11.1213203435596,9.28482396992127));
#16312=CARTESIAN_POINT('Ctrl Pts',(78.4661577884352,-13.1213203435596,9.30729681730759));
#16313=CARTESIAN_POINT('Ctrl Pts',(78.4661577884352,-11.1213203435596,9.30729681730759));
#16314=CARTESIAN_POINT('Ctrl Pts',(78.3630536041124,-13.1213203435596,9.32983748144395));
#16315=CARTESIAN_POINT('Ctrl Pts',(78.3630536041124,-11.1213203435596,9.32983748144395));
#16316=CARTESIAN_POINT('Ctrl Pts',(78.26024921749,-13.1213203435596,9.3517179877174));
#16317=CARTESIAN_POINT('Ctrl Pts',(78.26024921749,-11.1213203435596,9.3517179877174));
#16318=CARTESIAN_POINT('Ctrl Pts',(78.1573564576536,-13.1213203435596,9.37227948186779));
#16319=CARTESIAN_POINT('Ctrl Pts',(78.1573564576536,-11.1213203435596,9.37227948186779));
#16320=CARTESIAN_POINT('Ctrl Pts',(78.0539931928506,-13.1213203435596,9.39115701499984));
#16321=CARTESIAN_POINT('Ctrl Pts',(78.0539931928506,-11.1213203435596,9.39115701499984));
#16322=CARTESIAN_POINT('Ctrl Pts',(77.9499586634022,-13.1213203435596,9.40847576569056));
#16323=CARTESIAN_POINT('Ctrl Pts',(77.9499586634022,-11.1213203435596,9.40847576569056));
#16324=CARTESIAN_POINT('Ctrl Pts',(77.8454637730485,-13.1213203435596,9.4251470183058));
#16325=CARTESIAN_POINT('Ctrl Pts',(77.8454637730485,-11.1213203435596,9.4251470183058));
#16326=CARTESIAN_POINT('Ctrl Pts',(77.7411250394254,-13.1213203435596,9.44278634734666));
#16327=CARTESIAN_POINT('Ctrl Pts',(77.7411250394254,-11.1213203435596,9.44278634734666));
#16328=CARTESIAN_POINT('Ctrl Pts',(77.6377028891907,-13.1213203435596,9.46323593653662));
#16329=CARTESIAN_POINT('Ctrl Pts',(77.6377028891907,-11.1213203435596,9.46323593653662));
#16330=CARTESIAN_POINT('Ctrl Pts',(77.5358974941182,-13.1213203435596,9.48816916930033));
#16331=CARTESIAN_POINT('Ctrl Pts',(77.5358974941182,-11.1213203435596,9.48816916930033));
#16332=CARTESIAN_POINT('Ctrl Pts',(77.436144386336,-13.1213203435596,9.51871171862909));
#16333=CARTESIAN_POINT('Ctrl Pts',(77.436144386336,-11.1213203435596,9.51871171862909));
#16334=CARTESIAN_POINT('Ctrl Pts',(77.3383519915676,-13.1213203435596,9.55493043381866));
#16335=CARTESIAN_POINT('Ctrl Pts',(77.3383519915676,-11.1213203435596,9.55493043381866));
#16336=CARTESIAN_POINT('Ctrl Pts',(77.2419493474793,-13.1213203435596,9.59599045136679));
#16337=CARTESIAN_POINT('Ctrl Pts',(77.2419493474793,-11.1213203435596,9.59599045136679));
#16338=CARTESIAN_POINT('Ctrl Pts',(77.1461089080303,-13.1213203435596,9.64067971963796));
#16339=CARTESIAN_POINT('Ctrl Pts',(77.1461089080303,-11.1213203435596,9.64067971963796));
#16340=CARTESIAN_POINT('Ctrl Pts',(77.0499177204341,-13.1213203435596,9.68783642014618));
#16341=CARTESIAN_POINT('Ctrl Pts',(77.0499177204341,-11.1213203435596,9.68783642014618));
#16342=CARTESIAN_POINT('Ctrl Pts',(76.9525639002088,-13.1213203435596,9.7367792696413));
#16343=CARTESIAN_POINT('Ctrl Pts',(76.9525639002088,-11.1213203435596,9.7367792696413));
#16344=CARTESIAN_POINT('Ctrl Pts',(76.8535323546451,-13.1213203435596,9.78783313645264));
#16345=CARTESIAN_POINT('Ctrl Pts',(76.8535323546451,-11.1213203435596,9.78783313645264));
#16346=CARTESIAN_POINT('Ctrl Pts',(76.7526749780433,-13.1213203435596,9.84209849239015));
#16347=CARTESIAN_POINT('Ctrl Pts',(76.7526749780433,-11.1213203435596,9.84209849239015));
#16348=CARTESIAN_POINT('Ctrl Pts',(76.6502414385239,-13.1213203435596,9.90103261206011));
#16349=CARTESIAN_POINT('Ctrl Pts',(76.6502414385239,-11.1213203435596,9.90103261206011));
#16350=CARTESIAN_POINT('Ctrl Pts',(76.5469322820441,-13.1213203435596,9.96607911683281));
#16351=CARTESIAN_POINT('Ctrl Pts',(76.5469322820441,-11.1213203435596,9.96607911683281));
#16352=CARTESIAN_POINT('Ctrl Pts',(76.4439233030762,-13.1213203435596,10.038313372369));
#16353=CARTESIAN_POINT('Ctrl Pts',(76.4439233030762,-11.1213203435596,10.038313372369));
#16354=CARTESIAN_POINT('Ctrl Pts',(76.3429505671188,-13.1213203435596,10.1179916479016));
#16355=CARTESIAN_POINT('Ctrl Pts',(76.3429505671188,-11.1213203435596,10.1179916479016));
#16356=CARTESIAN_POINT('Ctrl Pts',(76.2461670620343,-13.1213203435596,10.2045162994865));
#16357=CARTESIAN_POINT('Ctrl Pts',(76.2461670620343,-11.1213203435596,10.2045162994865));
#16358=CARTESIAN_POINT('Ctrl Pts',(76.1558085060995,-13.1213203435596,10.296755010637));
#16359=CARTESIAN_POINT('Ctrl Pts',(76.1558085060995,-11.1213203435596,10.296755010637));
#16360=CARTESIAN_POINT('Ctrl Pts',(76.0739156428677,-13.1213203435596,10.3932582577077));
#16361=CARTESIAN_POINT('Ctrl Pts',(76.0739156428677,-11.1213203435596,10.3932582577077));
#16362=CARTESIAN_POINT('Ctrl Pts',(76.0020281924394,-13.1213203435596,10.4925202979416));
#16363=CARTESIAN_POINT('Ctrl Pts',(76.0020281924394,-11.1213203435596,10.4925202979416));
#16364=CARTESIAN_POINT('Ctrl Pts',(75.9409028340427,-13.1213203435596,10.5932172472396));
#16365=CARTESIAN_POINT('Ctrl Pts',(75.9409028340427,-11.1213203435596,10.5932172472396));
#16366=CARTESIAN_POINT('Ctrl Pts',(75.890188320677,-13.1213203435596,10.6944665212503));
#16367=CARTESIAN_POINT('Ctrl Pts',(75.890188320677,-11.1213203435596,10.6944665212503));
#16368=CARTESIAN_POINT('Ctrl Pts',(75.8487511919846,-13.1213203435596,10.7958457177199));
#16369=CARTESIAN_POINT('Ctrl Pts',(75.8487511919846,-11.1213203435596,10.7958457177199));
#16370=CARTESIAN_POINT('Ctrl Pts',(75.815043516963,-13.1213203435596,10.897394482533));
#16371=CARTESIAN_POINT('Ctrl Pts',(75.815043516963,-11.1213203435596,10.897394482533));
#16372=CARTESIAN_POINT('Ctrl Pts',(75.7874603351986,-13.1213203435596,10.9996260857822));
#16373=CARTESIAN_POINT('Ctrl Pts',(75.7874603351986,-11.1213203435596,10.9996260857822));
#16374=CARTESIAN_POINT('Ctrl Pts',(75.7646900442383,-13.1213203435596,11.1035269134248));
#16375=CARTESIAN_POINT('Ctrl Pts',(75.7646900442383,-11.1213203435596,11.1035269134248));
#16376=CARTESIAN_POINT('Ctrl Pts',(75.7460982692374,-13.1213203435596,11.2105827745689));
#16377=CARTESIAN_POINT('Ctrl Pts',(75.7460982692374,-11.1213203435596,11.2105827745689));
#16378=CARTESIAN_POINT('Ctrl Pts',(75.7316266538502,-13.1213203435596,11.3224752644279));
#16379=CARTESIAN_POINT('Ctrl Pts',(75.7316266538502,-11.1213203435596,11.3224752644279));
#16380=CARTESIAN_POINT('Ctrl Pts',(75.721647600949,-13.1213203435596,11.4407563727013));
#16381=CARTESIAN_POINT('Ctrl Pts',(75.721647600949,-11.1213203435596,11.4407563727013));
#16382=CARTESIAN_POINT('Ctrl Pts',(75.7168319292647,-13.1213203435596,11.5665144991107));
#16383=CARTESIAN_POINT('Ctrl Pts',(75.7168319292647,-11.1213203435596,11.5665144991107));
#16384=CARTESIAN_POINT('Ctrl Pts',(75.7180180533888,-13.1213203435596,11.7000811757899));
#16385=CARTESIAN_POINT('Ctrl Pts',(75.7180180533888,-11.1213203435596,11.7000811757899));
#16386=CARTESIAN_POINT('Ctrl Pts',(75.7260630718188,-13.1213203435596,11.8406258602718));
#16387=CARTESIAN_POINT('Ctrl Pts',(75.7260630718188,-11.1213203435596,11.8406258602718));
#16388=CARTESIAN_POINT('Ctrl Pts',(75.7417959542794,-13.1213203435596,11.9863075088653));
#16389=CARTESIAN_POINT('Ctrl Pts',(75.7417959542794,-11.1213203435596,11.9863075088653));
#16390=CARTESIAN_POINT('Ctrl Pts',(75.7660186465869,-13.1213203435596,12.1346831432977));
#16391=CARTESIAN_POINT('Ctrl Pts',(75.7660186465869,-11.1213203435596,12.1346831432977));
#16392=CARTESIAN_POINT('Ctrl Pts',(75.7994913620275,-13.1213203435596,12.2830297561099));
#16393=CARTESIAN_POINT('Ctrl Pts',(75.7994913620275,-11.1213203435596,12.2830297561099));
#16394=CARTESIAN_POINT('Ctrl Pts',(75.8429255486971,-13.1213203435596,12.4287125808492));
#16395=CARTESIAN_POINT('Ctrl Pts',(75.8429255486971,-11.1213203435596,12.4287125808492));
#16396=CARTESIAN_POINT('Ctrl Pts',(75.8969709867399,-13.1213203435596,12.569509346735));
#16397=CARTESIAN_POINT('Ctrl Pts',(75.8969709867399,-11.1213203435596,12.569509346735));
#16398=CARTESIAN_POINT('Ctrl Pts',(75.9622115867411,-13.1213203435596,12.7040118258133));
#16399=CARTESIAN_POINT('Ctrl Pts',(75.9622115867411,-11.1213203435596,12.7040118258133));
#16400=CARTESIAN_POINT('Ctrl Pts',(76.0391372671557,-13.1213203435596,12.8318038963611));
#16401=CARTESIAN_POINT('Ctrl Pts',(76.0391372671557,-11.1213203435596,12.8318038963611));
#16402=CARTESIAN_POINT('Ctrl Pts',(76.1280623111858,-13.1213203435596,12.9531247651126));
#16403=CARTESIAN_POINT('Ctrl Pts',(76.1280623111858,-11.1213203435596,12.9531247651126));
#16404=CARTESIAN_POINT('Ctrl Pts',(76.2290529790712,-13.1213203435596,13.0686317018824));
#16405=CARTESIAN_POINT('Ctrl Pts',(76.2290529790712,-11.1213203435596,13.0686317018824));
#16406=CARTESIAN_POINT('Ctrl Pts',(76.3418540547058,-13.1213203435596,13.1791284104518));
#16407=CARTESIAN_POINT('Ctrl Pts',(76.3418540547058,-11.1213203435596,13.1791284104518));
#16408=CARTESIAN_POINT('Ctrl Pts',(76.4658096612653,-13.1213203435596,13.285296475109));
#16409=CARTESIAN_POINT('Ctrl Pts',(76.4658096612653,-11.1213203435596,13.285296475109));
#16410=CARTESIAN_POINT('Ctrl Pts',(76.5998007550784,-13.1213203435596,13.3874527572783));
#16411=CARTESIAN_POINT('Ctrl Pts',(76.5998007550784,-11.1213203435596,13.3874527572783));
#16412=CARTESIAN_POINT('Ctrl Pts',(76.7421389248317,-13.1213203435596,13.4852261273319));
#16413=CARTESIAN_POINT('Ctrl Pts',(76.7421389248317,-11.1213203435596,13.4852261273319));
#16414=CARTESIAN_POINT('Ctrl Pts',(76.8906746335024,-13.1213203435596,13.5776420922722));
#16415=CARTESIAN_POINT('Ctrl Pts',(76.8906746335024,-11.1213203435596,13.5776420922722));
#16416=CARTESIAN_POINT('Ctrl Pts',(77.0430025638405,-13.1213203435596,13.6633930941065));
#16417=CARTESIAN_POINT('Ctrl Pts',(77.0430025638405,-11.1213203435596,13.6633930941065));
#16418=CARTESIAN_POINT('Ctrl Pts',(77.1966372358828,-13.1213203435596,13.7410519958084));
#16419=CARTESIAN_POINT('Ctrl Pts',(77.1966372358828,-11.1213203435596,13.7410519958084));
#16420=CARTESIAN_POINT('Ctrl Pts',(77.3491982309886,-13.1213203435596,13.8093038603008));
#16421=CARTESIAN_POINT('Ctrl Pts',(77.3491982309886,-11.1213203435596,13.8093038603008));
#16422=CARTESIAN_POINT('Ctrl Pts',(77.4985975919762,-13.1213203435596,13.8671821106344));
#16423=CARTESIAN_POINT('Ctrl Pts',(77.4985975919762,-11.1213203435596,13.8671821106344));
#16424=CARTESIAN_POINT('Ctrl Pts',(77.6432116674752,-13.1213203435596,13.9142743466945));
#16425=CARTESIAN_POINT('Ctrl Pts',(77.6432116674752,-11.1213203435596,13.9142743466945));
#16426=CARTESIAN_POINT('Ctrl Pts',(77.7820958578509,-13.1213203435596,13.9510115658622));
#16427=CARTESIAN_POINT('Ctrl Pts',(77.7820958578509,-11.1213203435596,13.9510115658622));
#16428=CARTESIAN_POINT('Ctrl Pts',(77.9150444512963,-13.1213203435596,13.9786549596358));
#16429=CARTESIAN_POINT('Ctrl Pts',(77.9150444512963,-11.1213203435596,13.9786549596358));
#16430=CARTESIAN_POINT('Ctrl Pts',(78.0424712667,-13.1213203435596,13.9989257834016));
#16431=CARTESIAN_POINT('Ctrl Pts',(78.0424712667,-11.1213203435596,13.9989257834016));
#16432=CARTESIAN_POINT('Ctrl Pts',(78.165334939847,-13.1213203435596,14.0137338503369));
#16433=CARTESIAN_POINT('Ctrl Pts',(78.165334939847,-11.1213203435596,14.0137338503369));
#16434=CARTESIAN_POINT('Ctrl Pts',(78.2850505635167,-13.1213203435596,14.0248534024229));
#16435=CARTESIAN_POINT('Ctrl Pts',(78.2850505635167,-11.1213203435596,14.0248534024229));
#16436=CARTESIAN_POINT('Ctrl Pts',(78.4033971217718,-13.1213203435596,14.0336505947414));
#16437=CARTESIAN_POINT('Ctrl Pts',(78.4033971217718,-11.1213203435596,14.0336505947414));
#16438=CARTESIAN_POINT('Ctrl Pts',(78.5224525359824,-13.1213203435596,14.0407151264631));
#16439=CARTESIAN_POINT('Ctrl Pts',(78.5224525359824,-11.1213203435596,14.0407151264631));
#16440=CARTESIAN_POINT('Ctrl Pts',(78.644387229154,-13.1213203435596,14.0459036450437));
#16441=CARTESIAN_POINT('Ctrl Pts',(78.644387229154,-11.1213203435596,14.0459036450437));
#16442=CARTESIAN_POINT('Ctrl Pts',(78.771181395443,-13.1213203435596,14.0485967931134));
#16443=CARTESIAN_POINT('Ctrl Pts',(78.771181395443,-11.1213203435596,14.0485967931134));
#16444=CARTESIAN_POINT('Ctrl Pts',(78.9043669079195,-13.1213203435596,14.0478894402577));
#16445=CARTESIAN_POINT('Ctrl Pts',(78.9043669079195,-11.1213203435596,14.0478894402577));
#16446=CARTESIAN_POINT('Ctrl Pts',(79.0447570428918,-13.1213203435596,14.0428093516285));
#16447=CARTESIAN_POINT('Ctrl Pts',(79.0447570428918,-11.1213203435596,14.0428093516285));
#16448=CARTESIAN_POINT('Ctrl Pts',(79.1921856676394,-13.1213203435596,14.0325217216056));
#16449=CARTESIAN_POINT('Ctrl Pts',(79.1921856676394,-11.1213203435596,14.0325217216056));
#16450=CARTESIAN_POINT('Ctrl Pts',(79.3452300007021,-13.1213203435596,14.0165450518533));
#16451=CARTESIAN_POINT('Ctrl Pts',(79.3452300007021,-11.1213203435596,14.0165450518533));
#16452=CARTESIAN_POINT('Ctrl Pts',(79.5015825286387,-13.1213203435596,13.9946914903975));
#16453=CARTESIAN_POINT('Ctrl Pts',(79.5015825286387,-11.1213203435596,13.9946914903975));
#16454=CARTESIAN_POINT('Ctrl Pts',(79.6584411829895,-13.1213203435596,13.9670011499995));
#16455=CARTESIAN_POINT('Ctrl Pts',(79.6584411829895,-11.1213203435596,13.9670011499995));
#16456=CARTESIAN_POINT('Ctrl Pts',(79.8128872322357,-13.1213203435596,13.9336792148864));
#16457=CARTESIAN_POINT('Ctrl Pts',(79.8128872322357,-11.1213203435596,13.9336792148864));
#16458=CARTESIAN_POINT('Ctrl Pts',(79.9622806328207,-13.1213203435596,13.8950306129084));
#16459=CARTESIAN_POINT('Ctrl Pts',(79.9622806328207,-11.1213203435596,13.8950306129084));
#16460=CARTESIAN_POINT('Ctrl Pts',(80.1046192931669,-13.1213203435596,13.8513987919948));
#16461=CARTESIAN_POINT('Ctrl Pts',(80.1046192931669,-11.1213203435596,13.8513987919948));
#16462=CARTESIAN_POINT('Ctrl Pts',(80.2389831555035,-13.1213203435596,13.8030954297379));
#16463=CARTESIAN_POINT('Ctrl Pts',(80.2389831555035,-11.1213203435596,13.8030954297379));
#16464=CARTESIAN_POINT('Ctrl Pts',(80.3657168323029,-13.1213203435596,13.7503578397809));
#16465=CARTESIAN_POINT('Ctrl Pts',(80.3657168323029,-11.1213203435596,13.7503578397809));
#16466=CARTESIAN_POINT('Ctrl Pts',(80.4859698255591,-13.1213203435596,13.6933739438308));
#16467=CARTESIAN_POINT('Ctrl Pts',(80.4859698255591,-11.1213203435596,13.6933739438308));
#16468=CARTESIAN_POINT('Ctrl Pts',(80.6013672733204,-13.1213203435596,13.6322938623529));
#16469=CARTESIAN_POINT('Ctrl Pts',(80.6013672733204,-11.1213203435596,13.6322938623529));
#16470=CARTESIAN_POINT('Ctrl Pts',(80.7136177924305,-13.1213203435596,13.5672472885689));
#16471=CARTESIAN_POINT('Ctrl Pts',(80.7136177924305,-11.1213203435596,13.5672472885689));
#16472=CARTESIAN_POINT('Ctrl Pts',(80.824173922683,-13.1213203435596,13.4983572935814));
#16473=CARTESIAN_POINT('Ctrl Pts',(80.824173922683,-11.1213203435596,13.4983572935814));
#16474=CARTESIAN_POINT('Ctrl Pts',(80.9338075665728,-13.1213203435596,13.4257583202887));
#16475=CARTESIAN_POINT('Ctrl Pts',(80.9338075665728,-11.1213203435596,13.4257583202887));
#16476=CARTESIAN_POINT('Ctrl Pts',(81.0424341183348,-13.1213203435596,13.3496033334876));
#16477=CARTESIAN_POINT('Ctrl Pts',(81.0424341183348,-11.1213203435596,13.3496033334876));
#16478=CARTESIAN_POINT('Ctrl Pts',(81.1493941845224,-13.1213203435596,13.2700515393723));
#16479=CARTESIAN_POINT('Ctrl Pts',(81.1493941845224,-11.1213203435596,13.2700515393723));
#16480=CARTESIAN_POINT('Ctrl Pts',(81.2536320601817,-13.1213203435596,13.187260507746));
#16481=CARTESIAN_POINT('Ctrl Pts',(81.2536320601817,-11.1213203435596,13.187260507746));
#16482=CARTESIAN_POINT('Ctrl Pts',(81.3539221398701,-13.1213203435596,13.1013761553273));
#16483=CARTESIAN_POINT('Ctrl Pts',(81.3539221398701,-11.1213203435596,13.1013761553273));
#16484=CARTESIAN_POINT('Ctrl Pts',(81.4490593999849,-13.1213203435596,13.0125245111401));
#16485=CARTESIAN_POINT('Ctrl Pts',(81.4490593999849,-11.1213203435596,13.0125245111401));
#16486=CARTESIAN_POINT('Ctrl Pts',(81.5381034023254,-13.1213203435596,12.9208005603386));
#16487=CARTESIAN_POINT('Ctrl Pts',(81.5381034023254,-11.1213203435596,12.9208005603386));
#16488=CARTESIAN_POINT('Ctrl Pts',(81.6204454873515,-13.1213203435596,12.8262670314775));
#16489=CARTESIAN_POINT('Ctrl Pts',(81.6204454873515,-11.1213203435596,12.8262670314775));
#16490=CARTESIAN_POINT('Ctrl Pts',(81.6957150902082,-13.1213203435596,12.728962292277));
#16491=CARTESIAN_POINT('Ctrl Pts',(81.6957150902082,-11.1213203435596,12.728962292277));
#16492=CARTESIAN_POINT('Ctrl Pts',(81.7501273136514,-13.1213203435596,12.6489170437298));
#16493=CARTESIAN_POINT('Ctrl Pts',(81.7501273136514,-11.1213203435596,12.6489170437298));
#16494=CARTESIAN_POINT('Ctrl Pts',(81.7876447052131,-13.1213203435596,12.5876478592082));
#16495=CARTESIAN_POINT('Ctrl Pts',(81.7876447052131,-11.1213203435596,12.5876478592082));
#16496=CARTESIAN_POINT('Ctrl Pts',(81.8111934213388,-13.1213203435596,12.5462527650646));
#16497=CARTESIAN_POINT('Ctrl Pts',(81.8111934213388,-11.1213203435596,12.5462527650646));
#16498=CARTESIAN_POINT('Ctrl Pts',(81.8226020569034,-13.1213203435596,12.5254179753768));
#16499=CARTESIAN_POINT('Ctrl Pts',(81.8226020569034,-11.1213203435596,12.5254179753768));
#16500=CARTESIAN_POINT('',(76.6999982856214,-13.1213203435596,8.09999981895089));
#16501=CARTESIAN_POINT('',(81.8226020569034,-13.1213203435596,12.5254179753768));
#16502=CARTESIAN_POINT('Ctrl Pts',(76.6999982856214,-13.1213203435596,8.09999981895089));
#16503=CARTESIAN_POINT('Ctrl Pts',(76.7229981023942,-13.1213203435596,8.06709226191042));
#16504=CARTESIAN_POINT('Ctrl Pts',(76.7685773306358,-13.1213203435596,8.00297417138899));
#16505=CARTESIAN_POINT('Ctrl Pts',(76.8356849581873,-13.1213203435596,7.91188812373809));
#16506=CARTESIAN_POINT('Ctrl Pts',(76.9226392136701,-13.1213203435596,7.8006226586739));
#16507=CARTESIAN_POINT('Ctrl Pts',(77.027165655955,-13.1213203435596,7.67839848374445));
#16508=CARTESIAN_POINT('Ctrl Pts',(77.127640746322,-13.1213203435596,7.57268336682372));
#16509=CARTESIAN_POINT('Ctrl Pts',(77.2242959331997,-13.1213203435596,7.48278069121113));
#16510=CARTESIAN_POINT('Ctrl Pts',(77.3175172958696,-13.1213203435596,7.40751498430091));
#16511=CARTESIAN_POINT('Ctrl Pts',(77.4078864025537,-13.1213203435596,7.34514265622551));
#16512=CARTESIAN_POINT('Ctrl Pts',(77.4962148936759,-13.1213203435596,7.29316149096834));
#16513=CARTESIAN_POINT('Ctrl Pts',(77.5835995517496,-13.1213203435596,7.2484724465384));
#16514=CARTESIAN_POINT('Ctrl Pts',(77.6714908440322,-13.1213203435596,7.20795765133344));
#16515=CARTESIAN_POINT('Ctrl Pts',(77.7617738097914,-13.1213203435596,7.16897228870766));
#16516=CARTESIAN_POINT('Ctrl Pts',(77.8568097904093,-13.1213203435596,7.1298274994673));
#16517=CARTESIAN_POINT('Ctrl Pts',(77.9595830990997,-13.1213203435596,7.09039074506497));
#16518=CARTESIAN_POINT('Ctrl Pts',(78.0731501594734,-13.1213203435596,7.05179010317153));
#16519=CARTESIAN_POINT('Ctrl Pts',(78.1999197580091,-13.1213203435596,7.01588875412325));
#16520=CARTESIAN_POINT('Ctrl Pts',(78.340976281913,-13.1213203435596,6.98483364529789));
#16521=CARTESIAN_POINT('Ctrl Pts',(78.4954166553624,-13.1213203435596,6.96058304211218));
#16522=CARTESIAN_POINT('Ctrl Pts',(78.6596051932733,-13.1213203435596,6.94441968372214));
#16523=CARTESIAN_POINT('Ctrl Pts',(78.8266824722194,-13.1213203435596,6.93653808823185));
#16524=CARTESIAN_POINT('Ctrl Pts',(78.9882753654417,-13.1213203435596,6.93632815765231));
#16525=CARTESIAN_POINT('Ctrl Pts',(79.136030140627,-13.1213203435596,6.94259663274271));
#16526=CARTESIAN_POINT('Ctrl Pts',(79.2631766828181,-13.1213203435596,6.95381163261816));
#16527=CARTESIAN_POINT('Ctrl Pts',(79.3661626987468,-13.1213203435596,6.96833859719949));
#16528=CARTESIAN_POINT('Ctrl Pts',(79.4460638073244,-13.1213203435596,6.98467676208653));
#16529=CARTESIAN_POINT('Ctrl Pts',(79.5106021546007,-13.1213203435596,7.00170413157724));
#16530=CARTESIAN_POINT('Ctrl Pts',(79.5708509776502,-13.1213203435596,7.01880258976016));
#16531=CARTESIAN_POINT('Ctrl Pts',(79.6373597864423,-13.1213203435596,7.0359419370885));
#16532=CARTESIAN_POINT('Ctrl Pts',(79.7160109978639,-13.1213203435596,7.05382059223976));
#16533=CARTESIAN_POINT('Ctrl Pts',(79.8053954959642,-13.1213203435596,7.07385754719603));
#16534=CARTESIAN_POINT('Ctrl Pts',(79.9001620033653,-13.1213203435596,7.09766531328139));
#16535=CARTESIAN_POINT('Ctrl Pts',(79.9934399255418,-13.1213203435596,7.12659633206841));
#16536=CARTESIAN_POINT('Ctrl Pts',(80.0795602640906,-13.1213203435596,7.16127773875544));
#16537=CARTESIAN_POINT('Ctrl Pts',(80.1568248819874,-13.1213203435596,7.2011043866662));
#16538=CARTESIAN_POINT('Ctrl Pts',(80.2263278544323,-13.1213203435596,7.24486004757425));
#16539=CARTESIAN_POINT('Ctrl Pts',(80.290459380559,-13.1213203435596,7.29144537814179));
#16540=CARTESIAN_POINT('Ctrl Pts',(80.3515989922749,-13.1213203435596,7.34050223890771));
#16541=CARTESIAN_POINT('Ctrl Pts',(80.4105452960257,-13.1213203435596,7.39324809294191));
#16542=CARTESIAN_POINT('Ctrl Pts',(80.4667545086476,-13.1213203435596,7.45165274805892));
#16543=CARTESIAN_POINT('Ctrl Pts',(80.5189061211356,-13.1213203435596,7.51727452664194));
#16544=CARTESIAN_POINT('Ctrl Pts',(80.5653444297477,-13.1213203435596,7.59028600647787));
#16545=CARTESIAN_POINT('Ctrl Pts',(80.6045997022805,-13.1213203435596,7.66823529548558));
#16546=CARTESIAN_POINT('Ctrl Pts',(80.6355597694845,-13.1213203435596,7.74719605119977));
#16547=CARTESIAN_POINT('Ctrl Pts',(80.6576152501548,-13.1213203435596,7.82328785679459));
#16548=CARTESIAN_POINT('Ctrl Pts',(80.6707983410553,-13.1213203435596,7.89393650343916));
#16549=CARTESIAN_POINT('Ctrl Pts',(80.6759634525013,-13.1213203435596,7.9595695746635));
#16550=CARTESIAN_POINT('Ctrl Pts',(80.6745744148198,-13.1213203435596,8.02228606556311));
#16551=CARTESIAN_POINT('Ctrl Pts',(80.6684126042265,-13.1213203435596,8.08423292467535));
#16552=CARTESIAN_POINT('Ctrl Pts',(80.6593279461638,-13.1213203435596,8.14563590996475));
#16553=CARTESIAN_POINT('Ctrl Pts',(80.6489248268851,-13.1213203435596,8.20446913812656));
#16554=CARTESIAN_POINT('Ctrl Pts',(80.6382040587783,-13.1213203435596,8.25871994697097));
#16555=CARTESIAN_POINT('Ctrl Pts',(80.6271648908355,-13.1213203435596,8.30826383447133));
#16556=CARTESIAN_POINT('Ctrl Pts',(80.6145556734382,-13.1213203435596,8.35630329208797));
#16557=CARTESIAN_POINT('Ctrl Pts',(80.5985143889342,-13.1213203435596,8.40682226603927));
#16558=CARTESIAN_POINT('Ctrl Pts',(80.5771326995987,-13.1213203435596,8.46235034716181));
#16559=CARTESIAN_POINT('Ctrl Pts',(80.5489826659001,-13.1213203435596,8.52208244465537));
#16560=CARTESIAN_POINT('Ctrl Pts',(80.5132379322947,-13.1213203435596,8.58351561269452));
#16561=CARTESIAN_POINT('Ctrl Pts',(80.46980052421,-13.1213203435596,8.6435632999042));
#16562=CARTESIAN_POINT('Ctrl Pts',(80.4195304476045,-13.1213203435596,8.70007643649456));
#16563=CARTESIAN_POINT('Ctrl Pts',(80.3638092690423,-13.1213203435596,8.75199444545982));
#16564=CARTESIAN_POINT('Ctrl Pts',(80.3038402496597,-13.1213203435596,8.79904657718178));
#16565=CARTESIAN_POINT('Ctrl Pts',(80.2400523232406,-13.1213203435596,8.84159704600912));
#16566=CARTESIAN_POINT('Ctrl Pts',(80.1714151162977,-13.1213203435596,8.88043132312247));
#16567=CARTESIAN_POINT('Ctrl Pts',(80.0961963411681,-13.1213203435596,8.91652440841111));
#16568=CARTESIAN_POINT('Ctrl Pts',(80.0127912760765,-13.1213203435596,8.95079135770476));
#16569=CARTESIAN_POINT('Ctrl Pts',(79.9204960657189,-13.1213203435596,8.98385434306883));
#16570=CARTESIAN_POINT('Ctrl Pts',(79.8203842499987,-13.1213203435596,9.01577818463449));
#16571=CARTESIAN_POINT('Ctrl Pts',(79.7147390965532,-13.1213203435596,9.04625081908938));
#16572=CARTESIAN_POINT('Ctrl Pts',(79.606371474067,-13.1213203435596,9.07479909506217));
#16573=CARTESIAN_POINT('Ctrl Pts',(79.497981161784,-13.1213203435596,9.10099115590498));
#16574=CARTESIAN_POINT('Ctrl Pts',(79.3914949841786,-13.1213203435596,9.12464598895579));
#16575=CARTESIAN_POINT('Ctrl Pts',(79.2874280339526,-13.1213203435596,9.14603579735745));
#16576=CARTESIAN_POINT('Ctrl Pts',(79.1853234637552,-13.1213203435596,9.16574017044658));
#16577=CARTESIAN_POINT('Ctrl Pts',(79.0841872754261,-13.1213203435596,9.18450277537818));
#16578=CARTESIAN_POINT('Ctrl Pts',(78.9829097114387,-13.1213203435596,9.20309028736436));
#16579=CARTESIAN_POINT('Ctrl Pts',(78.8807272397603,-13.1213203435596,9.22214314673814));
#16580=CARTESIAN_POINT('Ctrl Pts',(78.7775631905585,-13.1213203435596,9.24205163221569));
#16581=CARTESIAN_POINT('Ctrl Pts',(78.673743327585,-13.1213203435596,9.26297266234474));
#16582=CARTESIAN_POINT('Ctrl Pts',(78.5697818039251,-13.1213203435596,9.28482396992127));
#16583=CARTESIAN_POINT('Ctrl Pts',(78.4661577884352,-13.1213203435596,9.30729681730759));
#16584=CARTESIAN_POINT('Ctrl Pts',(78.3630536041124,-13.1213203435596,9.32983748144395));
#16585=CARTESIAN_POINT('Ctrl Pts',(78.26024921749,-13.1213203435596,9.3517179877174));
#16586=CARTESIAN_POINT('Ctrl Pts',(78.1573564576536,-13.1213203435596,9.37227948186779));
#16587=CARTESIAN_POINT('Ctrl Pts',(78.0539931928506,-13.1213203435596,9.39115701499984));
#16588=CARTESIAN_POINT('Ctrl Pts',(77.9499586634022,-13.1213203435596,9.40847576569056));
#16589=CARTESIAN_POINT('Ctrl Pts',(77.8454637730485,-13.1213203435596,9.4251470183058));
#16590=CARTESIAN_POINT('Ctrl Pts',(77.7411250394254,-13.1213203435596,9.44278634734666));
#16591=CARTESIAN_POINT('Ctrl Pts',(77.6377028891907,-13.1213203435596,9.46323593653662));
#16592=CARTESIAN_POINT('Ctrl Pts',(77.5358974941182,-13.1213203435596,9.48816916930033));
#16593=CARTESIAN_POINT('Ctrl Pts',(77.436144386336,-13.1213203435596,9.51871171862909));
#16594=CARTESIAN_POINT('Ctrl Pts',(77.3383519915676,-13.1213203435596,9.55493043381866));
#16595=CARTESIAN_POINT('Ctrl Pts',(77.2419493474793,-13.1213203435596,9.59599045136679));
#16596=CARTESIAN_POINT('Ctrl Pts',(77.1461089080303,-13.1213203435596,9.64067971963796));
#16597=CARTESIAN_POINT('Ctrl Pts',(77.0499177204341,-13.1213203435596,9.68783642014618));
#16598=CARTESIAN_POINT('Ctrl Pts',(76.9525639002088,-13.1213203435596,9.7367792696413));
#16599=CARTESIAN_POINT('Ctrl Pts',(76.8535323546451,-13.1213203435596,9.78783313645264));
#16600=CARTESIAN_POINT('Ctrl Pts',(76.7526749780433,-13.1213203435596,9.84209849239015));
#16601=CARTESIAN_POINT('Ctrl Pts',(76.6502414385239,-13.1213203435596,9.90103261206011));
#16602=CARTESIAN_POINT('Ctrl Pts',(76.5469322820441,-13.1213203435596,9.96607911683281));
#16603=CARTESIAN_POINT('Ctrl Pts',(76.4439233030762,-13.1213203435596,10.038313372369));
#16604=CARTESIAN_POINT('Ctrl Pts',(76.3429505671188,-13.1213203435596,10.1179916479016));
#16605=CARTESIAN_POINT('Ctrl Pts',(76.2461670620343,-13.1213203435596,10.2045162994865));
#16606=CARTESIAN_POINT('Ctrl Pts',(76.1558085060995,-13.1213203435596,10.296755010637));
#16607=CARTESIAN_POINT('Ctrl Pts',(76.0739156428677,-13.1213203435596,10.3932582577077));
#16608=CARTESIAN_POINT('Ctrl Pts',(76.0020281924394,-13.1213203435596,10.4925202979416));
#16609=CARTESIAN_POINT('Ctrl Pts',(75.9409028340427,-13.1213203435596,10.5932172472396));
#16610=CARTESIAN_POINT('Ctrl Pts',(75.890188320677,-13.1213203435596,10.6944665212503));
#16611=CARTESIAN_POINT('Ctrl Pts',(75.8487511919846,-13.1213203435596,10.7958457177199));
#16612=CARTESIAN_POINT('Ctrl Pts',(75.815043516963,-13.1213203435596,10.897394482533));
#16613=CARTESIAN_POINT('Ctrl Pts',(75.7874603351986,-13.1213203435596,10.9996260857822));
#16614=CARTESIAN_POINT('Ctrl Pts',(75.7646900442383,-13.1213203435596,11.1035269134248));
#16615=CARTESIAN_POINT('Ctrl Pts',(75.7460982692374,-13.1213203435596,11.2105827745689));
#16616=CARTESIAN_POINT('Ctrl Pts',(75.7316266538502,-13.1213203435596,11.3224752644279));
#16617=CARTESIAN_POINT('Ctrl Pts',(75.721647600949,-13.1213203435596,11.4407563727013));
#16618=CARTESIAN_POINT('Ctrl Pts',(75.7168319292647,-13.1213203435596,11.5665144991107));
#16619=CARTESIAN_POINT('Ctrl Pts',(75.7180180533888,-13.1213203435596,11.7000811757899));
#16620=CARTESIAN_POINT('Ctrl Pts',(75.7260630718188,-13.1213203435596,11.8406258602718));
#16621=CARTESIAN_POINT('Ctrl Pts',(75.7417959542794,-13.1213203435596,11.9863075088653));
#16622=CARTESIAN_POINT('Ctrl Pts',(75.7660186465869,-13.1213203435596,12.1346831432977));
#16623=CARTESIAN_POINT('Ctrl Pts',(75.7994913620275,-13.1213203435596,12.2830297561099));
#16624=CARTESIAN_POINT('Ctrl Pts',(75.8429255486971,-13.1213203435596,12.4287125808492));
#16625=CARTESIAN_POINT('Ctrl Pts',(75.8969709867399,-13.1213203435596,12.569509346735));
#16626=CARTESIAN_POINT('Ctrl Pts',(75.9622115867411,-13.1213203435596,12.7040118258133));
#16627=CARTESIAN_POINT('Ctrl Pts',(76.0391372671557,-13.1213203435596,12.8318038963611));
#16628=CARTESIAN_POINT('Ctrl Pts',(76.1280623111858,-13.1213203435596,12.9531247651126));
#16629=CARTESIAN_POINT('Ctrl Pts',(76.2290529790712,-13.1213203435596,13.0686317018824));
#16630=CARTESIAN_POINT('Ctrl Pts',(76.3418540547058,-13.1213203435596,13.1791284104518));
#16631=CARTESIAN_POINT('Ctrl Pts',(76.4658096612653,-13.1213203435596,13.285296475109));
#16632=CARTESIAN_POINT('Ctrl Pts',(76.5998007550784,-13.1213203435596,13.3874527572783));
#16633=CARTESIAN_POINT('Ctrl Pts',(76.7421389248317,-13.1213203435596,13.4852261273319));
#16634=CARTESIAN_POINT('Ctrl Pts',(76.8906746335024,-13.1213203435596,13.5776420922722));
#16635=CARTESIAN_POINT('Ctrl Pts',(77.0430025638405,-13.1213203435596,13.6633930941065));
#16636=CARTESIAN_POINT('Ctrl Pts',(77.1966372358828,-13.1213203435596,13.7410519958084));
#16637=CARTESIAN_POINT('Ctrl Pts',(77.3491982309886,-13.1213203435596,13.8093038603008));
#16638=CARTESIAN_POINT('Ctrl Pts',(77.4985975919762,-13.1213203435596,13.8671821106344));
#16639=CARTESIAN_POINT('Ctrl Pts',(77.6432116674752,-13.1213203435596,13.9142743466945));
#16640=CARTESIAN_POINT('Ctrl Pts',(77.7820958578509,-13.1213203435596,13.9510115658622));
#16641=CARTESIAN_POINT('Ctrl Pts',(77.9150444512963,-13.1213203435596,13.9786549596358));
#16642=CARTESIAN_POINT('Ctrl Pts',(78.0424712667,-13.1213203435596,13.9989257834016));
#16643=CARTESIAN_POINT('Ctrl Pts',(78.165334939847,-13.1213203435596,14.0137338503369));
#16644=CARTESIAN_POINT('Ctrl Pts',(78.2850505635167,-13.1213203435596,14.0248534024229));
#16645=CARTESIAN_POINT('Ctrl Pts',(78.4033971217718,-13.1213203435596,14.0336505947414));
#16646=CARTESIAN_POINT('Ctrl Pts',(78.5224525359824,-13.1213203435596,14.0407151264631));
#16647=CARTESIAN_POINT('Ctrl Pts',(78.644387229154,-13.1213203435596,14.0459036450437));
#16648=CARTESIAN_POINT('Ctrl Pts',(78.771181395443,-13.1213203435596,14.0485967931134));
#16649=CARTESIAN_POINT('Ctrl Pts',(78.9043669079195,-13.1213203435596,14.0478894402577));
#16650=CARTESIAN_POINT('Ctrl Pts',(79.0447570428918,-13.1213203435596,14.0428093516285));
#16651=CARTESIAN_POINT('Ctrl Pts',(79.1921856676394,-13.1213203435596,14.0325217216056));
#16652=CARTESIAN_POINT('Ctrl Pts',(79.3452300007021,-13.1213203435596,14.0165450518533));
#16653=CARTESIAN_POINT('Ctrl Pts',(79.5015825286387,-13.1213203435596,13.9946914903975));
#16654=CARTESIAN_POINT('Ctrl Pts',(79.6584411829895,-13.1213203435596,13.9670011499995));
#16655=CARTESIAN_POINT('Ctrl Pts',(79.8128872322357,-13.1213203435596,13.9336792148864));
#16656=CARTESIAN_POINT('Ctrl Pts',(79.9622806328207,-13.1213203435596,13.8950306129084));
#16657=CARTESIAN_POINT('Ctrl Pts',(80.1046192931669,-13.1213203435596,13.8513987919948));
#16658=CARTESIAN_POINT('Ctrl Pts',(80.2389831555035,-13.1213203435596,13.8030954297379));
#16659=CARTESIAN_POINT('Ctrl Pts',(80.3657168323029,-13.1213203435596,13.7503578397809));
#16660=CARTESIAN_POINT('Ctrl Pts',(80.4859698255591,-13.1213203435596,13.6933739438308));
#16661=CARTESIAN_POINT('Ctrl Pts',(80.6013672733204,-13.1213203435596,13.6322938623529));
#16662=CARTESIAN_POINT('Ctrl Pts',(80.7136177924305,-13.1213203435596,13.5672472885689));
#16663=CARTESIAN_POINT('Ctrl Pts',(80.824173922683,-13.1213203435596,13.4983572935814));
#16664=CARTESIAN_POINT('Ctrl Pts',(80.9338075665728,-13.1213203435596,13.4257583202887));
#16665=CARTESIAN_POINT('Ctrl Pts',(81.0424341183348,-13.1213203435596,13.3496033334876));
#16666=CARTESIAN_POINT('Ctrl Pts',(81.1493941845224,-13.1213203435596,13.2700515393723));
#16667=CARTESIAN_POINT('Ctrl Pts',(81.2536320601817,-13.1213203435596,13.187260507746));
#16668=CARTESIAN_POINT('Ctrl Pts',(81.3539221398701,-13.1213203435596,13.1013761553273));
#16669=CARTESIAN_POINT('Ctrl Pts',(81.4490593999849,-13.1213203435596,13.0125245111401));
#16670=CARTESIAN_POINT('Ctrl Pts',(81.5381034023254,-13.1213203435596,12.9208005603386));
#16671=CARTESIAN_POINT('Ctrl Pts',(81.6204454873515,-13.1213203435596,12.8262670314775));
#16672=CARTESIAN_POINT('Ctrl Pts',(81.6957150902082,-13.1213203435596,12.728962292277));
#16673=CARTESIAN_POINT('Ctrl Pts',(81.7501273136514,-13.1213203435596,12.6489170437298));
#16674=CARTESIAN_POINT('Ctrl Pts',(81.7876447052131,-13.1213203435596,12.5876478592082));
#16675=CARTESIAN_POINT('Ctrl Pts',(81.8111934213388,-13.1213203435596,12.5462527650646));
#16676=CARTESIAN_POINT('Ctrl Pts',(81.8226020569034,-13.1213203435596,12.5254179753768));
#16677=CARTESIAN_POINT('',(76.6999982856214,-11.1213203435596,8.09999981895089));
#16678=CARTESIAN_POINT('',(76.6999982856214,-13.1213203435596,8.09999981895089));
#16679=CARTESIAN_POINT('',(81.8226020569034,-11.1213203435596,12.5254179753768));
#16680=CARTESIAN_POINT('Ctrl Pts',(76.6999982856214,-11.1213203435596,8.09999981895089));
#16681=CARTESIAN_POINT('Ctrl Pts',(76.7229981023942,-11.1213203435596,8.06709226191042));
#16682=CARTESIAN_POINT('Ctrl Pts',(76.7685773306358,-11.1213203435596,8.00297417138899));
#16683=CARTESIAN_POINT('Ctrl Pts',(76.8356849581873,-11.1213203435596,7.91188812373809));
#16684=CARTESIAN_POINT('Ctrl Pts',(76.9226392136701,-11.1213203435596,7.8006226586739));
#16685=CARTESIAN_POINT('Ctrl Pts',(77.027165655955,-11.1213203435596,7.67839848374445));
#16686=CARTESIAN_POINT('Ctrl Pts',(77.127640746322,-11.1213203435596,7.57268336682372));
#16687=CARTESIAN_POINT('Ctrl Pts',(77.2242959331997,-11.1213203435596,7.48278069121113));
#16688=CARTESIAN_POINT('Ctrl Pts',(77.3175172958696,-11.1213203435596,7.40751498430091));
#16689=CARTESIAN_POINT('Ctrl Pts',(77.4078864025537,-11.1213203435596,7.34514265622551));
#16690=CARTESIAN_POINT('Ctrl Pts',(77.4962148936759,-11.1213203435596,7.29316149096834));
#16691=CARTESIAN_POINT('Ctrl Pts',(77.5835995517496,-11.1213203435596,7.2484724465384));
#16692=CARTESIAN_POINT('Ctrl Pts',(77.6714908440322,-11.1213203435596,7.20795765133344));
#16693=CARTESIAN_POINT('Ctrl Pts',(77.7617738097914,-11.1213203435596,7.16897228870766));
#16694=CARTESIAN_POINT('Ctrl Pts',(77.8568097904093,-11.1213203435596,7.1298274994673));
#16695=CARTESIAN_POINT('Ctrl Pts',(77.9595830990997,-11.1213203435596,7.09039074506497));
#16696=CARTESIAN_POINT('Ctrl Pts',(78.0731501594734,-11.1213203435596,7.05179010317153));
#16697=CARTESIAN_POINT('Ctrl Pts',(78.1999197580091,-11.1213203435596,7.01588875412325));
#16698=CARTESIAN_POINT('Ctrl Pts',(78.340976281913,-11.1213203435596,6.98483364529789));
#16699=CARTESIAN_POINT('Ctrl Pts',(78.4954166553624,-11.1213203435596,6.96058304211218));
#16700=CARTESIAN_POINT('Ctrl Pts',(78.6596051932733,-11.1213203435596,6.94441968372214));
#16701=CARTESIAN_POINT('Ctrl Pts',(78.8266824722194,-11.1213203435596,6.93653808823185));
#16702=CARTESIAN_POINT('Ctrl Pts',(78.9882753654417,-11.1213203435596,6.93632815765231));
#16703=CARTESIAN_POINT('Ctrl Pts',(79.136030140627,-11.1213203435596,6.94259663274271));
#16704=CARTESIAN_POINT('Ctrl Pts',(79.2631766828181,-11.1213203435596,6.95381163261816));
#16705=CARTESIAN_POINT('Ctrl Pts',(79.3661626987468,-11.1213203435596,6.96833859719949));
#16706=CARTESIAN_POINT('Ctrl Pts',(79.4460638073244,-11.1213203435596,6.98467676208653));
#16707=CARTESIAN_POINT('Ctrl Pts',(79.5106021546007,-11.1213203435596,7.00170413157724));
#16708=CARTESIAN_POINT('Ctrl Pts',(79.5708509776502,-11.1213203435596,7.01880258976016));
#16709=CARTESIAN_POINT('Ctrl Pts',(79.6373597864423,-11.1213203435596,7.0359419370885));
#16710=CARTESIAN_POINT('Ctrl Pts',(79.7160109978639,-11.1213203435596,7.05382059223976));
#16711=CARTESIAN_POINT('Ctrl Pts',(79.8053954959642,-11.1213203435596,7.07385754719603));
#16712=CARTESIAN_POINT('Ctrl Pts',(79.9001620033653,-11.1213203435596,7.09766531328139));
#16713=CARTESIAN_POINT('Ctrl Pts',(79.9934399255418,-11.1213203435596,7.12659633206841));
#16714=CARTESIAN_POINT('Ctrl Pts',(80.0795602640906,-11.1213203435596,7.16127773875544));
#16715=CARTESIAN_POINT('Ctrl Pts',(80.1568248819874,-11.1213203435596,7.2011043866662));
#16716=CARTESIAN_POINT('Ctrl Pts',(80.2263278544323,-11.1213203435596,7.24486004757425));
#16717=CARTESIAN_POINT('Ctrl Pts',(80.290459380559,-11.1213203435596,7.29144537814179));
#16718=CARTESIAN_POINT('Ctrl Pts',(80.3515989922749,-11.1213203435596,7.34050223890771));
#16719=CARTESIAN_POINT('Ctrl Pts',(80.4105452960257,-11.1213203435596,7.39324809294191));
#16720=CARTESIAN_POINT('Ctrl Pts',(80.4667545086476,-11.1213203435596,7.45165274805892));
#16721=CARTESIAN_POINT('Ctrl Pts',(80.5189061211356,-11.1213203435596,7.51727452664194));
#16722=CARTESIAN_POINT('Ctrl Pts',(80.5653444297477,-11.1213203435596,7.59028600647787));
#16723=CARTESIAN_POINT('Ctrl Pts',(80.6045997022805,-11.1213203435596,7.66823529548558));
#16724=CARTESIAN_POINT('Ctrl Pts',(80.6355597694845,-11.1213203435596,7.74719605119977));
#16725=CARTESIAN_POINT('Ctrl Pts',(80.6576152501548,-11.1213203435596,7.82328785679459));
#16726=CARTESIAN_POINT('Ctrl Pts',(80.6707983410553,-11.1213203435596,7.89393650343916));
#16727=CARTESIAN_POINT('Ctrl Pts',(80.6759634525013,-11.1213203435596,7.9595695746635));
#16728=CARTESIAN_POINT('Ctrl Pts',(80.6745744148198,-11.1213203435596,8.02228606556311));
#16729=CARTESIAN_POINT('Ctrl Pts',(80.6684126042265,-11.1213203435596,8.08423292467535));
#16730=CARTESIAN_POINT('Ctrl Pts',(80.6593279461638,-11.1213203435596,8.14563590996475));
#16731=CARTESIAN_POINT('Ctrl Pts',(80.6489248268851,-11.1213203435596,8.20446913812656));
#16732=CARTESIAN_POINT('Ctrl Pts',(80.6382040587783,-11.1213203435596,8.25871994697097));
#16733=CARTESIAN_POINT('Ctrl Pts',(80.6271648908355,-11.1213203435596,8.30826383447133));
#16734=CARTESIAN_POINT('Ctrl Pts',(80.6145556734382,-11.1213203435596,8.35630329208797));
#16735=CARTESIAN_POINT('Ctrl Pts',(80.5985143889342,-11.1213203435596,8.40682226603927));
#16736=CARTESIAN_POINT('Ctrl Pts',(80.5771326995987,-11.1213203435596,8.46235034716181));
#16737=CARTESIAN_POINT('Ctrl Pts',(80.5489826659001,-11.1213203435596,8.52208244465537));
#16738=CARTESIAN_POINT('Ctrl Pts',(80.5132379322947,-11.1213203435596,8.58351561269452));
#16739=CARTESIAN_POINT('Ctrl Pts',(80.46980052421,-11.1213203435596,8.6435632999042));
#16740=CARTESIAN_POINT('Ctrl Pts',(80.4195304476045,-11.1213203435596,8.70007643649456));
#16741=CARTESIAN_POINT('Ctrl Pts',(80.3638092690423,-11.1213203435596,8.75199444545982));
#16742=CARTESIAN_POINT('Ctrl Pts',(80.3038402496597,-11.1213203435596,8.79904657718178));
#16743=CARTESIAN_POINT('Ctrl Pts',(80.2400523232406,-11.1213203435596,8.84159704600912));
#16744=CARTESIAN_POINT('Ctrl Pts',(80.1714151162977,-11.1213203435596,8.88043132312247));
#16745=CARTESIAN_POINT('Ctrl Pts',(80.0961963411681,-11.1213203435596,8.91652440841111));
#16746=CARTESIAN_POINT('Ctrl Pts',(80.0127912760765,-11.1213203435596,8.95079135770476));
#16747=CARTESIAN_POINT('Ctrl Pts',(79.9204960657189,-11.1213203435596,8.98385434306883));
#16748=CARTESIAN_POINT('Ctrl Pts',(79.8203842499987,-11.1213203435596,9.01577818463449));
#16749=CARTESIAN_POINT('Ctrl Pts',(79.7147390965532,-11.1213203435596,9.04625081908938));
#16750=CARTESIAN_POINT('Ctrl Pts',(79.606371474067,-11.1213203435596,9.07479909506217));
#16751=CARTESIAN_POINT('Ctrl Pts',(79.497981161784,-11.1213203435596,9.10099115590498));
#16752=CARTESIAN_POINT('Ctrl Pts',(79.3914949841786,-11.1213203435596,9.12464598895579));
#16753=CARTESIAN_POINT('Ctrl Pts',(79.2874280339526,-11.1213203435596,9.14603579735745));
#16754=CARTESIAN_POINT('Ctrl Pts',(79.1853234637552,-11.1213203435596,9.16574017044658));
#16755=CARTESIAN_POINT('Ctrl Pts',(79.0841872754261,-11.1213203435596,9.18450277537818));
#16756=CARTESIAN_POINT('Ctrl Pts',(78.9829097114387,-11.1213203435596,9.20309028736436));
#16757=CARTESIAN_POINT('Ctrl Pts',(78.8807272397603,-11.1213203435596,9.22214314673814));
#16758=CARTESIAN_POINT('Ctrl Pts',(78.7775631905585,-11.1213203435596,9.24205163221569));
#16759=CARTESIAN_POINT('Ctrl Pts',(78.673743327585,-11.1213203435596,9.26297266234474));
#16760=CARTESIAN_POINT('Ctrl Pts',(78.5697818039251,-11.1213203435596,9.28482396992127));
#16761=CARTESIAN_POINT('Ctrl Pts',(78.4661577884352,-11.1213203435596,9.30729681730759));
#16762=CARTESIAN_POINT('Ctrl Pts',(78.3630536041124,-11.1213203435596,9.32983748144395));
#16763=CARTESIAN_POINT('Ctrl Pts',(78.26024921749,-11.1213203435596,9.3517179877174));
#16764=CARTESIAN_POINT('Ctrl Pts',(78.1573564576536,-11.1213203435596,9.37227948186779));
#16765=CARTESIAN_POINT('Ctrl Pts',(78.0539931928506,-11.1213203435596,9.39115701499984));
#16766=CARTESIAN_POINT('Ctrl Pts',(77.9499586634022,-11.1213203435596,9.40847576569056));
#16767=CARTESIAN_POINT('Ctrl Pts',(77.8454637730485,-11.1213203435596,9.4251470183058));
#16768=CARTESIAN_POINT('Ctrl Pts',(77.7411250394254,-11.1213203435596,9.44278634734666));
#16769=CARTESIAN_POINT('Ctrl Pts',(77.6377028891907,-11.1213203435596,9.46323593653662));
#16770=CARTESIAN_POINT('Ctrl Pts',(77.5358974941182,-11.1213203435596,9.48816916930033));
#16771=CARTESIAN_POINT('Ctrl Pts',(77.436144386336,-11.1213203435596,9.51871171862909));
#16772=CARTESIAN_POINT('Ctrl Pts',(77.3383519915676,-11.1213203435596,9.55493043381866));
#16773=CARTESIAN_POINT('Ctrl Pts',(77.2419493474793,-11.1213203435596,9.59599045136679));
#16774=CARTESIAN_POINT('Ctrl Pts',(77.1461089080303,-11.1213203435596,9.64067971963796));
#16775=CARTESIAN_POINT('Ctrl Pts',(77.0499177204341,-11.1213203435596,9.68783642014618));
#16776=CARTESIAN_POINT('Ctrl Pts',(76.9525639002088,-11.1213203435596,9.7367792696413));
#16777=CARTESIAN_POINT('Ctrl Pts',(76.8535323546451,-11.1213203435596,9.78783313645264));
#16778=CARTESIAN_POINT('Ctrl Pts',(76.7526749780433,-11.1213203435596,9.84209849239015));
#16779=CARTESIAN_POINT('Ctrl Pts',(76.6502414385239,-11.1213203435596,9.90103261206011));
#16780=CARTESIAN_POINT('Ctrl Pts',(76.5469322820441,-11.1213203435596,9.96607911683281));
#16781=CARTESIAN_POINT('Ctrl Pts',(76.4439233030762,-11.1213203435596,10.038313372369));
#16782=CARTESIAN_POINT('Ctrl Pts',(76.3429505671188,-11.1213203435596,10.1179916479016));
#16783=CARTESIAN_POINT('Ctrl Pts',(76.2461670620343,-11.1213203435596,10.2045162994865));
#16784=CARTESIAN_POINT('Ctrl Pts',(76.1558085060995,-11.1213203435596,10.296755010637));
#16785=CARTESIAN_POINT('Ctrl Pts',(76.0739156428677,-11.1213203435596,10.3932582577077));
#16786=CARTESIAN_POINT('Ctrl Pts',(76.0020281924394,-11.1213203435596,10.4925202979416));
#16787=CARTESIAN_POINT('Ctrl Pts',(75.9409028340427,-11.1213203435596,10.5932172472396));
#16788=CARTESIAN_POINT('Ctrl Pts',(75.890188320677,-11.1213203435596,10.6944665212503));
#16789=CARTESIAN_POINT('Ctrl Pts',(75.8487511919846,-11.1213203435596,10.7958457177199));
#16790=CARTESIAN_POINT('Ctrl Pts',(75.815043516963,-11.1213203435596,10.897394482533));
#16791=CARTESIAN_POINT('Ctrl Pts',(75.7874603351986,-11.1213203435596,10.9996260857822));
#16792=CARTESIAN_POINT('Ctrl Pts',(75.7646900442383,-11.1213203435596,11.1035269134248));
#16793=CARTESIAN_POINT('Ctrl Pts',(75.7460982692374,-11.1213203435596,11.2105827745689));
#16794=CARTESIAN_POINT('Ctrl Pts',(75.7316266538502,-11.1213203435596,11.3224752644279));
#16795=CARTESIAN_POINT('Ctrl Pts',(75.721647600949,-11.1213203435596,11.4407563727013));
#16796=CARTESIAN_POINT('Ctrl Pts',(75.7168319292647,-11.1213203435596,11.5665144991107));
#16797=CARTESIAN_POINT('Ctrl Pts',(75.7180180533888,-11.1213203435596,11.7000811757899));
#16798=CARTESIAN_POINT('Ctrl Pts',(75.7260630718188,-11.1213203435596,11.8406258602718));
#16799=CARTESIAN_POINT('Ctrl Pts',(75.7417959542794,-11.1213203435596,11.9863075088653));
#16800=CARTESIAN_POINT('Ctrl Pts',(75.7660186465869,-11.1213203435596,12.1346831432977));
#16801=CARTESIAN_POINT('Ctrl Pts',(75.7994913620275,-11.1213203435596,12.2830297561099));
#16802=CARTESIAN_POINT('Ctrl Pts',(75.8429255486971,-11.1213203435596,12.4287125808492));
#16803=CARTESIAN_POINT('Ctrl Pts',(75.8969709867399,-11.1213203435596,12.569509346735));
#16804=CARTESIAN_POINT('Ctrl Pts',(75.9622115867411,-11.1213203435596,12.7040118258133));
#16805=CARTESIAN_POINT('Ctrl Pts',(76.0391372671557,-11.1213203435596,12.8318038963611));
#16806=CARTESIAN_POINT('Ctrl Pts',(76.1280623111858,-11.1213203435596,12.9531247651126));
#16807=CARTESIAN_POINT('Ctrl Pts',(76.2290529790712,-11.1213203435596,13.0686317018824));
#16808=CARTESIAN_POINT('Ctrl Pts',(76.3418540547058,-11.1213203435596,13.1791284104518));
#16809=CARTESIAN_POINT('Ctrl Pts',(76.4658096612653,-11.1213203435596,13.285296475109));
#16810=CARTESIAN_POINT('Ctrl Pts',(76.5998007550784,-11.1213203435596,13.3874527572783));
#16811=CARTESIAN_POINT('Ctrl Pts',(76.7421389248317,-11.1213203435596,13.4852261273319));
#16812=CARTESIAN_POINT('Ctrl Pts',(76.8906746335024,-11.1213203435596,13.5776420922722));
#16813=CARTESIAN_POINT('Ctrl Pts',(77.0430025638405,-11.1213203435596,13.6633930941065));
#16814=CARTESIAN_POINT('Ctrl Pts',(77.1966372358828,-11.1213203435596,13.7410519958084));
#16815=CARTESIAN_POINT('Ctrl Pts',(77.3491982309886,-11.1213203435596,13.8093038603008));
#16816=CARTESIAN_POINT('Ctrl Pts',(77.4985975919762,-11.1213203435596,13.8671821106344));
#16817=CARTESIAN_POINT('Ctrl Pts',(77.6432116674752,-11.1213203435596,13.9142743466945));
#16818=CARTESIAN_POINT('Ctrl Pts',(77.7820958578509,-11.1213203435596,13.9510115658622));
#16819=CARTESIAN_POINT('Ctrl Pts',(77.9150444512963,-11.1213203435596,13.9786549596358));
#16820=CARTESIAN_POINT('Ctrl Pts',(78.0424712667,-11.1213203435596,13.9989257834016));
#16821=CARTESIAN_POINT('Ctrl Pts',(78.165334939847,-11.1213203435596,14.0137338503369));
#16822=CARTESIAN_POINT('Ctrl Pts',(78.2850505635167,-11.1213203435596,14.0248534024229));
#16823=CARTESIAN_POINT('Ctrl Pts',(78.4033971217718,-11.1213203435596,14.0336505947414));
#16824=CARTESIAN_POINT('Ctrl Pts',(78.5224525359824,-11.1213203435596,14.0407151264631));
#16825=CARTESIAN_POINT('Ctrl Pts',(78.644387229154,-11.1213203435596,14.0459036450437));
#16826=CARTESIAN_POINT('Ctrl Pts',(78.771181395443,-11.1213203435596,14.0485967931134));
#16827=CARTESIAN_POINT('Ctrl Pts',(78.9043669079195,-11.1213203435596,14.0478894402577));
#16828=CARTESIAN_POINT('Ctrl Pts',(79.0447570428918,-11.1213203435596,14.0428093516285));
#16829=CARTESIAN_POINT('Ctrl Pts',(79.1921856676394,-11.1213203435596,14.0325217216056));
#16830=CARTESIAN_POINT('Ctrl Pts',(79.3452300007021,-11.1213203435596,14.0165450518533));
#16831=CARTESIAN_POINT('Ctrl Pts',(79.5015825286387,-11.1213203435596,13.9946914903975));
#16832=CARTESIAN_POINT('Ctrl Pts',(79.6584411829895,-11.1213203435596,13.9670011499995));
#16833=CARTESIAN_POINT('Ctrl Pts',(79.8128872322357,-11.1213203435596,13.9336792148864));
#16834=CARTESIAN_POINT('Ctrl Pts',(79.9622806328207,-11.1213203435596,13.8950306129084));
#16835=CARTESIAN_POINT('Ctrl Pts',(80.1046192931669,-11.1213203435596,13.8513987919948));
#16836=CARTESIAN_POINT('Ctrl Pts',(80.2389831555035,-11.1213203435596,13.8030954297379));
#16837=CARTESIAN_POINT('Ctrl Pts',(80.3657168323029,-11.1213203435596,13.7503578397809));
#16838=CARTESIAN_POINT('Ctrl Pts',(80.4859698255591,-11.1213203435596,13.6933739438308));
#16839=CARTESIAN_POINT('Ctrl Pts',(80.6013672733204,-11.1213203435596,13.6322938623529));
#16840=CARTESIAN_POINT('Ctrl Pts',(80.7136177924305,-11.1213203435596,13.5672472885689));
#16841=CARTESIAN_POINT('Ctrl Pts',(80.824173922683,-11.1213203435596,13.4983572935814));
#16842=CARTESIAN_POINT('Ctrl Pts',(80.9338075665728,-11.1213203435596,13.4257583202887));
#16843=CARTESIAN_POINT('Ctrl Pts',(81.0424341183348,-11.1213203435596,13.3496033334876));
#16844=CARTESIAN_POINT('Ctrl Pts',(81.1493941845224,-11.1213203435596,13.2700515393723));
#16845=CARTESIAN_POINT('Ctrl Pts',(81.2536320601817,-11.1213203435596,13.187260507746));
#16846=CARTESIAN_POINT('Ctrl Pts',(81.3539221398701,-11.1213203435596,13.1013761553273));
#16847=CARTESIAN_POINT('Ctrl Pts',(81.4490593999849,-11.1213203435596,13.0125245111401));
#16848=CARTESIAN_POINT('Ctrl Pts',(81.5381034023254,-11.1213203435596,12.9208005603386));
#16849=CARTESIAN_POINT('Ctrl Pts',(81.6204454873515,-11.1213203435596,12.8262670314775));
#16850=CARTESIAN_POINT('Ctrl Pts',(81.6957150902082,-11.1213203435596,12.728962292277));
#16851=CARTESIAN_POINT('Ctrl Pts',(81.7501273136514,-11.1213203435596,12.6489170437298));
#16852=CARTESIAN_POINT('Ctrl Pts',(81.7876447052131,-11.1213203435596,12.5876478592082));
#16853=CARTESIAN_POINT('Ctrl Pts',(81.8111934213388,-11.1213203435596,12.5462527650646));
#16854=CARTESIAN_POINT('Ctrl Pts',(81.8226020569034,-11.1213203435596,12.5254179753768));
#16855=CARTESIAN_POINT('',(81.8226020569034,-13.1213203435596,12.5254179753768));
#16856=CARTESIAN_POINT('Origin',(75.4658999954968,-13.1213203435596,7.33041837191121));
#16857=CARTESIAN_POINT('',(75.4658999954968,-13.1213203435596,7.33041837191121));
#16858=CARTESIAN_POINT('',(75.5046181874589,-13.1213203435596,7.35456296593215));
#16859=CARTESIAN_POINT('',(75.4658999954968,-11.1213203435596,7.33041837191121));
#16860=CARTESIAN_POINT('',(75.4658999954968,-13.1213203435596,7.33041837191121));
#16861=CARTESIAN_POINT('',(76.6999982856214,-11.1213203435596,8.09999981895089));
#16862=CARTESIAN_POINT('Ctrl Pts',(80.6999981962144,-13.1213203435596,11.7999997362494));
#16863=CARTESIAN_POINT('Ctrl Pts',(80.6999981962144,-11.1213203435596,11.7999997362494));
#16864=CARTESIAN_POINT('Ctrl Pts',(80.6905578544574,-13.1213203435596,11.8137126810942));
#16865=CARTESIAN_POINT('Ctrl Pts',(80.6905578544574,-11.1213203435596,11.8137126810942));
#16866=CARTESIAN_POINT('Ctrl Pts',(80.6703759052348,-13.1213203435596,11.8418872161844));
#16867=CARTESIAN_POINT('Ctrl Pts',(80.6703759052348,-11.1213203435596,11.8418872161844));
#16868=CARTESIAN_POINT('Ctrl Pts',(80.6361990422949,-13.1213203435596,11.8863951301863));
#16869=CARTESIAN_POINT('Ctrl Pts',(80.6361990422949,-11.1213203435596,11.8863951301863));
#16870=CARTESIAN_POINT('Ctrl Pts',(80.5828225469399,-13.1213203435596,11.9502301210369));
#16871=CARTESIAN_POINT('Ctrl Pts',(80.5828225469399,-11.1213203435596,11.9502301210369));
#16872=CARTESIAN_POINT('Ctrl Pts',(80.5035152825769,-13.1213203435596,12.0369729195141));
#16873=CARTESIAN_POINT('Ctrl Pts',(80.5035152825769,-11.1213203435596,12.0369729195141));
#16874=CARTESIAN_POINT('Ctrl Pts',(80.4129282239541,-13.1213203435596,12.1290239336221));
#16875=CARTESIAN_POINT('Ctrl Pts',(80.4129282239541,-11.1213203435596,12.1290239336221));
#16876=CARTESIAN_POINT('Ctrl Pts',(80.313639534691,-13.1213203435596,12.2231487581723));
#16877=CARTESIAN_POINT('Ctrl Pts',(80.313639534691,-11.1213203435596,12.2231487581723));
#16878=CARTESIAN_POINT('Ctrl Pts',(80.2100573738775,-13.1213203435596,12.3138226200412));
#16879=CARTESIAN_POINT('Ctrl Pts',(80.2100573738775,-11.1213203435596,12.3138226200412));
#16880=CARTESIAN_POINT('Ctrl Pts',(80.1072235788534,-13.1213203435596,12.3946947009758));
#16881=CARTESIAN_POINT('Ctrl Pts',(80.1072235788534,-11.1213203435596,12.3946947009758));
#16882=CARTESIAN_POINT('Ctrl Pts',(80.0092839835893,-13.1213203435596,12.4604605705313));
#16883=CARTESIAN_POINT('Ctrl Pts',(80.0092839835893,-11.1213203435596,12.4604605705313));
#16884=CARTESIAN_POINT('Ctrl Pts',(79.9182399374041,-13.1213203435596,12.5083936349177));
#16885=CARTESIAN_POINT('Ctrl Pts',(79.9182399374041,-11.1213203435596,12.5083936349177));
#16886=CARTESIAN_POINT('Ctrl Pts',(79.8321971273998,-13.1213203435596,12.5404829513982));
#16887=CARTESIAN_POINT('Ctrl Pts',(79.8321971273998,-11.1213203435596,12.5404829513982));
#16888=CARTESIAN_POINT('Ctrl Pts',(79.745112616824,-13.1213203435596,12.5637656886767));
#16889=CARTESIAN_POINT('Ctrl Pts',(79.745112616824,-11.1213203435596,12.5637656886767));
#16890=CARTESIAN_POINT('Ctrl Pts',(79.6500498314258,-13.1213203435596,12.5864246852264));
#16891=CARTESIAN_POINT('Ctrl Pts',(79.6500498314258,-11.1213203435596,12.5864246852264));
#16892=CARTESIAN_POINT('Ctrl Pts',(79.5414199358302,-13.1213203435596,12.6151187598829));
#16893=CARTESIAN_POINT('Ctrl Pts',(79.5414199358302,-11.1213203435596,12.6151187598829));
#16894=CARTESIAN_POINT('Ctrl Pts',(79.4182987291825,-13.1213203435596,12.6509905416955));
#16895=CARTESIAN_POINT('Ctrl Pts',(79.4182987291825,-11.1213203435596,12.6509905416955));
#16896=CARTESIAN_POINT('Ctrl Pts',(79.2844682654408,-13.1213203435596,12.6897221765843));
#16897=CARTESIAN_POINT('Ctrl Pts',(79.2844682654408,-11.1213203435596,12.6897221765843));
#16898=CARTESIAN_POINT('Ctrl Pts',(79.1460475444946,-13.1213203435596,12.7245635235646));
#16899=CARTESIAN_POINT('Ctrl Pts',(79.1460475444946,-11.1213203435596,12.7245635235646));
#16900=CARTESIAN_POINT('Ctrl Pts',(79.0097521517211,-13.1213203435596,12.7486024935677));
#16901=CARTESIAN_POINT('Ctrl Pts',(79.0097521517211,-11.1213203435596,12.7486024935677));
#16902=CARTESIAN_POINT('Ctrl Pts',(78.8810231050018,-13.1213203435596,12.7571506331603));
#16903=CARTESIAN_POINT('Ctrl Pts',(78.8810231050018,-11.1213203435596,12.7571506331603));
#16904=CARTESIAN_POINT('Ctrl Pts',(78.7618833886458,-13.1213203435596,12.7505867458212));
#16905=CARTESIAN_POINT('Ctrl Pts',(78.7618833886458,-11.1213203435596,12.7505867458212));
#16906=CARTESIAN_POINT('Ctrl Pts',(78.6513862033185,-13.1213203435596,12.7331149234076));
#16907=CARTESIAN_POINT('Ctrl Pts',(78.6513862033185,-11.1213203435596,12.7331149234076));
#16908=CARTESIAN_POINT('Ctrl Pts',(78.5467589732729,-13.1213203435596,12.7103454873952));
#16909=CARTESIAN_POINT('Ctrl Pts',(78.5467589732729,-11.1213203435596,12.7103454873952));
#16910=CARTESIAN_POINT('Ctrl Pts',(78.4442882553059,-13.1213203435596,12.6874767998852));
#16911=CARTESIAN_POINT('Ctrl Pts',(78.4442882553059,-11.1213203435596,12.6874767998852));
#16912=CARTESIAN_POINT('Ctrl Pts',(78.3403589725277,-13.1213203435596,12.6667534817139));
#16913=CARTESIAN_POINT('Ctrl Pts',(78.3403589725277,-11.1213203435596,12.6667534817139));
#16914=CARTESIAN_POINT('Ctrl Pts',(78.2322587483832,-13.1213203435596,12.6472138497754));
#16915=CARTESIAN_POINT('Ctrl Pts',(78.2322587483832,-11.1213203435596,12.6472138497754));
#16916=CARTESIAN_POINT('Ctrl Pts',(78.1189535282074,-13.1213203435596,12.6263215902139));
#16917=CARTESIAN_POINT('Ctrl Pts',(78.1189535282074,-11.1213203435596,12.6263215902139));
#16918=CARTESIAN_POINT('Ctrl Pts',(78.0016982193533,-13.1213203435596,12.6009789795506));
#16919=CARTESIAN_POINT('Ctrl Pts',(78.0016982193533,-11.1213203435596,12.6009789795506));
#16920=CARTESIAN_POINT('Ctrl Pts',(77.8851081202264,-13.1213203435596,12.5689932446724));
#16921=CARTESIAN_POINT('Ctrl Pts',(77.8851081202264,-11.1213203435596,12.5689932446724));
#16922=CARTESIAN_POINT('Ctrl Pts',(77.7766453527197,-13.1213203435596,12.5296531855846));
#16923=CARTESIAN_POINT('Ctrl Pts',(77.7766453527197,-11.1213203435596,12.5296531855846));
#16924=CARTESIAN_POINT('Ctrl Pts',(77.6833068497567,-13.1213203435596,12.483050450466));
#16925=CARTESIAN_POINT('Ctrl Pts',(77.6833068497567,-11.1213203435596,12.483050450466));
#16926=CARTESIAN_POINT('Ctrl Pts',(77.6092746963033,-13.1213203435596,12.4297054783437));
#16927=CARTESIAN_POINT('Ctrl Pts',(77.6092746963033,-11.1213203435596,12.4297054783437));
#16928=CARTESIAN_POINT('Ctrl Pts',(77.5524880058123,-13.1213203435596,12.3700273951166));
#16929=CARTESIAN_POINT('Ctrl Pts',(77.5524880058123,-11.1213203435596,12.3700273951166));
#16930=CARTESIAN_POINT('Ctrl Pts',(77.503913057982,-13.1213203435596,12.3039839519643));
#16931=CARTESIAN_POINT('Ctrl Pts',(77.503913057982,-11.1213203435596,12.3039839519643));
#16932=CARTESIAN_POINT('Ctrl Pts',(77.4534131278364,-13.1213203435596,12.2311119128938));
#16933=CARTESIAN_POINT('Ctrl Pts',(77.4534131278364,-11.1213203435596,12.2311119128938));
#16934=CARTESIAN_POINT('Ctrl Pts',(77.393978169104,-13.1213203435596,12.1504989409249));
#16935=CARTESIAN_POINT('Ctrl Pts',(77.393978169104,-11.1213203435596,12.1504989409249));
#16936=CARTESIAN_POINT('Ctrl Pts',(77.3274722923709,-13.1213203435596,12.0606961531592));
#16937=CARTESIAN_POINT('Ctrl Pts',(77.3274722923709,-11.1213203435596,12.0606961531592));
#16938=CARTESIAN_POINT('Ctrl Pts',(77.2622834356945,-13.1213203435596,11.9604111360857));
#16939=CARTESIAN_POINT('Ctrl Pts',(77.2622834356945,-11.1213203435596,11.9604111360857));
#16940=CARTESIAN_POINT('Ctrl Pts',(77.2092683995423,-13.1213203435596,11.8494548735974));
#16941=CARTESIAN_POINT('Ctrl Pts',(77.2092683995423,-11.1213203435596,11.8494548735974));
#16942=CARTESIAN_POINT('Ctrl Pts',(77.1785942706038,-13.1213203435596,11.7294431266376));
#16943=CARTESIAN_POINT('Ctrl Pts',(77.1785942706038,-11.1213203435596,11.7294431266376));
#16944=CARTESIAN_POINT('Ctrl Pts',(77.1754448795254,-13.1213203435596,11.6049832541999));
#16945=CARTESIAN_POINT('Ctrl Pts',(77.1754448795254,-11.1213203435596,11.6049832541999));
#16946=CARTESIAN_POINT('Ctrl Pts',(77.19966788507,-13.1213203435596,11.4828986386665));
#16947=CARTESIAN_POINT('Ctrl Pts',(77.19966788507,-11.1213203435596,11.4828986386665));
#16948=CARTESIAN_POINT('Ctrl Pts',(77.2479790844531,-13.1213203435596,11.3700721798059));
#16949=CARTESIAN_POINT('Ctrl Pts',(77.2479790844531,-11.1213203435596,11.3700721798059));
#16950=CARTESIAN_POINT('Ctrl Pts',(77.3153433848005,-13.1213203435596,11.2718400824415));
#16951=CARTESIAN_POINT('Ctrl Pts',(77.3153433848005,-11.1213203435596,11.2718400824415));
#16952=CARTESIAN_POINT('Ctrl Pts',(77.3968420436381,-13.1213203435596,11.1898424676062));
#16953=CARTESIAN_POINT('Ctrl Pts',(77.3968420436381,-11.1213203435596,11.1898424676062));
#16954=CARTESIAN_POINT('Ctrl Pts',(77.4888681294736,-13.1213203435596,11.1210957071698));
#16955=CARTESIAN_POINT('Ctrl Pts',(77.4888681294736,-11.1213203435596,11.1210957071698));
#16956=CARTESIAN_POINT('Ctrl Pts',(77.5887826996237,-13.1213203435596,11.060431979805));
#16957=CARTESIAN_POINT('Ctrl Pts',(77.5887826996237,-11.1213203435596,11.060431979805));
#16958=CARTESIAN_POINT('Ctrl Pts',(77.694828728695,-13.1213203435596,11.002365030549));
#16959=CARTESIAN_POINT('Ctrl Pts',(77.694828728695,-11.1213203435596,11.002365030549));
#16960=CARTESIAN_POINT('Ctrl Pts',(77.8059447204101,-13.1213203435596,10.9431509524903));
#16961=CARTESIAN_POINT('Ctrl Pts',(77.8059447204101,-11.1213203435596,10.9431509524903));
#16962=CARTESIAN_POINT('Ctrl Pts',(77.9216208851593,-13.1213203435596,10.882849768855));
#16963=CARTESIAN_POINT('Ctrl Pts',(77.9216208851593,-11.1213203435596,10.882849768855));
#16964=CARTESIAN_POINT('Ctrl Pts',(78.0417421447506,-13.1213203435596,10.8240258297142));
#16965=CARTESIAN_POINT('Ctrl Pts',(78.0417421447506,-11.1213203435596,10.8240258297142));
#16966=CARTESIAN_POINT('Ctrl Pts',(78.1664368856985,-13.1213203435596,10.7702794053158));
#16967=CARTESIAN_POINT('Ctrl Pts',(78.1664368856985,-11.1213203435596,10.7702794053158));
#16968=CARTESIAN_POINT('Ctrl Pts',(78.2959280068407,-13.1213203435596,10.7249117033358));
#16969=CARTESIAN_POINT('Ctrl Pts',(78.2959280068407,-11.1213203435596,10.7249117033358));
#16970=CARTESIAN_POINT('Ctrl Pts',(78.4303718584858,-13.1213203435596,10.6893705098574));
#16971=CARTESIAN_POINT('Ctrl Pts',(78.4303718584858,-11.1213203435596,10.6893705098574));
#16972=CARTESIAN_POINT('Ctrl Pts',(78.5697369265457,-13.1213203435596,10.6622905748787));
#16973=CARTESIAN_POINT('Ctrl Pts',(78.5697369265457,-11.1213203435596,10.6622905748787));
#16974=CARTESIAN_POINT('Ctrl Pts',(78.7138313053547,-13.1213203435596,10.6406631043867));
#16975=CARTESIAN_POINT('Ctrl Pts',(78.7138313053547,-11.1213203435596,10.6406631043867));
#16976=CARTESIAN_POINT('Ctrl Pts',(78.8623060686672,-13.1213203435596,10.6206802162784));
#16977=CARTESIAN_POINT('Ctrl Pts',(78.8623060686672,-11.1213203435596,10.6206802162784));
#16978=CARTESIAN_POINT('Ctrl Pts',(79.0146692437931,-13.1213203435596,10.5986873826438));
#16979=CARTESIAN_POINT('Ctrl Pts',(79.0146692437931,-11.1213203435596,10.5986873826438));
#16980=CARTESIAN_POINT('Ctrl Pts',(79.1702923581242,-13.1213203435596,10.5721340995782));
#16981=CARTESIAN_POINT('Ctrl Pts',(79.1702923581242,-11.1213203435596,10.5721340995782));
#16982=CARTESIAN_POINT('Ctrl Pts',(79.3284285519373,-13.1213203435596,10.5403973477903));
#16983=CARTESIAN_POINT('Ctrl Pts',(79.3284285519373,-11.1213203435596,10.5403973477903));
#16984=CARTESIAN_POINT('Ctrl Pts',(79.4883387643215,-13.1213203435596,10.5040987429327));
#16985=CARTESIAN_POINT('Ctrl Pts',(79.4883387643215,-11.1213203435596,10.5040987429327));
#16986=CARTESIAN_POINT('Ctrl Pts',(79.64940399723,-13.1213203435596,10.4645586700506));
#16987=CARTESIAN_POINT('Ctrl Pts',(79.64940399723,-11.1213203435596,10.4645586700506));
#16988=CARTESIAN_POINT('Ctrl Pts',(79.811253898678,-13.1213203435596,10.4231749721582));
#16989=CARTESIAN_POINT('Ctrl Pts',(79.811253898678,-11.1213203435596,10.4231749721582));
#16990=CARTESIAN_POINT('Ctrl Pts',(79.9738633840244,-13.1213203435596,10.3808870456551));
#16991=CARTESIAN_POINT('Ctrl Pts',(79.9738633840244,-11.1213203435596,10.3808870456551));
#16992=CARTESIAN_POINT('Ctrl Pts',(80.1377247035277,-13.1213203435596,10.3374725920168));
#16993=CARTESIAN_POINT('Ctrl Pts',(80.1377247035277,-11.1213203435596,10.3374725920168));
#16994=CARTESIAN_POINT('Ctrl Pts',(80.3037554813135,-13.1213203435596,10.29140575644));
#16995=CARTESIAN_POINT('Ctrl Pts',(80.3037554813135,-11.1213203435596,10.29140575644));
#16996=CARTESIAN_POINT('Ctrl Pts',(80.4728817796422,-13.1213203435596,10.24039114265));
#16997=CARTESIAN_POINT('Ctrl Pts',(80.4728817796422,-11.1213203435596,10.24039114265));
#16998=CARTESIAN_POINT('Ctrl Pts',(80.6457130339932,-13.1213203435596,10.1817195652467));
#16999=CARTESIAN_POINT('Ctrl Pts',(80.6457130339932,-11.1213203435596,10.1817195652467));
#17000=CARTESIAN_POINT('Ctrl Pts',(80.8221611697912,-13.1213203435596,10.1127067287615));
#17001=CARTESIAN_POINT('Ctrl Pts',(80.8221611697912,-11.1213203435596,10.1127067287615));
#17002=CARTESIAN_POINT('Ctrl Pts',(81.0011258135892,-13.1213203435596,10.0310717331324));
#17003=CARTESIAN_POINT('Ctrl Pts',(81.0011258135892,-11.1213203435596,10.0310717331324));
#17004=CARTESIAN_POINT('Ctrl Pts',(81.1800479079265,-13.1213203435596,9.93540131025224));
#17005=CARTESIAN_POINT('Ctrl Pts',(81.1800479079265,-11.1213203435596,9.93540131025224));
#17006=CARTESIAN_POINT('Ctrl Pts',(81.3548644349153,-13.1213203435596,9.8253767454196));
#17007=CARTESIAN_POINT('Ctrl Pts',(81.3548644349153,-11.1213203435596,9.8253767454196));
#17008=CARTESIAN_POINT('Ctrl Pts',(81.5207496368945,-13.1213203435596,9.70154169380644));
#17009=CARTESIAN_POINT('Ctrl Pts',(81.5207496368945,-11.1213203435596,9.70154169380644));
#17010=CARTESIAN_POINT('Ctrl Pts',(81.6726950257224,-13.1213203435596,9.56516776061186));
#17011=CARTESIAN_POINT('Ctrl Pts',(81.6726950257224,-11.1213203435596,9.56516776061186));
#17012=CARTESIAN_POINT('Ctrl Pts',(81.806139688698,-13.1213203435596,9.41808123873785));
#17013=CARTESIAN_POINT('Ctrl Pts',(81.806139688698,-11.1213203435596,9.41808123873785));
#17014=CARTESIAN_POINT('Ctrl Pts',(81.9176114085244,-13.1213203435596,9.26250682119499));
#17015=CARTESIAN_POINT('Ctrl Pts',(81.9176114085244,-11.1213203435596,9.26250682119499));
#17016=CARTESIAN_POINT('Ctrl Pts',(82.0052880694774,-13.1213203435596,9.10090385730525));
#17017=CARTESIAN_POINT('Ctrl Pts',(82.0052880694774,-11.1213203435596,9.10090385730525));
#17018=CARTESIAN_POINT('Ctrl Pts',(82.0697864816345,-13.1213203435596,8.93580678775747));
#17019=CARTESIAN_POINT('Ctrl Pts',(82.0697864816345,-11.1213203435596,8.93580678775747));
#17020=CARTESIAN_POINT('Ctrl Pts',(82.1137796611621,-13.1213203435596,8.7696586225727));
#17021=CARTESIAN_POINT('Ctrl Pts',(82.1137796611621,-11.1213203435596,8.7696586225727));
#17022=CARTESIAN_POINT('Ctrl Pts',(82.1411123074343,-13.1213203435596,8.60464150323682));
#17023=CARTESIAN_POINT('Ctrl Pts',(82.1411123074343,-11.1213203435596,8.60464150323682));
#17024=CARTESIAN_POINT('Ctrl Pts',(82.1560820409968,-13.1213203435596,8.44250986086539));
#17025=CARTESIAN_POINT('Ctrl Pts',(82.1560820409968,-11.1213203435596,8.44250986086539));
#17026=CARTESIAN_POINT('Ctrl Pts',(82.1626430966161,-13.1213203435596,8.28441836743031));
#17027=CARTESIAN_POINT('Ctrl Pts',(82.1626430966161,-11.1213203435596,8.28441836743031));
#17028=CARTESIAN_POINT('Ctrl Pts',(82.1636638716982,-13.1213203435596,8.13076125342733));
#17029=CARTESIAN_POINT('Ctrl Pts',(82.1636638716982,-11.1213203435596,8.13076125342733));
#17030=CARTESIAN_POINT('Ctrl Pts',(82.160105218747,-13.1213203435596,7.98098132467906));
#17031=CARTESIAN_POINT('Ctrl Pts',(82.160105218747,-11.1213203435596,7.98098132467906));
#17032=CARTESIAN_POINT('Ctrl Pts',(82.1514266712773,-13.1213203435596,7.83391438880398));
#17033=CARTESIAN_POINT('Ctrl Pts',(82.1514266712773,-11.1213203435596,7.83391438880398));
#17034=CARTESIAN_POINT('Ctrl Pts',(82.1360616409958,-13.1213203435596,7.68815928613447));
#17035=CARTESIAN_POINT('Ctrl Pts',(82.1360616409958,-11.1213203435596,7.68815928613447));
#17036=CARTESIAN_POINT('Ctrl Pts',(82.1118774698314,-13.1213203435596,7.54245365958054));
#17037=CARTESIAN_POINT('Ctrl Pts',(82.1118774698314,-11.1213203435596,7.54245365958054));
#17038=CARTESIAN_POINT('Ctrl Pts',(82.076618569298,-13.1213203435596,7.39601285220436));
#17039=CARTESIAN_POINT('Ctrl Pts',(82.076618569298,-11.1213203435596,7.39601285220436));
#17040=CARTESIAN_POINT('Ctrl Pts',(82.0284155330676,-13.1213203435596,7.24897269452259));
#17041=CARTESIAN_POINT('Ctrl Pts',(82.0284155330676,-11.1213203435596,7.24897269452259));
#17042=CARTESIAN_POINT('Ctrl Pts',(81.9659231879652,-13.1213203435596,7.10227675733441));
#17043=CARTESIAN_POINT('Ctrl Pts',(81.9659231879652,-11.1213203435596,7.10227675733441));
#17044=CARTESIAN_POINT('Ctrl Pts',(81.8883120135535,-13.1213203435596,6.95734867919692));
#17045=CARTESIAN_POINT('Ctrl Pts',(81.8883120135535,-11.1213203435596,6.95734867919692));
#17046=CARTESIAN_POINT('Ctrl Pts',(81.7953080787374,-13.1213203435596,6.81583059195646));
#17047=CARTESIAN_POINT('Ctrl Pts',(81.7953080787374,-11.1213203435596,6.81583059195646));
#17048=CARTESIAN_POINT('Ctrl Pts',(81.6872116346338,-13.1213203435596,6.67930290443333));
#17049=CARTESIAN_POINT('Ctrl Pts',(81.6872116346338,-11.1213203435596,6.67930290443333));
#17050=CARTESIAN_POINT('Ctrl Pts',(81.5649282418637,-13.1213203435596,6.54899121412051));
#17051=CARTESIAN_POINT('Ctrl Pts',(81.5649282418637,-11.1213203435596,6.54899121412051));
#17052=CARTESIAN_POINT('Ctrl Pts',(81.4299853809842,-13.1213203435596,6.42554016001127));
#17053=CARTESIAN_POINT('Ctrl Pts',(81.4299853809842,-11.1213203435596,6.42554016001127));
#17054=CARTESIAN_POINT('Ctrl Pts',(81.284476947345,-13.1213203435596,6.30925362017825));
#17055=CARTESIAN_POINT('Ctrl Pts',(81.284476947345,-11.1213203435596,6.30925362017825));
#17056=CARTESIAN_POINT('Ctrl Pts',(81.1310170096329,-13.1213203435596,6.20028469972423));
#17057=CARTESIAN_POINT('Ctrl Pts',(81.1310170096329,-11.1213203435596,6.20028469972423));
#17058=CARTESIAN_POINT('Ctrl Pts',(80.972686748883,-13.1213203435596,6.09884172313298));
#17059=CARTESIAN_POINT('Ctrl Pts',(80.972686748883,-11.1213203435596,6.09884172313298));
#17060=CARTESIAN_POINT('Ctrl Pts',(80.8129924247241,-13.1213203435596,6.00539493349128));
#17061=CARTESIAN_POINT('Ctrl Pts',(80.8129924247241,-11.1213203435596,6.00539493349128));
#17062=CARTESIAN_POINT('Ctrl Pts',(80.6558001132237,-13.1213203435596,5.92086526154311));
#17063=CARTESIAN_POINT('Ctrl Pts',(80.6558001132237,-11.1213203435596,5.92086526154311));
#17064=CARTESIAN_POINT('Ctrl Pts',(80.505330075767,-13.1213203435596,5.84686816964273));
#17065=CARTESIAN_POINT('Ctrl Pts',(80.505330075767,-11.1213203435596,5.84686816964273));
#17066=CARTESIAN_POINT('Ctrl Pts',(80.3653765382447,-13.1213203435596,5.78519545012418));
#17067=CARTESIAN_POINT('Ctrl Pts',(80.3653765382447,-11.1213203435596,5.78519545012418));
#17068=CARTESIAN_POINT('Ctrl Pts',(80.2384935854739,-13.1213203435596,5.73725086516594));
#17069=CARTESIAN_POINT('Ctrl Pts',(80.2384935854739,-11.1213203435596,5.73725086516594));
#17070=CARTESIAN_POINT('Ctrl Pts',(80.1251298307256,-13.1213203435596,5.70346412493734));
#17071=CARTESIAN_POINT('Ctrl Pts',(80.1251298307256,-11.1213203435596,5.70346412493734));
#17072=CARTESIAN_POINT('Ctrl Pts',(80.022927363831,-13.1213203435596,5.682800563056));
#17073=CARTESIAN_POINT('Ctrl Pts',(80.022927363831,-11.1213203435596,5.682800563056));
#17074=CARTESIAN_POINT('Ctrl Pts',(79.9255795988302,-13.1213203435596,5.67200529453927));
#17075=CARTESIAN_POINT('Ctrl Pts',(79.9255795988302,-11.1213203435596,5.67200529453927));
#17076=CARTESIAN_POINT('Ctrl Pts',(79.8242666616641,-13.1213203435596,5.66640834178865));
#17077=CARTESIAN_POINT('Ctrl Pts',(79.8242666616641,-11.1213203435596,5.66640834178865));
#17078=CARTESIAN_POINT('Ctrl Pts',(79.7100676991281,-13.1213203435596,5.66132184050661));
#17079=CARTESIAN_POINT('Ctrl Pts',(79.7100676991281,-11.1213203435596,5.66132184050661));
#17080=CARTESIAN_POINT('Ctrl Pts',(79.5758598010931,-13.1213203435596,5.65312637467259));
#17081=CARTESIAN_POINT('Ctrl Pts',(79.5758598010931,-11.1213203435596,5.65312637467259));
#17082=CARTESIAN_POINT('Ctrl Pts',(79.4188944438256,-13.1213203435596,5.64076712921993));
#17083=CARTESIAN_POINT('Ctrl Pts',(79.4188944438256,-11.1213203435596,5.64076712921993));
#17084=CARTESIAN_POINT('Ctrl Pts',(79.2406268189886,-13.1213203435596,5.62558851171961));
#17085=CARTESIAN_POINT('Ctrl Pts',(79.2406268189886,-11.1213203435596,5.62558851171961));
#17086=CARTESIAN_POINT('Ctrl Pts',(79.0453079482502,-13.1213203435596,5.61041903971066));
#17087=CARTESIAN_POINT('Ctrl Pts',(79.0453079482502,-11.1213203435596,5.61041903971066));
#17088=CARTESIAN_POINT('Ctrl Pts',(78.8389827662173,-13.1213203435596,5.5989046078866));
#17089=CARTESIAN_POINT('Ctrl Pts',(78.8389827662173,-11.1213203435596,5.5989046078866));
#17090=CARTESIAN_POINT('Ctrl Pts',(78.6282873113914,-13.1213203435596,5.59471353299393));
#17091=CARTESIAN_POINT('Ctrl Pts',(78.6282873113914,-11.1213203435596,5.59471353299393));
#17092=CARTESIAN_POINT('Ctrl Pts',(78.4194091097629,-13.1213203435596,5.60085565941922));
#17093=CARTESIAN_POINT('Ctrl Pts',(78.4194091097629,-11.1213203435596,5.60085565941922));
#17094=CARTESIAN_POINT('Ctrl Pts',(78.2167906411546,-13.1213203435596,5.61880862893162));
#17095=CARTESIAN_POINT('Ctrl Pts',(78.2167906411546,-11.1213203435596,5.61880862893162));
#17096=CARTESIAN_POINT('Ctrl Pts',(78.0225930855889,-13.1213203435596,5.64822685375714));
#17097=CARTESIAN_POINT('Ctrl Pts',(78.0225930855889,-11.1213203435596,5.64822685375714));
#17098=CARTESIAN_POINT('Ctrl Pts',(77.8373891281076,-13.1213203435596,5.687596953403));
#17099=CARTESIAN_POINT('Ctrl Pts',(77.8373891281076,-11.1213203435596,5.687596953403));
#17100=CARTESIAN_POINT('Ctrl Pts',(77.6605731969037,-13.1213203435596,5.73467530082739));
#17101=CARTESIAN_POINT('Ctrl Pts',(77.6605731969037,-11.1213203435596,5.73467530082739));
#17102=CARTESIAN_POINT('Ctrl Pts',(77.4908854835508,-13.1213203435596,5.78701362486267));
#17103=CARTESIAN_POINT('Ctrl Pts',(77.4908854835508,-11.1213203435596,5.78701362486267));
#17104=CARTESIAN_POINT('Ctrl Pts',(77.3268856044321,-13.1213203435596,5.84244515943127));
#17105=CARTESIAN_POINT('Ctrl Pts',(77.3268856044321,-11.1213203435596,5.84244515943127));
#17106=CARTESIAN_POINT('Ctrl Pts',(77.1674511141769,-13.1213203435596,5.89959175914909));
#17107=CARTESIAN_POINT('Ctrl Pts',(77.1674511141769,-11.1213203435596,5.89959175914909));
#17108=CARTESIAN_POINT('Ctrl Pts',(77.0122560249436,-13.1213203435596,5.95835102750062));
#17109=CARTESIAN_POINT('Ctrl Pts',(77.0122560249436,-11.1213203435596,5.95835102750062));
#17110=CARTESIAN_POINT('Ctrl Pts',(76.8615500574628,-13.1213203435596,6.01952067149629));
#17111=CARTESIAN_POINT('Ctrl Pts',(76.8615500574628,-11.1213203435596,6.01952067149629));
#17112=CARTESIAN_POINT('Ctrl Pts',(76.7159512232543,-13.1213203435596,6.08444210095294));
#17113=CARTESIAN_POINT('Ctrl Pts',(76.7159512232543,-11.1213203435596,6.08444210095294));
#17114=CARTESIAN_POINT('Ctrl Pts',(76.576226691628,-13.1213203435596,6.15462460080074));
#17115=CARTESIAN_POINT('Ctrl Pts',(76.576226691628,-11.1213203435596,6.15462460080074));
#17116=CARTESIAN_POINT('Ctrl Pts',(76.4430946049053,-13.1213203435596,6.23140640318256));
#17117=CARTESIAN_POINT('Ctrl Pts',(76.4430946049053,-11.1213203435596,6.23140640318256));
#17118=CARTESIAN_POINT('Ctrl Pts',(76.3169780819194,-13.1213203435596,6.31553018746376));
#17119=CARTESIAN_POINT('Ctrl Pts',(76.3169780819194,-11.1213203435596,6.31553018746376));
#17120=CARTESIAN_POINT('Ctrl Pts',(76.1979198259976,-13.1213203435596,6.40700678374396));
#17121=CARTESIAN_POINT('Ctrl Pts',(76.1979198259976,-11.1213203435596,6.40700678374396));
#17122=CARTESIAN_POINT('Ctrl Pts',(76.0857197674851,-13.1213203435596,6.5053791487359));
#17123=CARTESIAN_POINT('Ctrl Pts',(76.0857197674851,-11.1213203435596,6.5053791487359));
#17124=CARTESIAN_POINT('Ctrl Pts',(75.9800194967886,-13.1213203435596,6.60989109439616));
#17125=CARTESIAN_POINT('Ctrl Pts',(75.9800194967886,-11.1213203435596,6.60989109439616));
#17126=CARTESIAN_POINT('Ctrl Pts',(75.8804051989389,-13.1213203435596,6.71968854617568));
#17127=CARTESIAN_POINT('Ctrl Pts',(75.8804051989389,-11.1213203435596,6.71968854617568));
#17128=CARTESIAN_POINT('Ctrl Pts',(75.7865096257983,-13.1213203435596,6.8340207144848));
#17129=CARTESIAN_POINT('Ctrl Pts',(75.7865096257983,-11.1213203435596,6.8340207144848));
#17130=CARTESIAN_POINT('Ctrl Pts',(75.6980933965491,-13.1213203435596,6.95239939618502));
#17131=CARTESIAN_POINT('Ctrl Pts',(75.6980933965491,-11.1213203435596,6.95239939618502));
#17132=CARTESIAN_POINT('Ctrl Pts',(75.6150095048218,-13.1213203435596,7.07452645184809));
#17133=CARTESIAN_POINT('Ctrl Pts',(75.6150095048218,-11.1213203435596,7.07452645184809));
#17134=CARTESIAN_POINT('Ctrl Pts',(75.5527493294265,-13.1213203435596,7.17510837929275));
#17135=CARTESIAN_POINT('Ctrl Pts',(75.5527493294265,-11.1213203435596,7.17510837929275));
#17136=CARTESIAN_POINT('Ctrl Pts',(75.5084089803169,-13.1213203435596,7.2521421996929));
#17137=CARTESIAN_POINT('Ctrl Pts',(75.5084089803169,-11.1213203435596,7.2521421996929));
#17138=CARTESIAN_POINT('Ctrl Pts',(75.4798952420486,-13.1213203435596,7.30420799645483));
#17139=CARTESIAN_POINT('Ctrl Pts',(75.4798952420486,-11.1213203435596,7.30420799645483));
#17140=CARTESIAN_POINT('Ctrl Pts',(75.4658999954968,-13.1213203435596,7.33041837191121));
#17141=CARTESIAN_POINT('Ctrl Pts',(75.4658999954968,-11.1213203435596,7.33041837191121));
#17142=CARTESIAN_POINT('',(80.6999981962144,-13.1213203435596,11.7999997362494));
#17143=CARTESIAN_POINT('Ctrl Pts',(80.6999981962144,-13.1213203435596,11.7999997362494));
#17144=CARTESIAN_POINT('Ctrl Pts',(80.6905578544574,-13.1213203435596,11.8137126810942));
#17145=CARTESIAN_POINT('Ctrl Pts',(80.6703759052348,-13.1213203435596,11.8418872161844));
#17146=CARTESIAN_POINT('Ctrl Pts',(80.6361990422949,-13.1213203435596,11.8863951301863));
#17147=CARTESIAN_POINT('Ctrl Pts',(80.5828225469399,-13.1213203435596,11.9502301210369));
#17148=CARTESIAN_POINT('Ctrl Pts',(80.5035152825769,-13.1213203435596,12.0369729195141));
#17149=CARTESIAN_POINT('Ctrl Pts',(80.4129282239541,-13.1213203435596,12.1290239336221));
#17150=CARTESIAN_POINT('Ctrl Pts',(80.313639534691,-13.1213203435596,12.2231487581723));
#17151=CARTESIAN_POINT('Ctrl Pts',(80.2100573738775,-13.1213203435596,12.3138226200412));
#17152=CARTESIAN_POINT('Ctrl Pts',(80.1072235788534,-13.1213203435596,12.3946947009758));
#17153=CARTESIAN_POINT('Ctrl Pts',(80.0092839835893,-13.1213203435596,12.4604605705313));
#17154=CARTESIAN_POINT('Ctrl Pts',(79.9182399374041,-13.1213203435596,12.5083936349177));
#17155=CARTESIAN_POINT('Ctrl Pts',(79.8321971273998,-13.1213203435596,12.5404829513982));
#17156=CARTESIAN_POINT('Ctrl Pts',(79.745112616824,-13.1213203435596,12.5637656886767));
#17157=CARTESIAN_POINT('Ctrl Pts',(79.6500498314258,-13.1213203435596,12.5864246852264));
#17158=CARTESIAN_POINT('Ctrl Pts',(79.5414199358302,-13.1213203435596,12.6151187598829));
#17159=CARTESIAN_POINT('Ctrl Pts',(79.4182987291825,-13.1213203435596,12.6509905416955));
#17160=CARTESIAN_POINT('Ctrl Pts',(79.2844682654408,-13.1213203435596,12.6897221765843));
#17161=CARTESIAN_POINT('Ctrl Pts',(79.1460475444946,-13.1213203435596,12.7245635235646));
#17162=CARTESIAN_POINT('Ctrl Pts',(79.0097521517211,-13.1213203435596,12.7486024935677));
#17163=CARTESIAN_POINT('Ctrl Pts',(78.8810231050018,-13.1213203435596,12.7571506331603));
#17164=CARTESIAN_POINT('Ctrl Pts',(78.7618833886458,-13.1213203435596,12.7505867458212));
#17165=CARTESIAN_POINT('Ctrl Pts',(78.6513862033185,-13.1213203435596,12.7331149234076));
#17166=CARTESIAN_POINT('Ctrl Pts',(78.5467589732729,-13.1213203435596,12.7103454873952));
#17167=CARTESIAN_POINT('Ctrl Pts',(78.4442882553059,-13.1213203435596,12.6874767998852));
#17168=CARTESIAN_POINT('Ctrl Pts',(78.3403589725277,-13.1213203435596,12.6667534817139));
#17169=CARTESIAN_POINT('Ctrl Pts',(78.2322587483832,-13.1213203435596,12.6472138497754));
#17170=CARTESIAN_POINT('Ctrl Pts',(78.1189535282074,-13.1213203435596,12.6263215902139));
#17171=CARTESIAN_POINT('Ctrl Pts',(78.0016982193533,-13.1213203435596,12.6009789795506));
#17172=CARTESIAN_POINT('Ctrl Pts',(77.8851081202264,-13.1213203435596,12.5689932446724));
#17173=CARTESIAN_POINT('Ctrl Pts',(77.7766453527197,-13.1213203435596,12.5296531855846));
#17174=CARTESIAN_POINT('Ctrl Pts',(77.6833068497567,-13.1213203435596,12.483050450466));
#17175=CARTESIAN_POINT('Ctrl Pts',(77.6092746963033,-13.1213203435596,12.4297054783437));
#17176=CARTESIAN_POINT('Ctrl Pts',(77.5524880058123,-13.1213203435596,12.3700273951166));
#17177=CARTESIAN_POINT('Ctrl Pts',(77.503913057982,-13.1213203435596,12.3039839519643));
#17178=CARTESIAN_POINT('Ctrl Pts',(77.4534131278364,-13.1213203435596,12.2311119128938));
#17179=CARTESIAN_POINT('Ctrl Pts',(77.393978169104,-13.1213203435596,12.1504989409249));
#17180=CARTESIAN_POINT('Ctrl Pts',(77.3274722923709,-13.1213203435596,12.0606961531592));
#17181=CARTESIAN_POINT('Ctrl Pts',(77.2622834356945,-13.1213203435596,11.9604111360857));
#17182=CARTESIAN_POINT('Ctrl Pts',(77.2092683995423,-13.1213203435596,11.8494548735974));
#17183=CARTESIAN_POINT('Ctrl Pts',(77.1785942706038,-13.1213203435596,11.7294431266376));
#17184=CARTESIAN_POINT('Ctrl Pts',(77.1754448795254,-13.1213203435596,11.6049832541999));
#17185=CARTESIAN_POINT('Ctrl Pts',(77.19966788507,-13.1213203435596,11.4828986386665));
#17186=CARTESIAN_POINT('Ctrl Pts',(77.2479790844531,-13.1213203435596,11.3700721798059));
#17187=CARTESIAN_POINT('Ctrl Pts',(77.3153433848005,-13.1213203435596,11.2718400824415));
#17188=CARTESIAN_POINT('Ctrl Pts',(77.3968420436381,-13.1213203435596,11.1898424676062));
#17189=CARTESIAN_POINT('Ctrl Pts',(77.4888681294736,-13.1213203435596,11.1210957071698));
#17190=CARTESIAN_POINT('Ctrl Pts',(77.5887826996237,-13.1213203435596,11.060431979805));
#17191=CARTESIAN_POINT('Ctrl Pts',(77.694828728695,-13.1213203435596,11.002365030549));
#17192=CARTESIAN_POINT('Ctrl Pts',(77.8059447204101,-13.1213203435596,10.9431509524903));
#17193=CARTESIAN_POINT('Ctrl Pts',(77.9216208851593,-13.1213203435596,10.882849768855));
#17194=CARTESIAN_POINT('Ctrl Pts',(78.0417421447506,-13.1213203435596,10.8240258297142));
#17195=CARTESIAN_POINT('Ctrl Pts',(78.1664368856985,-13.1213203435596,10.7702794053158));
#17196=CARTESIAN_POINT('Ctrl Pts',(78.2959280068407,-13.1213203435596,10.7249117033358));
#17197=CARTESIAN_POINT('Ctrl Pts',(78.4303718584858,-13.1213203435596,10.6893705098574));
#17198=CARTESIAN_POINT('Ctrl Pts',(78.5697369265457,-13.1213203435596,10.6622905748787));
#17199=CARTESIAN_POINT('Ctrl Pts',(78.7138313053547,-13.1213203435596,10.6406631043867));
#17200=CARTESIAN_POINT('Ctrl Pts',(78.8623060686672,-13.1213203435596,10.6206802162784));
#17201=CARTESIAN_POINT('Ctrl Pts',(79.0146692437931,-13.1213203435596,10.5986873826438));
#17202=CARTESIAN_POINT('Ctrl Pts',(79.1702923581242,-13.1213203435596,10.5721340995782));
#17203=CARTESIAN_POINT('Ctrl Pts',(79.3284285519373,-13.1213203435596,10.5403973477903));
#17204=CARTESIAN_POINT('Ctrl Pts',(79.4883387643215,-13.1213203435596,10.5040987429327));
#17205=CARTESIAN_POINT('Ctrl Pts',(79.64940399723,-13.1213203435596,10.4645586700506));
#17206=CARTESIAN_POINT('Ctrl Pts',(79.811253898678,-13.1213203435596,10.4231749721582));
#17207=CARTESIAN_POINT('Ctrl Pts',(79.9738633840244,-13.1213203435596,10.3808870456551));
#17208=CARTESIAN_POINT('Ctrl Pts',(80.1377247035277,-13.1213203435596,10.3374725920168));
#17209=CARTESIAN_POINT('Ctrl Pts',(80.3037554813135,-13.1213203435596,10.29140575644));
#17210=CARTESIAN_POINT('Ctrl Pts',(80.4728817796422,-13.1213203435596,10.24039114265));
#17211=CARTESIAN_POINT('Ctrl Pts',(80.6457130339932,-13.1213203435596,10.1817195652467));
#17212=CARTESIAN_POINT('Ctrl Pts',(80.8221611697912,-13.1213203435596,10.1127067287615));
#17213=CARTESIAN_POINT('Ctrl Pts',(81.0011258135892,-13.1213203435596,10.0310717331324));
#17214=CARTESIAN_POINT('Ctrl Pts',(81.1800479079265,-13.1213203435596,9.93540131025224));
#17215=CARTESIAN_POINT('Ctrl Pts',(81.3548644349153,-13.1213203435596,9.8253767454196));
#17216=CARTESIAN_POINT('Ctrl Pts',(81.5207496368945,-13.1213203435596,9.70154169380644));
#17217=CARTESIAN_POINT('Ctrl Pts',(81.6726950257224,-13.1213203435596,9.56516776061186));
#17218=CARTESIAN_POINT('Ctrl Pts',(81.806139688698,-13.1213203435596,9.41808123873785));
#17219=CARTESIAN_POINT('Ctrl Pts',(81.9176114085244,-13.1213203435596,9.26250682119499));
#17220=CARTESIAN_POINT('Ctrl Pts',(82.0052880694774,-13.1213203435596,9.10090385730525));
#17221=CARTESIAN_POINT('Ctrl Pts',(82.0697864816345,-13.1213203435596,8.93580678775747));
#17222=CARTESIAN_POINT('Ctrl Pts',(82.1137796611621,-13.1213203435596,8.7696586225727));
#17223=CARTESIAN_POINT('Ctrl Pts',(82.1411123074343,-13.1213203435596,8.60464150323682));
#17224=CARTESIAN_POINT('Ctrl Pts',(82.1560820409968,-13.1213203435596,8.44250986086539));
#17225=CARTESIAN_POINT('Ctrl Pts',(82.1626430966161,-13.1213203435596,8.28441836743031));
#17226=CARTESIAN_POINT('Ctrl Pts',(82.1636638716982,-13.1213203435596,8.13076125342733));
#17227=CARTESIAN_POINT('Ctrl Pts',(82.160105218747,-13.1213203435596,7.98098132467906));
#17228=CARTESIAN_POINT('Ctrl Pts',(82.1514266712773,-13.1213203435596,7.83391438880398));
#17229=CARTESIAN_POINT('Ctrl Pts',(82.1360616409958,-13.1213203435596,7.68815928613447));
#17230=CARTESIAN_POINT('Ctrl Pts',(82.1118774698314,-13.1213203435596,7.54245365958054));
#17231=CARTESIAN_POINT('Ctrl Pts',(82.076618569298,-13.1213203435596,7.39601285220436));
#17232=CARTESIAN_POINT('Ctrl Pts',(82.0284155330676,-13.1213203435596,7.24897269452259));
#17233=CARTESIAN_POINT('Ctrl Pts',(81.9659231879652,-13.1213203435596,7.10227675733441));
#17234=CARTESIAN_POINT('Ctrl Pts',(81.8883120135535,-13.1213203435596,6.95734867919692));
#17235=CARTESIAN_POINT('Ctrl Pts',(81.7953080787374,-13.1213203435596,6.81583059195646));
#17236=CARTESIAN_POINT('Ctrl Pts',(81.6872116346338,-13.1213203435596,6.67930290443333));
#17237=CARTESIAN_POINT('Ctrl Pts',(81.5649282418637,-13.1213203435596,6.54899121412051));
#17238=CARTESIAN_POINT('Ctrl Pts',(81.4299853809842,-13.1213203435596,6.42554016001127));
#17239=CARTESIAN_POINT('Ctrl Pts',(81.284476947345,-13.1213203435596,6.30925362017825));
#17240=CARTESIAN_POINT('Ctrl Pts',(81.1310170096329,-13.1213203435596,6.20028469972423));
#17241=CARTESIAN_POINT('Ctrl Pts',(80.972686748883,-13.1213203435596,6.09884172313298));
#17242=CARTESIAN_POINT('Ctrl Pts',(80.8129924247241,-13.1213203435596,6.00539493349128));
#17243=CARTESIAN_POINT('Ctrl Pts',(80.6558001132237,-13.1213203435596,5.92086526154311));
#17244=CARTESIAN_POINT('Ctrl Pts',(80.505330075767,-13.1213203435596,5.84686816964273));
#17245=CARTESIAN_POINT('Ctrl Pts',(80.3653765382447,-13.1213203435596,5.78519545012418));
#17246=CARTESIAN_POINT('Ctrl Pts',(80.2384935854739,-13.1213203435596,5.73725086516594));
#17247=CARTESIAN_POINT('Ctrl Pts',(80.1251298307256,-13.1213203435596,5.70346412493734));
#17248=CARTESIAN_POINT('Ctrl Pts',(80.022927363831,-13.1213203435596,5.682800563056));
#17249=CARTESIAN_POINT('Ctrl Pts',(79.9255795988302,-13.1213203435596,5.67200529453927));
#17250=CARTESIAN_POINT('Ctrl Pts',(79.8242666616641,-13.1213203435596,5.66640834178865));
#17251=CARTESIAN_POINT('Ctrl Pts',(79.7100676991281,-13.1213203435596,5.66132184050661));
#17252=CARTESIAN_POINT('Ctrl Pts',(79.5758598010931,-13.1213203435596,5.65312637467259));
#17253=CARTESIAN_POINT('Ctrl Pts',(79.4188944438256,-13.1213203435596,5.64076712921993));
#17254=CARTESIAN_POINT('Ctrl Pts',(79.2406268189886,-13.1213203435596,5.62558851171961));
#17255=CARTESIAN_POINT('Ctrl Pts',(79.0453079482502,-13.1213203435596,5.61041903971066));
#17256=CARTESIAN_POINT('Ctrl Pts',(78.8389827662173,-13.1213203435596,5.5989046078866));
#17257=CARTESIAN_POINT('Ctrl Pts',(78.6282873113914,-13.1213203435596,5.59471353299393));
#17258=CARTESIAN_POINT('Ctrl Pts',(78.4194091097629,-13.1213203435596,5.60085565941922));
#17259=CARTESIAN_POINT('Ctrl Pts',(78.2167906411546,-13.1213203435596,5.61880862893162));
#17260=CARTESIAN_POINT('Ctrl Pts',(78.0225930855889,-13.1213203435596,5.64822685375714));
#17261=CARTESIAN_POINT('Ctrl Pts',(77.8373891281076,-13.1213203435596,5.687596953403));
#17262=CARTESIAN_POINT('Ctrl Pts',(77.6605731969037,-13.1213203435596,5.73467530082739));
#17263=CARTESIAN_POINT('Ctrl Pts',(77.4908854835508,-13.1213203435596,5.78701362486267));
#17264=CARTESIAN_POINT('Ctrl Pts',(77.3268856044321,-13.1213203435596,5.84244515943127));
#17265=CARTESIAN_POINT('Ctrl Pts',(77.1674511141769,-13.1213203435596,5.89959175914909));
#17266=CARTESIAN_POINT('Ctrl Pts',(77.0122560249436,-13.1213203435596,5.95835102750062));
#17267=CARTESIAN_POINT('Ctrl Pts',(76.8615500574628,-13.1213203435596,6.01952067149629));
#17268=CARTESIAN_POINT('Ctrl Pts',(76.7159512232543,-13.1213203435596,6.08444210095294));
#17269=CARTESIAN_POINT('Ctrl Pts',(76.576226691628,-13.1213203435596,6.15462460080074));
#17270=CARTESIAN_POINT('Ctrl Pts',(76.4430946049053,-13.1213203435596,6.23140640318256));
#17271=CARTESIAN_POINT('Ctrl Pts',(76.3169780819194,-13.1213203435596,6.31553018746376));
#17272=CARTESIAN_POINT('Ctrl Pts',(76.1979198259976,-13.1213203435596,6.40700678374396));
#17273=CARTESIAN_POINT('Ctrl Pts',(76.0857197674851,-13.1213203435596,6.5053791487359));
#17274=CARTESIAN_POINT('Ctrl Pts',(75.9800194967886,-13.1213203435596,6.60989109439616));
#17275=CARTESIAN_POINT('Ctrl Pts',(75.8804051989389,-13.1213203435596,6.71968854617568));
#17276=CARTESIAN_POINT('Ctrl Pts',(75.7865096257983,-13.1213203435596,6.8340207144848));
#17277=CARTESIAN_POINT('Ctrl Pts',(75.6980933965491,-13.1213203435596,6.95239939618502));
#17278=CARTESIAN_POINT('Ctrl Pts',(75.6150095048218,-13.1213203435596,7.07452645184809));
#17279=CARTESIAN_POINT('Ctrl Pts',(75.5527493294265,-13.1213203435596,7.17510837929275));
#17280=CARTESIAN_POINT('Ctrl Pts',(75.5084089803169,-13.1213203435596,7.2521421996929));
#17281=CARTESIAN_POINT('Ctrl Pts',(75.4798952420486,-13.1213203435596,7.30420799645483));
#17282=CARTESIAN_POINT('Ctrl Pts',(75.4658999954968,-13.1213203435596,7.33041837191121));
#17283=CARTESIAN_POINT('',(80.6999981962144,-11.1213203435596,11.7999997362494));
#17284=CARTESIAN_POINT('',(80.6999981962144,-13.1213203435596,11.7999997362494));
#17285=CARTESIAN_POINT('Ctrl Pts',(80.6999981962144,-11.1213203435596,11.7999997362494));
#17286=CARTESIAN_POINT('Ctrl Pts',(80.6905578544574,-11.1213203435596,11.8137126810942));
#17287=CARTESIAN_POINT('Ctrl Pts',(80.6703759052348,-11.1213203435596,11.8418872161844));
#17288=CARTESIAN_POINT('Ctrl Pts',(80.6361990422949,-11.1213203435596,11.8863951301863));
#17289=CARTESIAN_POINT('Ctrl Pts',(80.5828225469399,-11.1213203435596,11.9502301210369));
#17290=CARTESIAN_POINT('Ctrl Pts',(80.5035152825769,-11.1213203435596,12.0369729195141));
#17291=CARTESIAN_POINT('Ctrl Pts',(80.4129282239541,-11.1213203435596,12.1290239336221));
#17292=CARTESIAN_POINT('Ctrl Pts',(80.313639534691,-11.1213203435596,12.2231487581723));
#17293=CARTESIAN_POINT('Ctrl Pts',(80.2100573738775,-11.1213203435596,12.3138226200412));
#17294=CARTESIAN_POINT('Ctrl Pts',(80.1072235788534,-11.1213203435596,12.3946947009758));
#17295=CARTESIAN_POINT('Ctrl Pts',(80.0092839835893,-11.1213203435596,12.4604605705313));
#17296=CARTESIAN_POINT('Ctrl Pts',(79.9182399374041,-11.1213203435596,12.5083936349177));
#17297=CARTESIAN_POINT('Ctrl Pts',(79.8321971273998,-11.1213203435596,12.5404829513982));
#17298=CARTESIAN_POINT('Ctrl Pts',(79.745112616824,-11.1213203435596,12.5637656886767));
#17299=CARTESIAN_POINT('Ctrl Pts',(79.6500498314258,-11.1213203435596,12.5864246852264));
#17300=CARTESIAN_POINT('Ctrl Pts',(79.5414199358302,-11.1213203435596,12.6151187598829));
#17301=CARTESIAN_POINT('Ctrl Pts',(79.4182987291825,-11.1213203435596,12.6509905416955));
#17302=CARTESIAN_POINT('Ctrl Pts',(79.2844682654408,-11.1213203435596,12.6897221765843));
#17303=CARTESIAN_POINT('Ctrl Pts',(79.1460475444946,-11.1213203435596,12.7245635235646));
#17304=CARTESIAN_POINT('Ctrl Pts',(79.0097521517211,-11.1213203435596,12.7486024935677));
#17305=CARTESIAN_POINT('Ctrl Pts',(78.8810231050018,-11.1213203435596,12.7571506331603));
#17306=CARTESIAN_POINT('Ctrl Pts',(78.7618833886458,-11.1213203435596,12.7505867458212));
#17307=CARTESIAN_POINT('Ctrl Pts',(78.6513862033185,-11.1213203435596,12.7331149234076));
#17308=CARTESIAN_POINT('Ctrl Pts',(78.5467589732729,-11.1213203435596,12.7103454873952));
#17309=CARTESIAN_POINT('Ctrl Pts',(78.4442882553059,-11.1213203435596,12.6874767998852));
#17310=CARTESIAN_POINT('Ctrl Pts',(78.3403589725277,-11.1213203435596,12.6667534817139));
#17311=CARTESIAN_POINT('Ctrl Pts',(78.2322587483832,-11.1213203435596,12.6472138497754));
#17312=CARTESIAN_POINT('Ctrl Pts',(78.1189535282074,-11.1213203435596,12.6263215902139));
#17313=CARTESIAN_POINT('Ctrl Pts',(78.0016982193533,-11.1213203435596,12.6009789795506));
#17314=CARTESIAN_POINT('Ctrl Pts',(77.8851081202264,-11.1213203435596,12.5689932446724));
#17315=CARTESIAN_POINT('Ctrl Pts',(77.7766453527197,-11.1213203435596,12.5296531855846));
#17316=CARTESIAN_POINT('Ctrl Pts',(77.6833068497567,-11.1213203435596,12.483050450466));
#17317=CARTESIAN_POINT('Ctrl Pts',(77.6092746963033,-11.1213203435596,12.4297054783437));
#17318=CARTESIAN_POINT('Ctrl Pts',(77.5524880058123,-11.1213203435596,12.3700273951166));
#17319=CARTESIAN_POINT('Ctrl Pts',(77.503913057982,-11.1213203435596,12.3039839519643));
#17320=CARTESIAN_POINT('Ctrl Pts',(77.4534131278364,-11.1213203435596,12.2311119128938));
#17321=CARTESIAN_POINT('Ctrl Pts',(77.393978169104,-11.1213203435596,12.1504989409249));
#17322=CARTESIAN_POINT('Ctrl Pts',(77.3274722923709,-11.1213203435596,12.0606961531592));
#17323=CARTESIAN_POINT('Ctrl Pts',(77.2622834356945,-11.1213203435596,11.9604111360857));
#17324=CARTESIAN_POINT('Ctrl Pts',(77.2092683995423,-11.1213203435596,11.8494548735974));
#17325=CARTESIAN_POINT('Ctrl Pts',(77.1785942706038,-11.1213203435596,11.7294431266376));
#17326=CARTESIAN_POINT('Ctrl Pts',(77.1754448795254,-11.1213203435596,11.6049832541999));
#17327=CARTESIAN_POINT('Ctrl Pts',(77.19966788507,-11.1213203435596,11.4828986386665));
#17328=CARTESIAN_POINT('Ctrl Pts',(77.2479790844531,-11.1213203435596,11.3700721798059));
#17329=CARTESIAN_POINT('Ctrl Pts',(77.3153433848005,-11.1213203435596,11.2718400824415));
#17330=CARTESIAN_POINT('Ctrl Pts',(77.3968420436381,-11.1213203435596,11.1898424676062));
#17331=CARTESIAN_POINT('Ctrl Pts',(77.4888681294736,-11.1213203435596,11.1210957071698));
#17332=CARTESIAN_POINT('Ctrl Pts',(77.5887826996237,-11.1213203435596,11.060431979805));
#17333=CARTESIAN_POINT('Ctrl Pts',(77.694828728695,-11.1213203435596,11.002365030549));
#17334=CARTESIAN_POINT('Ctrl Pts',(77.8059447204101,-11.1213203435596,10.9431509524903));
#17335=CARTESIAN_POINT('Ctrl Pts',(77.9216208851593,-11.1213203435596,10.882849768855));
#17336=CARTESIAN_POINT('Ctrl Pts',(78.0417421447506,-11.1213203435596,10.8240258297142));
#17337=CARTESIAN_POINT('Ctrl Pts',(78.1664368856985,-11.1213203435596,10.7702794053158));
#17338=CARTESIAN_POINT('Ctrl Pts',(78.2959280068407,-11.1213203435596,10.7249117033358));
#17339=CARTESIAN_POINT('Ctrl Pts',(78.4303718584858,-11.1213203435596,10.6893705098574));
#17340=CARTESIAN_POINT('Ctrl Pts',(78.5697369265457,-11.1213203435596,10.6622905748787));
#17341=CARTESIAN_POINT('Ctrl Pts',(78.7138313053547,-11.1213203435596,10.6406631043867));
#17342=CARTESIAN_POINT('Ctrl Pts',(78.8623060686672,-11.1213203435596,10.6206802162784));
#17343=CARTESIAN_POINT('Ctrl Pts',(79.0146692437931,-11.1213203435596,10.5986873826438));
#17344=CARTESIAN_POINT('Ctrl Pts',(79.1702923581242,-11.1213203435596,10.5721340995782));
#17345=CARTESIAN_POINT('Ctrl Pts',(79.3284285519373,-11.1213203435596,10.5403973477903));
#17346=CARTESIAN_POINT('Ctrl Pts',(79.4883387643215,-11.1213203435596,10.5040987429327));
#17347=CARTESIAN_POINT('Ctrl Pts',(79.64940399723,-11.1213203435596,10.4645586700506));
#17348=CARTESIAN_POINT('Ctrl Pts',(79.811253898678,-11.1213203435596,10.4231749721582));
#17349=CARTESIAN_POINT('Ctrl Pts',(79.9738633840244,-11.1213203435596,10.3808870456551));
#17350=CARTESIAN_POINT('Ctrl Pts',(80.1377247035277,-11.1213203435596,10.3374725920168));
#17351=CARTESIAN_POINT('Ctrl Pts',(80.3037554813135,-11.1213203435596,10.29140575644));
#17352=CARTESIAN_POINT('Ctrl Pts',(80.4728817796422,-11.1213203435596,10.24039114265));
#17353=CARTESIAN_POINT('Ctrl Pts',(80.6457130339932,-11.1213203435596,10.1817195652467));
#17354=CARTESIAN_POINT('Ctrl Pts',(80.8221611697912,-11.1213203435596,10.1127067287615));
#17355=CARTESIAN_POINT('Ctrl Pts',(81.0011258135892,-11.1213203435596,10.0310717331324));
#17356=CARTESIAN_POINT('Ctrl Pts',(81.1800479079265,-11.1213203435596,9.93540131025224));
#17357=CARTESIAN_POINT('Ctrl Pts',(81.3548644349153,-11.1213203435596,9.8253767454196));
#17358=CARTESIAN_POINT('Ctrl Pts',(81.5207496368945,-11.1213203435596,9.70154169380644));
#17359=CARTESIAN_POINT('Ctrl Pts',(81.6726950257224,-11.1213203435596,9.56516776061186));
#17360=CARTESIAN_POINT('Ctrl Pts',(81.806139688698,-11.1213203435596,9.41808123873785));
#17361=CARTESIAN_POINT('Ctrl Pts',(81.9176114085244,-11.1213203435596,9.26250682119499));
#17362=CARTESIAN_POINT('Ctrl Pts',(82.0052880694774,-11.1213203435596,9.10090385730525));
#17363=CARTESIAN_POINT('Ctrl Pts',(82.0697864816345,-11.1213203435596,8.93580678775747));
#17364=CARTESIAN_POINT('Ctrl Pts',(82.1137796611621,-11.1213203435596,8.7696586225727));
#17365=CARTESIAN_POINT('Ctrl Pts',(82.1411123074343,-11.1213203435596,8.60464150323682));
#17366=CARTESIAN_POINT('Ctrl Pts',(82.1560820409968,-11.1213203435596,8.44250986086539));
#17367=CARTESIAN_POINT('Ctrl Pts',(82.1626430966161,-11.1213203435596,8.28441836743031));
#17368=CARTESIAN_POINT('Ctrl Pts',(82.1636638716982,-11.1213203435596,8.13076125342733));
#17369=CARTESIAN_POINT('Ctrl Pts',(82.160105218747,-11.1213203435596,7.98098132467906));
#17370=CARTESIAN_POINT('Ctrl Pts',(82.1514266712773,-11.1213203435596,7.83391438880398));
#17371=CARTESIAN_POINT('Ctrl Pts',(82.1360616409958,-11.1213203435596,7.68815928613447));
#17372=CARTESIAN_POINT('Ctrl Pts',(82.1118774698314,-11.1213203435596,7.54245365958054));
#17373=CARTESIAN_POINT('Ctrl Pts',(82.076618569298,-11.1213203435596,7.39601285220436));
#17374=CARTESIAN_POINT('Ctrl Pts',(82.0284155330676,-11.1213203435596,7.24897269452259));
#17375=CARTESIAN_POINT('Ctrl Pts',(81.9659231879652,-11.1213203435596,7.10227675733441));
#17376=CARTESIAN_POINT('Ctrl Pts',(81.8883120135535,-11.1213203435596,6.95734867919692));
#17377=CARTESIAN_POINT('Ctrl Pts',(81.7953080787374,-11.1213203435596,6.81583059195646));
#17378=CARTESIAN_POINT('Ctrl Pts',(81.6872116346338,-11.1213203435596,6.67930290443333));
#17379=CARTESIAN_POINT('Ctrl Pts',(81.5649282418637,-11.1213203435596,6.54899121412051));
#17380=CARTESIAN_POINT('Ctrl Pts',(81.4299853809842,-11.1213203435596,6.42554016001127));
#17381=CARTESIAN_POINT('Ctrl Pts',(81.284476947345,-11.1213203435596,6.30925362017825));
#17382=CARTESIAN_POINT('Ctrl Pts',(81.1310170096329,-11.1213203435596,6.20028469972423));
#17383=CARTESIAN_POINT('Ctrl Pts',(80.972686748883,-11.1213203435596,6.09884172313298));
#17384=CARTESIAN_POINT('Ctrl Pts',(80.8129924247241,-11.1213203435596,6.00539493349128));
#17385=CARTESIAN_POINT('Ctrl Pts',(80.6558001132237,-11.1213203435596,5.92086526154311));
#17386=CARTESIAN_POINT('Ctrl Pts',(80.505330075767,-11.1213203435596,5.84686816964273));
#17387=CARTESIAN_POINT('Ctrl Pts',(80.3653765382447,-11.1213203435596,5.78519545012418));
#17388=CARTESIAN_POINT('Ctrl Pts',(80.2384935854739,-11.1213203435596,5.73725086516594));
#17389=CARTESIAN_POINT('Ctrl Pts',(80.1251298307256,-11.1213203435596,5.70346412493734));
#17390=CARTESIAN_POINT('Ctrl Pts',(80.022927363831,-11.1213203435596,5.682800563056));
#17391=CARTESIAN_POINT('Ctrl Pts',(79.9255795988302,-11.1213203435596,5.67200529453927));
#17392=CARTESIAN_POINT('Ctrl Pts',(79.8242666616641,-11.1213203435596,5.66640834178865));
#17393=CARTESIAN_POINT('Ctrl Pts',(79.7100676991281,-11.1213203435596,5.66132184050661));
#17394=CARTESIAN_POINT('Ctrl Pts',(79.5758598010931,-11.1213203435596,5.65312637467259));
#17395=CARTESIAN_POINT('Ctrl Pts',(79.4188944438256,-11.1213203435596,5.64076712921993));
#17396=CARTESIAN_POINT('Ctrl Pts',(79.2406268189886,-11.1213203435596,5.62558851171961));
#17397=CARTESIAN_POINT('Ctrl Pts',(79.0453079482502,-11.1213203435596,5.61041903971066));
#17398=CARTESIAN_POINT('Ctrl Pts',(78.8389827662173,-11.1213203435596,5.5989046078866));
#17399=CARTESIAN_POINT('Ctrl Pts',(78.6282873113914,-11.1213203435596,5.59471353299393));
#17400=CARTESIAN_POINT('Ctrl Pts',(78.4194091097629,-11.1213203435596,5.60085565941922));
#17401=CARTESIAN_POINT('Ctrl Pts',(78.2167906411546,-11.1213203435596,5.61880862893162));
#17402=CARTESIAN_POINT('Ctrl Pts',(78.0225930855889,-11.1213203435596,5.64822685375714));
#17403=CARTESIAN_POINT('Ctrl Pts',(77.8373891281076,-11.1213203435596,5.687596953403));
#17404=CARTESIAN_POINT('Ctrl Pts',(77.6605731969037,-11.1213203435596,5.73467530082739));
#17405=CARTESIAN_POINT('Ctrl Pts',(77.4908854835508,-11.1213203435596,5.78701362486267));
#17406=CARTESIAN_POINT('Ctrl Pts',(77.3268856044321,-11.1213203435596,5.84244515943127));
#17407=CARTESIAN_POINT('Ctrl Pts',(77.1674511141769,-11.1213203435596,5.89959175914909));
#17408=CARTESIAN_POINT('Ctrl Pts',(77.0122560249436,-11.1213203435596,5.95835102750062));
#17409=CARTESIAN_POINT('Ctrl Pts',(76.8615500574628,-11.1213203435596,6.01952067149629));
#17410=CARTESIAN_POINT('Ctrl Pts',(76.7159512232543,-11.1213203435596,6.08444210095294));
#17411=CARTESIAN_POINT('Ctrl Pts',(76.576226691628,-11.1213203435596,6.15462460080074));
#17412=CARTESIAN_POINT('Ctrl Pts',(76.4430946049053,-11.1213203435596,6.23140640318256));
#17413=CARTESIAN_POINT('Ctrl Pts',(76.3169780819194,-11.1213203435596,6.31553018746376));
#17414=CARTESIAN_POINT('Ctrl Pts',(76.1979198259976,-11.1213203435596,6.40700678374396));
#17415=CARTESIAN_POINT('Ctrl Pts',(76.0857197674851,-11.1213203435596,6.5053791487359));
#17416=CARTESIAN_POINT('Ctrl Pts',(75.9800194967886,-11.1213203435596,6.60989109439616));
#17417=CARTESIAN_POINT('Ctrl Pts',(75.8804051989389,-11.1213203435596,6.71968854617568));
#17418=CARTESIAN_POINT('Ctrl Pts',(75.7865096257983,-11.1213203435596,6.8340207144848));
#17419=CARTESIAN_POINT('Ctrl Pts',(75.6980933965491,-11.1213203435596,6.95239939618502));
#17420=CARTESIAN_POINT('Ctrl Pts',(75.6150095048218,-11.1213203435596,7.07452645184809));
#17421=CARTESIAN_POINT('Ctrl Pts',(75.5527493294265,-11.1213203435596,7.17510837929275));
#17422=CARTESIAN_POINT('Ctrl Pts',(75.5084089803169,-11.1213203435596,7.2521421996929));
#17423=CARTESIAN_POINT('Ctrl Pts',(75.4798952420486,-11.1213203435596,7.30420799645483));
#17424=CARTESIAN_POINT('Ctrl Pts',(75.4658999954968,-11.1213203435596,7.33041837191121));
#17425=CARTESIAN_POINT('Origin',(81.8226020569034,-13.1213203435596,12.5254179753768));
#17426=CARTESIAN_POINT('',(78.4416824437434,-13.1213203435596,10.3406929461002));
#17427=CARTESIAN_POINT('',(80.6999981962144,-11.1213203435596,11.7999997362494));
#17428=CARTESIAN_POINT('Origin',(78.8147819335975,-11.1213203435596,9.82165516305365));
#17429=CARTESIAN_POINT('Origin',(62.5763365777832,-13.1213203435596,9.29432939918648));
#17430=CARTESIAN_POINT('',(62.5763365777832,-13.1213203435596,9.29432939918648));
#17431=CARTESIAN_POINT('',(66.0000009834766,-13.1213203435596,9.29432939918648));
#17432=CARTESIAN_POINT('',(68.7881682888916,-13.1213203435596,9.29432939918648));
#17433=CARTESIAN_POINT('',(62.5763365777832,-11.1213203435596,9.29432939918648));
#17434=CARTESIAN_POINT('',(62.5763365777832,-13.1213203435596,9.29432939918648));
#17435=CARTESIAN_POINT('',(66.0000009834766,-11.1213203435596,9.29432939918648));
#17436=CARTESIAN_POINT('',(62.5763365777832,-11.1213203435596,9.29432939918648));
#17437=CARTESIAN_POINT('',(66.0000009834766,-13.1213203435596,9.29432939918648));
#17438=CARTESIAN_POINT('Origin',(64.2881687806299,-13.1213203435596,8.87783604624752));
#17439=CARTESIAN_POINT('Origin',(64.2881687806299,-13.1213203435596,8.87783604624752));
#17440=CARTESIAN_POINT('Origin',(64.2881687806299,-11.1213203435596,8.87783604624752));
#17441=CARTESIAN_POINT('Origin',(64.2627353228824,-13.1213203435596,8.63422474753335));
#17442=CARTESIAN_POINT('',(61.1652682400471,-13.1213203435596,8.29625667249509));
#17443=CARTESIAN_POINT('',(67.3602024057178,-13.1213203435596,8.29625667249509));
#17444=CARTESIAN_POINT('Origin',(64.2627353228824,-13.1213203435596,8.63422474753335));
#17445=CARTESIAN_POINT('',(61.1652682400471,-11.1213203435596,8.29625667249509));
#17446=CARTESIAN_POINT('',(61.1652682400471,-13.1213203435596,8.29625667249509));
#17447=CARTESIAN_POINT('',(67.3602024057178,-11.1213203435596,8.29625667249509));
#17448=CARTESIAN_POINT('Origin',(64.2627353228824,-11.1213203435596,8.63422474753335));
#17449=CARTESIAN_POINT('',(67.3602024057178,-13.1213203435596,8.29625667249509));
#17450=CARTESIAN_POINT('Origin',(63.4345589388298,-13.1213203435596,8.3660111395391));
#17451=CARTESIAN_POINT('',(61.6298883024724,-13.1213203435596,6.98843723752017));
#17452=CARTESIAN_POINT('Origin',(63.4345589388298,-13.1213203435596,8.3660111395391));
#17453=CARTESIAN_POINT('',(61.6298883024724,-11.1213203435596,6.98843723752017));
#17454=CARTESIAN_POINT('',(61.6298883024724,-13.1213203435596,6.98843723752017));
#17455=CARTESIAN_POINT('Origin',(63.4345589388298,-11.1213203435596,8.3660111395391));
#17456=CARTESIAN_POINT('Origin',(64.3745883008737,-13.1213203435596,9.30967720905638));
#17457=CARTESIAN_POINT('',(67.119288299275,-13.1213203435596,6.98843723752018));
#17458=CARTESIAN_POINT('Origin',(64.3745883008737,-13.1213203435596,9.30967720905638));
#17459=CARTESIAN_POINT('',(67.119288299275,-11.1213203435596,6.98843723752018));
#17460=CARTESIAN_POINT('',(67.119288299275,-13.1213203435596,6.98843723752018));
#17461=CARTESIAN_POINT('Origin',(64.3745883008737,-11.1213203435596,9.30967720905638));
#17462=CARTESIAN_POINT('Origin',(65.9835503689021,-13.1213203435596,7.59072250362704));
#17463=CARTESIAN_POINT('',(65.9835503689021,-13.1213203435596,7.59072250362704));
#17464=CARTESIAN_POINT('',(69.3658047656447,-13.1213203435596,5.79710274777869));
#17465=CARTESIAN_POINT('',(65.9835503689021,-11.1213203435596,7.59072250362704));
#17466=CARTESIAN_POINT('',(65.9835503689021,-13.1213203435596,7.59072250362704));
#17467=CARTESIAN_POINT('',(65.9835503689021,-11.1213203435596,7.59072250362704));
#17468=CARTESIAN_POINT('Origin',(64.4212067002086,-13.1213203435596,8.89035769412215));
#17469=CARTESIAN_POINT('',(62.9032914365269,-13.1213203435596,7.53909805224645));
#17470=CARTESIAN_POINT('Origin',(64.4212067002086,-13.1213203435596,8.89035769412215));
#17471=CARTESIAN_POINT('',(62.9032914365269,-11.1213203435596,7.53909805224645));
#17472=CARTESIAN_POINT('',(62.9032914365269,-13.1213203435596,7.53909805224645));
#17473=CARTESIAN_POINT('Origin',(64.4212067002086,-11.1213203435596,8.89035769412215));
#17474=CARTESIAN_POINT('Origin',(63.5951603094413,-13.1213203435596,8.21932611749656));
#17475=CARTESIAN_POINT('',(62.6279610291638,-13.1213203435596,8.29625667249509));
#17476=CARTESIAN_POINT('Origin',(63.5951603094413,-13.1213203435596,8.21932611749656));
#17477=CARTESIAN_POINT('',(62.6279610291638,-11.1213203435596,8.29625667249509));
#17478=CARTESIAN_POINT('',(62.6279610291638,-13.1213203435596,8.29625667249509));
#17479=CARTESIAN_POINT('Origin',(63.5951603094413,-11.1213203435596,8.21932611749656));
#17480=CARTESIAN_POINT('Origin',(67.3602024057178,-13.1213203435596,8.29625667249509));
#17481=CARTESIAN_POINT('',(71.1801012028589,-13.1213203435596,8.29625667249509));
#17482=CARTESIAN_POINT('',(62.6279610291638,-11.1213203435596,8.29625667249509));
#17483=CARTESIAN_POINT('Origin',(64.2627353228824,-11.1213203435596,8.73254955981359));
#17484=CARTESIAN_POINT('Origin',(84.4078768305481,-13.1213203435596,11.6199305667078));
#17485=CARTESIAN_POINT('',(84.4078768305481,-13.1213203435596,11.6199305667078));
#17486=CARTESIAN_POINT('',(84.4078768305481,-13.1213203435596,5.82215048958637));
#17487=CARTESIAN_POINT('',(84.4078768305481,-13.1213203435596,9.93496528335392));
#17488=CARTESIAN_POINT('',(84.4078768305481,-11.1213203435596,11.6199305667078));
#17489=CARTESIAN_POINT('',(84.4078768305481,-13.1213203435596,11.6199305667078));
#17490=CARTESIAN_POINT('',(84.4078768305481,-11.1213203435596,5.82215048958637));
#17491=CARTESIAN_POINT('',(84.4078768305481,-11.1213203435596,11.6199305667078));
#17492=CARTESIAN_POINT('',(84.4078768305481,-13.1213203435596,5.82215048958637));
#17493=CARTESIAN_POINT('Origin',(83.036545614702,-13.1213203435596,11.6199305667078));
#17494=CARTESIAN_POINT('',(83.036545614702,-13.1213203435596,11.6199305667078));
#17495=CARTESIAN_POINT('',(79.018272807351,-13.1213203435596,11.6199305667078));
#17496=CARTESIAN_POINT('',(83.036545614702,-11.1213203435596,11.6199305667078));
#17497=CARTESIAN_POINT('',(83.036545614702,-13.1213203435596,11.6199305667078));
#17498=CARTESIAN_POINT('',(83.036545614702,-11.1213203435596,11.6199305667078));
#17499=CARTESIAN_POINT('Origin',(83.0000012367964,-13.1213203435596,5.82215048958637));
#17500=CARTESIAN_POINT('',(83.0000012367964,-13.1213203435596,5.82215048958637));
#17501=CARTESIAN_POINT('',(83.0074935902731,-13.1213203435596,7.01081534606124));
#17502=CARTESIAN_POINT('',(83.0000012367964,-11.1213203435596,5.82215048958637));
#17503=CARTESIAN_POINT('',(83.0000012367964,-13.1213203435596,5.82215048958637));
#17504=CARTESIAN_POINT('',(83.0000012367964,-11.1213203435596,5.82215048958637));
#17505=CARTESIAN_POINT('Origin',(84.4078768305481,-13.1213203435596,5.82215048958637));
#17506=CARTESIAN_POINT('',(79.703938415274,-13.1213203435596,5.82215048958637));
#17507=CARTESIAN_POINT('',(84.4078768305481,-11.1213203435596,5.82215048958637));
#17508=CARTESIAN_POINT('Origin',(83.7039390336722,-11.1213203435596,8.7210405281471));
#17509=CARTESIAN_POINT('Origin',(98.9999977871776,-13.1213203435596,10.458381661608));
#17510=CARTESIAN_POINT('',(98.9999977871776,-13.1213203435596,10.458381661608));
#17511=CARTESIAN_POINT('',(98.3999978005886,-13.1213203435596,10.458381661608));
#17512=CARTESIAN_POINT('',(86.9999988935888,-13.1213203435596,10.458381661608));
#17513=CARTESIAN_POINT('',(98.9999977871776,-11.1213203435596,10.458381661608));
#17514=CARTESIAN_POINT('',(98.9999977871776,-13.1213203435596,10.458381661608));
#17515=CARTESIAN_POINT('',(98.3999978005886,-11.1213203435596,10.458381661608));
#17516=CARTESIAN_POINT('',(98.3999978005886,-11.1213203435596,10.458381661608));
#17517=CARTESIAN_POINT('',(98.3999978005886,-13.1213203435596,10.458381661608));
#17518=CARTESIAN_POINT('Origin',(98.9482705517277,-13.1213203435596,7.52936726340989));
#17519=CARTESIAN_POINT('',(98.9482705517277,-13.1213203435596,7.52936726340989));
#17520=CARTESIAN_POINT('',(98.950898460579,-13.1213203435596,7.67817055428058));
#17521=CARTESIAN_POINT('',(98.9482705517277,-11.1213203435596,7.52936726340989));
#17522=CARTESIAN_POINT('',(98.9482705517277,-13.1213203435596,7.52936726340989));
#17523=CARTESIAN_POINT('',(98.9999977871776,-11.1213203435596,10.458381661608));
#17524=CARTESIAN_POINT('Origin',(100.755408484122,-13.1213203435596,7.60190344968329));
#17525=CARTESIAN_POINT('',(100.599997751415,-13.1213203435596,5.7999998703599));
#17526=CARTESIAN_POINT('Origin',(100.755408484122,-13.1213203435596,7.60190344968329));
#17527=CARTESIAN_POINT('',(100.599997751415,-11.1213203435596,5.7999998703599));
#17528=CARTESIAN_POINT('',(100.599997751415,-13.1213203435596,5.7999998703599));
#17529=CARTESIAN_POINT('Origin',(100.755408484122,-11.1213203435596,7.60190344968329));
#17530=CARTESIAN_POINT('Origin',(101.899997722358,-13.1213203435596,5.7999998703599));
#17531=CARTESIAN_POINT('',(101.899997722358,-13.1213203435596,5.7999998703599));
#17532=CARTESIAN_POINT('',(88.4499988611788,-13.1213203435596,5.7999998703599));
#17533=CARTESIAN_POINT('',(101.899997722358,-11.1213203435596,5.7999998703599));
#17534=CARTESIAN_POINT('',(101.899997722358,-13.1213203435596,5.7999998703599));
#17535=CARTESIAN_POINT('',(101.899997722358,-11.1213203435596,5.7999998703599));
#17536=CARTESIAN_POINT('Origin',(101.899997722358,-13.1213203435596,6.99999984353781));
#17537=CARTESIAN_POINT('',(101.899997722358,-13.1213203435596,6.99999984353781));
#17538=CARTESIAN_POINT('',(101.899997722358,-13.1213203435596,7.6249999217689));
#17539=CARTESIAN_POINT('',(101.899997722358,-11.1213203435596,6.99999984353781));
#17540=CARTESIAN_POINT('',(101.899997722358,-13.1213203435596,6.99999984353781));
#17541=CARTESIAN_POINT('',(101.899997722358,-11.1213203435596,6.99999984353781));
#17542=CARTESIAN_POINT('Origin',(100.999997742474,-13.1213203435596,6.99999984353781));
#17543=CARTESIAN_POINT('',(100.999997742474,-13.1213203435596,6.99999984353781));
#17544=CARTESIAN_POINT('',(87.999998871237,-13.1213203435596,6.99999984353781));
#17545=CARTESIAN_POINT('',(100.999997742474,-11.1213203435596,6.99999984353781));
#17546=CARTESIAN_POINT('',(100.999997742474,-13.1213203435596,6.99999984353781));
#17547=CARTESIAN_POINT('',(101.899997722358,-11.1213203435596,6.99999984353781));
#17548=CARTESIAN_POINT('Origin',(100.999997742474,-13.1213203435596,7.72750007721619));
#17549=CARTESIAN_POINT('',(100.29999775812,-13.1213203435596,7.52936726340989));
#17550=CARTESIAN_POINT('Origin',(100.999997742474,-13.1213203435596,7.72750007721619));
#17551=CARTESIAN_POINT('',(100.29999775812,-11.1213203435596,7.52936726340989));
#17552=CARTESIAN_POINT('',(100.29999775812,-13.1213203435596,7.52936726340989));
#17553=CARTESIAN_POINT('Origin',(100.999997742474,-11.1213203435596,7.72750007721619));
#17554=CARTESIAN_POINT('Origin',(100.29999775812,-13.1213203435596,10.458381661608));
#17555=CARTESIAN_POINT('',(100.29999775812,-13.1213203435596,10.458381661608));
#17556=CARTESIAN_POINT('',(100.29999775812,-13.1213203435596,9.35419083080399));
#17557=CARTESIAN_POINT('',(100.29999775812,-11.1213203435596,10.458381661608));
#17558=CARTESIAN_POINT('',(100.29999775812,-13.1213203435596,10.458381661608));
#17559=CARTESIAN_POINT('',(100.29999775812,-11.1213203435596,10.458381661608));
#17560=CARTESIAN_POINT('Origin',(101.899997722358,-13.1213203435596,10.458381661608));
#17561=CARTESIAN_POINT('',(101.899997722358,-13.1213203435596,10.458381661608));
#17562=CARTESIAN_POINT('',(88.4499988611788,-13.1213203435596,10.458381661608));
#17563=CARTESIAN_POINT('',(101.899997722358,-11.1213203435596,10.458381661608));
#17564=CARTESIAN_POINT('',(101.899997722358,-13.1213203435596,10.458381661608));
#17565=CARTESIAN_POINT('',(101.899997722358,-11.1213203435596,10.458381661608));
#17566=CARTESIAN_POINT('Origin',(101.899997722358,-13.1213203435596,11.5999997407198));
#17567=CARTESIAN_POINT('',(101.899997722358,-13.1213203435596,11.5999997407198));
#17568=CARTESIAN_POINT('',(101.899997722358,-13.1213203435596,9.9249998703599));
#17569=CARTESIAN_POINT('',(101.899997722358,-11.1213203435596,11.5999997407198));
#17570=CARTESIAN_POINT('',(101.899997722358,-13.1213203435596,11.5999997407198));
#17571=CARTESIAN_POINT('',(101.899997722358,-11.1213203435596,11.5999997407198));
#17572=CARTESIAN_POINT('Origin',(100.29999775812,-13.1213203435596,11.5999997407198));
#17573=CARTESIAN_POINT('',(100.29999775812,-13.1213203435596,11.5999997407198));
#17574=CARTESIAN_POINT('',(87.6499988790601,-13.1213203435596,11.5999997407198));
#17575=CARTESIAN_POINT('',(100.29999775812,-11.1213203435596,11.5999997407198));
#17576=CARTESIAN_POINT('',(100.29999775812,-13.1213203435596,11.5999997407198));
#17577=CARTESIAN_POINT('',(100.29999775812,-11.1213203435596,11.5999997407198));
#17578=CARTESIAN_POINT('Origin',(100.29999775812,-13.1213203435596,13.1485048145629));
#17579=CARTESIAN_POINT('',(100.29999775812,-13.1213203435596,13.1485048145629));
#17580=CARTESIAN_POINT('',(100.29999775812,-13.1213203435596,10.6992524072815));
#17581=CARTESIAN_POINT('',(100.29999775812,-11.1213203435596,13.1485048145629));
#17582=CARTESIAN_POINT('',(100.29999775812,-13.1213203435596,13.1485048145629));
#17583=CARTESIAN_POINT('',(100.29999775812,-11.1213203435596,13.1485048145629));
#17584=CARTESIAN_POINT('Origin',(98.9999977871776,-13.1213203435596,13.1485048145629));
#17585=CARTESIAN_POINT('',(98.9999977871776,-13.1213203435596,13.1485048145629));
#17586=CARTESIAN_POINT('',(86.9999988935888,-13.1213203435596,13.1485048145629));
#17587=CARTESIAN_POINT('',(98.9999977871776,-11.1213203435596,13.1485048145629));
#17588=CARTESIAN_POINT('',(98.9999977871776,-13.1213203435596,13.1485048145629));
#17589=CARTESIAN_POINT('',(98.9999977871776,-11.1213203435596,13.1485048145629));
#17590=CARTESIAN_POINT('Origin',(98.9999977871776,-13.1213203435596,11.5999997407198));
#17591=CARTESIAN_POINT('',(98.9999977871776,-13.1213203435596,11.5999997407198));
#17592=CARTESIAN_POINT('',(98.9999977871776,-13.1213203435596,9.9249998703599));
#17593=CARTESIAN_POINT('',(98.9999977871776,-11.1213203435596,11.5999997407198));
#17594=CARTESIAN_POINT('',(98.9999977871776,-13.1213203435596,11.5999997407198));
#17595=CARTESIAN_POINT('',(98.9999977871776,-11.1213203435596,11.5999997407198));
#17596=CARTESIAN_POINT('Origin',(98.3999978005886,-13.1213203435596,11.5999997407198));
#17597=CARTESIAN_POINT('',(98.3999978005886,-13.1213203435596,11.5999997407198));
#17598=CARTESIAN_POINT('',(86.6999989002943,-13.1213203435596,11.5999997407198));
#17599=CARTESIAN_POINT('',(98.3999978005886,-11.1213203435596,11.5999997407198));
#17600=CARTESIAN_POINT('',(98.3999978005886,-13.1213203435596,11.5999997407198));
#17601=CARTESIAN_POINT('',(98.3999978005886,-11.1213203435596,11.5999997407198));
#17602=CARTESIAN_POINT('Origin',(98.3999978005886,-13.1213203435596,10.458381661608));
#17603=CARTESIAN_POINT('',(98.3999978005886,-13.1213203435596,9.35419083080399));
#17604=CARTESIAN_POINT('',(98.3999978005886,-11.1213203435596,11.5999997407198));
#17605=CARTESIAN_POINT('Origin',(100.149997761473,-11.1213203435596,9.47425234246142));
#17606=CARTESIAN_POINT('Origin',(75.,-13.1213203435596,8.25));
#17607=CARTESIAN_POINT('Origin',(75.,-13.1213203435596,8.25));
#17608=CARTESIAN_POINT('Origin',(75.,-13.1213203435596,8.25));
#17609=CARTESIAN_POINT('Origin',(155.,-10.1213203435596,0.));
#17610=CARTESIAN_POINT('',(155.,-10.1213203435596,0.));
#17611=CARTESIAN_POINT('Origin',(155.,-13.1213203435596,0.));
#17612=CARTESIAN_POINT('',(155.,-10.1307329464956,18.5));
#17613=CARTESIAN_POINT('',(155.,-7.12132034355964,18.5));
#17614=CARTESIAN_POINT('',(155.,-5.59093212536324,28.2356342786531));
#17615=CARTESIAN_POINT('Origin',(-5.,-10.1213203435596,0.));
#17616=CARTESIAN_POINT('',(-5.,-13.1213203435596,19.2337763645948));
#17617=CARTESIAN_POINT('',(-5.,-7.12132034355964,19.2337763645948));
#17618=CARTESIAN_POINT('',(-5.,-13.1213203435596,19.25));
#17619=CARTESIAN_POINT('',(-5.,-13.1213203435596,0.));
#17620=CARTESIAN_POINT('',(-5.,-10.1213203435596,19.25));
#17621=CARTESIAN_POINT('Origin',(75.25,6.56891723089301,54.3125153754978));
#17622=CARTESIAN_POINT('',(34.0643398282202,-10.1213203435596,18.5201853921361));
#17623=CARTESIAN_POINT('',(116.18566017178,-10.1307329464956,18.5));
#17624=CARTESIAN_POINT('Origin',(-5.,-7.12132034355964,19.2337763645948));
#17625=CARTESIAN_POINT('',(-5.,-13.1213203435596,19.2337763645948));
#17626=CARTESIAN_POINT('Origin',(157.12132034356,-7.12132034355964,19.25));
#17627=CARTESIAN_POINT('',(-5.,-13.1213203435596,19.25));
#17628=CARTESIAN_POINT('Origin',(-7.12132034355964,-10.1213203435596,0.));
#17629=CARTESIAN_POINT('',(75.,-10.1213203435596,18.5));
#17630=CARTESIAN_POINT('Origin',(157.12132034356,-7.12132034355964,18.5));
#17631=CARTESIAN_POINT('Origin',(75.,-13.1213203435596,8.25));
#17632=CARTESIAN_POINT('',(-7.12132034355964,-13.1213203435596,-2.));
#17633=CARTESIAN_POINT('Origin',(15.,-9.49057671525534,19.8728194681059));
#17634=CARTESIAN_POINT('',(15.,22.6284111770399,88.7522112828904));
#17635=CARTESIAN_POINT('',(15.,-9.49057671525534,19.8728194681059));
#17636=CARTESIAN_POINT('Origin',(135.5,-9.49057671525534,19.8728194681059));
#17637=CARTESIAN_POINT('',(135.5,-9.49057671525534,19.8728194681059));
#17638=CARTESIAN_POINT('Origin',(135.5,22.6284111770378,88.7522112828914));
#17639=CARTESIAN_POINT('',(135.5,22.6284111770378,88.7522112828914));
#17640=CARTESIAN_POINT('Origin',(15.,22.6284111770399,88.7522112828904));
#17641=CARTESIAN_POINT('Origin',(75.,50.,-2.));
#17642=CARTESIAN_POINT('Origin',(140.000002086163,20.7547280136694,91.8326815319083));
#17643=CARTESIAN_POINT('',(140.000002086163,25.7980487541017,95.5495210024065));
#17644=CARTESIAN_POINT('',(140.000002086163,23.5249198932302,90.6747804290578));
#17645=CARTESIAN_POINT('',(140.000002086163,23.499284103879,90.6198043013814));
#17646=CARTESIAN_POINT('',(140.000002086163,23.5249198932302,96.609498398204));
#17647=CARTESIAN_POINT('',(140.000002086163,23.0791284532432,96.8173743606099));
#17648=CARTESIAN_POINT('',(140.000002086163,23.5249198932302,94.8030333552137));
#17649=CARTESIAN_POINT('Origin',(147.100002086163,23.0791284532432,96.8173743606099));
#17650=CARTESIAN_POINT('',(147.100002086163,23.5249198932302,90.6747804290578));
#17651=CARTESIAN_POINT('',(147.100002086163,25.7980487541017,95.5495210024065));
#17652=CARTESIAN_POINT('',(147.100002086163,24.6614843236659,93.1121507157321));
#17653=CARTESIAN_POINT('',(147.100002086163,23.5249198932302,96.609498398204));
#17654=CARTESIAN_POINT('',(147.100002086163,23.5249198932302,97.2953797695644));
#17655=CARTESIAN_POINT('',(147.100002086163,23.0791284532432,96.8173743606099));
#17656=CARTESIAN_POINT('Origin',(140.000002086163,23.0791284532432,96.8173743606099));
#17657=CARTESIAN_POINT('',(67.5000010430813,25.7980487541017,95.5495210024065));
#17658=CARTESIAN_POINT('',(67.5000010430813,23.5249198932302,96.609498398204));
#17659=CARTESIAN_POINT('Origin',(-5.,23.5249198932302,97.773385178519));
#17660=CARTESIAN_POINT('',(155.,23.5249198932302,90.6747804290578));
#17661=CARTESIAN_POINT('',(-5.,23.5249198932302,90.6747804290578));
#17662=CARTESIAN_POINT('',(155.,23.5249198932302,97.773385178519));
#17663=CARTESIAN_POINT('',(155.,23.5249198932302,90.6747804290578));
#17664=CARTESIAN_POINT('',(-5.,23.5249198932302,97.773385178519));
#17665=CARTESIAN_POINT('',(-5.,23.5249198932302,97.773385178519));
#17666=CARTESIAN_POINT('',(-5.,23.5249198932302,90.6747804290578));
#17667=CARTESIAN_POINT('',(-5.,23.5249198932302,90.6747804290578));
#17668=CARTESIAN_POINT('',(-5.,23.5249198932302,90.6747804290578));
#17669=CARTESIAN_POINT('Origin',(71.,39.0814842496057,131.134545100074));
#17670=CARTESIAN_POINT('',(71.,43.9134989194308,134.3982292501));
#17671=CARTESIAN_POINT('',(66.,41.8004076107273,129.866690314917));
#17672=CARTESIAN_POINT('Origin',(71.,41.8004076098917,129.866690315306));
#17673=CARTESIAN_POINT('',(71.,41.1945755582126,135.666084035302));
#17674=CARTESIAN_POINT('',(71.,41.1945755582126,135.666084035302));
#17675=CARTESIAN_POINT('',(66.,39.0814842495091,131.134545100119));
#17676=CARTESIAN_POINT('Origin',(71.,39.0814842499909,131.134545099894));
#17677=CARTESIAN_POINT('',(66.,39.0814842495091,131.134545100119));
#17678=CARTESIAN_POINT('Origin',(66.,35.700538155738,123.884082803754));
#17679=CARTESIAN_POINT('',(66.,38.4194615168016,122.616228018624));
#17680=CARTESIAN_POINT('',(66.,30.9721907050024,106.645504223812));
#17681=CARTESIAN_POINT('',(66.,35.700538155738,123.884082803754));
#17682=CARTESIAN_POINT('',(66.,41.7883472868796,136.939431616423));
#17683=CARTESIAN_POINT('',(66.,35.700538155738,123.884082803754));
#17684=CARTESIAN_POINT('Origin',(71.,35.700538155738,123.884082803754));
#17685=CARTESIAN_POINT('',(71.,36.3063702080981,118.08468908344));
#17686=CARTESIAN_POINT('Origin',(71.,38.4194615161206,122.616228018941));
#17687=CARTESIAN_POINT('',(71.,33.5874468471311,119.352543868525));
#17688=CARTESIAN_POINT('Origin',(71.,35.7005381562199,123.884082803529));
#17689=CARTESIAN_POINT('',(71.,33.5874468471311,119.352543868525));
#17690=CARTESIAN_POINT('Origin',(79.,33.5874468471311,119.352543868525));
#17691=CARTESIAN_POINT('',(79.,36.3063702080981,118.08468908344));
#17692=CARTESIAN_POINT('',(37.,36.3063702080981,118.084689083441));
#17693=CARTESIAN_POINT('',(79.,33.5874468471311,119.352543868525));
#17694=CARTESIAN_POINT('',(37.,33.5874468469597,119.352543868605));
#17695=CARTESIAN_POINT('',(79.,33.5874468471311,119.352543868525));
#17696=CARTESIAN_POINT('Origin',(79.,35.7005381558346,123.884082803709));
#17697=CARTESIAN_POINT('',(84.,38.4194615168016,122.616228018624));
#17698=CARTESIAN_POINT('Origin',(79.,38.4194615161206,122.616228018941));
#17699=CARTESIAN_POINT('',(84.,35.7005381558346,123.884082803709));
#17700=CARTESIAN_POINT('Origin',(79.,35.7005381562199,123.884082803529));
#17701=CARTESIAN_POINT('',(84.,35.7005381558346,123.884082803709));
#17702=CARTESIAN_POINT('Origin',(84.,39.0814842497603,131.134545100002));
#17703=CARTESIAN_POINT('',(84.,41.8004076107273,129.866690314917));
#17704=CARTESIAN_POINT('',(84.,32.6626637519652,110.270735371958));
#17705=CARTESIAN_POINT('',(84.,39.0814842497603,131.134545100002));
#17706=CARTESIAN_POINT('',(84.,43.4788203338425,140.56466276457));
#17707=CARTESIAN_POINT('',(84.,39.0814842497603,131.134545100002));
#17708=CARTESIAN_POINT('Origin',(79.,39.0814842496636,131.134545100047));
#17709=CARTESIAN_POINT('',(79.,43.9134989194308,134.3982292501));
#17710=CARTESIAN_POINT('Origin',(79.,41.8004076098917,129.866690315306));
#17711=CARTESIAN_POINT('',(79.,41.1945755583672,135.66608403523));
#17712=CARTESIAN_POINT('Origin',(79.,39.0814842499909,131.134545099894));
#17713=CARTESIAN_POINT('',(79.,41.1945755583672,135.66608403523));
#17714=CARTESIAN_POINT('Origin',(71.,41.1945755582126,135.666084035302));
#17715=CARTESIAN_POINT('',(33.,43.9134989194308,134.3982292501));
#17716=CARTESIAN_POINT('',(33.,41.1945755582924,135.666084035265));
#17717=CARTESIAN_POINT('Origin',(-5.,47.8761564180961,149.994780429058));
#17718=CARTESIAN_POINT('',(-5.,47.8761564180961,149.994780429058));
#17719=CARTESIAN_POINT('',(-5.,23.5249198932302,97.773385178519));
#17720=CARTESIAN_POINT('',(155.,47.8761564180961,149.994780429058));
#17721=CARTESIAN_POINT('',(155.,23.5249198932302,97.773385178519));
#17722=CARTESIAN_POINT('',(-5.,47.8761564180961,149.994780429058));
#17723=CARTESIAN_POINT('Origin',(-5.,47.8761564180961,142.896175679597));
#17724=CARTESIAN_POINT('',(-5.,47.8761564180961,142.896175679597));
#17725=CARTESIAN_POINT('',(-5.,47.8761564180961,142.896175679597));
#17726=CARTESIAN_POINT('',(155.,47.8761564180961,142.896175679597));
#17727=CARTESIAN_POINT('',(155.,47.8761564180961,142.896175679597));
#17728=CARTESIAN_POINT('',(-5.,47.8761564180961,142.896175679597));
#17729=CARTESIAN_POINT('Origin',(-5.,23.5249198932302,90.6747804290578));
#17730=CARTESIAN_POINT('',(-5.,23.5249198932302,90.6747804290578));
#17731=CARTESIAN_POINT('',(155.,23.5249198932302,90.6747804290578));
#17732=CARTESIAN_POINT('Origin',(155.,35.7005381556632,120.334780429058));
#17733=CARTESIAN_POINT('Origin',(-5.,35.7005381556632,120.334780429058));
#17734=CARTESIAN_POINT('Origin',(75.0000000000001,124.25700522472,129.994780429058));
#17735=CARTESIAN_POINT('',(47.5000000000001,137.75700522472,129.994780429058));
#17736=CARTESIAN_POINT('',(49.5000000000001,137.75700522472,129.994780429058));
#17737=CARTESIAN_POINT('',(62.2500000000001,137.75700522472,129.994780429058));
#17738=CARTESIAN_POINT('',(47.5000000000001,117.75700522472,129.994780429058));
#17739=CARTESIAN_POINT('',(47.5000000000001,131.00700522472,129.994780429058));
#17740=CARTESIAN_POINT('',(54.5000000000001,110.75700522472,129.994780429058));
#17741=CARTESIAN_POINT('Origin',(54.5000000000001,117.75700522472,129.994780429058));
#17742=CARTESIAN_POINT('',(95.5000000000001,110.75700522472,129.994780429058));
#17743=CARTESIAN_POINT('',(64.7500000000001,110.75700522472,129.994780429058));
#17744=CARTESIAN_POINT('',(102.5,117.75700522472,129.994780429058));
#17745=CARTESIAN_POINT('Origin',(95.5000000000001,117.75700522472,129.994780429058));
#17746=CARTESIAN_POINT('',(102.5,137.75700522472,129.994780429058));
#17747=CARTESIAN_POINT('',(102.5,121.00700522472,129.994780429058));
#17748=CARTESIAN_POINT('',(100.5,137.75700522472,129.994780429058));
#17749=CARTESIAN_POINT('',(88.7500000000001,137.75700522472,129.994780429058));
#17750=CARTESIAN_POINT('',(100.5,117.75700522472,129.994780429058));
#17751=CARTESIAN_POINT('',(100.5,131.00700522472,129.994780429058));
#17752=CARTESIAN_POINT('',(95.5000000000001,112.75700522472,129.994780429058));
#17753=CARTESIAN_POINT('Origin',(95.5000000000001,117.75700522472,129.994780429058));
#17754=CARTESIAN_POINT('',(54.5000000000001,112.75700522472,129.994780429058));
#17755=CARTESIAN_POINT('',(85.2500000000001,112.75700522472,129.994780429058));
#17756=CARTESIAN_POINT('',(49.5000000000001,117.75700522472,129.994780429058));
#17757=CARTESIAN_POINT('Origin',(54.5000000000001,117.75700522472,129.994780429058));
#17758=CARTESIAN_POINT('',(49.5000000000001,121.00700522472,129.994780429058));
#17759=CARTESIAN_POINT('Origin',(102.5,117.75700522472,-0.00521957094196779));
#17760=CARTESIAN_POINT('',(102.5,117.75700522472,-0.00521957094196779));
#17761=CARTESIAN_POINT('',(102.5,117.75700522472,-0.00521957094196779));
#17762=CARTESIAN_POINT('',(102.5,137.75700522472,-0.00521957094196779));
#17763=CARTESIAN_POINT('',(102.5,137.75700522472,-0.00521957094196779));
#17764=CARTESIAN_POINT('',(102.5,137.75700522472,-0.00521957094196779));
#17765=CARTESIAN_POINT('Origin',(95.5000000000001,117.75700522472,-0.00521957094196779));
#17766=CARTESIAN_POINT('',(95.5000000000001,110.75700522472,-0.00521957094196779));
#17767=CARTESIAN_POINT('',(95.5000000000001,110.75700522472,-0.00521957094196779));
#17768=CARTESIAN_POINT('Origin',(95.5000000000001,117.75700522472,-0.00521957094196779));
#17769=CARTESIAN_POINT('Origin',(54.5000000000001,110.75700522472,-0.00521957094196779));
#17770=CARTESIAN_POINT('',(54.5000000000001,110.75700522472,-0.00521957094196779));
#17771=CARTESIAN_POINT('',(54.5000000000001,110.75700522472,-0.00521957094196779));
#17772=CARTESIAN_POINT('',(54.5000000000001,110.75700522472,-0.00521957094196779));
#17773=CARTESIAN_POINT('Origin',(54.5000000000001,117.75700522472,-0.00521957094196779));
#17774=CARTESIAN_POINT('',(47.5000000000001,117.75700522472,-0.00521957094196779));
#17775=CARTESIAN_POINT('',(47.5000000000001,117.75700522472,-0.00521957094196779));
#17776=CARTESIAN_POINT('Origin',(54.5000000000001,117.75700522472,-0.00521957094196779));
#17777=CARTESIAN_POINT('Origin',(47.5000000000001,137.75700522472,-0.00521957094196779));
#17778=CARTESIAN_POINT('',(47.5000000000001,137.75700522472,-0.00521957094196779));
#17779=CARTESIAN_POINT('',(47.5000000000001,137.75700522472,-0.00521957094196779));
#17780=CARTESIAN_POINT('',(47.5000000000001,137.75700522472,-0.00521957094196779));
#17781=CARTESIAN_POINT('Origin',(49.5000000000001,137.75700522472,-0.00521957094196779));
#17782=CARTESIAN_POINT('',(49.5000000000001,137.75700522472,-0.00521957094196779));
#17783=CARTESIAN_POINT('',(49.5000000000001,137.75700522472,-0.00521957094196779));
#17784=CARTESIAN_POINT('',(49.5000000000001,137.75700522472,-0.00521957094196779));
#17785=CARTESIAN_POINT('Origin',(54.5000000000001,117.75700522472,-0.00521957094196779));
#17786=CARTESIAN_POINT('',(54.5000000000001,112.75700522472,-0.00521957094196779));
#17787=CARTESIAN_POINT('',(54.5000000000001,112.75700522472,-0.00521957094196779));
#17788=CARTESIAN_POINT('',(49.5000000000001,117.75700522472,-0.00521957094196779));
#17789=CARTESIAN_POINT('Origin',(54.5000000000001,117.75700522472,-0.00521957094196779));
#17790=CARTESIAN_POINT('',(49.5000000000001,117.75700522472,-0.00521957094196779));
#17791=CARTESIAN_POINT('Origin',(95.5000000000001,112.75700522472,-0.00521957094196779));
#17792=CARTESIAN_POINT('',(95.5000000000001,112.75700522472,-0.00521957094196779));
#17793=CARTESIAN_POINT('',(95.5000000000001,112.75700522472,-0.00521957094196779));
#17794=CARTESIAN_POINT('',(95.5000000000001,112.75700522472,-0.00521957094196779));
#17795=CARTESIAN_POINT('Origin',(95.5000000000001,117.75700522472,-0.00521957094196779));
#17796=CARTESIAN_POINT('',(100.5,117.75700522472,-0.00521957094196779));
#17797=CARTESIAN_POINT('',(100.5,117.75700522472,-0.00521957094196779));
#17798=CARTESIAN_POINT('Origin',(95.5000000000001,117.75700522472,-0.00521957094196779));
#17799=CARTESIAN_POINT('Origin',(100.5,137.75700522472,-0.00521957094196779));
#17800=CARTESIAN_POINT('',(100.5,137.75700522472,-0.00521957094196779));
#17801=CARTESIAN_POINT('',(100.5,137.75700522472,-0.00521957094196779));
#17802=CARTESIAN_POINT('',(100.5,137.75700522472,-0.00521957094196779));
#17803=CARTESIAN_POINT('Origin',(102.5,137.75700522472,-0.00521957094196779));
#17804=CARTESIAN_POINT('',(100.5,137.75700522472,-0.00521957094196779));
#17805=CARTESIAN_POINT('Origin',(49.5000000000001,117.75700522472,-0.00521957094196779));
#17806=CARTESIAN_POINT('',(49.5000000000001,117.75700522472,-0.00521957094196779));
#17807=CARTESIAN_POINT('Origin',(75.0000000000001,124.25700522472,-0.00521957094196779));
#17808=CARTESIAN_POINT('Origin',(68.5,139.87832034356,102.494780429058));
#17809=CARTESIAN_POINT('',(68.5,137.75732034356,77.494780429058));
#17810=CARTESIAN_POINT('',(68.5,137.75732034356,102.494780429058));
#17811=CARTESIAN_POINT('',(68.5,137.75732034356,51.244780429058));
#17812=CARTESIAN_POINT('',(68.5,139.87832034356,77.494780429058));
#17813=CARTESIAN_POINT('',(68.5,139.87832034356,77.494780429058));
#17814=CARTESIAN_POINT('',(68.5,139.87832034356,102.494780429058));
#17815=CARTESIAN_POINT('',(68.5,139.87832034356,51.244780429058));
#17816=CARTESIAN_POINT('',(68.5,139.87832034356,102.494780429058));
#17817=CARTESIAN_POINT('Origin',(75.,139.87832034356,102.494780429058));
#17818=CARTESIAN_POINT('',(81.5,137.75732034356,102.494780429058));
#17819=CARTESIAN_POINT('Origin',(75.,137.75732034356,102.494780429058));
#17820=CARTESIAN_POINT('',(81.5,139.87832034356,102.494780429058));
#17821=CARTESIAN_POINT('Origin',(75.,139.87832034356,102.494780429058));
#17822=CARTESIAN_POINT('',(81.5,139.87832034356,102.494780429058));
#17823=CARTESIAN_POINT('Origin',(81.5,139.87832034356,77.494780429058));
#17824=CARTESIAN_POINT('',(81.5,137.75732034356,77.494780429058));
#17825=CARTESIAN_POINT('',(81.5,137.75732034356,38.744780429058));
#17826=CARTESIAN_POINT('',(81.5,139.87832034356,77.494780429058));
#17827=CARTESIAN_POINT('',(81.5,139.87832034356,38.744780429058));
#17828=CARTESIAN_POINT('',(81.5,139.87832034356,77.494780429058));
#17829=CARTESIAN_POINT('Origin',(75.,139.87832034356,77.494780429058));
#17830=CARTESIAN_POINT('Origin',(75.,137.75732034356,77.494780429058));
#17831=CARTESIAN_POINT('Origin',(75.,139.87832034356,77.494780429058));
#17832=CARTESIAN_POINT('Origin',(-5.,137.75732034356,-0.00521957094196779));
#17833=CARTESIAN_POINT('',(-5.,137.75732034356,-0.00521957094196779));
#17834=CARTESIAN_POINT('',(155.,137.75732034356,-0.00521957094196779));
#17835=CARTESIAN_POINT('',(-5.,137.75732034356,-0.00521957094196779));
#17836=CARTESIAN_POINT('',(155.,137.75732034356,149.994780429058));
#17837=CARTESIAN_POINT('',(155.,137.75732034356,-0.00521957094196779));
#17838=CARTESIAN_POINT('',(-5.,137.75732034356,149.994780429058));
#17839=CARTESIAN_POINT('',(-5.,137.75732034356,149.994780429058));
#17840=CARTESIAN_POINT('',(-5.,137.75732034356,-0.00521957094196779));
#17841=CARTESIAN_POINT('Origin',(-5.,139.87832034356,-0.00521957094196779));
#17842=CARTESIAN_POINT('',(-5.,139.87832034356,-0.00521957094196779));
#17843=CARTESIAN_POINT('',(-5.,139.87832034356,-0.00521957094196779));
#17844=CARTESIAN_POINT('',(-5.,139.87832034356,149.994780429058));
#17845=CARTESIAN_POINT('',(-5.,139.87832034356,149.994780429058));
#17846=CARTESIAN_POINT('',(-5.,139.87832034356,-0.00521957094196779));
#17847=CARTESIAN_POINT('Origin',(155.,139.87832034356,-0.00521957094196779));
#17848=CARTESIAN_POINT('',(155.,139.87832034356,-0.00521957094196779));
#17849=CARTESIAN_POINT('',(155.,139.87832034356,-0.00521957094196779));
#17850=CARTESIAN_POINT('',(155.,139.87832034356,149.994780429058));
#17851=CARTESIAN_POINT('',(155.,139.87832034356,149.994780429058));
#17852=CARTESIAN_POINT('',(155.,139.87832034356,-0.00521957094196779));
#17853=CARTESIAN_POINT('Origin',(155.,137.75732034356,-0.00521957094196779));
#17854=CARTESIAN_POINT('',(155.,137.75732034356,-0.00521957094196779));
#17855=CARTESIAN_POINT('',(155.,137.75732034356,149.994780429058));
#17856=CARTESIAN_POINT('Origin',(75.,138.81782034356,149.994780429058));
#17857=CARTESIAN_POINT('Origin',(75.,138.81782034356,-0.00521957094196779));
#17858=UNCERTAINTY_MEASURE_WITH_UNIT(LENGTH_MEASURE(0.01),#17862,
'DISTANCE_ACCURACY_VALUE',
'Maximum model space distance between geometric entities at asserted c
onnectivities');
#17859=UNCERTAINTY_MEASURE_WITH_UNIT(LENGTH_MEASURE(0.01),#17862,
'DISTANCE_ACCURACY_VALUE',
'Maximum model space distance between geometric entities at asserted c
onnectivities');
#17860=(
GEOMETRIC_REPRESENTATION_CONTEXT(3)
GLOBAL_UNCERTAINTY_ASSIGNED_CONTEXT((#17858))
GLOBAL_UNIT_ASSIGNED_CONTEXT((#17862,#17864,#17865))
REPRESENTATION_CONTEXT('','3D')
);
#17861=(
GEOMETRIC_REPRESENTATION_CONTEXT(3)
GLOBAL_UNCERTAINTY_ASSIGNED_CONTEXT((#17859))
GLOBAL_UNIT_ASSIGNED_CONTEXT((#17862,#17864,#17865))
REPRESENTATION_CONTEXT('','3D')
);
#17862=(
LENGTH_UNIT()
NAMED_UNIT(*)
SI_UNIT(.MILLI.,.METRE.)
);
#17863=(
LENGTH_UNIT()
NAMED_UNIT(*)
SI_UNIT($,.METRE.)
);
#17864=(
NAMED_UNIT(*)
PLANE_ANGLE_UNIT()
SI_UNIT($,.RADIAN.)
);
#17865=(
NAMED_UNIT(*)
SI_UNIT($,.STERADIAN.)
SOLID_ANGLE_UNIT()
);
#17866=SHAPE_DEFINITION_REPRESENTATION(#17867,#17868);
#17867=PRODUCT_DEFINITION_SHAPE('',$,#17870);
#17868=SHAPE_REPRESENTATION('',(#10244),#17860);
#17869=PRODUCT_DEFINITION_CONTEXT('part definition',#17874,'design');
#17870=PRODUCT_DEFINITION('Board_housing','Board_housing',#17871,#17869);
#17871=PRODUCT_DEFINITION_FORMATION('',$,#17876);
#17872=PRODUCT_RELATED_PRODUCT_CATEGORY('Board_housing','Board_housing',
(#17876));
#17873=APPLICATION_PROTOCOL_DEFINITION('international standard',
'automotive_design',2009,#17874);
#17874=APPLICATION_CONTEXT(
'Core Data for Automotive Mechanical Design Process');
#17875=PRODUCT_CONTEXT('part definition',#17874,'mechanical');
#17876=PRODUCT('Board_housing','Board_housing',$,(#17875));
#17877=PRESENTATION_STYLE_ASSIGNMENT((#17878));
#17878=SURFACE_STYLE_USAGE(.BOTH.,#17879);
#17879=SURFACE_SIDE_STYLE('',(#17880));
#17880=SURFACE_STYLE_FILL_AREA(#17881);
#17881=FILL_AREA_STYLE('Steel - Satin',(#17882));
#17882=FILL_AREA_STYLE_COLOUR('Steel - Satin',#17883);
#17883=COLOUR_RGB('Steel - Satin',0.627450980392157,0.627450980392157,0.627450980392157);
ENDSEC;
END-ISO-10303-21;
