ISO-10303-21;
HEADER;
/* Generated by software containing ST-Developer
 * from STEP Tools, Inc. (www.steptools.com) 
 */

FILE_DESCRIPTION(
/* description */ (''),
/* implementation_level */ '2;1');

FILE_NAME(
/* name */ 'pill_dispenser.step',
/* time_stamp */ '2026-09-20T22:47:59+05:30',
/* author */ (''),
/* organization */ (''),
/* preprocessor_version */ 'ST-DEVELOPER v20.2',
/* originating_system */ 'Autodesk Translation Framework v15.15.0.0',
/* authorisation */ '');

FILE_SCHEMA (('AUTOMOTIVE_DESIGN { 1 0 10303 214 3 1 1 }'));
ENDSEC;

DATA;
#10=MECHANICAL_DESIGN_GEOMETRIC_PRESENTATION_REPRESENTATION('',(#13,#14),
#4843);
#11=SHAPE_REPRESENTATION_RELATIONSHIP('SRR','None',#4850,#12);
#12=ADVANCED_BREP_SHAPE_REPRESENTATION('',(#15,#16),#4842);
#13=STYLED_ITEM('',(#4859),#15);
#14=STYLED_ITEM('',(#4859),#16);
#15=MANIFOLD_SOLID_BREP('Body1',#2914);
#16=MANIFOLD_SOLID_BREP('Body6',#2915);
#17=B_SPLINE_CURVE_WITH_KNOTS('',3,(#4351,#4352,#4353,#4354,#4355,#4356),
 .UNSPECIFIED.,.F.,.F.,(4,2,4),(0.898000928806167,0.952816830259083,0.971521965254444),
 .UNSPECIFIED.);
#18=B_SPLINE_CURVE_WITH_KNOTS('',3,(#4357,#4358,#4359,#4360,#4361,#4362),
 .UNSPECIFIED.,.F.,.F.,(4,2,4),(0.932403052725006,0.947557434158626,0.964604211766525),
 .UNSPECIFIED.);
#19=B_SPLINE_CURVE_WITH_KNOTS('',3,(#4369,#4370,#4371,#4372,#4373,#4374),
 .UNSPECIFIED.,.F.,.F.,(4,2,4),(0.225812606487102,0.24451774148247,0.299333642935386),
 .UNSPECIFIED.);
#20=B_SPLINE_CURVE_WITH_KNOTS('',3,(#4380,#4381,#4382,#4383,#4384,#4385),
 .UNSPECIFIED.,.F.,.F.,(4,2,4),(0.485879783865148,0.502926561473056,0.518080942906652),
 .UNSPECIFIED.);
#21=B_SPLINE_CURVE_WITH_KNOTS('',3,(#4391,#4392,#4393,#4394,#4395,#4396,
#4397,#4398,#4399,#4400,#4401,#4402,#4403,#4404),.UNSPECIFIED.,.F.,.F.,
(4,2,2,2,2,2,4),(2.06078554523866,2.08649438257127,2.11648841926472,2.17647649265163,
2.26648030523307,2.3114822115238,2.31233716160013),.UNSPECIFIED.);
#22=B_SPLINE_CURVE_WITH_KNOTS('',3,(#4410,#4411,#4412,#4413,#4414,#4415,
#4416,#4417,#4418,#4419,#4420,#4421,#4422,#4423),.UNSPECIFIED.,.F.,.F.,
(4,2,2,2,2,2,4),(0.0441469562143834,0.0450019062907228,0.0900038125814455,
0.180007625162891,0.239995698549798,0.269989735243251,0.295698572575861),
 .UNSPECIFIED.);
#23=B_SPLINE_CURVE_WITH_KNOTS('',3,(#4459,#4460,#4461,#4462,#4463,#4464,
#4465,#4466,#4467,#4468,#4469,#4470,#4471,#4472,#4473,#4474,#4475,#4476,
#4477,#4478,#4479,#4480,#4481,#4482,#4483,#4484,#4485,#4486,#4487,#4488,
#4489,#4490,#4491,#4492),.UNSPECIFIED.,.T.,.F.,(4,2,2,2,2,2,2,2,2,2,2,2,
2,2,2,2,4),(0.,0.0933942266198819,0.186788453239764,0.293056695565041,0.399324937890318,
0.51038081800528,0.621436698120242,0.715481627057163,0.809526555994084,
0.903571484931004,0.997616413867925,1.10867229398289,1.21972817409785,1.32599641642313,
1.4322646587484,1.52565888536829,1.61905311198817),.UNSPECIFIED.);
#24=B_SPLINE_CURVE_WITH_KNOTS('',3,(#4498,#4499,#4500,#4501,#4502,#4503,
#4504,#4505,#4506,#4507,#4508,#4509,#4510,#4511,#4512,#4513,#4514,#4515,
#4516,#4517,#4518,#4519,#4520,#4521,#4522,#4523,#4524,#4525,#4526,#4527,
#4528,#4529,#4530,#4531),.UNSPECIFIED.,.T.,.F.,(4,2,2,2,2,2,2,2,2,2,2,2,
2,2,2,2,4),(0.,0.0933942266198819,0.186788453239764,0.293056695565041,0.399324937890318,
0.51038081800528,0.621436698120242,0.715481627057163,0.809526555994084,
0.903571484931004,0.997616413867925,1.10867229398289,1.21972817409785,1.32599641642313,
1.4322646587484,1.52565888536829,1.61905311198817),.UNSPECIFIED.);
#25=SPHERICAL_SURFACE('',#3000,1.5);
#26=SPHERICAL_SURFACE('',#3005,1.49999999999999);
#27=CYLINDRICAL_SURFACE('',#2976,1.5);
#28=CYLINDRICAL_SURFACE('',#2980,1.5);
#29=CYLINDRICAL_SURFACE('',#2988,40.);
#30=CYLINDRICAL_SURFACE('',#3004,1.5);
#31=CYLINDRICAL_SURFACE('',#3009,1.5);
#32=CYLINDRICAL_SURFACE('',#3010,1.5);
#33=CYLINDRICAL_SURFACE('',#3012,1.5);
#34=CYLINDRICAL_SURFACE('',#3013,1.5);
#35=CYLINDRICAL_SURFACE('',#3017,1.5);
#36=CYLINDRICAL_SURFACE('',#3018,1.5);
#37=CYLINDRICAL_SURFACE('',#3019,1.5);
#38=CYLINDRICAL_SURFACE('',#3030,2.5);
#39=CYLINDRICAL_SURFACE('',#3032,2.5);
#40=CYLINDRICAL_SURFACE('',#3039,10.);
#41=CYLINDRICAL_SURFACE('',#3053,40.8664687694341);
#42=CYLINDRICAL_SURFACE('',#3058,46.6598178136746);
#43=CYLINDRICAL_SURFACE('',#3086,39.8811217011289);
#44=CYLINDRICAL_SURFACE('',#3087,44.6492729707579);
#45=CYLINDRICAL_SURFACE('',#3088,68.3691007076037);
#46=CYLINDRICAL_SURFACE('',#3089,0.5);
#47=CYLINDRICAL_SURFACE('',#3095,28.5);
#48=CYLINDRICAL_SURFACE('',#3099,1.);
#49=CYLINDRICAL_SURFACE('',#3109,3.59775235038157);
#50=CYLINDRICAL_SURFACE('',#3110,26.4056787133033);
#51=CYLINDRICAL_SURFACE('',#3112,11.6942737699699);
#52=CYLINDRICAL_SURFACE('',#3116,17.8786868984049);
#53=CYLINDRICAL_SURFACE('',#3119,8.68994650984888);
#54=CYLINDRICAL_SURFACE('',#3121,5.00000007450581);
#55=CYLINDRICAL_SURFACE('',#3122,8.54400387263311);
#56=CYLINDRICAL_SURFACE('',#3128,12.3116760549051);
#57=CIRCLE('',#2947,1.5);
#58=CIRCLE('',#2948,1.5);
#59=CIRCLE('',#2949,1.5);
#60=CIRCLE('',#2950,1.5);
#61=CIRCLE('',#2977,1.5);
#62=CIRCLE('',#2978,1.5);
#63=CIRCLE('',#2981,1.5);
#64=CIRCLE('',#2982,1.5);
#65=CIRCLE('',#2989,40.);
#66=CIRCLE('',#2990,40.);
#67=CIRCLE('',#2991,40.);
#68=CIRCLE('',#2992,40.);
#69=CIRCLE('',#2994,40.8664687694341);
#70=CIRCLE('',#2996,0.5);
#71=CIRCLE('',#2998,5.00000007450581);
#72=CIRCLE('',#2999,8.68994650984888);
#73=CIRCLE('',#3001,1.49999999999999);
#74=CIRCLE('',#3002,1.5);
#75=CIRCLE('',#3003,1.50000000000006);
#76=CIRCLE('',#3006,1.5);
#77=CIRCLE('',#3007,1.49999999999999);
#78=CIRCLE('',#3008,1.50000000000006);
#79=CIRCLE('',#3011,1.5);
#80=CIRCLE('',#3014,1.5);
#81=CIRCLE('',#3020,1.5);
#82=CIRCLE('',#3021,1.5);
#83=CIRCLE('',#3024,28.5);
#84=CIRCLE('',#3031,2.5);
#85=CIRCLE('',#3033,2.5);
#86=CIRCLE('',#3040,10.);
#87=CIRCLE('',#3041,10.);
#88=CIRCLE('',#3049,0.5);
#89=CIRCLE('',#3050,68.3691007076037);
#90=CIRCLE('',#3051,39.8811217011289);
#91=CIRCLE('',#3052,44.6492729707579);
#92=CIRCLE('',#3054,40.8664687694341);
#93=CIRCLE('',#3055,40.8664687694341);
#94=CIRCLE('',#3059,46.6598178136746);
#95=CIRCLE('',#3060,46.6598178136746);
#96=CIRCLE('',#3065,17.8786868984049);
#97=CIRCLE('',#3066,11.6942737699699);
#98=CIRCLE('',#3067,1.);
#99=CIRCLE('',#3068,3.59775235038157);
#100=CIRCLE('',#3069,26.4056787133033);
#101=CIRCLE('',#3070,8.54400387263311);
#102=CIRCLE('',#3071,5.00000007450581);
#103=CIRCLE('',#3080,44.6492729707579);
#104=CIRCLE('',#3081,39.8811217011289);
#105=CIRCLE('',#3082,68.3691007076037);
#106=CIRCLE('',#3096,28.5);
#107=CIRCLE('',#3100,1.);
#108=CIRCLE('',#3102,11.6942737699699);
#109=CIRCLE('',#3103,8.68994650984888);
#110=CIRCLE('',#3104,5.00000007450581);
#111=CIRCLE('',#3105,8.54400387263311);
#112=CIRCLE('',#3106,26.4056787133033);
#113=CIRCLE('',#3107,3.59775235038157);
#114=CIRCLE('',#3117,17.8786868984049);
#115=CIRCLE('',#3129,12.3116760549051);
#116=CIRCLE('',#3130,12.3116760549051);
#117=FACE_BOUND('',#278,.T.);
#118=FACE_BOUND('',#288,.T.);
#119=FACE_BOUND('',#289,.T.);
#120=FACE_BOUND('',#290,.T.);
#121=FACE_BOUND('',#291,.T.);
#122=FACE_BOUND('',#292,.T.);
#123=FACE_BOUND('',#300,.T.);
#124=FACE_BOUND('',#319,.T.);
#125=FACE_BOUND('',#322,.T.);
#126=FACE_BOUND('',#366,.T.);
#127=FACE_BOUND('',#367,.T.);
#128=FACE_BOUND('',#379,.T.);
#129=FACE_BOUND('',#385,.T.);
#130=FACE_BOUND('',#407,.T.);
#131=FACE_BOUND('',#408,.T.);
#132=FACE_OUTER_BOUND('',#276,.T.);
#133=FACE_OUTER_BOUND('',#277,.T.);
#134=FACE_OUTER_BOUND('',#279,.T.);
#135=FACE_OUTER_BOUND('',#280,.T.);
#136=FACE_OUTER_BOUND('',#281,.T.);
#137=FACE_OUTER_BOUND('',#282,.T.);
#138=FACE_OUTER_BOUND('',#283,.T.);
#139=FACE_OUTER_BOUND('',#284,.T.);
#140=FACE_OUTER_BOUND('',#285,.T.);
#141=FACE_OUTER_BOUND('',#286,.T.);
#142=FACE_OUTER_BOUND('',#287,.T.);
#143=FACE_OUTER_BOUND('',#293,.T.);
#144=FACE_OUTER_BOUND('',#294,.T.);
#145=FACE_OUTER_BOUND('',#295,.T.);
#146=FACE_OUTER_BOUND('',#296,.T.);
#147=FACE_OUTER_BOUND('',#297,.T.);
#148=FACE_OUTER_BOUND('',#298,.T.);
#149=FACE_OUTER_BOUND('',#299,.T.);
#150=FACE_OUTER_BOUND('',#301,.T.);
#151=FACE_OUTER_BOUND('',#302,.T.);
#152=FACE_OUTER_BOUND('',#303,.T.);
#153=FACE_OUTER_BOUND('',#304,.T.);
#154=FACE_OUTER_BOUND('',#305,.T.);
#155=FACE_OUTER_BOUND('',#306,.T.);
#156=FACE_OUTER_BOUND('',#307,.T.);
#157=FACE_OUTER_BOUND('',#308,.T.);
#158=FACE_OUTER_BOUND('',#309,.T.);
#159=FACE_OUTER_BOUND('',#310,.T.);
#160=FACE_OUTER_BOUND('',#311,.T.);
#161=FACE_OUTER_BOUND('',#312,.T.);
#162=FACE_OUTER_BOUND('',#313,.T.);
#163=FACE_OUTER_BOUND('',#314,.T.);
#164=FACE_OUTER_BOUND('',#315,.T.);
#165=FACE_OUTER_BOUND('',#316,.T.);
#166=FACE_OUTER_BOUND('',#317,.T.);
#167=FACE_OUTER_BOUND('',#318,.T.);
#168=FACE_OUTER_BOUND('',#320,.T.);
#169=FACE_OUTER_BOUND('',#321,.T.);
#170=FACE_OUTER_BOUND('',#323,.T.);
#171=FACE_OUTER_BOUND('',#324,.T.);
#172=FACE_OUTER_BOUND('',#325,.T.);
#173=FACE_OUTER_BOUND('',#326,.T.);
#174=FACE_OUTER_BOUND('',#327,.T.);
#175=FACE_OUTER_BOUND('',#328,.T.);
#176=FACE_OUTER_BOUND('',#329,.T.);
#177=FACE_OUTER_BOUND('',#330,.T.);
#178=FACE_OUTER_BOUND('',#331,.T.);
#179=FACE_OUTER_BOUND('',#332,.T.);
#180=FACE_OUTER_BOUND('',#333,.T.);
#181=FACE_OUTER_BOUND('',#334,.T.);
#182=FACE_OUTER_BOUND('',#335,.T.);
#183=FACE_OUTER_BOUND('',#336,.T.);
#184=FACE_OUTER_BOUND('',#337,.T.);
#185=FACE_OUTER_BOUND('',#338,.T.);
#186=FACE_OUTER_BOUND('',#339,.T.);
#187=FACE_OUTER_BOUND('',#340,.T.);
#188=FACE_OUTER_BOUND('',#341,.T.);
#189=FACE_OUTER_BOUND('',#342,.T.);
#190=FACE_OUTER_BOUND('',#343,.T.);
#191=FACE_OUTER_BOUND('',#344,.T.);
#192=FACE_OUTER_BOUND('',#345,.T.);
#193=FACE_OUTER_BOUND('',#346,.T.);
#194=FACE_OUTER_BOUND('',#347,.T.);
#195=FACE_OUTER_BOUND('',#348,.T.);
#196=FACE_OUTER_BOUND('',#349,.T.);
#197=FACE_OUTER_BOUND('',#350,.T.);
#198=FACE_OUTER_BOUND('',#351,.T.);
#199=FACE_OUTER_BOUND('',#352,.T.);
#200=FACE_OUTER_BOUND('',#353,.T.);
#201=FACE_OUTER_BOUND('',#354,.T.);
#202=FACE_OUTER_BOUND('',#355,.T.);
#203=FACE_OUTER_BOUND('',#356,.T.);
#204=FACE_OUTER_BOUND('',#357,.T.);
#205=FACE_OUTER_BOUND('',#358,.T.);
#206=FACE_OUTER_BOUND('',#359,.T.);
#207=FACE_OUTER_BOUND('',#360,.T.);
#208=FACE_OUTER_BOUND('',#361,.T.);
#209=FACE_OUTER_BOUND('',#362,.T.);
#210=FACE_OUTER_BOUND('',#363,.T.);
#211=FACE_OUTER_BOUND('',#364,.T.);
#212=FACE_OUTER_BOUND('',#365,.T.);
#213=FACE_OUTER_BOUND('',#368,.T.);
#214=FACE_OUTER_BOUND('',#369,.T.);
#215=FACE_OUTER_BOUND('',#370,.T.);
#216=FACE_OUTER_BOUND('',#371,.T.);
#217=FACE_OUTER_BOUND('',#372,.T.);
#218=FACE_OUTER_BOUND('',#373,.T.);
#219=FACE_OUTER_BOUND('',#374,.T.);
#220=FACE_OUTER_BOUND('',#375,.T.);
#221=FACE_OUTER_BOUND('',#376,.T.);
#222=FACE_OUTER_BOUND('',#377,.T.);
#223=FACE_OUTER_BOUND('',#378,.T.);
#224=FACE_OUTER_BOUND('',#380,.T.);
#225=FACE_OUTER_BOUND('',#381,.T.);
#226=FACE_OUTER_BOUND('',#382,.T.);
#227=FACE_OUTER_BOUND('',#383,.T.);
#228=FACE_OUTER_BOUND('',#384,.T.);
#229=FACE_OUTER_BOUND('',#386,.T.);
#230=FACE_OUTER_BOUND('',#387,.T.);
#231=FACE_OUTER_BOUND('',#388,.T.);
#232=FACE_OUTER_BOUND('',#389,.T.);
#233=FACE_OUTER_BOUND('',#390,.T.);
#234=FACE_OUTER_BOUND('',#391,.T.);
#235=FACE_OUTER_BOUND('',#392,.T.);
#236=FACE_OUTER_BOUND('',#393,.T.);
#237=FACE_OUTER_BOUND('',#394,.T.);
#238=FACE_OUTER_BOUND('',#395,.T.);
#239=FACE_OUTER_BOUND('',#396,.T.);
#240=FACE_OUTER_BOUND('',#397,.T.);
#241=FACE_OUTER_BOUND('',#398,.T.);
#242=FACE_OUTER_BOUND('',#399,.T.);
#243=FACE_OUTER_BOUND('',#400,.T.);
#244=FACE_OUTER_BOUND('',#401,.T.);
#245=FACE_OUTER_BOUND('',#402,.T.);
#246=FACE_OUTER_BOUND('',#403,.T.);
#247=FACE_OUTER_BOUND('',#404,.T.);
#248=FACE_OUTER_BOUND('',#405,.T.);
#249=FACE_OUTER_BOUND('',#406,.T.);
#250=FACE_OUTER_BOUND('',#409,.T.);
#251=FACE_OUTER_BOUND('',#410,.T.);
#252=FACE_OUTER_BOUND('',#411,.T.);
#253=FACE_OUTER_BOUND('',#412,.T.);
#254=FACE_OUTER_BOUND('',#413,.T.);
#255=FACE_OUTER_BOUND('',#414,.T.);
#256=FACE_OUTER_BOUND('',#415,.T.);
#257=FACE_OUTER_BOUND('',#416,.T.);
#258=FACE_OUTER_BOUND('',#417,.T.);
#259=FACE_OUTER_BOUND('',#418,.T.);
#260=FACE_OUTER_BOUND('',#419,.T.);
#261=FACE_OUTER_BOUND('',#420,.T.);
#262=FACE_OUTER_BOUND('',#421,.T.);
#263=FACE_OUTER_BOUND('',#422,.T.);
#264=FACE_OUTER_BOUND('',#423,.T.);
#265=FACE_OUTER_BOUND('',#424,.T.);
#266=FACE_OUTER_BOUND('',#425,.T.);
#267=FACE_OUTER_BOUND('',#426,.T.);
#268=FACE_OUTER_BOUND('',#427,.T.);
#269=FACE_OUTER_BOUND('',#428,.T.);
#270=FACE_OUTER_BOUND('',#429,.T.);
#271=FACE_OUTER_BOUND('',#430,.T.);
#272=FACE_OUTER_BOUND('',#431,.T.);
#273=FACE_OUTER_BOUND('',#432,.T.);
#274=FACE_OUTER_BOUND('',#433,.T.);
#275=FACE_OUTER_BOUND('',#434,.T.);
#276=EDGE_LOOP('',(#1824,#1825,#1826,#1827));
#277=EDGE_LOOP('',(#1828,#1829,#1830,#1831,#1832,#1833,#1834,#1835,#1836,
#1837,#1838,#1839,#1840,#1841,#1842,#1843));
#278=EDGE_LOOP('',(#1844,#1845,#1846,#1847));
#279=EDGE_LOOP('',(#1848,#1849,#1850,#1851));
#280=EDGE_LOOP('',(#1852,#1853,#1854,#1855));
#281=EDGE_LOOP('',(#1856,#1857,#1858,#1859));
#282=EDGE_LOOP('',(#1860,#1861,#1862,#1863));
#283=EDGE_LOOP('',(#1864,#1865,#1866,#1867));
#284=EDGE_LOOP('',(#1868,#1869,#1870,#1871));
#285=EDGE_LOOP('',(#1872,#1873,#1874,#1875));
#286=EDGE_LOOP('',(#1876,#1877,#1878,#1879,#1880,#1881));
#287=EDGE_LOOP('',(#1882,#1883,#1884,#1885));
#288=EDGE_LOOP('',(#1886,#1887,#1888,#1889));
#289=EDGE_LOOP('',(#1890,#1891,#1892,#1893));
#290=EDGE_LOOP('',(#1894,#1895,#1896,#1897));
#291=EDGE_LOOP('',(#1898,#1899,#1900,#1901,#1902,#1903,#1904,#1905,#1906,
#1907,#1908,#1909));
#292=EDGE_LOOP('',(#1910,#1911,#1912,#1913));
#293=EDGE_LOOP('',(#1914,#1915,#1916,#1917));
#294=EDGE_LOOP('',(#1918,#1919,#1920,#1921,#1922,#1923));
#295=EDGE_LOOP('',(#1924,#1925,#1926,#1927));
#296=EDGE_LOOP('',(#1928,#1929,#1930,#1931));
#297=EDGE_LOOP('',(#1932,#1933,#1934,#1935));
#298=EDGE_LOOP('',(#1936,#1937,#1938,#1939));
#299=EDGE_LOOP('',(#1940,#1941,#1942,#1943,#1944,#1945));
#300=EDGE_LOOP('',(#1946,#1947,#1948,#1949,#1950,#1951,#1952,#1953,#1954,
#1955));
#301=EDGE_LOOP('',(#1956,#1957,#1958,#1959));
#302=EDGE_LOOP('',(#1960,#1961,#1962,#1963));
#303=EDGE_LOOP('',(#1964,#1965,#1966,#1967));
#304=EDGE_LOOP('',(#1968,#1969,#1970,#1971));
#305=EDGE_LOOP('',(#1972,#1973,#1974,#1975,#1976,#1977));
#306=EDGE_LOOP('',(#1978,#1979,#1980,#1981,#1982,#1983,#1984,#1985,#1986,
#1987,#1988,#1989));
#307=EDGE_LOOP('',(#1990,#1991,#1992,#1993));
#308=EDGE_LOOP('',(#1994,#1995,#1996,#1997));
#309=EDGE_LOOP('',(#1998,#1999,#2000,#2001));
#310=EDGE_LOOP('',(#2002,#2003,#2004,#2005));
#311=EDGE_LOOP('',(#2006,#2007,#2008,#2009));
#312=EDGE_LOOP('',(#2010,#2011,#2012,#2013));
#313=EDGE_LOOP('',(#2014,#2015,#2016,#2017));
#314=EDGE_LOOP('',(#2018,#2019,#2020,#2021));
#315=EDGE_LOOP('',(#2022,#2023,#2024,#2025));
#316=EDGE_LOOP('',(#2026,#2027,#2028,#2029));
#317=EDGE_LOOP('',(#2030,#2031,#2032,#2033,#2034,#2035));
#318=EDGE_LOOP('',(#2036,#2037,#2038,#2039,#2040,#2041));
#319=EDGE_LOOP('',(#2042,#2043,#2044,#2045));
#320=EDGE_LOOP('',(#2046,#2047,#2048,#2049));
#321=EDGE_LOOP('',(#2050,#2051,#2052,#2053,#2054,#2055,#2056,#2057,#2058,
#2059,#2060,#2061));
#322=EDGE_LOOP('',(#2062,#2063,#2064,#2065));
#323=EDGE_LOOP('',(#2066,#2067,#2068,#2069,#2070,#2071,#2072,#2073,#2074,
#2075,#2076,#2077,#2078,#2079));
#324=EDGE_LOOP('',(#2080,#2081,#2082,#2083));
#325=EDGE_LOOP('',(#2084,#2085,#2086,#2087,#2088,#2089,#2090,#2091));
#326=EDGE_LOOP('',(#2092,#2093,#2094,#2095,#2096,#2097));
#327=EDGE_LOOP('',(#2098,#2099,#2100,#2101));
#328=EDGE_LOOP('',(#2102,#2103,#2104,#2105));
#329=EDGE_LOOP('',(#2106,#2107,#2108,#2109));
#330=EDGE_LOOP('',(#2110,#2111,#2112,#2113));
#331=EDGE_LOOP('',(#2114,#2115,#2116,#2117));
#332=EDGE_LOOP('',(#2118,#2119,#2120,#2121));
#333=EDGE_LOOP('',(#2122,#2123,#2124,#2125));
#334=EDGE_LOOP('',(#2126,#2127,#2128,#2129,#2130,#2131,#2132,#2133));
#335=EDGE_LOOP('',(#2134,#2135,#2136,#2137,#2138,#2139,#2140,#2141,#2142,
#2143));
#336=EDGE_LOOP('',(#2144,#2145,#2146,#2147,#2148,#2149));
#337=EDGE_LOOP('',(#2150,#2151,#2152,#2153,#2154,#2155));
#338=EDGE_LOOP('',(#2156,#2157,#2158,#2159,#2160,#2161,#2162,#2163,#2164));
#339=EDGE_LOOP('',(#2165,#2166,#2167,#2168,#2169,#2170,#2171,#2172,#2173));
#340=EDGE_LOOP('',(#2174,#2175,#2176));
#341=EDGE_LOOP('',(#2177,#2178,#2179,#2180));
#342=EDGE_LOOP('',(#2181,#2182,#2183));
#343=EDGE_LOOP('',(#2184,#2185,#2186,#2187));
#344=EDGE_LOOP('',(#2188,#2189,#2190,#2191,#2192,#2193));
#345=EDGE_LOOP('',(#2194,#2195,#2196,#2197));
#346=EDGE_LOOP('',(#2198,#2199,#2200,#2201,#2202,#2203));
#347=EDGE_LOOP('',(#2204,#2205,#2206,#2207));
#348=EDGE_LOOP('',(#2208,#2209,#2210,#2211));
#349=EDGE_LOOP('',(#2212,#2213,#2214,#2215,#2216));
#350=EDGE_LOOP('',(#2217,#2218,#2219,#2220,#2221));
#351=EDGE_LOOP('',(#2222,#2223,#2224,#2225,#2226,#2227,#2228,#2229));
#352=EDGE_LOOP('',(#2230,#2231,#2232,#2233));
#353=EDGE_LOOP('',(#2234,#2235,#2236,#2237,#2238,#2239,#2240,#2241,#2242,
#2243,#2244,#2245,#2246,#2247,#2248,#2249,#2250,#2251));
#354=EDGE_LOOP('',(#2252,#2253,#2254,#2255));
#355=EDGE_LOOP('',(#2256,#2257,#2258,#2259));
#356=EDGE_LOOP('',(#2260,#2261,#2262,#2263));
#357=EDGE_LOOP('',(#2264,#2265,#2266,#2267));
#358=EDGE_LOOP('',(#2268,#2269,#2270,#2271));
#359=EDGE_LOOP('',(#2272,#2273,#2274,#2275));
#360=EDGE_LOOP('',(#2276,#2277,#2278,#2279));
#361=EDGE_LOOP('',(#2280,#2281,#2282,#2283));
#362=EDGE_LOOP('',(#2284,#2285,#2286,#2287));
#363=EDGE_LOOP('',(#2288,#2289,#2290,#2291));
#364=EDGE_LOOP('',(#2292,#2293,#2294,#2295));
#365=EDGE_LOOP('',(#2296,#2297,#2298,#2299));
#366=EDGE_LOOP('',(#2300));
#367=EDGE_LOOP('',(#2301));
#368=EDGE_LOOP('',(#2302,#2303,#2304,#2305));
#369=EDGE_LOOP('',(#2306,#2307,#2308,#2309,#2310,#2311));
#370=EDGE_LOOP('',(#2312,#2313,#2314,#2315,#2316));
#371=EDGE_LOOP('',(#2317,#2318,#2319,#2320,#2321));
#372=EDGE_LOOP('',(#2322,#2323,#2324,#2325));
#373=EDGE_LOOP('',(#2326,#2327,#2328,#2329,#2330));
#374=EDGE_LOOP('',(#2331,#2332,#2333,#2334));
#375=EDGE_LOOP('',(#2335,#2336,#2337,#2338,#2339,#2340,#2341,#2342,#2343,
#2344,#2345,#2346,#2347,#2348));
#376=EDGE_LOOP('',(#2349,#2350,#2351,#2352,#2353,#2354));
#377=EDGE_LOOP('',(#2355,#2356,#2357,#2358,#2359));
#378=EDGE_LOOP('',(#2360,#2361,#2362));
#379=EDGE_LOOP('',(#2363,#2364,#2365,#2366));
#380=EDGE_LOOP('',(#2367,#2368,#2369,#2370));
#381=EDGE_LOOP('',(#2371,#2372,#2373,#2374,#2375,#2376,#2377));
#382=EDGE_LOOP('',(#2378,#2379,#2380,#2381,#2382,#2383));
#383=EDGE_LOOP('',(#2384,#2385,#2386,#2387));
#384=EDGE_LOOP('',(#2388,#2389,#2390,#2391,#2392,#2393));
#385=EDGE_LOOP('',(#2394,#2395,#2396,#2397,#2398,#2399,#2400,#2401,#2402,
#2403,#2404,#2405,#2406,#2407,#2408,#2409,#2410,#2411,#2412,#2413,#2414,
#2415,#2416));
#386=EDGE_LOOP('',(#2417,#2418,#2419,#2420));
#387=EDGE_LOOP('',(#2421,#2422,#2423,#2424,#2425,#2426,#2427,#2428));
#388=EDGE_LOOP('',(#2429,#2430,#2431,#2432,#2433,#2434,#2435,#2436));
#389=EDGE_LOOP('',(#2437,#2438,#2439,#2440,#2441,#2442,#2443,#2444,#2445));
#390=EDGE_LOOP('',(#2446,#2447,#2448,#2449,#2450,#2451,#2452,#2453));
#391=EDGE_LOOP('',(#2454,#2455,#2456,#2457,#2458,#2459,#2460));
#392=EDGE_LOOP('',(#2461,#2462,#2463,#2464));
#393=EDGE_LOOP('',(#2465,#2466,#2467,#2468,#2469,#2470,#2471,#2472));
#394=EDGE_LOOP('',(#2473,#2474,#2475,#2476));
#395=EDGE_LOOP('',(#2477,#2478,#2479,#2480));
#396=EDGE_LOOP('',(#2481,#2482,#2483,#2484));
#397=EDGE_LOOP('',(#2485,#2486,#2487,#2488));
#398=EDGE_LOOP('',(#2489,#2490,#2491,#2492));
#399=EDGE_LOOP('',(#2493,#2494,#2495,#2496));
#400=EDGE_LOOP('',(#2497,#2498,#2499,#2500));
#401=EDGE_LOOP('',(#2501,#2502,#2503,#2504,#2505,#2506,#2507,#2508));
#402=EDGE_LOOP('',(#2509,#2510,#2511,#2512,#2513));
#403=EDGE_LOOP('',(#2514,#2515,#2516,#2517));
#404=EDGE_LOOP('',(#2518,#2519,#2520,#2521));
#405=EDGE_LOOP('',(#2522,#2523,#2524,#2525));
#406=EDGE_LOOP('',(#2526,#2527,#2528,#2529));
#407=EDGE_LOOP('',(#2530));
#408=EDGE_LOOP('',(#2531));
#409=EDGE_LOOP('',(#2532,#2533,#2534,#2535,#2536,#2537,#2538,#2539,#2540,
#2541,#2542,#2543,#2544));
#410=EDGE_LOOP('',(#2545,#2546,#2547,#2548));
#411=EDGE_LOOP('',(#2549,#2550,#2551,#2552));
#412=EDGE_LOOP('',(#2553,#2554,#2555,#2556,#2557,#2558,#2559,#2560,#2561));
#413=EDGE_LOOP('',(#2562,#2563,#2564,#2565));
#414=EDGE_LOOP('',(#2566,#2567,#2568,#2569));
#415=EDGE_LOOP('',(#2570,#2571,#2572,#2573));
#416=EDGE_LOOP('',(#2574,#2575,#2576,#2577,#2578,#2579));
#417=EDGE_LOOP('',(#2580,#2581,#2582,#2583));
#418=EDGE_LOOP('',(#2584,#2585,#2586,#2587));
#419=EDGE_LOOP('',(#2588,#2589,#2590,#2591));
#420=EDGE_LOOP('',(#2592,#2593,#2594,#2595));
#421=EDGE_LOOP('',(#2596,#2597,#2598,#2599,#2600,#2601));
#422=EDGE_LOOP('',(#2602,#2603,#2604,#2605));
#423=EDGE_LOOP('',(#2606,#2607,#2608,#2609));
#424=EDGE_LOOP('',(#2610,#2611,#2612,#2613));
#425=EDGE_LOOP('',(#2614,#2615,#2616,#2617,#2618,#2619));
#426=EDGE_LOOP('',(#2620,#2621,#2622,#2623));
#427=EDGE_LOOP('',(#2624,#2625,#2626,#2627));
#428=EDGE_LOOP('',(#2628,#2629,#2630,#2631));
#429=EDGE_LOOP('',(#2632,#2633,#2634,#2635));
#430=EDGE_LOOP('',(#2636,#2637,#2638,#2639));
#431=EDGE_LOOP('',(#2640,#2641,#2642,#2643));
#432=EDGE_LOOP('',(#2644,#2645,#2646,#2647));
#433=EDGE_LOOP('',(#2648,#2649,#2650,#2651,#2652));
#434=EDGE_LOOP('',(#2653,#2654,#2655,#2656,#2657));
#435=LINE('',#3896,#784);
#436=LINE('',#3898,#785);
#437=LINE('',#3900,#786);
#438=LINE('',#3901,#787);
#439=LINE('',#3905,#788);
#440=LINE('',#3907,#789);
#441=LINE('',#3909,#790);
#442=LINE('',#3911,#791);
#443=LINE('',#3913,#792);
#444=LINE('',#3915,#793);
#445=LINE('',#3917,#794);
#446=LINE('',#3919,#795);
#447=LINE('',#3921,#796);
#448=LINE('',#3923,#797);
#449=LINE('',#3925,#798);
#450=LINE('',#3927,#799);
#451=LINE('',#3929,#800);
#452=LINE('',#3931,#801);
#453=LINE('',#3933,#802);
#454=LINE('',#3934,#803);
#455=LINE('',#3936,#804);
#456=LINE('',#3938,#805);
#457=LINE('',#3939,#806);
#458=LINE('',#3942,#807);
#459=LINE('',#3944,#808);
#460=LINE('',#3945,#809);
#461=LINE('',#3947,#810);
#462=LINE('',#3949,#811);
#463=LINE('',#3953,#812);
#464=LINE('',#3955,#813);
#465=LINE('',#3957,#814);
#466=LINE('',#3958,#815);
#467=LINE('',#3962,#816);
#468=LINE('',#3964,#817);
#469=LINE('',#3966,#818);
#470=LINE('',#3967,#819);
#471=LINE('',#3969,#820);
#472=LINE('',#3970,#821);
#473=LINE('',#3972,#822);
#474=LINE('',#3973,#823);
#475=LINE('',#3975,#824);
#476=LINE('',#3979,#825);
#477=LINE('',#3981,#826);
#478=LINE('',#3983,#827);
#479=LINE('',#3984,#828);
#480=LINE('',#3985,#829);
#481=LINE('',#3988,#830);
#482=LINE('',#3990,#831);
#483=LINE('',#3992,#832);
#484=LINE('',#3993,#833);
#485=LINE('',#3996,#834);
#486=LINE('',#3998,#835);
#487=LINE('',#4000,#836);
#488=LINE('',#4001,#837);
#489=LINE('',#4003,#838);
#490=LINE('',#4005,#839);
#491=LINE('',#4007,#840);
#492=LINE('',#4009,#841);
#493=LINE('',#4011,#842);
#494=LINE('',#4013,#843);
#495=LINE('',#4015,#844);
#496=LINE('',#4017,#845);
#497=LINE('',#4018,#846);
#498=LINE('',#4020,#847);
#499=LINE('',#4022,#848);
#500=LINE('',#4023,#849);
#501=LINE('',#4026,#850);
#502=LINE('',#4028,#851);
#503=LINE('',#4029,#852);
#504=LINE('',#4033,#853);
#505=LINE('',#4035,#854);
#506=LINE('',#4036,#855);
#507=LINE('',#4038,#856);
#508=LINE('',#4039,#857);
#509=LINE('',#4041,#858);
#510=LINE('',#4043,#859);
#511=LINE('',#4045,#860);
#512=LINE('',#4047,#861);
#513=LINE('',#4050,#862);
#514=LINE('',#4052,#863);
#515=LINE('',#4054,#864);
#516=LINE('',#4055,#865);
#517=LINE('',#4058,#866);
#518=LINE('',#4062,#867);
#519=LINE('',#4066,#868);
#520=LINE('',#4068,#869);
#521=LINE('',#4070,#870);
#522=LINE('',#4074,#871);
#523=LINE('',#4078,#872);
#524=LINE('',#4080,#873);
#525=LINE('',#4081,#874);
#526=LINE('',#4084,#875);
#527=LINE('',#4086,#876);
#528=LINE('',#4087,#877);
#529=LINE('',#4090,#878);
#530=LINE('',#4091,#879);
#531=LINE('',#4094,#880);
#532=LINE('',#4095,#881);
#533=LINE('',#4097,#882);
#534=LINE('',#4098,#883);
#535=LINE('',#4101,#884);
#536=LINE('',#4102,#885);
#537=LINE('',#4105,#886);
#538=LINE('',#4106,#887);
#539=LINE('',#4108,#888);
#540=LINE('',#4112,#889);
#541=LINE('',#4114,#890);
#542=LINE('',#4116,#891);
#543=LINE('',#4117,#892);
#544=LINE('',#4120,#893);
#545=LINE('',#4122,#894);
#546=LINE('',#4123,#895);
#547=LINE('',#4127,#896);
#548=LINE('',#4129,#897);
#549=LINE('',#4131,#898);
#550=LINE('',#4132,#899);
#551=LINE('',#4136,#900);
#552=LINE('',#4137,#901);
#553=LINE('',#4138,#902);
#554=LINE('',#4141,#903);
#555=LINE('',#4143,#904);
#556=LINE('',#4144,#905);
#557=LINE('',#4148,#906);
#558=LINE('',#4149,#907);
#559=LINE('',#4150,#908);
#560=LINE('',#4153,#909);
#561=LINE('',#4154,#910);
#562=LINE('',#4157,#911);
#563=LINE('',#4158,#912);
#564=LINE('',#4160,#913);
#565=LINE('',#4161,#914);
#566=LINE('',#4164,#915);
#567=LINE('',#4166,#916);
#568=LINE('',#4168,#917);
#569=LINE('',#4169,#918);
#570=LINE('',#4172,#919);
#571=LINE('',#4174,#920);
#572=LINE('',#4176,#921);
#573=LINE('',#4177,#922);
#574=LINE('',#4180,#923);
#575=LINE('',#4181,#924);
#576=LINE('',#4184,#925);
#577=LINE('',#4186,#926);
#578=LINE('',#4188,#927);
#579=LINE('',#4189,#928);
#580=LINE('',#4192,#929);
#581=LINE('',#4194,#930);
#582=LINE('',#4196,#931);
#583=LINE('',#4198,#932);
#584=LINE('',#4200,#933);
#585=LINE('',#4201,#934);
#586=LINE('',#4203,#935);
#587=LINE('',#4206,#936);
#588=LINE('',#4208,#937);
#589=LINE('',#4210,#938);
#590=LINE('',#4212,#939);
#591=LINE('',#4213,#940);
#592=LINE('',#4216,#941);
#593=LINE('',#4218,#942);
#594=LINE('',#4219,#943);
#595=LINE('',#4223,#944);
#596=LINE('',#4225,#945);
#597=LINE('',#4227,#946);
#598=LINE('',#4228,#947);
#599=LINE('',#4233,#948);
#600=LINE('',#4237,#949);
#601=LINE('',#4239,#950);
#602=LINE('',#4240,#951);
#603=LINE('',#4248,#952);
#604=LINE('',#4250,#953);
#605=LINE('',#4252,#954);
#606=LINE('',#4253,#955);
#607=LINE('',#4256,#956);
#608=LINE('',#4258,#957);
#609=LINE('',#4260,#958);
#610=LINE('',#4261,#959);
#611=LINE('',#4265,#960);
#612=LINE('',#4267,#961);
#613=LINE('',#4269,#962);
#614=LINE('',#4271,#963);
#615=LINE('',#4272,#964);
#616=LINE('',#4274,#965);
#617=LINE('',#4275,#966);
#618=LINE('',#4278,#967);
#619=LINE('',#4279,#968);
#620=LINE('',#4281,#969);
#621=LINE('',#4283,#970);
#622=LINE('',#4284,#971);
#623=LINE('',#4286,#972);
#624=LINE('',#4287,#973);
#625=LINE('',#4297,#974);
#626=LINE('',#4301,#975);
#627=LINE('',#4303,#976);
#628=LINE('',#4307,#977);
#629=LINE('',#4309,#978);
#630=LINE('',#4310,#979);
#631=LINE('',#4313,#980);
#632=LINE('',#4319,#981);
#633=LINE('',#4321,#982);
#634=LINE('',#4322,#983);
#635=LINE('',#4331,#984);
#636=LINE('',#4332,#985);
#637=LINE('',#4341,#986);
#638=LINE('',#4342,#987);
#639=LINE('',#4347,#988);
#640=LINE('',#4349,#989);
#641=LINE('',#4364,#990);
#642=LINE('',#4365,#991);
#643=LINE('',#4375,#992);
#644=LINE('',#4377,#993);
#645=LINE('',#4388,#994);
#646=LINE('',#4405,#995);
#647=LINE('',#4407,#996);
#648=LINE('',#4409,#997);
#649=LINE('',#4428,#998);
#650=LINE('',#4430,#999);
#651=LINE('',#4432,#1000);
#652=LINE('',#4433,#1001);
#653=LINE('',#4436,#1002);
#654=LINE('',#4437,#1003);
#655=LINE('',#4438,#1004);
#656=LINE('',#4442,#1005);
#657=LINE('',#4444,#1006);
#658=LINE('',#4446,#1007);
#659=LINE('',#4447,#1008);
#660=LINE('',#4451,#1009);
#661=LINE('',#4458,#1010);
#662=LINE('',#4497,#1011);
#663=LINE('',#4534,#1012);
#664=LINE('',#4536,#1013);
#665=LINE('',#4537,#1014);
#666=LINE('',#4540,#1015);
#667=LINE('',#4541,#1016);
#668=LINE('',#4544,#1017);
#669=LINE('',#4545,#1018);
#670=LINE('',#4547,#1019);
#671=LINE('',#4554,#1020);
#672=LINE('',#4557,#1021);
#673=LINE('',#4560,#1022);
#674=LINE('',#4561,#1023);
#675=LINE('',#4563,#1024);
#676=LINE('',#4564,#1025);
#677=LINE('',#4566,#1026);
#678=LINE('',#4567,#1027);
#679=LINE('',#4569,#1028);
#680=LINE('',#4570,#1029);
#681=LINE('',#4574,#1030);
#682=LINE('',#4575,#1031);
#683=LINE('',#4577,#1032);
#684=LINE('',#4581,#1033);
#685=LINE('',#4582,#1034);
#686=LINE('',#4586,#1035);
#687=LINE('',#4588,#1036);
#688=LINE('',#4590,#1037);
#689=LINE('',#4592,#1038);
#690=LINE('',#4600,#1039);
#691=LINE('',#4601,#1040);
#692=LINE('',#4607,#1041);
#693=LINE('',#4609,#1042);
#694=LINE('',#4610,#1043);
#695=LINE('',#4612,#1044);
#696=LINE('',#4618,#1045);
#697=LINE('',#4621,#1046);
#698=LINE('',#4623,#1047);
#699=LINE('',#4625,#1048);
#700=LINE('',#4627,#1049);
#701=LINE('',#4628,#1050);
#702=LINE('',#4631,#1051);
#703=LINE('',#4632,#1052);
#704=LINE('',#4635,#1053);
#705=LINE('',#4637,#1054);
#706=LINE('',#4641,#1055);
#707=LINE('',#4642,#1056);
#708=LINE('',#4644,#1057);
#709=LINE('',#4646,#1058);
#710=LINE('',#4650,#1059);
#711=LINE('',#4662,#1060);
#712=LINE('',#4663,#1061);
#713=LINE('',#4666,#1062);
#714=LINE('',#4668,#1063);
#715=LINE('',#4669,#1064);
#716=LINE('',#4672,#1065);
#717=LINE('',#4674,#1066);
#718=LINE('',#4676,#1067);
#719=LINE('',#4678,#1068);
#720=LINE('',#4679,#1069);
#721=LINE('',#4682,#1070);
#722=LINE('',#4684,#1071);
#723=LINE('',#4686,#1072);
#724=LINE('',#4688,#1073);
#725=LINE('',#4690,#1074);
#726=LINE('',#4692,#1075);
#727=LINE('',#4693,#1076);
#728=LINE('',#4696,#1077);
#729=LINE('',#4698,#1078);
#730=LINE('',#4700,#1079);
#731=LINE('',#4702,#1080);
#732=LINE('',#4703,#1081);
#733=LINE('',#4706,#1082);
#734=LINE('',#4708,#1083);
#735=LINE('',#4709,#1084);
#736=LINE('',#4710,#1085);
#737=LINE('',#4712,#1086);
#738=LINE('',#4715,#1087);
#739=LINE('',#4722,#1088);
#740=LINE('',#4724,#1089);
#741=LINE('',#4726,#1090);
#742=LINE('',#4729,#1091);
#743=LINE('',#4730,#1092);
#744=LINE('',#4733,#1093);
#745=LINE('',#4735,#1094);
#746=LINE('',#4737,#1095);
#747=LINE('',#4738,#1096);
#748=LINE('',#4740,#1097);
#749=LINE('',#4741,#1098);
#750=LINE('',#4744,#1099);
#751=LINE('',#4754,#1100);
#752=LINE('',#4755,#1101);
#753=LINE('',#4758,#1102);
#754=LINE('',#4762,#1103);
#755=LINE('',#4773,#1104);
#756=LINE('',#4775,#1105);
#757=LINE('',#4777,#1106);
#758=LINE('',#4779,#1107);
#759=LINE('',#4780,#1108);
#760=LINE('',#4781,#1109);
#761=LINE('',#4785,#1110);
#762=LINE('',#4787,#1111);
#763=LINE('',#4788,#1112);
#764=LINE('',#4791,#1113);
#765=LINE('',#4792,#1114);
#766=LINE('',#4795,#1115);
#767=LINE('',#4796,#1116);
#768=LINE('',#4799,#1117);
#769=LINE('',#4802,#1118);
#770=LINE('',#4805,#1119);
#771=LINE('',#4811,#1120);
#772=LINE('',#4813,#1121);
#773=LINE('',#4815,#1122);
#774=LINE('',#4816,#1123);
#775=LINE('',#4819,#1124);
#776=LINE('',#4821,#1125);
#777=LINE('',#4822,#1126);
#778=LINE('',#4825,#1127);
#779=LINE('',#4827,#1128);
#780=LINE('',#4828,#1129);
#781=LINE('',#4831,#1130);
#782=LINE('',#4833,#1131);
#783=LINE('',#4834,#1132);
#784=VECTOR('',#3137,10.);
#785=VECTOR('',#3138,10.);
#786=VECTOR('',#3139,10.);
#787=VECTOR('',#3140,10.);
#788=VECTOR('',#3143,10.);
#789=VECTOR('',#3144,10.);
#790=VECTOR('',#3145,10.);
#791=VECTOR('',#3146,10.);
#792=VECTOR('',#3147,10.);
#793=VECTOR('',#3148,10.);
#794=VECTOR('',#3149,10.);
#795=VECTOR('',#3150,10.);
#796=VECTOR('',#3151,10.);
#797=VECTOR('',#3152,10.);
#798=VECTOR('',#3153,10.);
#799=VECTOR('',#3154,10.);
#800=VECTOR('',#3155,10.);
#801=VECTOR('',#3156,10.);
#802=VECTOR('',#3157,10.);
#803=VECTOR('',#3158,10.);
#804=VECTOR('',#3159,10.);
#805=VECTOR('',#3160,10.);
#806=VECTOR('',#3161,10.);
#807=VECTOR('',#3164,10.);
#808=VECTOR('',#3165,10.);
#809=VECTOR('',#3166,10.);
#810=VECTOR('',#3169,10.);
#811=VECTOR('',#3172,10.);
#812=VECTOR('',#3175,10.);
#813=VECTOR('',#3176,10.);
#814=VECTOR('',#3177,10.);
#815=VECTOR('',#3178,10.);
#816=VECTOR('',#3181,10.);
#817=VECTOR('',#3182,10.);
#818=VECTOR('',#3183,10.);
#819=VECTOR('',#3184,10.);
#820=VECTOR('',#3187,10.);
#821=VECTOR('',#3188,10.);
#822=VECTOR('',#3191,10.);
#823=VECTOR('',#3192,10.);
#824=VECTOR('',#3195,10.);
#825=VECTOR('',#3198,10.);
#826=VECTOR('',#3199,10.);
#827=VECTOR('',#3200,10.);
#828=VECTOR('',#3201,10.);
#829=VECTOR('',#3202,10.);
#830=VECTOR('',#3203,10.);
#831=VECTOR('',#3204,10.);
#832=VECTOR('',#3205,10.);
#833=VECTOR('',#3206,10.);
#834=VECTOR('',#3207,10.);
#835=VECTOR('',#3208,10.);
#836=VECTOR('',#3209,10.);
#837=VECTOR('',#3210,10.);
#838=VECTOR('',#3211,10.);
#839=VECTOR('',#3212,10.);
#840=VECTOR('',#3213,10.);
#841=VECTOR('',#3214,10.);
#842=VECTOR('',#3215,10.);
#843=VECTOR('',#3216,10.);
#844=VECTOR('',#3217,10.);
#845=VECTOR('',#3218,10.);
#846=VECTOR('',#3219,10.);
#847=VECTOR('',#3220,10.);
#848=VECTOR('',#3221,10.);
#849=VECTOR('',#3222,10.);
#850=VECTOR('',#3225,10.);
#851=VECTOR('',#3226,10.);
#852=VECTOR('',#3227,10.);
#853=VECTOR('',#3230,10.);
#854=VECTOR('',#3231,10.);
#855=VECTOR('',#3232,10.);
#856=VECTOR('',#3233,10.);
#857=VECTOR('',#3234,10.);
#858=VECTOR('',#3237,10.);
#859=VECTOR('',#3240,10.);
#860=VECTOR('',#3243,10.);
#861=VECTOR('',#3246,10.);
#862=VECTOR('',#3249,10.);
#863=VECTOR('',#3250,10.);
#864=VECTOR('',#3251,10.);
#865=VECTOR('',#3252,10.);
#866=VECTOR('',#3253,10.);
#867=VECTOR('',#3256,10.);
#868=VECTOR('',#3259,10.);
#869=VECTOR('',#3260,10.);
#870=VECTOR('',#3261,10.);
#871=VECTOR('',#3264,10.);
#872=VECTOR('',#3269,10.);
#873=VECTOR('',#3270,10.);
#874=VECTOR('',#3271,10.);
#875=VECTOR('',#3274,10.);
#876=VECTOR('',#3275,10.);
#877=VECTOR('',#3276,10.);
#878=VECTOR('',#3279,10.);
#879=VECTOR('',#3280,10.);
#880=VECTOR('',#3283,10.);
#881=VECTOR('',#3284,10.);
#882=VECTOR('',#3287,10.);
#883=VECTOR('',#3288,10.);
#884=VECTOR('',#3291,10.);
#885=VECTOR('',#3292,10.);
#886=VECTOR('',#3295,10.);
#887=VECTOR('',#3296,10.);
#888=VECTOR('',#3299,10.);
#889=VECTOR('',#3302,10.);
#890=VECTOR('',#3303,10.);
#891=VECTOR('',#3304,10.);
#892=VECTOR('',#3305,10.);
#893=VECTOR('',#3308,10.);
#894=VECTOR('',#3309,10.);
#895=VECTOR('',#3310,10.);
#896=VECTOR('',#3313,10.);
#897=VECTOR('',#3314,10.);
#898=VECTOR('',#3315,10.);
#899=VECTOR('',#3316,10.);
#900=VECTOR('',#3319,10.);
#901=VECTOR('',#3320,10.);
#902=VECTOR('',#3321,10.);
#903=VECTOR('',#3324,10.);
#904=VECTOR('',#3325,10.);
#905=VECTOR('',#3326,10.);
#906=VECTOR('',#3329,10.);
#907=VECTOR('',#3330,10.);
#908=VECTOR('',#3331,10.);
#909=VECTOR('',#3334,10.);
#910=VECTOR('',#3335,10.);
#911=VECTOR('',#3338,10.);
#912=VECTOR('',#3339,10.);
#913=VECTOR('',#3342,10.);
#914=VECTOR('',#3343,10.);
#915=VECTOR('',#3346,10.);
#916=VECTOR('',#3347,10.);
#917=VECTOR('',#3348,10.);
#918=VECTOR('',#3349,10.);
#919=VECTOR('',#3350,10.);
#920=VECTOR('',#3351,10.);
#921=VECTOR('',#3352,10.);
#922=VECTOR('',#3353,10.);
#923=VECTOR('',#3356,10.);
#924=VECTOR('',#3357,10.);
#925=VECTOR('',#3360,10.);
#926=VECTOR('',#3361,10.);
#927=VECTOR('',#3362,10.);
#928=VECTOR('',#3363,10.);
#929=VECTOR('',#3366,10.);
#930=VECTOR('',#3367,10.);
#931=VECTOR('',#3368,10.);
#932=VECTOR('',#3369,10.);
#933=VECTOR('',#3370,10.);
#934=VECTOR('',#3371,10.);
#935=VECTOR('',#3374,10.);
#936=VECTOR('',#3377,10.);
#937=VECTOR('',#3378,10.);
#938=VECTOR('',#3379,10.);
#939=VECTOR('',#3380,10.);
#940=VECTOR('',#3381,10.);
#941=VECTOR('',#3384,10.);
#942=VECTOR('',#3385,10.);
#943=VECTOR('',#3386,10.);
#944=VECTOR('',#3389,10.);
#945=VECTOR('',#3390,10.);
#946=VECTOR('',#3391,10.);
#947=VECTOR('',#3392,10.);
#948=VECTOR('',#3397,10.);
#949=VECTOR('',#3402,10.);
#950=VECTOR('',#3403,10.);
#951=VECTOR('',#3404,10.);
#952=VECTOR('',#3415,10.);
#953=VECTOR('',#3416,10.);
#954=VECTOR('',#3417,10.);
#955=VECTOR('',#3418,10.);
#956=VECTOR('',#3421,10.);
#957=VECTOR('',#3422,10.);
#958=VECTOR('',#3423,10.);
#959=VECTOR('',#3424,10.);
#960=VECTOR('',#3427,10.);
#961=VECTOR('',#3428,10.);
#962=VECTOR('',#3429,10.);
#963=VECTOR('',#3430,10.);
#964=VECTOR('',#3431,10.);
#965=VECTOR('',#3432,10.);
#966=VECTOR('',#3433,10.);
#967=VECTOR('',#3436,10.);
#968=VECTOR('',#3437,10.);
#969=VECTOR('',#3438,10.);
#970=VECTOR('',#3439,10.);
#971=VECTOR('',#3440,10.);
#972=VECTOR('',#3441,10.);
#973=VECTOR('',#3442,10.);
#974=VECTOR('',#3455,10.);
#975=VECTOR('',#3460,10.);
#976=VECTOR('',#3461,10.);
#977=VECTOR('',#3464,10.);
#978=VECTOR('',#3465,10.);
#979=VECTOR('',#3466,10.);
#980=VECTOR('',#3469,10.);
#981=VECTOR('',#3474,10.);
#982=VECTOR('',#3475,10.);
#983=VECTOR('',#3476,10.);
#984=VECTOR('',#3487,10.);
#985=VECTOR('',#3488,10.);
#986=VECTOR('',#3499,10.);
#987=VECTOR('',#3500,10.);
#988=VECTOR('',#3505,10.);
#989=VECTOR('',#3506,10.);
#990=VECTOR('',#3509,10.);
#991=VECTOR('',#3510,10.);
#992=VECTOR('',#3513,10.);
#993=VECTOR('',#3514,10.);
#994=VECTOR('',#3521,10.);
#995=VECTOR('',#3524,1.5);
#996=VECTOR('',#3527,10.);
#997=VECTOR('',#3528,1.5);
#998=VECTOR('',#3533,10.);
#999=VECTOR('',#3536,10.);
#1000=VECTOR('',#3539,10.);
#1001=VECTOR('',#3540,10.);
#1002=VECTOR('',#3543,10.);
#1003=VECTOR('',#3544,10.);
#1004=VECTOR('',#3545,10.);
#1005=VECTOR('',#3548,10.);
#1006=VECTOR('',#3549,10.);
#1007=VECTOR('',#3550,10.);
#1008=VECTOR('',#3551,10.);
#1009=VECTOR('',#3558,10.);
#1010=VECTOR('',#3567,2.5);
#1011=VECTOR('',#3572,2.5);
#1012=VECTOR('',#3575,10.);
#1013=VECTOR('',#3576,10.);
#1014=VECTOR('',#3577,10.);
#1015=VECTOR('',#3580,10.);
#1016=VECTOR('',#3581,10.);
#1017=VECTOR('',#3584,10.);
#1018=VECTOR('',#3585,10.);
#1019=VECTOR('',#3588,10.);
#1020=VECTOR('',#3595,10.);
#1021=VECTOR('',#3598,10.);
#1022=VECTOR('',#3601,10.);
#1023=VECTOR('',#3602,10.);
#1024=VECTOR('',#3603,10.);
#1025=VECTOR('',#3604,10.);
#1026=VECTOR('',#3607,10.);
#1027=VECTOR('',#3608,10.);
#1028=VECTOR('',#3611,10.);
#1029=VECTOR('',#3612,10.);
#1030=VECTOR('',#3617,10.);
#1031=VECTOR('',#3618,10.);
#1032=VECTOR('',#3621,10.);
#1033=VECTOR('',#3624,10.);
#1034=VECTOR('',#3625,10.);
#1035=VECTOR('',#3628,10.);
#1036=VECTOR('',#3629,10.);
#1037=VECTOR('',#3630,10.);
#1038=VECTOR('',#3631,10.);
#1039=VECTOR('',#3638,10.);
#1040=VECTOR('',#3639,10.);
#1041=VECTOR('',#3644,10.);
#1042=VECTOR('',#3647,10.);
#1043=VECTOR('',#3648,10.);
#1044=VECTOR('',#3651,10.);
#1045=VECTOR('',#3658,10.);
#1046=VECTOR('',#3663,10.);
#1047=VECTOR('',#3666,10.);
#1048=VECTOR('',#3667,10.);
#1049=VECTOR('',#3668,10.);
#1050=VECTOR('',#3669,10.);
#1051=VECTOR('',#3672,10.);
#1052=VECTOR('',#3673,10.);
#1053=VECTOR('',#3676,10.);
#1054=VECTOR('',#3677,10.);
#1055=VECTOR('',#3680,10.);
#1056=VECTOR('',#3681,10.);
#1057=VECTOR('',#3682,10.);
#1058=VECTOR('',#3683,10.);
#1059=VECTOR('',#3686,10.);
#1060=VECTOR('',#3699,10.);
#1061=VECTOR('',#3700,10.);
#1062=VECTOR('',#3703,10.);
#1063=VECTOR('',#3704,10.);
#1064=VECTOR('',#3705,10.);
#1065=VECTOR('',#3708,10.);
#1066=VECTOR('',#3709,10.);
#1067=VECTOR('',#3710,10.);
#1068=VECTOR('',#3711,10.);
#1069=VECTOR('',#3712,10.);
#1070=VECTOR('',#3715,10.);
#1071=VECTOR('',#3716,10.);
#1072=VECTOR('',#3717,10.);
#1073=VECTOR('',#3718,10.);
#1074=VECTOR('',#3719,10.);
#1075=VECTOR('',#3720,10.);
#1076=VECTOR('',#3721,10.);
#1077=VECTOR('',#3724,10.);
#1078=VECTOR('',#3725,10.);
#1079=VECTOR('',#3726,10.);
#1080=VECTOR('',#3727,10.);
#1081=VECTOR('',#3728,10.);
#1082=VECTOR('',#3731,10.);
#1083=VECTOR('',#3732,10.);
#1084=VECTOR('',#3733,10.);
#1085=VECTOR('',#3734,10.);
#1086=VECTOR('',#3737,10.);
#1087=VECTOR('',#3740,10.);
#1088=VECTOR('',#3747,10.);
#1089=VECTOR('',#3750,10.);
#1090=VECTOR('',#3753,10.);
#1091=VECTOR('',#3758,10.);
#1092=VECTOR('',#3759,10.);
#1093=VECTOR('',#3764,10.);
#1094=VECTOR('',#3767,10.);
#1095=VECTOR('',#3770,10.);
#1096=VECTOR('',#3771,10.);
#1097=VECTOR('',#3774,10.);
#1098=VECTOR('',#3775,10.);
#1099=VECTOR('',#3780,10.);
#1100=VECTOR('',#3795,10.);
#1101=VECTOR('',#3796,10.);
#1102=VECTOR('',#3799,10.);
#1103=VECTOR('',#3802,10.);
#1104=VECTOR('',#3815,10.);
#1105=VECTOR('',#3818,10.);
#1106=VECTOR('',#3821,10.);
#1107=VECTOR('',#3824,10.);
#1108=VECTOR('',#3825,10.);
#1109=VECTOR('',#3826,10.);
#1110=VECTOR('',#3831,10.);
#1111=VECTOR('',#3832,10.);
#1112=VECTOR('',#3833,10.);
#1113=VECTOR('',#3836,10.);
#1114=VECTOR('',#3837,10.);
#1115=VECTOR('',#3840,10.);
#1116=VECTOR('',#3841,10.);
#1117=VECTOR('',#3846,10.);
#1118=VECTOR('',#3851,10.);
#1119=VECTOR('',#3856,10.);
#1120=VECTOR('',#3863,10.);
#1121=VECTOR('',#3864,10.);
#1122=VECTOR('',#3865,10.);
#1123=VECTOR('',#3866,10.);
#1124=VECTOR('',#3869,10.);
#1125=VECTOR('',#3870,10.);
#1126=VECTOR('',#3871,10.);
#1127=VECTOR('',#3874,10.);
#1128=VECTOR('',#3875,10.);
#1129=VECTOR('',#3876,10.);
#1130=VECTOR('',#3879,10.);
#1131=VECTOR('',#3880,10.);
#1132=VECTOR('',#3881,10.);
#1133=VERTEX_POINT('',#3894);
#1134=VERTEX_POINT('',#3895);
#1135=VERTEX_POINT('',#3897);
#1136=VERTEX_POINT('',#3899);
#1137=VERTEX_POINT('',#3903);
#1138=VERTEX_POINT('',#3904);
#1139=VERTEX_POINT('',#3906);
#1140=VERTEX_POINT('',#3908);
#1141=VERTEX_POINT('',#3910);
#1142=VERTEX_POINT('',#3912);
#1143=VERTEX_POINT('',#3914);
#1144=VERTEX_POINT('',#3916);
#1145=VERTEX_POINT('',#3918);
#1146=VERTEX_POINT('',#3920);
#1147=VERTEX_POINT('',#3922);
#1148=VERTEX_POINT('',#3924);
#1149=VERTEX_POINT('',#3926);
#1150=VERTEX_POINT('',#3928);
#1151=VERTEX_POINT('',#3930);
#1152=VERTEX_POINT('',#3932);
#1153=VERTEX_POINT('',#3935);
#1154=VERTEX_POINT('',#3937);
#1155=VERTEX_POINT('',#3941);
#1156=VERTEX_POINT('',#3943);
#1157=VERTEX_POINT('',#3951);
#1158=VERTEX_POINT('',#3952);
#1159=VERTEX_POINT('',#3954);
#1160=VERTEX_POINT('',#3956);
#1161=VERTEX_POINT('',#3960);
#1162=VERTEX_POINT('',#3961);
#1163=VERTEX_POINT('',#3963);
#1164=VERTEX_POINT('',#3965);
#1165=VERTEX_POINT('',#3977);
#1166=VERTEX_POINT('',#3978);
#1167=VERTEX_POINT('',#3980);
#1168=VERTEX_POINT('',#3982);
#1169=VERTEX_POINT('',#3986);
#1170=VERTEX_POINT('',#3987);
#1171=VERTEX_POINT('',#3989);
#1172=VERTEX_POINT('',#3991);
#1173=VERTEX_POINT('',#3994);
#1174=VERTEX_POINT('',#3995);
#1175=VERTEX_POINT('',#3997);
#1176=VERTEX_POINT('',#3999);
#1177=VERTEX_POINT('',#4002);
#1178=VERTEX_POINT('',#4004);
#1179=VERTEX_POINT('',#4006);
#1180=VERTEX_POINT('',#4008);
#1181=VERTEX_POINT('',#4010);
#1182=VERTEX_POINT('',#4012);
#1183=VERTEX_POINT('',#4014);
#1184=VERTEX_POINT('',#4016);
#1185=VERTEX_POINT('',#4019);
#1186=VERTEX_POINT('',#4021);
#1187=VERTEX_POINT('',#4025);
#1188=VERTEX_POINT('',#4027);
#1189=VERTEX_POINT('',#4031);
#1190=VERTEX_POINT('',#4032);
#1191=VERTEX_POINT('',#4034);
#1192=VERTEX_POINT('',#4037);
#1193=VERTEX_POINT('',#4049);
#1194=VERTEX_POINT('',#4051);
#1195=VERTEX_POINT('',#4053);
#1196=VERTEX_POINT('',#4056);
#1197=VERTEX_POINT('',#4057);
#1198=VERTEX_POINT('',#4059);
#1199=VERTEX_POINT('',#4061);
#1200=VERTEX_POINT('',#4063);
#1201=VERTEX_POINT('',#4065);
#1202=VERTEX_POINT('',#4067);
#1203=VERTEX_POINT('',#4069);
#1204=VERTEX_POINT('',#4071);
#1205=VERTEX_POINT('',#4073);
#1206=VERTEX_POINT('',#4077);
#1207=VERTEX_POINT('',#4079);
#1208=VERTEX_POINT('',#4083);
#1209=VERTEX_POINT('',#4085);
#1210=VERTEX_POINT('',#4089);
#1211=VERTEX_POINT('',#4093);
#1212=VERTEX_POINT('',#4100);
#1213=VERTEX_POINT('',#4104);
#1214=VERTEX_POINT('',#4110);
#1215=VERTEX_POINT('',#4111);
#1216=VERTEX_POINT('',#4113);
#1217=VERTEX_POINT('',#4115);
#1218=VERTEX_POINT('',#4119);
#1219=VERTEX_POINT('',#4121);
#1220=VERTEX_POINT('',#4125);
#1221=VERTEX_POINT('',#4126);
#1222=VERTEX_POINT('',#4128);
#1223=VERTEX_POINT('',#4130);
#1224=VERTEX_POINT('',#4134);
#1225=VERTEX_POINT('',#4135);
#1226=VERTEX_POINT('',#4140);
#1227=VERTEX_POINT('',#4142);
#1228=VERTEX_POINT('',#4146);
#1229=VERTEX_POINT('',#4147);
#1230=VERTEX_POINT('',#4152);
#1231=VERTEX_POINT('',#4156);
#1232=VERTEX_POINT('',#4163);
#1233=VERTEX_POINT('',#4165);
#1234=VERTEX_POINT('',#4167);
#1235=VERTEX_POINT('',#4170);
#1236=VERTEX_POINT('',#4171);
#1237=VERTEX_POINT('',#4173);
#1238=VERTEX_POINT('',#4175);
#1239=VERTEX_POINT('',#4179);
#1240=VERTEX_POINT('',#4183);
#1241=VERTEX_POINT('',#4185);
#1242=VERTEX_POINT('',#4187);
#1243=VERTEX_POINT('',#4191);
#1244=VERTEX_POINT('',#4193);
#1245=VERTEX_POINT('',#4195);
#1246=VERTEX_POINT('',#4197);
#1247=VERTEX_POINT('',#4199);
#1248=VERTEX_POINT('',#4205);
#1249=VERTEX_POINT('',#4207);
#1250=VERTEX_POINT('',#4209);
#1251=VERTEX_POINT('',#4211);
#1252=VERTEX_POINT('',#4215);
#1253=VERTEX_POINT('',#4217);
#1254=VERTEX_POINT('',#4221);
#1255=VERTEX_POINT('',#4222);
#1256=VERTEX_POINT('',#4224);
#1257=VERTEX_POINT('',#4226);
#1258=VERTEX_POINT('',#4230);
#1259=VERTEX_POINT('',#4232);
#1260=VERTEX_POINT('',#4236);
#1261=VERTEX_POINT('',#4238);
#1262=VERTEX_POINT('',#4246);
#1263=VERTEX_POINT('',#4247);
#1264=VERTEX_POINT('',#4249);
#1265=VERTEX_POINT('',#4251);
#1266=VERTEX_POINT('',#4255);
#1267=VERTEX_POINT('',#4257);
#1268=VERTEX_POINT('',#4259);
#1269=VERTEX_POINT('',#4263);
#1270=VERTEX_POINT('',#4264);
#1271=VERTEX_POINT('',#4266);
#1272=VERTEX_POINT('',#4268);
#1273=VERTEX_POINT('',#4270);
#1274=VERTEX_POINT('',#4273);
#1275=VERTEX_POINT('',#4277);
#1276=VERTEX_POINT('',#4280);
#1277=VERTEX_POINT('',#4282);
#1278=VERTEX_POINT('',#4285);
#1279=VERTEX_POINT('',#4289);
#1280=VERTEX_POINT('',#4291);
#1281=VERTEX_POINT('',#4296);
#1282=VERTEX_POINT('',#4300);
#1283=VERTEX_POINT('',#4302);
#1284=VERTEX_POINT('',#4304);
#1285=VERTEX_POINT('',#4306);
#1286=VERTEX_POINT('',#4308);
#1287=VERTEX_POINT('',#4312);
#1288=VERTEX_POINT('',#4314);
#1289=VERTEX_POINT('',#4316);
#1290=VERTEX_POINT('',#4318);
#1291=VERTEX_POINT('',#4320);
#1292=VERTEX_POINT('',#4324);
#1293=VERTEX_POINT('',#4325);
#1294=VERTEX_POINT('',#4327);
#1295=VERTEX_POINT('',#4334);
#1296=VERTEX_POINT('',#4335);
#1297=VERTEX_POINT('',#4337);
#1298=VERTEX_POINT('',#4344);
#1299=VERTEX_POINT('',#4345);
#1300=VERTEX_POINT('',#4348);
#1301=VERTEX_POINT('',#4350);
#1302=VERTEX_POINT('',#4367);
#1303=VERTEX_POINT('',#4368);
#1304=VERTEX_POINT('',#4376);
#1305=VERTEX_POINT('',#4378);
#1306=VERTEX_POINT('',#4390);
#1307=VERTEX_POINT('',#4408);
#1308=VERTEX_POINT('',#4425);
#1309=VERTEX_POINT('',#4427);
#1310=VERTEX_POINT('',#4435);
#1311=VERTEX_POINT('',#4439);
#1312=VERTEX_POINT('',#4441);
#1313=VERTEX_POINT('',#4443);
#1314=VERTEX_POINT('',#4445);
#1315=VERTEX_POINT('',#4455);
#1316=VERTEX_POINT('',#4457);
#1317=VERTEX_POINT('',#4494);
#1318=VERTEX_POINT('',#4496);
#1319=VERTEX_POINT('',#4533);
#1320=VERTEX_POINT('',#4535);
#1321=VERTEX_POINT('',#4539);
#1322=VERTEX_POINT('',#4543);
#1323=VERTEX_POINT('',#4550);
#1324=VERTEX_POINT('',#4551);
#1325=VERTEX_POINT('',#4553);
#1326=VERTEX_POINT('',#4555);
#1327=VERTEX_POINT('',#4559);
#1328=VERTEX_POINT('',#4562);
#1329=VERTEX_POINT('',#4573);
#1330=VERTEX_POINT('',#4579);
#1331=VERTEX_POINT('',#4580);
#1332=VERTEX_POINT('',#4583);
#1333=VERTEX_POINT('',#4585);
#1334=VERTEX_POINT('',#4587);
#1335=VERTEX_POINT('',#4589);
#1336=VERTEX_POINT('',#4591);
#1337=VERTEX_POINT('',#4593);
#1338=VERTEX_POINT('',#4595);
#1339=VERTEX_POINT('',#4597);
#1340=VERTEX_POINT('',#4599);
#1341=VERTEX_POINT('',#4603);
#1342=VERTEX_POINT('',#4604);
#1343=VERTEX_POINT('',#4606);
#1344=VERTEX_POINT('',#4615);
#1345=VERTEX_POINT('',#4617);
#1346=VERTEX_POINT('',#4624);
#1347=VERTEX_POINT('',#4626);
#1348=VERTEX_POINT('',#4630);
#1349=VERTEX_POINT('',#4634);
#1350=VERTEX_POINT('',#4636);
#1351=VERTEX_POINT('',#4638);
#1352=VERTEX_POINT('',#4640);
#1353=VERTEX_POINT('',#4643);
#1354=VERTEX_POINT('',#4645);
#1355=VERTEX_POINT('',#4647);
#1356=VERTEX_POINT('',#4649);
#1357=VERTEX_POINT('',#4651);
#1358=VERTEX_POINT('',#4653);
#1359=VERTEX_POINT('',#4655);
#1360=VERTEX_POINT('',#4657);
#1361=VERTEX_POINT('',#4661);
#1362=VERTEX_POINT('',#4665);
#1363=VERTEX_POINT('',#4667);
#1364=VERTEX_POINT('',#4671);
#1365=VERTEX_POINT('',#4673);
#1366=VERTEX_POINT('',#4675);
#1367=VERTEX_POINT('',#4677);
#1368=VERTEX_POINT('',#4681);
#1369=VERTEX_POINT('',#4683);
#1370=VERTEX_POINT('',#4685);
#1371=VERTEX_POINT('',#4687);
#1372=VERTEX_POINT('',#4689);
#1373=VERTEX_POINT('',#4691);
#1374=VERTEX_POINT('',#4695);
#1375=VERTEX_POINT('',#4697);
#1376=VERTEX_POINT('',#4699);
#1377=VERTEX_POINT('',#4701);
#1378=VERTEX_POINT('',#4705);
#1379=VERTEX_POINT('',#4707);
#1380=VERTEX_POINT('',#4714);
#1381=VERTEX_POINT('',#4716);
#1382=VERTEX_POINT('',#4718);
#1383=VERTEX_POINT('',#4720);
#1384=VERTEX_POINT('',#4751);
#1385=VERTEX_POINT('',#4752);
#1386=VERTEX_POINT('',#4757);
#1387=VERTEX_POINT('',#4759);
#1388=VERTEX_POINT('',#4761);
#1389=VERTEX_POINT('',#4763);
#1390=VERTEX_POINT('',#4765);
#1391=VERTEX_POINT('',#4767);
#1392=VERTEX_POINT('',#4769);
#1393=VERTEX_POINT('',#4784);
#1394=VERTEX_POINT('',#4786);
#1395=VERTEX_POINT('',#4790);
#1396=VERTEX_POINT('',#4794);
#1397=VERTEX_POINT('',#4809);
#1398=VERTEX_POINT('',#4810);
#1399=VERTEX_POINT('',#4812);
#1400=VERTEX_POINT('',#4814);
#1401=VERTEX_POINT('',#4818);
#1402=VERTEX_POINT('',#4820);
#1403=VERTEX_POINT('',#4824);
#1404=VERTEX_POINT('',#4826);
#1405=VERTEX_POINT('',#4830);
#1406=VERTEX_POINT('',#4832);
#1407=EDGE_CURVE('',#1133,#1134,#435,.T.);
#1408=EDGE_CURVE('',#1133,#1135,#436,.T.);
#1409=EDGE_CURVE('',#1136,#1135,#437,.T.);
#1410=EDGE_CURVE('',#1136,#1134,#438,.T.);
#1411=EDGE_CURVE('',#1137,#1138,#439,.T.);
#1412=EDGE_CURVE('',#1138,#1139,#440,.T.);
#1413=EDGE_CURVE('',#1139,#1140,#441,.T.);
#1414=EDGE_CURVE('',#1140,#1141,#442,.T.);
#1415=EDGE_CURVE('',#1141,#1142,#443,.T.);
#1416=EDGE_CURVE('',#1142,#1143,#444,.T.);
#1417=EDGE_CURVE('',#1143,#1144,#445,.T.);
#1418=EDGE_CURVE('',#1144,#1145,#446,.T.);
#1419=EDGE_CURVE('',#1145,#1146,#447,.T.);
#1420=EDGE_CURVE('',#1146,#1147,#448,.T.);
#1421=EDGE_CURVE('',#1147,#1148,#449,.T.);
#1422=EDGE_CURVE('',#1148,#1149,#450,.T.);
#1423=EDGE_CURVE('',#1149,#1150,#451,.T.);
#1424=EDGE_CURVE('',#1151,#1150,#452,.T.);
#1425=EDGE_CURVE('',#1151,#1152,#453,.T.);
#1426=EDGE_CURVE('',#1152,#1137,#454,.T.);
#1427=EDGE_CURVE('',#1153,#1133,#455,.T.);
#1428=EDGE_CURVE('',#1134,#1154,#456,.T.);
#1429=EDGE_CURVE('',#1154,#1153,#457,.T.);
#1430=EDGE_CURVE('',#1155,#1154,#458,.T.);
#1431=EDGE_CURVE('',#1156,#1155,#459,.T.);
#1432=EDGE_CURVE('',#1153,#1156,#460,.T.);
#1433=EDGE_CURVE('',#1155,#1136,#461,.T.);
#1434=EDGE_CURVE('',#1135,#1156,#462,.T.);
#1435=EDGE_CURVE('',#1157,#1158,#463,.T.);
#1436=EDGE_CURVE('',#1159,#1157,#464,.T.);
#1437=EDGE_CURVE('',#1159,#1160,#465,.T.);
#1438=EDGE_CURVE('',#1158,#1160,#466,.T.);
#1439=EDGE_CURVE('',#1161,#1162,#467,.T.);
#1440=EDGE_CURVE('',#1163,#1161,#468,.T.);
#1441=EDGE_CURVE('',#1164,#1163,#469,.T.);
#1442=EDGE_CURVE('',#1162,#1164,#470,.T.);
#1443=EDGE_CURVE('',#1162,#1152,#471,.T.);
#1444=EDGE_CURVE('',#1137,#1164,#472,.T.);
#1445=EDGE_CURVE('',#1160,#1138,#473,.T.);
#1446=EDGE_CURVE('',#1139,#1159,#474,.T.);
#1447=EDGE_CURVE('',#1158,#1163,#475,.T.);
#1448=EDGE_CURVE('',#1165,#1166,#476,.T.);
#1449=EDGE_CURVE('',#1167,#1165,#477,.T.);
#1450=EDGE_CURVE('',#1168,#1167,#478,.T.);
#1451=EDGE_CURVE('',#1166,#1168,#479,.T.);
#1452=EDGE_CURVE('',#1161,#1151,#480,.T.);
#1453=EDGE_CURVE('',#1169,#1170,#481,.T.);
#1454=EDGE_CURVE('',#1171,#1169,#482,.T.);
#1455=EDGE_CURVE('',#1171,#1172,#483,.T.);
#1456=EDGE_CURVE('',#1172,#1170,#484,.T.);
#1457=EDGE_CURVE('',#1173,#1174,#485,.T.);
#1458=EDGE_CURVE('',#1175,#1173,#486,.T.);
#1459=EDGE_CURVE('',#1175,#1176,#487,.T.);
#1460=EDGE_CURVE('',#1176,#1174,#488,.T.);
#1461=EDGE_CURVE('',#1177,#1157,#489,.T.);
#1462=EDGE_CURVE('',#1178,#1177,#490,.T.);
#1463=EDGE_CURVE('',#1179,#1178,#491,.T.);
#1464=EDGE_CURVE('',#1180,#1179,#492,.T.);
#1465=EDGE_CURVE('',#1180,#1181,#493,.T.);
#1466=EDGE_CURVE('',#1181,#1182,#494,.T.);
#1467=EDGE_CURVE('',#1183,#1182,#495,.T.);
#1468=EDGE_CURVE('',#1184,#1183,#496,.T.);
#1469=EDGE_CURVE('',#1140,#1184,#497,.T.);
#1470=EDGE_CURVE('',#1144,#1185,#498,.T.);
#1471=EDGE_CURVE('',#1143,#1186,#499,.T.);
#1472=EDGE_CURVE('',#1186,#1185,#500,.T.);
#1473=EDGE_CURVE('',#1166,#1187,#501,.T.);
#1474=EDGE_CURVE('',#1188,#1187,#502,.T.);
#1475=EDGE_CURVE('',#1165,#1188,#503,.T.);
#1476=EDGE_CURVE('',#1189,#1190,#504,.T.);
#1477=EDGE_CURVE('',#1189,#1191,#505,.T.);
#1478=EDGE_CURVE('',#1191,#1142,#506,.T.);
#1479=EDGE_CURVE('',#1141,#1192,#507,.T.);
#1480=EDGE_CURVE('',#1192,#1190,#508,.T.);
#1481=EDGE_CURVE('',#1184,#1192,#509,.T.);
#1482=EDGE_CURVE('',#1186,#1191,#510,.T.);
#1483=EDGE_CURVE('',#1185,#1189,#511,.T.);
#1484=EDGE_CURVE('',#1190,#1183,#512,.T.);
#1485=EDGE_CURVE('',#1193,#1188,#513,.T.);
#1486=EDGE_CURVE('',#1194,#1193,#514,.T.);
#1487=EDGE_CURVE('',#1195,#1194,#515,.T.);
#1488=EDGE_CURVE('',#1167,#1195,#516,.T.);
#1489=EDGE_CURVE('',#1196,#1197,#517,.T.);
#1490=EDGE_CURVE('',#1198,#1197,#57,.F.);
#1491=EDGE_CURVE('',#1198,#1199,#518,.T.);
#1492=EDGE_CURVE('',#1200,#1199,#58,.F.);
#1493=EDGE_CURVE('',#1200,#1201,#519,.T.);
#1494=EDGE_CURVE('',#1201,#1202,#520,.T.);
#1495=EDGE_CURVE('',#1202,#1203,#521,.T.);
#1496=EDGE_CURVE('',#1203,#1204,#59,.T.);
#1497=EDGE_CURVE('',#1204,#1205,#522,.T.);
#1498=EDGE_CURVE('',#1196,#1205,#60,.F.);
#1499=EDGE_CURVE('',#1179,#1206,#523,.T.);
#1500=EDGE_CURVE('',#1178,#1207,#524,.T.);
#1501=EDGE_CURVE('',#1206,#1207,#525,.T.);
#1502=EDGE_CURVE('',#1208,#1171,#526,.T.);
#1503=EDGE_CURVE('',#1209,#1208,#527,.T.);
#1504=EDGE_CURVE('',#1172,#1209,#528,.T.);
#1505=EDGE_CURVE('',#1210,#1209,#529,.T.);
#1506=EDGE_CURVE('',#1170,#1210,#530,.T.);
#1507=EDGE_CURVE('',#1211,#1177,#531,.T.);
#1508=EDGE_CURVE('',#1207,#1211,#532,.T.);
#1509=EDGE_CURVE('',#1210,#1211,#533,.T.);
#1510=EDGE_CURVE('',#1206,#1208,#534,.T.);
#1511=EDGE_CURVE('',#1150,#1212,#535,.T.);
#1512=EDGE_CURVE('',#1169,#1212,#536,.T.);
#1513=EDGE_CURVE('',#1168,#1213,#537,.T.);
#1514=EDGE_CURVE('',#1187,#1213,#538,.T.);
#1515=EDGE_CURVE('',#1213,#1195,#539,.T.);
#1516=EDGE_CURVE('',#1214,#1215,#540,.T.);
#1517=EDGE_CURVE('',#1216,#1214,#541,.T.);
#1518=EDGE_CURVE('',#1216,#1217,#542,.T.);
#1519=EDGE_CURVE('',#1215,#1217,#543,.T.);
#1520=EDGE_CURVE('',#1218,#1216,#544,.T.);
#1521=EDGE_CURVE('',#1219,#1218,#545,.T.);
#1522=EDGE_CURVE('',#1217,#1219,#546,.T.);
#1523=EDGE_CURVE('',#1220,#1221,#547,.T.);
#1524=EDGE_CURVE('',#1222,#1220,#548,.T.);
#1525=EDGE_CURVE('',#1223,#1222,#549,.T.);
#1526=EDGE_CURVE('',#1221,#1223,#550,.T.);
#1527=EDGE_CURVE('',#1224,#1225,#551,.T.);
#1528=EDGE_CURVE('',#1182,#1224,#552,.T.);
#1529=EDGE_CURVE('',#1181,#1225,#553,.T.);
#1530=EDGE_CURVE('',#1223,#1226,#554,.T.);
#1531=EDGE_CURVE('',#1227,#1222,#555,.T.);
#1532=EDGE_CURVE('',#1226,#1227,#556,.T.);
#1533=EDGE_CURVE('',#1228,#1229,#557,.T.);
#1534=EDGE_CURVE('',#1176,#1228,#558,.T.);
#1535=EDGE_CURVE('',#1229,#1175,#559,.T.);
#1536=EDGE_CURVE('',#1230,#1228,#560,.T.);
#1537=EDGE_CURVE('',#1174,#1230,#561,.T.);
#1538=EDGE_CURVE('',#1225,#1231,#562,.T.);
#1539=EDGE_CURVE('',#1231,#1180,#563,.T.);
#1540=EDGE_CURVE('',#1215,#1220,#564,.T.);
#1541=EDGE_CURVE('',#1227,#1219,#565,.T.);
#1542=EDGE_CURVE('',#1232,#1231,#566,.T.);
#1543=EDGE_CURVE('',#1233,#1232,#567,.T.);
#1544=EDGE_CURVE('',#1234,#1233,#568,.T.);
#1545=EDGE_CURVE('',#1224,#1234,#569,.T.);
#1546=EDGE_CURVE('',#1235,#1236,#570,.T.);
#1547=EDGE_CURVE('',#1236,#1237,#571,.T.);
#1548=EDGE_CURVE('',#1237,#1238,#572,.T.);
#1549=EDGE_CURVE('',#1238,#1235,#573,.T.);
#1550=EDGE_CURVE('',#1239,#1229,#574,.T.);
#1551=EDGE_CURVE('',#1230,#1239,#575,.T.);
#1552=EDGE_CURVE('',#1240,#1212,#576,.T.);
#1553=EDGE_CURVE('',#1240,#1241,#577,.T.);
#1554=EDGE_CURVE('',#1241,#1242,#578,.T.);
#1555=EDGE_CURVE('',#1242,#1232,#579,.T.);
#1556=EDGE_CURVE('',#1234,#1243,#580,.T.);
#1557=EDGE_CURVE('',#1243,#1244,#581,.T.);
#1558=EDGE_CURVE('',#1244,#1245,#582,.T.);
#1559=EDGE_CURVE('',#1246,#1245,#583,.T.);
#1560=EDGE_CURVE('',#1246,#1247,#584,.T.);
#1561=EDGE_CURVE('',#1247,#1145,#585,.T.);
#1562=EDGE_CURVE('',#1173,#1239,#586,.T.);
#1563=EDGE_CURVE('',#1221,#1248,#587,.T.);
#1564=EDGE_CURVE('',#1248,#1249,#588,.F.);
#1565=EDGE_CURVE('',#1250,#1249,#589,.T.);
#1566=EDGE_CURVE('',#1250,#1251,#590,.F.);
#1567=EDGE_CURVE('',#1251,#1214,#591,.T.);
#1568=EDGE_CURVE('',#1226,#1252,#592,.T.);
#1569=EDGE_CURVE('',#1252,#1253,#593,.T.);
#1570=EDGE_CURVE('',#1248,#1253,#594,.T.);
#1571=EDGE_CURVE('',#1254,#1255,#595,.T.);
#1572=EDGE_CURVE('',#1254,#1256,#596,.T.);
#1573=EDGE_CURVE('',#1256,#1257,#597,.T.);
#1574=EDGE_CURVE('',#1255,#1257,#598,.T.);
#1575=EDGE_CURVE('',#1258,#1254,#61,.T.);
#1576=EDGE_CURVE('',#1258,#1259,#599,.T.);
#1577=EDGE_CURVE('',#1259,#1256,#62,.T.);
#1578=EDGE_CURVE('',#1260,#1258,#600,.T.);
#1579=EDGE_CURVE('',#1260,#1261,#601,.T.);
#1580=EDGE_CURVE('',#1261,#1259,#602,.T.);
#1581=EDGE_CURVE('',#1255,#1260,#63,.T.);
#1582=EDGE_CURVE('',#1257,#1261,#64,.T.);
#1583=EDGE_CURVE('',#1262,#1263,#603,.T.);
#1584=EDGE_CURVE('',#1263,#1264,#604,.T.);
#1585=EDGE_CURVE('',#1264,#1265,#605,.T.);
#1586=EDGE_CURVE('',#1262,#1265,#606,.T.);
#1587=EDGE_CURVE('',#1265,#1266,#607,.T.);
#1588=EDGE_CURVE('',#1266,#1267,#608,.T.);
#1589=EDGE_CURVE('',#1267,#1268,#609,.T.);
#1590=EDGE_CURVE('',#1265,#1268,#610,.T.);
#1591=EDGE_CURVE('',#1269,#1270,#611,.T.);
#1592=EDGE_CURVE('',#1271,#1269,#612,.T.);
#1593=EDGE_CURVE('',#1272,#1271,#613,.T.);
#1594=EDGE_CURVE('',#1272,#1273,#614,.T.);
#1595=EDGE_CURVE('',#1245,#1273,#615,.T.);
#1596=EDGE_CURVE('',#1274,#1244,#616,.T.);
#1597=EDGE_CURVE('',#1274,#1270,#617,.T.);
#1598=EDGE_CURVE('',#1275,#1263,#618,.T.);
#1599=EDGE_CURVE('',#1273,#1275,#619,.T.);
#1600=EDGE_CURVE('',#1276,#1272,#620,.T.);
#1601=EDGE_CURVE('',#1277,#1276,#621,.T.);
#1602=EDGE_CURVE('',#1270,#1277,#622,.T.);
#1603=EDGE_CURVE('',#1278,#1274,#623,.T.);
#1604=EDGE_CURVE('',#1278,#1264,#624,.T.);
#1605=EDGE_CURVE('',#1279,#1276,#65,.T.);
#1606=EDGE_CURVE('',#1280,#1279,#66,.T.);
#1607=EDGE_CURVE('',#1271,#1280,#67,.T.);
#1608=EDGE_CURVE('',#1277,#1269,#68,.T.);
#1609=EDGE_CURVE('',#1280,#1281,#625,.T.);
#1610=EDGE_CURVE('',#1281,#1279,#69,.T.);
#1611=EDGE_CURVE('',#1243,#1282,#626,.T.);
#1612=EDGE_CURVE('',#1282,#1283,#627,.T.);
#1613=EDGE_CURVE('',#1284,#1283,#70,.T.);
#1614=EDGE_CURVE('',#1285,#1284,#628,.T.);
#1615=EDGE_CURVE('',#1285,#1286,#629,.T.);
#1616=EDGE_CURVE('',#1286,#1278,#630,.T.);
#1617=EDGE_CURVE('',#1287,#1275,#631,.T.);
#1618=EDGE_CURVE('',#1288,#1287,#71,.T.);
#1619=EDGE_CURVE('',#1288,#1289,#72,.T.);
#1620=EDGE_CURVE('',#1290,#1289,#632,.T.);
#1621=EDGE_CURVE('',#1290,#1291,#633,.T.);
#1622=EDGE_CURVE('',#1291,#1246,#634,.T.);
#1623=EDGE_CURVE('',#1292,#1293,#73,.F.);
#1624=EDGE_CURVE('',#1294,#1292,#74,.F.);
#1625=EDGE_CURVE('',#1293,#1294,#75,.F.);
#1626=EDGE_CURVE('',#1197,#1294,#635,.T.);
#1627=EDGE_CURVE('',#1292,#1198,#636,.T.);
#1628=EDGE_CURVE('',#1295,#1296,#76,.F.);
#1629=EDGE_CURVE('',#1297,#1295,#77,.F.);
#1630=EDGE_CURVE('',#1296,#1297,#78,.F.);
#1631=EDGE_CURVE('',#1205,#1297,#637,.T.);
#1632=EDGE_CURVE('',#1295,#1196,#638,.T.);
#1633=EDGE_CURVE('',#1298,#1299,#79,.T.);
#1634=EDGE_CURVE('',#1299,#1296,#639,.T.);
#1635=EDGE_CURVE('',#1297,#1300,#640,.T.);
#1636=EDGE_CURVE('',#1300,#1301,#17,.T.);
#1637=EDGE_CURVE('',#1301,#1298,#18,.T.);
#1638=EDGE_CURVE('',#1296,#1293,#641,.T.);
#1639=EDGE_CURVE('',#1294,#1295,#642,.T.);
#1640=EDGE_CURVE('',#1302,#1303,#19,.T.);
#1641=EDGE_CURVE('',#1303,#1292,#643,.T.);
#1642=EDGE_CURVE('',#1293,#1304,#644,.T.);
#1643=EDGE_CURVE('',#1304,#1305,#80,.T.);
#1644=EDGE_CURVE('',#1305,#1302,#20,.T.);
#1645=EDGE_CURVE('',#1199,#1303,#645,.T.);
#1646=EDGE_CURVE('',#1302,#1306,#21,.F.);
#1647=EDGE_CURVE('',#1306,#1200,#646,.T.);
#1648=EDGE_CURVE('',#1204,#1300,#647,.T.);
#1649=EDGE_CURVE('',#1203,#1307,#648,.T.);
#1650=EDGE_CURVE('',#1301,#1307,#22,.T.);
#1651=EDGE_CURVE('',#1307,#1308,#81,.F.);
#1652=EDGE_CURVE('',#1308,#1309,#649,.T.);
#1653=EDGE_CURVE('',#1309,#1306,#82,.F.);
#1654=EDGE_CURVE('',#1298,#1305,#650,.T.);
#1655=EDGE_CURVE('',#1253,#1308,#651,.T.);
#1656=EDGE_CURVE('',#1309,#1252,#652,.T.);
#1657=EDGE_CURVE('',#1268,#1310,#653,.T.);
#1658=EDGE_CURVE('',#1267,#1201,#654,.T.);
#1659=EDGE_CURVE('',#1251,#1218,#655,.T.);
#1660=EDGE_CURVE('',#1311,#1250,#83,.F.);
#1661=EDGE_CURVE('',#1311,#1312,#656,.T.);
#1662=EDGE_CURVE('',#1312,#1313,#657,.T.);
#1663=EDGE_CURVE('',#1313,#1314,#658,.T.);
#1664=EDGE_CURVE('',#1314,#1310,#659,.T.);
#1665=EDGE_CURVE('',#1299,#1304,#660,.T.);
#1666=EDGE_CURVE('',#1315,#1315,#84,.T.);
#1667=EDGE_CURVE('',#1315,#1316,#661,.T.);
#1668=EDGE_CURVE('',#1316,#1316,#23,.T.);
#1669=EDGE_CURVE('',#1317,#1317,#85,.T.);
#1670=EDGE_CURVE('',#1317,#1318,#662,.T.);
#1671=EDGE_CURVE('',#1318,#1318,#24,.T.);
#1672=EDGE_CURVE('',#1235,#1319,#663,.T.);
#1673=EDGE_CURVE('',#1319,#1320,#664,.T.);
#1674=EDGE_CURVE('',#1236,#1320,#665,.T.);
#1675=EDGE_CURVE('',#1238,#1321,#666,.T.);
#1676=EDGE_CURVE('',#1321,#1319,#667,.T.);
#1677=EDGE_CURVE('',#1237,#1322,#668,.T.);
#1678=EDGE_CURVE('',#1322,#1321,#669,.T.);
#1679=EDGE_CURVE('',#1320,#1322,#670,.T.);
#1680=EDGE_CURVE('',#1323,#1324,#86,.T.);
#1681=EDGE_CURVE('',#1324,#1325,#671,.T.);
#1682=EDGE_CURVE('',#1325,#1326,#87,.T.);
#1683=EDGE_CURVE('',#1326,#1323,#672,.T.);
#1684=EDGE_CURVE('',#1323,#1327,#673,.T.);
#1685=EDGE_CURVE('',#1285,#1326,#674,.T.);
#1686=EDGE_CURVE('',#1328,#1284,#675,.T.);
#1687=EDGE_CURVE('',#1327,#1328,#676,.T.);
#1688=EDGE_CURVE('',#1313,#1325,#677,.T.);
#1689=EDGE_CURVE('',#1285,#1312,#678,.T.);
#1690=EDGE_CURVE('',#1310,#1327,#679,.T.);
#1691=EDGE_CURVE('',#1314,#1324,#680,.T.);
#1692=EDGE_CURVE('',#1329,#1311,#681,.T.);
#1693=EDGE_CURVE('',#1329,#1286,#682,.T.);
#1694=EDGE_CURVE('',#1266,#1202,#683,.T.);
#1695=EDGE_CURVE('',#1330,#1331,#684,.T.);
#1696=EDGE_CURVE('',#1330,#1310,#685,.T.);
#1697=EDGE_CURVE('',#1332,#1328,#88,.T.);
#1698=EDGE_CURVE('',#1332,#1333,#686,.T.);
#1699=EDGE_CURVE('',#1333,#1334,#687,.T.);
#1700=EDGE_CURVE('',#1335,#1334,#688,.T.);
#1701=EDGE_CURVE('',#1335,#1336,#689,.T.);
#1702=EDGE_CURVE('',#1337,#1336,#89,.T.);
#1703=EDGE_CURVE('',#1338,#1337,#90,.T.);
#1704=EDGE_CURVE('',#1339,#1338,#91,.T.);
#1705=EDGE_CURVE('',#1339,#1340,#690,.T.);
#1706=EDGE_CURVE('',#1340,#1331,#691,.T.);
#1707=EDGE_CURVE('',#1341,#1342,#92,.T.);
#1708=EDGE_CURVE('',#1343,#1342,#692,.T.);
#1709=EDGE_CURVE('',#1279,#1343,#93,.T.);
#1710=EDGE_CURVE('',#1291,#1281,#693,.T.);
#1711=EDGE_CURVE('',#1341,#1291,#694,.T.);
#1712=EDGE_CURVE('',#1247,#1280,#695,.T.);
#1713=EDGE_CURVE('',#1342,#1344,#94,.T.);
#1714=EDGE_CURVE('',#1345,#1344,#696,.T.);
#1715=EDGE_CURVE('',#1343,#1345,#95,.T.);
#1716=EDGE_CURVE('',#1146,#1345,#697,.T.);
#1717=EDGE_CURVE('',#1240,#1149,#698,.T.);
#1718=EDGE_CURVE('',#1346,#1148,#699,.T.);
#1719=EDGE_CURVE('',#1346,#1347,#700,.T.);
#1720=EDGE_CURVE('',#1241,#1347,#701,.T.);
#1721=EDGE_CURVE('',#1348,#1263,#702,.T.);
#1722=EDGE_CURVE('',#1287,#1348,#703,.T.);
#1723=EDGE_CURVE('',#1331,#1349,#704,.T.);
#1724=EDGE_CURVE('',#1350,#1349,#705,.T.);
#1725=EDGE_CURVE('',#1350,#1351,#96,.T.);
#1726=EDGE_CURVE('',#1352,#1351,#706,.T.);
#1727=EDGE_CURVE('',#1352,#1344,#707,.T.);
#1728=EDGE_CURVE('',#1353,#1341,#708,.T.);
#1729=EDGE_CURVE('',#1353,#1354,#709,.T.);
#1730=EDGE_CURVE('',#1354,#1355,#97,.T.);
#1731=EDGE_CURVE('',#1355,#1356,#710,.T.);
#1732=EDGE_CURVE('',#1357,#1356,#98,.T.);
#1733=EDGE_CURVE('',#1357,#1358,#99,.T.);
#1734=EDGE_CURVE('',#1358,#1359,#100,.T.);
#1735=EDGE_CURVE('',#1359,#1360,#101,.T.);
#1736=EDGE_CURVE('',#1360,#1348,#102,.T.);
#1737=EDGE_CURVE('',#1361,#1147,#711,.T.);
#1738=EDGE_CURVE('',#1346,#1361,#712,.T.);
#1739=EDGE_CURVE('',#1362,#1352,#713,.T.);
#1740=EDGE_CURVE('',#1363,#1362,#714,.T.);
#1741=EDGE_CURVE('',#1361,#1363,#715,.T.);
#1742=EDGE_CURVE('',#1363,#1364,#716,.T.);
#1743=EDGE_CURVE('',#1364,#1365,#717,.T.);
#1744=EDGE_CURVE('',#1365,#1366,#718,.T.);
#1745=EDGE_CURVE('',#1366,#1367,#719,.T.);
#1746=EDGE_CURVE('',#1347,#1367,#720,.T.);
#1747=EDGE_CURVE('',#1362,#1368,#721,.T.);
#1748=EDGE_CURVE('',#1368,#1369,#722,.T.);
#1749=EDGE_CURVE('',#1370,#1369,#723,.T.);
#1750=EDGE_CURVE('',#1371,#1370,#724,.T.);
#1751=EDGE_CURVE('',#1371,#1372,#725,.T.);
#1752=EDGE_CURVE('',#1372,#1373,#726,.T.);
#1753=EDGE_CURVE('',#1373,#1364,#727,.T.);
#1754=EDGE_CURVE('',#1242,#1374,#728,.T.);
#1755=EDGE_CURVE('',#1367,#1375,#729,.T.);
#1756=EDGE_CURVE('',#1375,#1376,#730,.T.);
#1757=EDGE_CURVE('',#1376,#1377,#731,.T.);
#1758=EDGE_CURVE('',#1377,#1374,#732,.T.);
#1759=EDGE_CURVE('',#1378,#1340,#733,.T.);
#1760=EDGE_CURVE('',#1379,#1378,#734,.T.);
#1761=EDGE_CURVE('',#1373,#1379,#735,.T.);
#1762=EDGE_CURVE('',#1349,#1372,#736,.T.);
#1763=EDGE_CURVE('',#1365,#1379,#737,.T.);
#1764=EDGE_CURVE('',#1380,#1378,#738,.T.);
#1765=EDGE_CURVE('',#1380,#1381,#103,.T.);
#1766=EDGE_CURVE('',#1381,#1382,#104,.T.);
#1767=EDGE_CURVE('',#1382,#1383,#105,.T.);
#1768=EDGE_CURVE('',#1366,#1383,#739,.T.);
#1769=EDGE_CURVE('',#1339,#1380,#740,.T.);
#1770=EDGE_CURVE('',#1371,#1350,#741,.T.);
#1771=EDGE_CURVE('',#1382,#1337,#742,.T.);
#1772=EDGE_CURVE('',#1338,#1381,#743,.T.);
#1773=EDGE_CURVE('',#1336,#1383,#744,.T.);
#1774=EDGE_CURVE('',#1283,#1332,#745,.T.);
#1775=EDGE_CURVE('',#1374,#1333,#746,.T.);
#1776=EDGE_CURVE('',#1233,#1282,#747,.T.);
#1777=EDGE_CURVE('',#1376,#1335,#748,.T.);
#1778=EDGE_CURVE('',#1383,#1375,#749,.T.);
#1779=EDGE_CURVE('',#1334,#1377,#750,.T.);
#1780=EDGE_CURVE('',#1249,#1329,#106,.F.);
#1781=EDGE_CURVE('',#1384,#1385,#107,.T.);
#1782=EDGE_CURVE('',#1385,#1357,#751,.T.);
#1783=EDGE_CURVE('',#1356,#1384,#752,.T.);
#1784=EDGE_CURVE('',#1384,#1386,#753,.T.);
#1785=EDGE_CURVE('',#1387,#1386,#108,.T.);
#1786=EDGE_CURVE('',#1388,#1387,#754,.T.);
#1787=EDGE_CURVE('',#1389,#1388,#109,.T.);
#1788=EDGE_CURVE('',#1390,#1389,#110,.T.);
#1789=EDGE_CURVE('',#1391,#1390,#111,.T.);
#1790=EDGE_CURVE('',#1391,#1392,#112,.T.);
#1791=EDGE_CURVE('',#1392,#1385,#113,.T.);
#1792=EDGE_CURVE('',#1355,#1386,#755,.T.);
#1793=EDGE_CURVE('',#1358,#1392,#756,.T.);
#1794=EDGE_CURVE('',#1359,#1391,#757,.T.);
#1795=EDGE_CURVE('',#1354,#1387,#758,.T.);
#1796=EDGE_CURVE('',#1290,#1353,#759,.T.);
#1797=EDGE_CURVE('',#1289,#1388,#760,.T.);
#1798=EDGE_CURVE('',#1370,#1393,#761,.T.);
#1799=EDGE_CURVE('',#1394,#1393,#762,.T.);
#1800=EDGE_CURVE('',#1371,#1394,#763,.T.);
#1801=EDGE_CURVE('',#1369,#1395,#764,.T.);
#1802=EDGE_CURVE('',#1393,#1395,#765,.T.);
#1803=EDGE_CURVE('',#1368,#1396,#766,.T.);
#1804=EDGE_CURVE('',#1395,#1396,#767,.T.);
#1805=EDGE_CURVE('',#1396,#1394,#114,.T.);
#1806=EDGE_CURVE('',#1351,#1368,#768,.T.);
#1807=EDGE_CURVE('',#1288,#1389,#769,.T.);
#1808=EDGE_CURVE('',#1390,#1360,#770,.T.);
#1809=EDGE_CURVE('',#1397,#1398,#771,.T.);
#1810=EDGE_CURVE('',#1398,#1399,#772,.T.);
#1811=EDGE_CURVE('',#1400,#1399,#773,.T.);
#1812=EDGE_CURVE('',#1397,#1400,#774,.T.);
#1813=EDGE_CURVE('',#1401,#1397,#775,.T.);
#1814=EDGE_CURVE('',#1402,#1400,#776,.T.);
#1815=EDGE_CURVE('',#1401,#1402,#777,.T.);
#1816=EDGE_CURVE('',#1403,#1401,#778,.T.);
#1817=EDGE_CURVE('',#1404,#1402,#779,.T.);
#1818=EDGE_CURVE('',#1403,#1404,#780,.T.);
#1819=EDGE_CURVE('',#1405,#1403,#781,.T.);
#1820=EDGE_CURVE('',#1406,#1404,#782,.T.);
#1821=EDGE_CURVE('',#1405,#1406,#783,.T.);
#1822=EDGE_CURVE('',#1405,#1398,#115,.T.);
#1823=EDGE_CURVE('',#1399,#1406,#116,.T.);
#1824=ORIENTED_EDGE('',*,*,#1407,.F.);
#1825=ORIENTED_EDGE('',*,*,#1408,.T.);
#1826=ORIENTED_EDGE('',*,*,#1409,.F.);
#1827=ORIENTED_EDGE('',*,*,#1410,.T.);
#1828=ORIENTED_EDGE('',*,*,#1411,.T.);
#1829=ORIENTED_EDGE('',*,*,#1412,.T.);
#1830=ORIENTED_EDGE('',*,*,#1413,.T.);
#1831=ORIENTED_EDGE('',*,*,#1414,.T.);
#1832=ORIENTED_EDGE('',*,*,#1415,.T.);
#1833=ORIENTED_EDGE('',*,*,#1416,.T.);
#1834=ORIENTED_EDGE('',*,*,#1417,.T.);
#1835=ORIENTED_EDGE('',*,*,#1418,.T.);
#1836=ORIENTED_EDGE('',*,*,#1419,.T.);
#1837=ORIENTED_EDGE('',*,*,#1420,.T.);
#1838=ORIENTED_EDGE('',*,*,#1421,.T.);
#1839=ORIENTED_EDGE('',*,*,#1422,.T.);
#1840=ORIENTED_EDGE('',*,*,#1423,.T.);
#1841=ORIENTED_EDGE('',*,*,#1424,.F.);
#1842=ORIENTED_EDGE('',*,*,#1425,.T.);
#1843=ORIENTED_EDGE('',*,*,#1426,.T.);
#1844=ORIENTED_EDGE('',*,*,#1427,.T.);
#1845=ORIENTED_EDGE('',*,*,#1407,.T.);
#1846=ORIENTED_EDGE('',*,*,#1428,.T.);
#1847=ORIENTED_EDGE('',*,*,#1429,.T.);
#1848=ORIENTED_EDGE('',*,*,#1429,.F.);
#1849=ORIENTED_EDGE('',*,*,#1430,.F.);
#1850=ORIENTED_EDGE('',*,*,#1431,.F.);
#1851=ORIENTED_EDGE('',*,*,#1432,.F.);
#1852=ORIENTED_EDGE('',*,*,#1428,.F.);
#1853=ORIENTED_EDGE('',*,*,#1410,.F.);
#1854=ORIENTED_EDGE('',*,*,#1433,.F.);
#1855=ORIENTED_EDGE('',*,*,#1430,.T.);
#1856=ORIENTED_EDGE('',*,*,#1427,.F.);
#1857=ORIENTED_EDGE('',*,*,#1432,.T.);
#1858=ORIENTED_EDGE('',*,*,#1434,.F.);
#1859=ORIENTED_EDGE('',*,*,#1408,.F.);
#1860=ORIENTED_EDGE('',*,*,#1435,.F.);
#1861=ORIENTED_EDGE('',*,*,#1436,.F.);
#1862=ORIENTED_EDGE('',*,*,#1437,.T.);
#1863=ORIENTED_EDGE('',*,*,#1438,.F.);
#1864=ORIENTED_EDGE('',*,*,#1439,.F.);
#1865=ORIENTED_EDGE('',*,*,#1440,.F.);
#1866=ORIENTED_EDGE('',*,*,#1441,.F.);
#1867=ORIENTED_EDGE('',*,*,#1442,.F.);
#1868=ORIENTED_EDGE('',*,*,#1443,.F.);
#1869=ORIENTED_EDGE('',*,*,#1442,.T.);
#1870=ORIENTED_EDGE('',*,*,#1444,.F.);
#1871=ORIENTED_EDGE('',*,*,#1426,.F.);
#1872=ORIENTED_EDGE('',*,*,#1412,.F.);
#1873=ORIENTED_EDGE('',*,*,#1445,.F.);
#1874=ORIENTED_EDGE('',*,*,#1437,.F.);
#1875=ORIENTED_EDGE('',*,*,#1446,.F.);
#1876=ORIENTED_EDGE('',*,*,#1411,.F.);
#1877=ORIENTED_EDGE('',*,*,#1444,.T.);
#1878=ORIENTED_EDGE('',*,*,#1441,.T.);
#1879=ORIENTED_EDGE('',*,*,#1447,.F.);
#1880=ORIENTED_EDGE('',*,*,#1438,.T.);
#1881=ORIENTED_EDGE('',*,*,#1445,.T.);
#1882=ORIENTED_EDGE('',*,*,#1448,.F.);
#1883=ORIENTED_EDGE('',*,*,#1449,.F.);
#1884=ORIENTED_EDGE('',*,*,#1450,.F.);
#1885=ORIENTED_EDGE('',*,*,#1451,.F.);
#1886=ORIENTED_EDGE('',*,*,#1425,.F.);
#1887=ORIENTED_EDGE('',*,*,#1452,.F.);
#1888=ORIENTED_EDGE('',*,*,#1439,.T.);
#1889=ORIENTED_EDGE('',*,*,#1443,.T.);
#1890=ORIENTED_EDGE('',*,*,#1453,.F.);
#1891=ORIENTED_EDGE('',*,*,#1454,.F.);
#1892=ORIENTED_EDGE('',*,*,#1455,.T.);
#1893=ORIENTED_EDGE('',*,*,#1456,.T.);
#1894=ORIENTED_EDGE('',*,*,#1457,.F.);
#1895=ORIENTED_EDGE('',*,*,#1458,.F.);
#1896=ORIENTED_EDGE('',*,*,#1459,.T.);
#1897=ORIENTED_EDGE('',*,*,#1460,.T.);
#1898=ORIENTED_EDGE('',*,*,#1446,.T.);
#1899=ORIENTED_EDGE('',*,*,#1436,.T.);
#1900=ORIENTED_EDGE('',*,*,#1461,.F.);
#1901=ORIENTED_EDGE('',*,*,#1462,.F.);
#1902=ORIENTED_EDGE('',*,*,#1463,.F.);
#1903=ORIENTED_EDGE('',*,*,#1464,.F.);
#1904=ORIENTED_EDGE('',*,*,#1465,.T.);
#1905=ORIENTED_EDGE('',*,*,#1466,.T.);
#1906=ORIENTED_EDGE('',*,*,#1467,.F.);
#1907=ORIENTED_EDGE('',*,*,#1468,.F.);
#1908=ORIENTED_EDGE('',*,*,#1469,.F.);
#1909=ORIENTED_EDGE('',*,*,#1413,.F.);
#1910=ORIENTED_EDGE('',*,*,#1470,.F.);
#1911=ORIENTED_EDGE('',*,*,#1417,.F.);
#1912=ORIENTED_EDGE('',*,*,#1471,.T.);
#1913=ORIENTED_EDGE('',*,*,#1472,.T.);
#1914=ORIENTED_EDGE('',*,*,#1448,.T.);
#1915=ORIENTED_EDGE('',*,*,#1473,.T.);
#1916=ORIENTED_EDGE('',*,*,#1474,.F.);
#1917=ORIENTED_EDGE('',*,*,#1475,.F.);
#1918=ORIENTED_EDGE('',*,*,#1476,.F.);
#1919=ORIENTED_EDGE('',*,*,#1477,.T.);
#1920=ORIENTED_EDGE('',*,*,#1478,.T.);
#1921=ORIENTED_EDGE('',*,*,#1415,.F.);
#1922=ORIENTED_EDGE('',*,*,#1479,.T.);
#1923=ORIENTED_EDGE('',*,*,#1480,.T.);
#1924=ORIENTED_EDGE('',*,*,#1414,.F.);
#1925=ORIENTED_EDGE('',*,*,#1469,.T.);
#1926=ORIENTED_EDGE('',*,*,#1481,.T.);
#1927=ORIENTED_EDGE('',*,*,#1479,.F.);
#1928=ORIENTED_EDGE('',*,*,#1471,.F.);
#1929=ORIENTED_EDGE('',*,*,#1416,.F.);
#1930=ORIENTED_EDGE('',*,*,#1478,.F.);
#1931=ORIENTED_EDGE('',*,*,#1482,.F.);
#1932=ORIENTED_EDGE('',*,*,#1472,.F.);
#1933=ORIENTED_EDGE('',*,*,#1482,.T.);
#1934=ORIENTED_EDGE('',*,*,#1477,.F.);
#1935=ORIENTED_EDGE('',*,*,#1483,.F.);
#1936=ORIENTED_EDGE('',*,*,#1484,.F.);
#1937=ORIENTED_EDGE('',*,*,#1480,.F.);
#1938=ORIENTED_EDGE('',*,*,#1481,.F.);
#1939=ORIENTED_EDGE('',*,*,#1468,.T.);
#1940=ORIENTED_EDGE('',*,*,#1449,.T.);
#1941=ORIENTED_EDGE('',*,*,#1475,.T.);
#1942=ORIENTED_EDGE('',*,*,#1485,.F.);
#1943=ORIENTED_EDGE('',*,*,#1486,.F.);
#1944=ORIENTED_EDGE('',*,*,#1487,.F.);
#1945=ORIENTED_EDGE('',*,*,#1488,.F.);
#1946=ORIENTED_EDGE('',*,*,#1489,.T.);
#1947=ORIENTED_EDGE('',*,*,#1490,.F.);
#1948=ORIENTED_EDGE('',*,*,#1491,.T.);
#1949=ORIENTED_EDGE('',*,*,#1492,.F.);
#1950=ORIENTED_EDGE('',*,*,#1493,.T.);
#1951=ORIENTED_EDGE('',*,*,#1494,.T.);
#1952=ORIENTED_EDGE('',*,*,#1495,.T.);
#1953=ORIENTED_EDGE('',*,*,#1496,.T.);
#1954=ORIENTED_EDGE('',*,*,#1497,.T.);
#1955=ORIENTED_EDGE('',*,*,#1498,.F.);
#1956=ORIENTED_EDGE('',*,*,#1499,.F.);
#1957=ORIENTED_EDGE('',*,*,#1463,.T.);
#1958=ORIENTED_EDGE('',*,*,#1500,.T.);
#1959=ORIENTED_EDGE('',*,*,#1501,.F.);
#1960=ORIENTED_EDGE('',*,*,#1455,.F.);
#1961=ORIENTED_EDGE('',*,*,#1502,.F.);
#1962=ORIENTED_EDGE('',*,*,#1503,.F.);
#1963=ORIENTED_EDGE('',*,*,#1504,.F.);
#1964=ORIENTED_EDGE('',*,*,#1456,.F.);
#1965=ORIENTED_EDGE('',*,*,#1504,.T.);
#1966=ORIENTED_EDGE('',*,*,#1505,.F.);
#1967=ORIENTED_EDGE('',*,*,#1506,.F.);
#1968=ORIENTED_EDGE('',*,*,#1507,.F.);
#1969=ORIENTED_EDGE('',*,*,#1508,.F.);
#1970=ORIENTED_EDGE('',*,*,#1500,.F.);
#1971=ORIENTED_EDGE('',*,*,#1462,.T.);
#1972=ORIENTED_EDGE('',*,*,#1509,.F.);
#1973=ORIENTED_EDGE('',*,*,#1505,.T.);
#1974=ORIENTED_EDGE('',*,*,#1503,.T.);
#1975=ORIENTED_EDGE('',*,*,#1510,.F.);
#1976=ORIENTED_EDGE('',*,*,#1501,.T.);
#1977=ORIENTED_EDGE('',*,*,#1508,.T.);
#1978=ORIENTED_EDGE('',*,*,#1424,.T.);
#1979=ORIENTED_EDGE('',*,*,#1511,.T.);
#1980=ORIENTED_EDGE('',*,*,#1512,.F.);
#1981=ORIENTED_EDGE('',*,*,#1453,.T.);
#1982=ORIENTED_EDGE('',*,*,#1506,.T.);
#1983=ORIENTED_EDGE('',*,*,#1509,.T.);
#1984=ORIENTED_EDGE('',*,*,#1507,.T.);
#1985=ORIENTED_EDGE('',*,*,#1461,.T.);
#1986=ORIENTED_EDGE('',*,*,#1435,.T.);
#1987=ORIENTED_EDGE('',*,*,#1447,.T.);
#1988=ORIENTED_EDGE('',*,*,#1440,.T.);
#1989=ORIENTED_EDGE('',*,*,#1452,.T.);
#1990=ORIENTED_EDGE('',*,*,#1451,.T.);
#1991=ORIENTED_EDGE('',*,*,#1513,.T.);
#1992=ORIENTED_EDGE('',*,*,#1514,.F.);
#1993=ORIENTED_EDGE('',*,*,#1473,.F.);
#1994=ORIENTED_EDGE('',*,*,#1513,.F.);
#1995=ORIENTED_EDGE('',*,*,#1450,.T.);
#1996=ORIENTED_EDGE('',*,*,#1488,.T.);
#1997=ORIENTED_EDGE('',*,*,#1515,.F.);
#1998=ORIENTED_EDGE('',*,*,#1516,.F.);
#1999=ORIENTED_EDGE('',*,*,#1517,.F.);
#2000=ORIENTED_EDGE('',*,*,#1518,.T.);
#2001=ORIENTED_EDGE('',*,*,#1519,.F.);
#2002=ORIENTED_EDGE('',*,*,#1520,.F.);
#2003=ORIENTED_EDGE('',*,*,#1521,.F.);
#2004=ORIENTED_EDGE('',*,*,#1522,.F.);
#2005=ORIENTED_EDGE('',*,*,#1518,.F.);
#2006=ORIENTED_EDGE('',*,*,#1523,.F.);
#2007=ORIENTED_EDGE('',*,*,#1524,.F.);
#2008=ORIENTED_EDGE('',*,*,#1525,.F.);
#2009=ORIENTED_EDGE('',*,*,#1526,.F.);
#2010=ORIENTED_EDGE('',*,*,#1527,.F.);
#2011=ORIENTED_EDGE('',*,*,#1528,.F.);
#2012=ORIENTED_EDGE('',*,*,#1466,.F.);
#2013=ORIENTED_EDGE('',*,*,#1529,.T.);
#2014=ORIENTED_EDGE('',*,*,#1530,.F.);
#2015=ORIENTED_EDGE('',*,*,#1525,.T.);
#2016=ORIENTED_EDGE('',*,*,#1531,.F.);
#2017=ORIENTED_EDGE('',*,*,#1532,.F.);
#2018=ORIENTED_EDGE('',*,*,#1533,.F.);
#2019=ORIENTED_EDGE('',*,*,#1534,.F.);
#2020=ORIENTED_EDGE('',*,*,#1459,.F.);
#2021=ORIENTED_EDGE('',*,*,#1535,.F.);
#2022=ORIENTED_EDGE('',*,*,#1536,.F.);
#2023=ORIENTED_EDGE('',*,*,#1537,.F.);
#2024=ORIENTED_EDGE('',*,*,#1460,.F.);
#2025=ORIENTED_EDGE('',*,*,#1534,.T.);
#2026=ORIENTED_EDGE('',*,*,#1538,.F.);
#2027=ORIENTED_EDGE('',*,*,#1529,.F.);
#2028=ORIENTED_EDGE('',*,*,#1465,.F.);
#2029=ORIENTED_EDGE('',*,*,#1539,.F.);
#2030=ORIENTED_EDGE('',*,*,#1540,.F.);
#2031=ORIENTED_EDGE('',*,*,#1519,.T.);
#2032=ORIENTED_EDGE('',*,*,#1522,.T.);
#2033=ORIENTED_EDGE('',*,*,#1541,.F.);
#2034=ORIENTED_EDGE('',*,*,#1531,.T.);
#2035=ORIENTED_EDGE('',*,*,#1524,.T.);
#2036=ORIENTED_EDGE('',*,*,#1538,.T.);
#2037=ORIENTED_EDGE('',*,*,#1542,.F.);
#2038=ORIENTED_EDGE('',*,*,#1543,.F.);
#2039=ORIENTED_EDGE('',*,*,#1544,.F.);
#2040=ORIENTED_EDGE('',*,*,#1545,.F.);
#2041=ORIENTED_EDGE('',*,*,#1527,.T.);
#2042=ORIENTED_EDGE('',*,*,#1546,.T.);
#2043=ORIENTED_EDGE('',*,*,#1547,.T.);
#2044=ORIENTED_EDGE('',*,*,#1548,.T.);
#2045=ORIENTED_EDGE('',*,*,#1549,.T.);
#2046=ORIENTED_EDGE('',*,*,#1536,.T.);
#2047=ORIENTED_EDGE('',*,*,#1533,.T.);
#2048=ORIENTED_EDGE('',*,*,#1550,.F.);
#2049=ORIENTED_EDGE('',*,*,#1551,.F.);
#2050=ORIENTED_EDGE('',*,*,#1512,.T.);
#2051=ORIENTED_EDGE('',*,*,#1552,.F.);
#2052=ORIENTED_EDGE('',*,*,#1553,.T.);
#2053=ORIENTED_EDGE('',*,*,#1554,.T.);
#2054=ORIENTED_EDGE('',*,*,#1555,.T.);
#2055=ORIENTED_EDGE('',*,*,#1542,.T.);
#2056=ORIENTED_EDGE('',*,*,#1539,.T.);
#2057=ORIENTED_EDGE('',*,*,#1464,.T.);
#2058=ORIENTED_EDGE('',*,*,#1499,.T.);
#2059=ORIENTED_EDGE('',*,*,#1510,.T.);
#2060=ORIENTED_EDGE('',*,*,#1502,.T.);
#2061=ORIENTED_EDGE('',*,*,#1454,.T.);
#2062=ORIENTED_EDGE('',*,*,#1434,.T.);
#2063=ORIENTED_EDGE('',*,*,#1431,.T.);
#2064=ORIENTED_EDGE('',*,*,#1433,.T.);
#2065=ORIENTED_EDGE('',*,*,#1409,.T.);
#2066=ORIENTED_EDGE('',*,*,#1484,.T.);
#2067=ORIENTED_EDGE('',*,*,#1467,.T.);
#2068=ORIENTED_EDGE('',*,*,#1528,.T.);
#2069=ORIENTED_EDGE('',*,*,#1545,.T.);
#2070=ORIENTED_EDGE('',*,*,#1556,.T.);
#2071=ORIENTED_EDGE('',*,*,#1557,.T.);
#2072=ORIENTED_EDGE('',*,*,#1558,.T.);
#2073=ORIENTED_EDGE('',*,*,#1559,.F.);
#2074=ORIENTED_EDGE('',*,*,#1560,.T.);
#2075=ORIENTED_EDGE('',*,*,#1561,.T.);
#2076=ORIENTED_EDGE('',*,*,#1418,.F.);
#2077=ORIENTED_EDGE('',*,*,#1470,.T.);
#2078=ORIENTED_EDGE('',*,*,#1483,.T.);
#2079=ORIENTED_EDGE('',*,*,#1476,.T.);
#2080=ORIENTED_EDGE('',*,*,#1535,.T.);
#2081=ORIENTED_EDGE('',*,*,#1458,.T.);
#2082=ORIENTED_EDGE('',*,*,#1562,.T.);
#2083=ORIENTED_EDGE('',*,*,#1550,.T.);
#2084=ORIENTED_EDGE('',*,*,#1516,.T.);
#2085=ORIENTED_EDGE('',*,*,#1540,.T.);
#2086=ORIENTED_EDGE('',*,*,#1523,.T.);
#2087=ORIENTED_EDGE('',*,*,#1563,.T.);
#2088=ORIENTED_EDGE('',*,*,#1564,.T.);
#2089=ORIENTED_EDGE('',*,*,#1565,.F.);
#2090=ORIENTED_EDGE('',*,*,#1566,.T.);
#2091=ORIENTED_EDGE('',*,*,#1567,.T.);
#2092=ORIENTED_EDGE('',*,*,#1526,.T.);
#2093=ORIENTED_EDGE('',*,*,#1530,.T.);
#2094=ORIENTED_EDGE('',*,*,#1568,.T.);
#2095=ORIENTED_EDGE('',*,*,#1569,.T.);
#2096=ORIENTED_EDGE('',*,*,#1570,.F.);
#2097=ORIENTED_EDGE('',*,*,#1563,.F.);
#2098=ORIENTED_EDGE('',*,*,#1571,.F.);
#2099=ORIENTED_EDGE('',*,*,#1572,.T.);
#2100=ORIENTED_EDGE('',*,*,#1573,.T.);
#2101=ORIENTED_EDGE('',*,*,#1574,.F.);
#2102=ORIENTED_EDGE('',*,*,#1575,.F.);
#2103=ORIENTED_EDGE('',*,*,#1576,.T.);
#2104=ORIENTED_EDGE('',*,*,#1577,.T.);
#2105=ORIENTED_EDGE('',*,*,#1572,.F.);
#2106=ORIENTED_EDGE('',*,*,#1578,.F.);
#2107=ORIENTED_EDGE('',*,*,#1579,.T.);
#2108=ORIENTED_EDGE('',*,*,#1580,.T.);
#2109=ORIENTED_EDGE('',*,*,#1576,.F.);
#2110=ORIENTED_EDGE('',*,*,#1581,.F.);
#2111=ORIENTED_EDGE('',*,*,#1574,.T.);
#2112=ORIENTED_EDGE('',*,*,#1582,.T.);
#2113=ORIENTED_EDGE('',*,*,#1579,.F.);
#2114=ORIENTED_EDGE('',*,*,#1582,.F.);
#2115=ORIENTED_EDGE('',*,*,#1573,.F.);
#2116=ORIENTED_EDGE('',*,*,#1577,.F.);
#2117=ORIENTED_EDGE('',*,*,#1580,.F.);
#2118=ORIENTED_EDGE('',*,*,#1583,.T.);
#2119=ORIENTED_EDGE('',*,*,#1584,.T.);
#2120=ORIENTED_EDGE('',*,*,#1585,.T.);
#2121=ORIENTED_EDGE('',*,*,#1586,.F.);
#2122=ORIENTED_EDGE('',*,*,#1587,.T.);
#2123=ORIENTED_EDGE('',*,*,#1588,.T.);
#2124=ORIENTED_EDGE('',*,*,#1589,.T.);
#2125=ORIENTED_EDGE('',*,*,#1590,.F.);
#2126=ORIENTED_EDGE('',*,*,#1591,.F.);
#2127=ORIENTED_EDGE('',*,*,#1592,.F.);
#2128=ORIENTED_EDGE('',*,*,#1593,.F.);
#2129=ORIENTED_EDGE('',*,*,#1594,.T.);
#2130=ORIENTED_EDGE('',*,*,#1595,.F.);
#2131=ORIENTED_EDGE('',*,*,#1558,.F.);
#2132=ORIENTED_EDGE('',*,*,#1596,.F.);
#2133=ORIENTED_EDGE('',*,*,#1597,.T.);
#2134=ORIENTED_EDGE('',*,*,#1598,.F.);
#2135=ORIENTED_EDGE('',*,*,#1599,.F.);
#2136=ORIENTED_EDGE('',*,*,#1594,.F.);
#2137=ORIENTED_EDGE('',*,*,#1600,.F.);
#2138=ORIENTED_EDGE('',*,*,#1601,.F.);
#2139=ORIENTED_EDGE('',*,*,#1602,.F.);
#2140=ORIENTED_EDGE('',*,*,#1597,.F.);
#2141=ORIENTED_EDGE('',*,*,#1603,.F.);
#2142=ORIENTED_EDGE('',*,*,#1604,.T.);
#2143=ORIENTED_EDGE('',*,*,#1584,.F.);
#2144=ORIENTED_EDGE('',*,*,#1601,.T.);
#2145=ORIENTED_EDGE('',*,*,#1605,.F.);
#2146=ORIENTED_EDGE('',*,*,#1606,.F.);
#2147=ORIENTED_EDGE('',*,*,#1607,.F.);
#2148=ORIENTED_EDGE('',*,*,#1592,.T.);
#2149=ORIENTED_EDGE('',*,*,#1608,.F.);
#2150=ORIENTED_EDGE('',*,*,#1600,.T.);
#2151=ORIENTED_EDGE('',*,*,#1593,.T.);
#2152=ORIENTED_EDGE('',*,*,#1607,.T.);
#2153=ORIENTED_EDGE('',*,*,#1609,.T.);
#2154=ORIENTED_EDGE('',*,*,#1610,.T.);
#2155=ORIENTED_EDGE('',*,*,#1605,.T.);
#2156=ORIENTED_EDGE('',*,*,#1603,.T.);
#2157=ORIENTED_EDGE('',*,*,#1596,.T.);
#2158=ORIENTED_EDGE('',*,*,#1557,.F.);
#2159=ORIENTED_EDGE('',*,*,#1611,.T.);
#2160=ORIENTED_EDGE('',*,*,#1612,.T.);
#2161=ORIENTED_EDGE('',*,*,#1613,.F.);
#2162=ORIENTED_EDGE('',*,*,#1614,.F.);
#2163=ORIENTED_EDGE('',*,*,#1615,.T.);
#2164=ORIENTED_EDGE('',*,*,#1616,.T.);
#2165=ORIENTED_EDGE('',*,*,#1595,.T.);
#2166=ORIENTED_EDGE('',*,*,#1599,.T.);
#2167=ORIENTED_EDGE('',*,*,#1617,.F.);
#2168=ORIENTED_EDGE('',*,*,#1618,.F.);
#2169=ORIENTED_EDGE('',*,*,#1619,.T.);
#2170=ORIENTED_EDGE('',*,*,#1620,.F.);
#2171=ORIENTED_EDGE('',*,*,#1621,.T.);
#2172=ORIENTED_EDGE('',*,*,#1622,.T.);
#2173=ORIENTED_EDGE('',*,*,#1559,.T.);
#2174=ORIENTED_EDGE('',*,*,#1623,.F.);
#2175=ORIENTED_EDGE('',*,*,#1624,.F.);
#2176=ORIENTED_EDGE('',*,*,#1625,.F.);
#2177=ORIENTED_EDGE('',*,*,#1490,.T.);
#2178=ORIENTED_EDGE('',*,*,#1626,.T.);
#2179=ORIENTED_EDGE('',*,*,#1624,.T.);
#2180=ORIENTED_EDGE('',*,*,#1627,.T.);
#2181=ORIENTED_EDGE('',*,*,#1628,.F.);
#2182=ORIENTED_EDGE('',*,*,#1629,.F.);
#2183=ORIENTED_EDGE('',*,*,#1630,.F.);
#2184=ORIENTED_EDGE('',*,*,#1498,.T.);
#2185=ORIENTED_EDGE('',*,*,#1631,.T.);
#2186=ORIENTED_EDGE('',*,*,#1629,.T.);
#2187=ORIENTED_EDGE('',*,*,#1632,.T.);
#2188=ORIENTED_EDGE('',*,*,#1633,.T.);
#2189=ORIENTED_EDGE('',*,*,#1634,.T.);
#2190=ORIENTED_EDGE('',*,*,#1630,.T.);
#2191=ORIENTED_EDGE('',*,*,#1635,.T.);
#2192=ORIENTED_EDGE('',*,*,#1636,.T.);
#2193=ORIENTED_EDGE('',*,*,#1637,.T.);
#2194=ORIENTED_EDGE('',*,*,#1628,.T.);
#2195=ORIENTED_EDGE('',*,*,#1638,.T.);
#2196=ORIENTED_EDGE('',*,*,#1625,.T.);
#2197=ORIENTED_EDGE('',*,*,#1639,.T.);
#2198=ORIENTED_EDGE('',*,*,#1640,.T.);
#2199=ORIENTED_EDGE('',*,*,#1641,.T.);
#2200=ORIENTED_EDGE('',*,*,#1623,.T.);
#2201=ORIENTED_EDGE('',*,*,#1642,.T.);
#2202=ORIENTED_EDGE('',*,*,#1643,.T.);
#2203=ORIENTED_EDGE('',*,*,#1644,.T.);
#2204=ORIENTED_EDGE('',*,*,#1632,.F.);
#2205=ORIENTED_EDGE('',*,*,#1639,.F.);
#2206=ORIENTED_EDGE('',*,*,#1626,.F.);
#2207=ORIENTED_EDGE('',*,*,#1489,.F.);
#2208=ORIENTED_EDGE('',*,*,#1627,.F.);
#2209=ORIENTED_EDGE('',*,*,#1641,.F.);
#2210=ORIENTED_EDGE('',*,*,#1645,.F.);
#2211=ORIENTED_EDGE('',*,*,#1491,.F.);
#2212=ORIENTED_EDGE('',*,*,#1640,.F.);
#2213=ORIENTED_EDGE('',*,*,#1646,.T.);
#2214=ORIENTED_EDGE('',*,*,#1647,.T.);
#2215=ORIENTED_EDGE('',*,*,#1492,.T.);
#2216=ORIENTED_EDGE('',*,*,#1645,.T.);
#2217=ORIENTED_EDGE('',*,*,#1636,.F.);
#2218=ORIENTED_EDGE('',*,*,#1648,.F.);
#2219=ORIENTED_EDGE('',*,*,#1496,.F.);
#2220=ORIENTED_EDGE('',*,*,#1649,.T.);
#2221=ORIENTED_EDGE('',*,*,#1650,.F.);
#2222=ORIENTED_EDGE('',*,*,#1637,.F.);
#2223=ORIENTED_EDGE('',*,*,#1650,.T.);
#2224=ORIENTED_EDGE('',*,*,#1651,.T.);
#2225=ORIENTED_EDGE('',*,*,#1652,.T.);
#2226=ORIENTED_EDGE('',*,*,#1653,.T.);
#2227=ORIENTED_EDGE('',*,*,#1646,.F.);
#2228=ORIENTED_EDGE('',*,*,#1644,.F.);
#2229=ORIENTED_EDGE('',*,*,#1654,.F.);
#2230=ORIENTED_EDGE('',*,*,#1652,.F.);
#2231=ORIENTED_EDGE('',*,*,#1655,.F.);
#2232=ORIENTED_EDGE('',*,*,#1569,.F.);
#2233=ORIENTED_EDGE('',*,*,#1656,.F.);
#2234=ORIENTED_EDGE('',*,*,#1657,.F.);
#2235=ORIENTED_EDGE('',*,*,#1589,.F.);
#2236=ORIENTED_EDGE('',*,*,#1658,.T.);
#2237=ORIENTED_EDGE('',*,*,#1493,.F.);
#2238=ORIENTED_EDGE('',*,*,#1647,.F.);
#2239=ORIENTED_EDGE('',*,*,#1653,.F.);
#2240=ORIENTED_EDGE('',*,*,#1656,.T.);
#2241=ORIENTED_EDGE('',*,*,#1568,.F.);
#2242=ORIENTED_EDGE('',*,*,#1532,.T.);
#2243=ORIENTED_EDGE('',*,*,#1541,.T.);
#2244=ORIENTED_EDGE('',*,*,#1521,.T.);
#2245=ORIENTED_EDGE('',*,*,#1659,.F.);
#2246=ORIENTED_EDGE('',*,*,#1566,.F.);
#2247=ORIENTED_EDGE('',*,*,#1660,.F.);
#2248=ORIENTED_EDGE('',*,*,#1661,.T.);
#2249=ORIENTED_EDGE('',*,*,#1662,.T.);
#2250=ORIENTED_EDGE('',*,*,#1663,.T.);
#2251=ORIENTED_EDGE('',*,*,#1664,.T.);
#2252=ORIENTED_EDGE('',*,*,#1517,.T.);
#2253=ORIENTED_EDGE('',*,*,#1567,.F.);
#2254=ORIENTED_EDGE('',*,*,#1659,.T.);
#2255=ORIENTED_EDGE('',*,*,#1520,.T.);
#2256=ORIENTED_EDGE('',*,*,#1631,.F.);
#2257=ORIENTED_EDGE('',*,*,#1497,.F.);
#2258=ORIENTED_EDGE('',*,*,#1648,.T.);
#2259=ORIENTED_EDGE('',*,*,#1635,.F.);
#2260=ORIENTED_EDGE('',*,*,#1633,.F.);
#2261=ORIENTED_EDGE('',*,*,#1654,.T.);
#2262=ORIENTED_EDGE('',*,*,#1643,.F.);
#2263=ORIENTED_EDGE('',*,*,#1665,.F.);
#2264=ORIENTED_EDGE('',*,*,#1634,.F.);
#2265=ORIENTED_EDGE('',*,*,#1665,.T.);
#2266=ORIENTED_EDGE('',*,*,#1642,.F.);
#2267=ORIENTED_EDGE('',*,*,#1638,.F.);
#2268=ORIENTED_EDGE('',*,*,#1537,.T.);
#2269=ORIENTED_EDGE('',*,*,#1551,.T.);
#2270=ORIENTED_EDGE('',*,*,#1562,.F.);
#2271=ORIENTED_EDGE('',*,*,#1457,.T.);
#2272=ORIENTED_EDGE('',*,*,#1666,.F.);
#2273=ORIENTED_EDGE('',*,*,#1667,.T.);
#2274=ORIENTED_EDGE('',*,*,#1668,.F.);
#2275=ORIENTED_EDGE('',*,*,#1667,.F.);
#2276=ORIENTED_EDGE('',*,*,#1669,.F.);
#2277=ORIENTED_EDGE('',*,*,#1670,.T.);
#2278=ORIENTED_EDGE('',*,*,#1671,.F.);
#2279=ORIENTED_EDGE('',*,*,#1670,.F.);
#2280=ORIENTED_EDGE('',*,*,#1546,.F.);
#2281=ORIENTED_EDGE('',*,*,#1672,.T.);
#2282=ORIENTED_EDGE('',*,*,#1673,.T.);
#2283=ORIENTED_EDGE('',*,*,#1674,.F.);
#2284=ORIENTED_EDGE('',*,*,#1549,.F.);
#2285=ORIENTED_EDGE('',*,*,#1675,.T.);
#2286=ORIENTED_EDGE('',*,*,#1676,.T.);
#2287=ORIENTED_EDGE('',*,*,#1672,.F.);
#2288=ORIENTED_EDGE('',*,*,#1548,.F.);
#2289=ORIENTED_EDGE('',*,*,#1677,.T.);
#2290=ORIENTED_EDGE('',*,*,#1678,.T.);
#2291=ORIENTED_EDGE('',*,*,#1675,.F.);
#2292=ORIENTED_EDGE('',*,*,#1547,.F.);
#2293=ORIENTED_EDGE('',*,*,#1674,.T.);
#2294=ORIENTED_EDGE('',*,*,#1679,.T.);
#2295=ORIENTED_EDGE('',*,*,#1677,.F.);
#2296=ORIENTED_EDGE('',*,*,#1679,.F.);
#2297=ORIENTED_EDGE('',*,*,#1673,.F.);
#2298=ORIENTED_EDGE('',*,*,#1676,.F.);
#2299=ORIENTED_EDGE('',*,*,#1678,.F.);
#2300=ORIENTED_EDGE('',*,*,#1666,.T.);
#2301=ORIENTED_EDGE('',*,*,#1669,.T.);
#2302=ORIENTED_EDGE('',*,*,#1680,.T.);
#2303=ORIENTED_EDGE('',*,*,#1681,.T.);
#2304=ORIENTED_EDGE('',*,*,#1682,.T.);
#2305=ORIENTED_EDGE('',*,*,#1683,.T.);
#2306=ORIENTED_EDGE('',*,*,#1684,.F.);
#2307=ORIENTED_EDGE('',*,*,#1683,.F.);
#2308=ORIENTED_EDGE('',*,*,#1685,.F.);
#2309=ORIENTED_EDGE('',*,*,#1614,.T.);
#2310=ORIENTED_EDGE('',*,*,#1686,.F.);
#2311=ORIENTED_EDGE('',*,*,#1687,.F.);
#2312=ORIENTED_EDGE('',*,*,#1682,.F.);
#2313=ORIENTED_EDGE('',*,*,#1688,.F.);
#2314=ORIENTED_EDGE('',*,*,#1662,.F.);
#2315=ORIENTED_EDGE('',*,*,#1689,.F.);
#2316=ORIENTED_EDGE('',*,*,#1685,.T.);
#2317=ORIENTED_EDGE('',*,*,#1680,.F.);
#2318=ORIENTED_EDGE('',*,*,#1684,.T.);
#2319=ORIENTED_EDGE('',*,*,#1690,.F.);
#2320=ORIENTED_EDGE('',*,*,#1664,.F.);
#2321=ORIENTED_EDGE('',*,*,#1691,.T.);
#2322=ORIENTED_EDGE('',*,*,#1681,.F.);
#2323=ORIENTED_EDGE('',*,*,#1691,.F.);
#2324=ORIENTED_EDGE('',*,*,#1663,.F.);
#2325=ORIENTED_EDGE('',*,*,#1688,.T.);
#2326=ORIENTED_EDGE('',*,*,#1689,.T.);
#2327=ORIENTED_EDGE('',*,*,#1661,.F.);
#2328=ORIENTED_EDGE('',*,*,#1692,.F.);
#2329=ORIENTED_EDGE('',*,*,#1693,.T.);
#2330=ORIENTED_EDGE('',*,*,#1615,.F.);
#2331=ORIENTED_EDGE('',*,*,#1494,.F.);
#2332=ORIENTED_EDGE('',*,*,#1658,.F.);
#2333=ORIENTED_EDGE('',*,*,#1588,.F.);
#2334=ORIENTED_EDGE('',*,*,#1694,.T.);
#2335=ORIENTED_EDGE('',*,*,#1695,.F.);
#2336=ORIENTED_EDGE('',*,*,#1696,.T.);
#2337=ORIENTED_EDGE('',*,*,#1690,.T.);
#2338=ORIENTED_EDGE('',*,*,#1687,.T.);
#2339=ORIENTED_EDGE('',*,*,#1697,.F.);
#2340=ORIENTED_EDGE('',*,*,#1698,.T.);
#2341=ORIENTED_EDGE('',*,*,#1699,.T.);
#2342=ORIENTED_EDGE('',*,*,#1700,.F.);
#2343=ORIENTED_EDGE('',*,*,#1701,.T.);
#2344=ORIENTED_EDGE('',*,*,#1702,.F.);
#2345=ORIENTED_EDGE('',*,*,#1703,.F.);
#2346=ORIENTED_EDGE('',*,*,#1704,.F.);
#2347=ORIENTED_EDGE('',*,*,#1705,.T.);
#2348=ORIENTED_EDGE('',*,*,#1706,.T.);
#2349=ORIENTED_EDGE('',*,*,#1707,.T.);
#2350=ORIENTED_EDGE('',*,*,#1708,.F.);
#2351=ORIENTED_EDGE('',*,*,#1709,.F.);
#2352=ORIENTED_EDGE('',*,*,#1610,.F.);
#2353=ORIENTED_EDGE('',*,*,#1710,.F.);
#2354=ORIENTED_EDGE('',*,*,#1711,.F.);
#2355=ORIENTED_EDGE('',*,*,#1622,.F.);
#2356=ORIENTED_EDGE('',*,*,#1710,.T.);
#2357=ORIENTED_EDGE('',*,*,#1609,.F.);
#2358=ORIENTED_EDGE('',*,*,#1712,.F.);
#2359=ORIENTED_EDGE('',*,*,#1560,.F.);
#2360=ORIENTED_EDGE('',*,*,#1602,.T.);
#2361=ORIENTED_EDGE('',*,*,#1608,.T.);
#2362=ORIENTED_EDGE('',*,*,#1591,.T.);
#2363=ORIENTED_EDGE('',*,*,#1571,.T.);
#2364=ORIENTED_EDGE('',*,*,#1581,.T.);
#2365=ORIENTED_EDGE('',*,*,#1578,.T.);
#2366=ORIENTED_EDGE('',*,*,#1575,.T.);
#2367=ORIENTED_EDGE('',*,*,#1708,.T.);
#2368=ORIENTED_EDGE('',*,*,#1713,.T.);
#2369=ORIENTED_EDGE('',*,*,#1714,.F.);
#2370=ORIENTED_EDGE('',*,*,#1715,.F.);
#2371=ORIENTED_EDGE('',*,*,#1419,.F.);
#2372=ORIENTED_EDGE('',*,*,#1561,.F.);
#2373=ORIENTED_EDGE('',*,*,#1712,.T.);
#2374=ORIENTED_EDGE('',*,*,#1606,.T.);
#2375=ORIENTED_EDGE('',*,*,#1709,.T.);
#2376=ORIENTED_EDGE('',*,*,#1715,.T.);
#2377=ORIENTED_EDGE('',*,*,#1716,.F.);
#2378=ORIENTED_EDGE('',*,*,#1717,.T.);
#2379=ORIENTED_EDGE('',*,*,#1422,.F.);
#2380=ORIENTED_EDGE('',*,*,#1718,.F.);
#2381=ORIENTED_EDGE('',*,*,#1719,.T.);
#2382=ORIENTED_EDGE('',*,*,#1720,.F.);
#2383=ORIENTED_EDGE('',*,*,#1553,.F.);
#2384=ORIENTED_EDGE('',*,*,#1598,.T.);
#2385=ORIENTED_EDGE('',*,*,#1721,.F.);
#2386=ORIENTED_EDGE('',*,*,#1722,.F.);
#2387=ORIENTED_EDGE('',*,*,#1617,.T.);
#2388=ORIENTED_EDGE('',*,*,#1515,.T.);
#2389=ORIENTED_EDGE('',*,*,#1487,.T.);
#2390=ORIENTED_EDGE('',*,*,#1486,.T.);
#2391=ORIENTED_EDGE('',*,*,#1485,.T.);
#2392=ORIENTED_EDGE('',*,*,#1474,.T.);
#2393=ORIENTED_EDGE('',*,*,#1514,.T.);
#2394=ORIENTED_EDGE('',*,*,#1695,.T.);
#2395=ORIENTED_EDGE('',*,*,#1723,.T.);
#2396=ORIENTED_EDGE('',*,*,#1724,.F.);
#2397=ORIENTED_EDGE('',*,*,#1725,.T.);
#2398=ORIENTED_EDGE('',*,*,#1726,.F.);
#2399=ORIENTED_EDGE('',*,*,#1727,.T.);
#2400=ORIENTED_EDGE('',*,*,#1713,.F.);
#2401=ORIENTED_EDGE('',*,*,#1707,.F.);
#2402=ORIENTED_EDGE('',*,*,#1728,.F.);
#2403=ORIENTED_EDGE('',*,*,#1729,.T.);
#2404=ORIENTED_EDGE('',*,*,#1730,.T.);
#2405=ORIENTED_EDGE('',*,*,#1731,.T.);
#2406=ORIENTED_EDGE('',*,*,#1732,.F.);
#2407=ORIENTED_EDGE('',*,*,#1733,.T.);
#2408=ORIENTED_EDGE('',*,*,#1734,.T.);
#2409=ORIENTED_EDGE('',*,*,#1735,.T.);
#2410=ORIENTED_EDGE('',*,*,#1736,.T.);
#2411=ORIENTED_EDGE('',*,*,#1721,.T.);
#2412=ORIENTED_EDGE('',*,*,#1583,.F.);
#2413=ORIENTED_EDGE('',*,*,#1586,.T.);
#2414=ORIENTED_EDGE('',*,*,#1590,.T.);
#2415=ORIENTED_EDGE('',*,*,#1657,.T.);
#2416=ORIENTED_EDGE('',*,*,#1696,.F.);
#2417=ORIENTED_EDGE('',*,*,#1421,.F.);
#2418=ORIENTED_EDGE('',*,*,#1737,.F.);
#2419=ORIENTED_EDGE('',*,*,#1738,.F.);
#2420=ORIENTED_EDGE('',*,*,#1718,.T.);
#2421=ORIENTED_EDGE('',*,*,#1714,.T.);
#2422=ORIENTED_EDGE('',*,*,#1727,.F.);
#2423=ORIENTED_EDGE('',*,*,#1739,.F.);
#2424=ORIENTED_EDGE('',*,*,#1740,.F.);
#2425=ORIENTED_EDGE('',*,*,#1741,.F.);
#2426=ORIENTED_EDGE('',*,*,#1737,.T.);
#2427=ORIENTED_EDGE('',*,*,#1420,.F.);
#2428=ORIENTED_EDGE('',*,*,#1716,.T.);
#2429=ORIENTED_EDGE('',*,*,#1738,.T.);
#2430=ORIENTED_EDGE('',*,*,#1741,.T.);
#2431=ORIENTED_EDGE('',*,*,#1742,.T.);
#2432=ORIENTED_EDGE('',*,*,#1743,.T.);
#2433=ORIENTED_EDGE('',*,*,#1744,.T.);
#2434=ORIENTED_EDGE('',*,*,#1745,.T.);
#2435=ORIENTED_EDGE('',*,*,#1746,.F.);
#2436=ORIENTED_EDGE('',*,*,#1719,.F.);
#2437=ORIENTED_EDGE('',*,*,#1740,.T.);
#2438=ORIENTED_EDGE('',*,*,#1747,.T.);
#2439=ORIENTED_EDGE('',*,*,#1748,.T.);
#2440=ORIENTED_EDGE('',*,*,#1749,.F.);
#2441=ORIENTED_EDGE('',*,*,#1750,.F.);
#2442=ORIENTED_EDGE('',*,*,#1751,.T.);
#2443=ORIENTED_EDGE('',*,*,#1752,.T.);
#2444=ORIENTED_EDGE('',*,*,#1753,.T.);
#2445=ORIENTED_EDGE('',*,*,#1742,.F.);
#2446=ORIENTED_EDGE('',*,*,#1754,.F.);
#2447=ORIENTED_EDGE('',*,*,#1554,.F.);
#2448=ORIENTED_EDGE('',*,*,#1720,.T.);
#2449=ORIENTED_EDGE('',*,*,#1746,.T.);
#2450=ORIENTED_EDGE('',*,*,#1755,.T.);
#2451=ORIENTED_EDGE('',*,*,#1756,.T.);
#2452=ORIENTED_EDGE('',*,*,#1757,.T.);
#2453=ORIENTED_EDGE('',*,*,#1758,.T.);
#2454=ORIENTED_EDGE('',*,*,#1706,.F.);
#2455=ORIENTED_EDGE('',*,*,#1759,.F.);
#2456=ORIENTED_EDGE('',*,*,#1760,.F.);
#2457=ORIENTED_EDGE('',*,*,#1761,.F.);
#2458=ORIENTED_EDGE('',*,*,#1752,.F.);
#2459=ORIENTED_EDGE('',*,*,#1762,.F.);
#2460=ORIENTED_EDGE('',*,*,#1723,.F.);
#2461=ORIENTED_EDGE('',*,*,#1761,.T.);
#2462=ORIENTED_EDGE('',*,*,#1763,.F.);
#2463=ORIENTED_EDGE('',*,*,#1743,.F.);
#2464=ORIENTED_EDGE('',*,*,#1753,.F.);
#2465=ORIENTED_EDGE('',*,*,#1760,.T.);
#2466=ORIENTED_EDGE('',*,*,#1764,.F.);
#2467=ORIENTED_EDGE('',*,*,#1765,.T.);
#2468=ORIENTED_EDGE('',*,*,#1766,.T.);
#2469=ORIENTED_EDGE('',*,*,#1767,.T.);
#2470=ORIENTED_EDGE('',*,*,#1768,.F.);
#2471=ORIENTED_EDGE('',*,*,#1744,.F.);
#2472=ORIENTED_EDGE('',*,*,#1763,.T.);
#2473=ORIENTED_EDGE('',*,*,#1759,.T.);
#2474=ORIENTED_EDGE('',*,*,#1705,.F.);
#2475=ORIENTED_EDGE('',*,*,#1769,.T.);
#2476=ORIENTED_EDGE('',*,*,#1764,.T.);
#2477=ORIENTED_EDGE('',*,*,#1751,.F.);
#2478=ORIENTED_EDGE('',*,*,#1770,.T.);
#2479=ORIENTED_EDGE('',*,*,#1724,.T.);
#2480=ORIENTED_EDGE('',*,*,#1762,.T.);
#2481=ORIENTED_EDGE('',*,*,#1552,.T.);
#2482=ORIENTED_EDGE('',*,*,#1511,.F.);
#2483=ORIENTED_EDGE('',*,*,#1423,.F.);
#2484=ORIENTED_EDGE('',*,*,#1717,.F.);
#2485=ORIENTED_EDGE('',*,*,#1771,.F.);
#2486=ORIENTED_EDGE('',*,*,#1766,.F.);
#2487=ORIENTED_EDGE('',*,*,#1772,.F.);
#2488=ORIENTED_EDGE('',*,*,#1703,.T.);
#2489=ORIENTED_EDGE('',*,*,#1704,.T.);
#2490=ORIENTED_EDGE('',*,*,#1772,.T.);
#2491=ORIENTED_EDGE('',*,*,#1765,.F.);
#2492=ORIENTED_EDGE('',*,*,#1769,.F.);
#2493=ORIENTED_EDGE('',*,*,#1771,.T.);
#2494=ORIENTED_EDGE('',*,*,#1702,.T.);
#2495=ORIENTED_EDGE('',*,*,#1773,.T.);
#2496=ORIENTED_EDGE('',*,*,#1767,.F.);
#2497=ORIENTED_EDGE('',*,*,#1613,.T.);
#2498=ORIENTED_EDGE('',*,*,#1774,.T.);
#2499=ORIENTED_EDGE('',*,*,#1697,.T.);
#2500=ORIENTED_EDGE('',*,*,#1686,.T.);
#2501=ORIENTED_EDGE('',*,*,#1775,.T.);
#2502=ORIENTED_EDGE('',*,*,#1698,.F.);
#2503=ORIENTED_EDGE('',*,*,#1774,.F.);
#2504=ORIENTED_EDGE('',*,*,#1612,.F.);
#2505=ORIENTED_EDGE('',*,*,#1776,.F.);
#2506=ORIENTED_EDGE('',*,*,#1543,.T.);
#2507=ORIENTED_EDGE('',*,*,#1555,.F.);
#2508=ORIENTED_EDGE('',*,*,#1754,.T.);
#2509=ORIENTED_EDGE('',*,*,#1777,.F.);
#2510=ORIENTED_EDGE('',*,*,#1756,.F.);
#2511=ORIENTED_EDGE('',*,*,#1778,.F.);
#2512=ORIENTED_EDGE('',*,*,#1773,.F.);
#2513=ORIENTED_EDGE('',*,*,#1701,.F.);
#2514=ORIENTED_EDGE('',*,*,#1768,.T.);
#2515=ORIENTED_EDGE('',*,*,#1778,.T.);
#2516=ORIENTED_EDGE('',*,*,#1755,.F.);
#2517=ORIENTED_EDGE('',*,*,#1745,.F.);
#2518=ORIENTED_EDGE('',*,*,#1775,.F.);
#2519=ORIENTED_EDGE('',*,*,#1758,.F.);
#2520=ORIENTED_EDGE('',*,*,#1779,.F.);
#2521=ORIENTED_EDGE('',*,*,#1699,.F.);
#2522=ORIENTED_EDGE('',*,*,#1777,.T.);
#2523=ORIENTED_EDGE('',*,*,#1700,.T.);
#2524=ORIENTED_EDGE('',*,*,#1779,.T.);
#2525=ORIENTED_EDGE('',*,*,#1757,.F.);
#2526=ORIENTED_EDGE('',*,*,#1780,.T.);
#2527=ORIENTED_EDGE('',*,*,#1692,.T.);
#2528=ORIENTED_EDGE('',*,*,#1660,.T.);
#2529=ORIENTED_EDGE('',*,*,#1565,.T.);
#2530=ORIENTED_EDGE('',*,*,#1668,.T.);
#2531=ORIENTED_EDGE('',*,*,#1671,.T.);
#2532=ORIENTED_EDGE('',*,*,#1585,.F.);
#2533=ORIENTED_EDGE('',*,*,#1604,.F.);
#2534=ORIENTED_EDGE('',*,*,#1616,.F.);
#2535=ORIENTED_EDGE('',*,*,#1693,.F.);
#2536=ORIENTED_EDGE('',*,*,#1780,.F.);
#2537=ORIENTED_EDGE('',*,*,#1564,.F.);
#2538=ORIENTED_EDGE('',*,*,#1570,.T.);
#2539=ORIENTED_EDGE('',*,*,#1655,.T.);
#2540=ORIENTED_EDGE('',*,*,#1651,.F.);
#2541=ORIENTED_EDGE('',*,*,#1649,.F.);
#2542=ORIENTED_EDGE('',*,*,#1495,.F.);
#2543=ORIENTED_EDGE('',*,*,#1694,.F.);
#2544=ORIENTED_EDGE('',*,*,#1587,.F.);
#2545=ORIENTED_EDGE('',*,*,#1556,.F.);
#2546=ORIENTED_EDGE('',*,*,#1544,.T.);
#2547=ORIENTED_EDGE('',*,*,#1776,.T.);
#2548=ORIENTED_EDGE('',*,*,#1611,.F.);
#2549=ORIENTED_EDGE('',*,*,#1781,.T.);
#2550=ORIENTED_EDGE('',*,*,#1782,.T.);
#2551=ORIENTED_EDGE('',*,*,#1732,.T.);
#2552=ORIENTED_EDGE('',*,*,#1783,.T.);
#2553=ORIENTED_EDGE('',*,*,#1781,.F.);
#2554=ORIENTED_EDGE('',*,*,#1784,.T.);
#2555=ORIENTED_EDGE('',*,*,#1785,.F.);
#2556=ORIENTED_EDGE('',*,*,#1786,.F.);
#2557=ORIENTED_EDGE('',*,*,#1787,.F.);
#2558=ORIENTED_EDGE('',*,*,#1788,.F.);
#2559=ORIENTED_EDGE('',*,*,#1789,.F.);
#2560=ORIENTED_EDGE('',*,*,#1790,.T.);
#2561=ORIENTED_EDGE('',*,*,#1791,.T.);
#2562=ORIENTED_EDGE('',*,*,#1783,.F.);
#2563=ORIENTED_EDGE('',*,*,#1731,.F.);
#2564=ORIENTED_EDGE('',*,*,#1792,.T.);
#2565=ORIENTED_EDGE('',*,*,#1784,.F.);
#2566=ORIENTED_EDGE('',*,*,#1782,.F.);
#2567=ORIENTED_EDGE('',*,*,#1791,.F.);
#2568=ORIENTED_EDGE('',*,*,#1793,.F.);
#2569=ORIENTED_EDGE('',*,*,#1733,.F.);
#2570=ORIENTED_EDGE('',*,*,#1793,.T.);
#2571=ORIENTED_EDGE('',*,*,#1790,.F.);
#2572=ORIENTED_EDGE('',*,*,#1794,.F.);
#2573=ORIENTED_EDGE('',*,*,#1734,.F.);
#2574=ORIENTED_EDGE('',*,*,#1786,.T.);
#2575=ORIENTED_EDGE('',*,*,#1795,.F.);
#2576=ORIENTED_EDGE('',*,*,#1729,.F.);
#2577=ORIENTED_EDGE('',*,*,#1796,.F.);
#2578=ORIENTED_EDGE('',*,*,#1620,.T.);
#2579=ORIENTED_EDGE('',*,*,#1797,.T.);
#2580=ORIENTED_EDGE('',*,*,#1785,.T.);
#2581=ORIENTED_EDGE('',*,*,#1792,.F.);
#2582=ORIENTED_EDGE('',*,*,#1730,.F.);
#2583=ORIENTED_EDGE('',*,*,#1795,.T.);
#2584=ORIENTED_EDGE('',*,*,#1750,.T.);
#2585=ORIENTED_EDGE('',*,*,#1798,.T.);
#2586=ORIENTED_EDGE('',*,*,#1799,.F.);
#2587=ORIENTED_EDGE('',*,*,#1800,.F.);
#2588=ORIENTED_EDGE('',*,*,#1749,.T.);
#2589=ORIENTED_EDGE('',*,*,#1801,.T.);
#2590=ORIENTED_EDGE('',*,*,#1802,.F.);
#2591=ORIENTED_EDGE('',*,*,#1798,.F.);
#2592=ORIENTED_EDGE('',*,*,#1748,.F.);
#2593=ORIENTED_EDGE('',*,*,#1803,.T.);
#2594=ORIENTED_EDGE('',*,*,#1804,.F.);
#2595=ORIENTED_EDGE('',*,*,#1801,.F.);
#2596=ORIENTED_EDGE('',*,*,#1725,.F.);
#2597=ORIENTED_EDGE('',*,*,#1770,.F.);
#2598=ORIENTED_EDGE('',*,*,#1800,.T.);
#2599=ORIENTED_EDGE('',*,*,#1805,.F.);
#2600=ORIENTED_EDGE('',*,*,#1803,.F.);
#2601=ORIENTED_EDGE('',*,*,#1806,.F.);
#2602=ORIENTED_EDGE('',*,*,#1805,.T.);
#2603=ORIENTED_EDGE('',*,*,#1799,.T.);
#2604=ORIENTED_EDGE('',*,*,#1802,.T.);
#2605=ORIENTED_EDGE('',*,*,#1804,.T.);
#2606=ORIENTED_EDGE('',*,*,#1787,.T.);
#2607=ORIENTED_EDGE('',*,*,#1797,.F.);
#2608=ORIENTED_EDGE('',*,*,#1619,.F.);
#2609=ORIENTED_EDGE('',*,*,#1807,.T.);
#2610=ORIENTED_EDGE('',*,*,#1711,.T.);
#2611=ORIENTED_EDGE('',*,*,#1621,.F.);
#2612=ORIENTED_EDGE('',*,*,#1796,.T.);
#2613=ORIENTED_EDGE('',*,*,#1728,.T.);
#2614=ORIENTED_EDGE('',*,*,#1788,.T.);
#2615=ORIENTED_EDGE('',*,*,#1807,.F.);
#2616=ORIENTED_EDGE('',*,*,#1618,.T.);
#2617=ORIENTED_EDGE('',*,*,#1722,.T.);
#2618=ORIENTED_EDGE('',*,*,#1736,.F.);
#2619=ORIENTED_EDGE('',*,*,#1808,.F.);
#2620=ORIENTED_EDGE('',*,*,#1794,.T.);
#2621=ORIENTED_EDGE('',*,*,#1789,.T.);
#2622=ORIENTED_EDGE('',*,*,#1808,.T.);
#2623=ORIENTED_EDGE('',*,*,#1735,.F.);
#2624=ORIENTED_EDGE('',*,*,#1739,.T.);
#2625=ORIENTED_EDGE('',*,*,#1726,.T.);
#2626=ORIENTED_EDGE('',*,*,#1806,.T.);
#2627=ORIENTED_EDGE('',*,*,#1747,.F.);
#2628=ORIENTED_EDGE('',*,*,#1809,.T.);
#2629=ORIENTED_EDGE('',*,*,#1810,.T.);
#2630=ORIENTED_EDGE('',*,*,#1811,.F.);
#2631=ORIENTED_EDGE('',*,*,#1812,.F.);
#2632=ORIENTED_EDGE('',*,*,#1813,.T.);
#2633=ORIENTED_EDGE('',*,*,#1812,.T.);
#2634=ORIENTED_EDGE('',*,*,#1814,.F.);
#2635=ORIENTED_EDGE('',*,*,#1815,.F.);
#2636=ORIENTED_EDGE('',*,*,#1816,.T.);
#2637=ORIENTED_EDGE('',*,*,#1815,.T.);
#2638=ORIENTED_EDGE('',*,*,#1817,.F.);
#2639=ORIENTED_EDGE('',*,*,#1818,.F.);
#2640=ORIENTED_EDGE('',*,*,#1819,.T.);
#2641=ORIENTED_EDGE('',*,*,#1818,.T.);
#2642=ORIENTED_EDGE('',*,*,#1820,.F.);
#2643=ORIENTED_EDGE('',*,*,#1821,.F.);
#2644=ORIENTED_EDGE('',*,*,#1822,.F.);
#2645=ORIENTED_EDGE('',*,*,#1821,.T.);
#2646=ORIENTED_EDGE('',*,*,#1823,.F.);
#2647=ORIENTED_EDGE('',*,*,#1810,.F.);
#2648=ORIENTED_EDGE('',*,*,#1822,.T.);
#2649=ORIENTED_EDGE('',*,*,#1809,.F.);
#2650=ORIENTED_EDGE('',*,*,#1813,.F.);
#2651=ORIENTED_EDGE('',*,*,#1816,.F.);
#2652=ORIENTED_EDGE('',*,*,#1819,.F.);
#2653=ORIENTED_EDGE('',*,*,#1823,.T.);
#2654=ORIENTED_EDGE('',*,*,#1820,.T.);
#2655=ORIENTED_EDGE('',*,*,#1817,.T.);
#2656=ORIENTED_EDGE('',*,*,#1814,.T.);
#2657=ORIENTED_EDGE('',*,*,#1811,.T.);
#2658=PLANE('',#2929);
#2659=PLANE('',#2930);
#2660=PLANE('',#2931);
#2661=PLANE('',#2932);
#2662=PLANE('',#2933);
#2663=PLANE('',#2934);
#2664=PLANE('',#2935);
#2665=PLANE('',#2936);
#2666=PLANE('',#2937);
#2667=PLANE('',#2938);
#2668=PLANE('',#2939);
#2669=PLANE('',#2940);
#2670=PLANE('',#2941);
#2671=PLANE('',#2942);
#2672=PLANE('',#2943);
#2673=PLANE('',#2944);
#2674=PLANE('',#2945);
#2675=PLANE('',#2946);
#2676=PLANE('',#2951);
#2677=PLANE('',#2952);
#2678=PLANE('',#2953);
#2679=PLANE('',#2954);
#2680=PLANE('',#2955);
#2681=PLANE('',#2956);
#2682=PLANE('',#2957);
#2683=PLANE('',#2958);
#2684=PLANE('',#2959);
#2685=PLANE('',#2960);
#2686=PLANE('',#2961);
#2687=PLANE('',#2962);
#2688=PLANE('',#2963);
#2689=PLANE('',#2964);
#2690=PLANE('',#2965);
#2691=PLANE('',#2966);
#2692=PLANE('',#2967);
#2693=PLANE('',#2968);
#2694=PLANE('',#2969);
#2695=PLANE('',#2970);
#2696=PLANE('',#2971);
#2697=PLANE('',#2972);
#2698=PLANE('',#2973);
#2699=PLANE('',#2974);
#2700=PLANE('',#2975);
#2701=PLANE('',#2979);
#2702=PLANE('',#2983);
#2703=PLANE('',#2984);
#2704=PLANE('',#2985);
#2705=PLANE('',#2986);
#2706=PLANE('',#2987);
#2707=PLANE('',#2993);
#2708=PLANE('',#2995);
#2709=PLANE('',#2997);
#2710=PLANE('',#3015);
#2711=PLANE('',#3016);
#2712=PLANE('',#3022);
#2713=PLANE('',#3023);
#2714=PLANE('',#3025);
#2715=PLANE('',#3026);
#2716=PLANE('',#3027);
#2717=PLANE('',#3028);
#2718=PLANE('',#3029);
#2719=PLANE('',#3034);
#2720=PLANE('',#3035);
#2721=PLANE('',#3036);
#2722=PLANE('',#3037);
#2723=PLANE('',#3038);
#2724=PLANE('',#3042);
#2725=PLANE('',#3043);
#2726=PLANE('',#3044);
#2727=PLANE('',#3045);
#2728=PLANE('',#3046);
#2729=PLANE('',#3047);
#2730=PLANE('',#3048);
#2731=PLANE('',#3056);
#2732=PLANE('',#3057);
#2733=PLANE('',#3061);
#2734=PLANE('',#3062);
#2735=PLANE('',#3063);
#2736=PLANE('',#3064);
#2737=PLANE('',#3072);
#2738=PLANE('',#3073);
#2739=PLANE('',#3074);
#2740=PLANE('',#3075);
#2741=PLANE('',#3076);
#2742=PLANE('',#3077);
#2743=PLANE('',#3078);
#2744=PLANE('',#3079);
#2745=PLANE('',#3083);
#2746=PLANE('',#3084);
#2747=PLANE('',#3085);
#2748=PLANE('',#3090);
#2749=PLANE('',#3091);
#2750=PLANE('',#3092);
#2751=PLANE('',#3093);
#2752=PLANE('',#3094);
#2753=PLANE('',#3097);
#2754=PLANE('',#3098);
#2755=PLANE('',#3101);
#2756=PLANE('',#3108);
#2757=PLANE('',#3111);
#2758=PLANE('',#3113);
#2759=PLANE('',#3114);
#2760=PLANE('',#3115);
#2761=PLANE('',#3118);
#2762=PLANE('',#3120);
#2763=PLANE('',#3123);
#2764=PLANE('',#3124);
#2765=PLANE('',#3125);
#2766=PLANE('',#3126);
#2767=PLANE('',#3127);
#2768=PLANE('',#3131);
#2769=PLANE('',#3132);
#2770=ADVANCED_FACE('',(#132),#2658,.T.);
#2771=ADVANCED_FACE('',(#133,#117),#2659,.T.);
#2772=ADVANCED_FACE('',(#134),#2660,.T.);
#2773=ADVANCED_FACE('',(#135),#2661,.T.);
#2774=ADVANCED_FACE('',(#136),#2662,.T.);
#2775=ADVANCED_FACE('',(#137),#2663,.T.);
#2776=ADVANCED_FACE('',(#138),#2664,.T.);
#2777=ADVANCED_FACE('',(#139),#2665,.T.);
#2778=ADVANCED_FACE('',(#140),#2666,.T.);
#2779=ADVANCED_FACE('',(#141),#2667,.T.);
#2780=ADVANCED_FACE('',(#142,#118,#119,#120,#121,#122),#2668,.F.);
#2781=ADVANCED_FACE('',(#143),#2669,.T.);
#2782=ADVANCED_FACE('',(#144),#2670,.T.);
#2783=ADVANCED_FACE('',(#145),#2671,.T.);
#2784=ADVANCED_FACE('',(#146),#2672,.T.);
#2785=ADVANCED_FACE('',(#147),#2673,.T.);
#2786=ADVANCED_FACE('',(#148),#2674,.T.);
#2787=ADVANCED_FACE('',(#149,#123),#2675,.T.);
#2788=ADVANCED_FACE('',(#150),#2676,.T.);
#2789=ADVANCED_FACE('',(#151),#2677,.T.);
#2790=ADVANCED_FACE('',(#152),#2678,.T.);
#2791=ADVANCED_FACE('',(#153),#2679,.T.);
#2792=ADVANCED_FACE('',(#154),#2680,.T.);
#2793=ADVANCED_FACE('',(#155),#2681,.T.);
#2794=ADVANCED_FACE('',(#156),#2682,.T.);
#2795=ADVANCED_FACE('',(#157),#2683,.T.);
#2796=ADVANCED_FACE('',(#158),#2684,.T.);
#2797=ADVANCED_FACE('',(#159),#2685,.T.);
#2798=ADVANCED_FACE('',(#160),#2686,.T.);
#2799=ADVANCED_FACE('',(#161),#2687,.T.);
#2800=ADVANCED_FACE('',(#162),#2688,.T.);
#2801=ADVANCED_FACE('',(#163),#2689,.T.);
#2802=ADVANCED_FACE('',(#164),#2690,.T.);
#2803=ADVANCED_FACE('',(#165),#2691,.T.);
#2804=ADVANCED_FACE('',(#166),#2692,.T.);
#2805=ADVANCED_FACE('',(#167,#124),#2693,.T.);
#2806=ADVANCED_FACE('',(#168),#2694,.T.);
#2807=ADVANCED_FACE('',(#169,#125),#2695,.T.);
#2808=ADVANCED_FACE('',(#170),#2696,.T.);
#2809=ADVANCED_FACE('',(#171),#2697,.T.);
#2810=ADVANCED_FACE('',(#172),#2698,.T.);
#2811=ADVANCED_FACE('',(#173),#2699,.F.);
#2812=ADVANCED_FACE('',(#174),#2700,.F.);
#2813=ADVANCED_FACE('',(#175),#27,.F.);
#2814=ADVANCED_FACE('',(#176),#2701,.F.);
#2815=ADVANCED_FACE('',(#177),#28,.F.);
#2816=ADVANCED_FACE('',(#178),#2702,.T.);
#2817=ADVANCED_FACE('',(#179),#2703,.T.);
#2818=ADVANCED_FACE('',(#180),#2704,.T.);
#2819=ADVANCED_FACE('',(#181),#2705,.T.);
#2820=ADVANCED_FACE('',(#182),#2706,.T.);
#2821=ADVANCED_FACE('',(#183),#29,.T.);
#2822=ADVANCED_FACE('',(#184),#2707,.T.);
#2823=ADVANCED_FACE('',(#185),#2708,.T.);
#2824=ADVANCED_FACE('',(#186),#2709,.F.);
#2825=ADVANCED_FACE('',(#187),#25,.T.);
#2826=ADVANCED_FACE('',(#188),#30,.T.);
#2827=ADVANCED_FACE('',(#189),#26,.T.);
#2828=ADVANCED_FACE('',(#190),#31,.T.);
#2829=ADVANCED_FACE('',(#191),#32,.T.);
#2830=ADVANCED_FACE('',(#192),#33,.T.);
#2831=ADVANCED_FACE('',(#193),#34,.T.);
#2832=ADVANCED_FACE('',(#194),#2710,.T.);
#2833=ADVANCED_FACE('',(#195),#2711,.T.);
#2834=ADVANCED_FACE('',(#196),#35,.T.);
#2835=ADVANCED_FACE('',(#197),#36,.T.);
#2836=ADVANCED_FACE('',(#198),#37,.T.);
#2837=ADVANCED_FACE('',(#199),#2712,.T.);
#2838=ADVANCED_FACE('',(#200),#2713,.T.);
#2839=ADVANCED_FACE('',(#201),#2714,.F.);
#2840=ADVANCED_FACE('',(#202),#2715,.T.);
#2841=ADVANCED_FACE('',(#203),#2716,.T.);
#2842=ADVANCED_FACE('',(#204),#2717,.T.);
#2843=ADVANCED_FACE('',(#205),#2718,.T.);
#2844=ADVANCED_FACE('',(#206),#38,.F.);
#2845=ADVANCED_FACE('',(#207),#39,.F.);
#2846=ADVANCED_FACE('',(#208),#2719,.F.);
#2847=ADVANCED_FACE('',(#209),#2720,.F.);
#2848=ADVANCED_FACE('',(#210),#2721,.F.);
#2849=ADVANCED_FACE('',(#211),#2722,.F.);
#2850=ADVANCED_FACE('',(#212,#126,#127),#2723,.F.);
#2851=ADVANCED_FACE('',(#213),#40,.T.);
#2852=ADVANCED_FACE('',(#214),#2724,.T.);
#2853=ADVANCED_FACE('',(#215),#2725,.T.);
#2854=ADVANCED_FACE('',(#216),#2726,.T.);
#2855=ADVANCED_FACE('',(#217),#2727,.T.);
#2856=ADVANCED_FACE('',(#218),#2728,.T.);
#2857=ADVANCED_FACE('',(#219),#2729,.F.);
#2858=ADVANCED_FACE('',(#220),#2730,.T.);
#2859=ADVANCED_FACE('',(#221),#41,.F.);
#2860=ADVANCED_FACE('',(#222),#2731,.T.);
#2861=ADVANCED_FACE('',(#223,#128),#2732,.F.);
#2862=ADVANCED_FACE('',(#224),#42,.F.);
#2863=ADVANCED_FACE('',(#225),#2733,.F.);
#2864=ADVANCED_FACE('',(#226),#2734,.T.);
#2865=ADVANCED_FACE('',(#227),#2735,.T.);
#2866=ADVANCED_FACE('',(#228,#129),#2736,.T.);
#2867=ADVANCED_FACE('',(#229),#2737,.T.);
#2868=ADVANCED_FACE('',(#230),#2738,.T.);
#2869=ADVANCED_FACE('',(#231),#2739,.T.);
#2870=ADVANCED_FACE('',(#232),#2740,.T.);
#2871=ADVANCED_FACE('',(#233),#2741,.T.);
#2872=ADVANCED_FACE('',(#234),#2742,.F.);
#2873=ADVANCED_FACE('',(#235),#2743,.T.);
#2874=ADVANCED_FACE('',(#236),#2744,.F.);
#2875=ADVANCED_FACE('',(#237),#2745,.T.);
#2876=ADVANCED_FACE('',(#238),#2746,.T.);
#2877=ADVANCED_FACE('',(#239),#2747,.T.);
#2878=ADVANCED_FACE('',(#240),#43,.F.);
#2879=ADVANCED_FACE('',(#241),#44,.F.);
#2880=ADVANCED_FACE('',(#242),#45,.F.);
#2881=ADVANCED_FACE('',(#243),#46,.T.);
#2882=ADVANCED_FACE('',(#244),#2748,.T.);
#2883=ADVANCED_FACE('',(#245),#2749,.T.);
#2884=ADVANCED_FACE('',(#246),#2750,.T.);
#2885=ADVANCED_FACE('',(#247),#2751,.T.);
#2886=ADVANCED_FACE('',(#248),#2752,.T.);
#2887=ADVANCED_FACE('',(#249,#130,#131),#47,.T.);
#2888=ADVANCED_FACE('',(#250),#2753,.F.);
#2889=ADVANCED_FACE('',(#251),#2754,.T.);
#2890=ADVANCED_FACE('',(#252),#48,.T.);
#2891=ADVANCED_FACE('',(#253),#2755,.T.);
#2892=ADVANCED_FACE('',(#254),#2756,.F.);
#2893=ADVANCED_FACE('',(#255),#49,.T.);
#2894=ADVANCED_FACE('',(#256),#50,.T.);
#2895=ADVANCED_FACE('',(#257),#2757,.T.);
#2896=ADVANCED_FACE('',(#258),#51,.T.);
#2897=ADVANCED_FACE('',(#259),#2758,.T.);
#2898=ADVANCED_FACE('',(#260),#2759,.T.);
#2899=ADVANCED_FACE('',(#261),#2760,.T.);
#2900=ADVANCED_FACE('',(#262),#52,.T.);
#2901=ADVANCED_FACE('',(#263),#2761,.F.);
#2902=ADVANCED_FACE('',(#264),#53,.T.);
#2903=ADVANCED_FACE('',(#265),#2762,.T.);
#2904=ADVANCED_FACE('',(#266),#54,.T.);
#2905=ADVANCED_FACE('',(#267),#55,.T.);
#2906=ADVANCED_FACE('',(#268),#2763,.T.);
#2907=ADVANCED_FACE('',(#269),#2764,.T.);
#2908=ADVANCED_FACE('',(#270),#2765,.T.);
#2909=ADVANCED_FACE('',(#271),#2766,.T.);
#2910=ADVANCED_FACE('',(#272),#2767,.T.);
#2911=ADVANCED_FACE('',(#273),#56,.T.);
#2912=ADVANCED_FACE('',(#274),#2768,.T.);
#2913=ADVANCED_FACE('',(#275),#2769,.F.);
#2914=CLOSED_SHELL('',(#2770,#2771,#2772,#2773,#2774,#2775,#2776,#2777,
#2778,#2779,#2780,#2781,#2782,#2783,#2784,#2785,#2786,#2787,#2788,#2789,
#2790,#2791,#2792,#2793,#2794,#2795,#2796,#2797,#2798,#2799,#2800,#2801,
#2802,#2803,#2804,#2805,#2806,#2807,#2808,#2809,#2810,#2811,#2812,#2813,
#2814,#2815,#2816,#2817,#2818,#2819,#2820,#2821,#2822,#2823,#2824,#2825,
#2826,#2827,#2828,#2829,#2830,#2831,#2832,#2833,#2834,#2835,#2836,#2837,
#2838,#2839,#2840,#2841,#2842,#2843,#2844,#2845,#2846,#2847,#2848,#2849,
#2850,#2851,#2852,#2853,#2854,#2855,#2856,#2857,#2858,#2859,#2860,#2861,
#2862,#2863,#2864,#2865,#2866,#2867,#2868,#2869,#2870,#2871,#2872,#2873,
#2874,#2875,#2876,#2877,#2878,#2879,#2880,#2881,#2882,#2883,#2884,#2885,
#2886,#2887,#2888,#2889,#2890,#2891,#2892,#2893,#2894,#2895,#2896,#2897,
#2898,#2899,#2900,#2901,#2902,#2903,#2904,#2905,#2906));
#2915=CLOSED_SHELL('',(#2907,#2908,#2909,#2910,#2911,#2912,#2913));
#2916=DERIVED_UNIT_ELEMENT(#2918,1.);
#2917=DERIVED_UNIT_ELEMENT(#4845,-3.);
#2918=(
MASS_UNIT()
NAMED_UNIT(*)
SI_UNIT(.KILO.,.GRAM.)
);
#2919=DERIVED_UNIT((#2916,#2917));
#2920=MEASURE_REPRESENTATION_ITEM('density measure',
POSITIVE_RATIO_MEASURE(7850.),#2919);
#2921=PROPERTY_DEFINITION_REPRESENTATION(#2926,#2923);
#2922=PROPERTY_DEFINITION_REPRESENTATION(#2927,#2924);
#2923=REPRESENTATION('material name',(#2925),#4842);
#2924=REPRESENTATION('density',(#2920),#4842);
#2925=DESCRIPTIVE_REPRESENTATION_ITEM('Steel','Steel');
#2926=PROPERTY_DEFINITION('material property','material name',#4852);
#2927=PROPERTY_DEFINITION('material property','density of part',#4852);
#2928=AXIS2_PLACEMENT_3D('',#3892,#3133,#3134);
#2929=AXIS2_PLACEMENT_3D('',#3893,#3135,#3136);
#2930=AXIS2_PLACEMENT_3D('',#3902,#3141,#3142);
#2931=AXIS2_PLACEMENT_3D('',#3940,#3162,#3163);
#2932=AXIS2_PLACEMENT_3D('',#3946,#3167,#3168);
#2933=AXIS2_PLACEMENT_3D('',#3948,#3170,#3171);
#2934=AXIS2_PLACEMENT_3D('',#3950,#3173,#3174);
#2935=AXIS2_PLACEMENT_3D('',#3959,#3179,#3180);
#2936=AXIS2_PLACEMENT_3D('',#3968,#3185,#3186);
#2937=AXIS2_PLACEMENT_3D('',#3971,#3189,#3190);
#2938=AXIS2_PLACEMENT_3D('',#3974,#3193,#3194);
#2939=AXIS2_PLACEMENT_3D('',#3976,#3196,#3197);
#2940=AXIS2_PLACEMENT_3D('',#4024,#3223,#3224);
#2941=AXIS2_PLACEMENT_3D('',#4030,#3228,#3229);
#2942=AXIS2_PLACEMENT_3D('',#4040,#3235,#3236);
#2943=AXIS2_PLACEMENT_3D('',#4042,#3238,#3239);
#2944=AXIS2_PLACEMENT_3D('',#4044,#3241,#3242);
#2945=AXIS2_PLACEMENT_3D('',#4046,#3244,#3245);
#2946=AXIS2_PLACEMENT_3D('',#4048,#3247,#3248);
#2947=AXIS2_PLACEMENT_3D('',#4060,#3254,#3255);
#2948=AXIS2_PLACEMENT_3D('',#4064,#3257,#3258);
#2949=AXIS2_PLACEMENT_3D('',#4072,#3262,#3263);
#2950=AXIS2_PLACEMENT_3D('',#4075,#3265,#3266);
#2951=AXIS2_PLACEMENT_3D('',#4076,#3267,#3268);
#2952=AXIS2_PLACEMENT_3D('',#4082,#3272,#3273);
#2953=AXIS2_PLACEMENT_3D('',#4088,#3277,#3278);
#2954=AXIS2_PLACEMENT_3D('',#4092,#3281,#3282);
#2955=AXIS2_PLACEMENT_3D('',#4096,#3285,#3286);
#2956=AXIS2_PLACEMENT_3D('',#4099,#3289,#3290);
#2957=AXIS2_PLACEMENT_3D('',#4103,#3293,#3294);
#2958=AXIS2_PLACEMENT_3D('',#4107,#3297,#3298);
#2959=AXIS2_PLACEMENT_3D('',#4109,#3300,#3301);
#2960=AXIS2_PLACEMENT_3D('',#4118,#3306,#3307);
#2961=AXIS2_PLACEMENT_3D('',#4124,#3311,#3312);
#2962=AXIS2_PLACEMENT_3D('',#4133,#3317,#3318);
#2963=AXIS2_PLACEMENT_3D('',#4139,#3322,#3323);
#2964=AXIS2_PLACEMENT_3D('',#4145,#3327,#3328);
#2965=AXIS2_PLACEMENT_3D('',#4151,#3332,#3333);
#2966=AXIS2_PLACEMENT_3D('',#4155,#3336,#3337);
#2967=AXIS2_PLACEMENT_3D('',#4159,#3340,#3341);
#2968=AXIS2_PLACEMENT_3D('',#4162,#3344,#3345);
#2969=AXIS2_PLACEMENT_3D('',#4178,#3354,#3355);
#2970=AXIS2_PLACEMENT_3D('',#4182,#3358,#3359);
#2971=AXIS2_PLACEMENT_3D('',#4190,#3364,#3365);
#2972=AXIS2_PLACEMENT_3D('',#4202,#3372,#3373);
#2973=AXIS2_PLACEMENT_3D('',#4204,#3375,#3376);
#2974=AXIS2_PLACEMENT_3D('',#4214,#3382,#3383);
#2975=AXIS2_PLACEMENT_3D('',#4220,#3387,#3388);
#2976=AXIS2_PLACEMENT_3D('',#4229,#3393,#3394);
#2977=AXIS2_PLACEMENT_3D('',#4231,#3395,#3396);
#2978=AXIS2_PLACEMENT_3D('',#4234,#3398,#3399);
#2979=AXIS2_PLACEMENT_3D('',#4235,#3400,#3401);
#2980=AXIS2_PLACEMENT_3D('',#4241,#3405,#3406);
#2981=AXIS2_PLACEMENT_3D('',#4242,#3407,#3408);
#2982=AXIS2_PLACEMENT_3D('',#4243,#3409,#3410);
#2983=AXIS2_PLACEMENT_3D('',#4244,#3411,#3412);
#2984=AXIS2_PLACEMENT_3D('',#4245,#3413,#3414);
#2985=AXIS2_PLACEMENT_3D('',#4254,#3419,#3420);
#2986=AXIS2_PLACEMENT_3D('',#4262,#3425,#3426);
#2987=AXIS2_PLACEMENT_3D('',#4276,#3434,#3435);
#2988=AXIS2_PLACEMENT_3D('',#4288,#3443,#3444);
#2989=AXIS2_PLACEMENT_3D('',#4290,#3445,#3446);
#2990=AXIS2_PLACEMENT_3D('',#4292,#3447,#3448);
#2991=AXIS2_PLACEMENT_3D('',#4293,#3449,#3450);
#2992=AXIS2_PLACEMENT_3D('',#4294,#3451,#3452);
#2993=AXIS2_PLACEMENT_3D('',#4295,#3453,#3454);
#2994=AXIS2_PLACEMENT_3D('',#4298,#3456,#3457);
#2995=AXIS2_PLACEMENT_3D('',#4299,#3458,#3459);
#2996=AXIS2_PLACEMENT_3D('',#4305,#3462,#3463);
#2997=AXIS2_PLACEMENT_3D('',#4311,#3467,#3468);
#2998=AXIS2_PLACEMENT_3D('',#4315,#3470,#3471);
#2999=AXIS2_PLACEMENT_3D('',#4317,#3472,#3473);
#3000=AXIS2_PLACEMENT_3D('',#4323,#3477,#3478);
#3001=AXIS2_PLACEMENT_3D('',#4326,#3479,#3480);
#3002=AXIS2_PLACEMENT_3D('',#4328,#3481,#3482);
#3003=AXIS2_PLACEMENT_3D('',#4329,#3483,#3484);
#3004=AXIS2_PLACEMENT_3D('',#4330,#3485,#3486);
#3005=AXIS2_PLACEMENT_3D('',#4333,#3489,#3490);
#3006=AXIS2_PLACEMENT_3D('',#4336,#3491,#3492);
#3007=AXIS2_PLACEMENT_3D('',#4338,#3493,#3494);
#3008=AXIS2_PLACEMENT_3D('',#4339,#3495,#3496);
#3009=AXIS2_PLACEMENT_3D('',#4340,#3497,#3498);
#3010=AXIS2_PLACEMENT_3D('',#4343,#3501,#3502);
#3011=AXIS2_PLACEMENT_3D('',#4346,#3503,#3504);
#3012=AXIS2_PLACEMENT_3D('',#4363,#3507,#3508);
#3013=AXIS2_PLACEMENT_3D('',#4366,#3511,#3512);
#3014=AXIS2_PLACEMENT_3D('',#4379,#3515,#3516);
#3015=AXIS2_PLACEMENT_3D('',#4386,#3517,#3518);
#3016=AXIS2_PLACEMENT_3D('',#4387,#3519,#3520);
#3017=AXIS2_PLACEMENT_3D('',#4389,#3522,#3523);
#3018=AXIS2_PLACEMENT_3D('',#4406,#3525,#3526);
#3019=AXIS2_PLACEMENT_3D('',#4424,#3529,#3530);
#3020=AXIS2_PLACEMENT_3D('',#4426,#3531,#3532);
#3021=AXIS2_PLACEMENT_3D('',#4429,#3534,#3535);
#3022=AXIS2_PLACEMENT_3D('',#4431,#3537,#3538);
#3023=AXIS2_PLACEMENT_3D('',#4434,#3541,#3542);
#3024=AXIS2_PLACEMENT_3D('',#4440,#3546,#3547);
#3025=AXIS2_PLACEMENT_3D('',#4448,#3552,#3553);
#3026=AXIS2_PLACEMENT_3D('',#4449,#3554,#3555);
#3027=AXIS2_PLACEMENT_3D('',#4450,#3556,#3557);
#3028=AXIS2_PLACEMENT_3D('',#4452,#3559,#3560);
#3029=AXIS2_PLACEMENT_3D('',#4453,#3561,#3562);
#3030=AXIS2_PLACEMENT_3D('',#4454,#3563,#3564);
#3031=AXIS2_PLACEMENT_3D('',#4456,#3565,#3566);
#3032=AXIS2_PLACEMENT_3D('',#4493,#3568,#3569);
#3033=AXIS2_PLACEMENT_3D('',#4495,#3570,#3571);
#3034=AXIS2_PLACEMENT_3D('',#4532,#3573,#3574);
#3035=AXIS2_PLACEMENT_3D('',#4538,#3578,#3579);
#3036=AXIS2_PLACEMENT_3D('',#4542,#3582,#3583);
#3037=AXIS2_PLACEMENT_3D('',#4546,#3586,#3587);
#3038=AXIS2_PLACEMENT_3D('',#4548,#3589,#3590);
#3039=AXIS2_PLACEMENT_3D('',#4549,#3591,#3592);
#3040=AXIS2_PLACEMENT_3D('',#4552,#3593,#3594);
#3041=AXIS2_PLACEMENT_3D('',#4556,#3596,#3597);
#3042=AXIS2_PLACEMENT_3D('',#4558,#3599,#3600);
#3043=AXIS2_PLACEMENT_3D('',#4565,#3605,#3606);
#3044=AXIS2_PLACEMENT_3D('',#4568,#3609,#3610);
#3045=AXIS2_PLACEMENT_3D('',#4571,#3613,#3614);
#3046=AXIS2_PLACEMENT_3D('',#4572,#3615,#3616);
#3047=AXIS2_PLACEMENT_3D('',#4576,#3619,#3620);
#3048=AXIS2_PLACEMENT_3D('',#4578,#3622,#3623);
#3049=AXIS2_PLACEMENT_3D('',#4584,#3626,#3627);
#3050=AXIS2_PLACEMENT_3D('',#4594,#3632,#3633);
#3051=AXIS2_PLACEMENT_3D('',#4596,#3634,#3635);
#3052=AXIS2_PLACEMENT_3D('',#4598,#3636,#3637);
#3053=AXIS2_PLACEMENT_3D('',#4602,#3640,#3641);
#3054=AXIS2_PLACEMENT_3D('',#4605,#3642,#3643);
#3055=AXIS2_PLACEMENT_3D('',#4608,#3645,#3646);
#3056=AXIS2_PLACEMENT_3D('',#4611,#3649,#3650);
#3057=AXIS2_PLACEMENT_3D('',#4613,#3652,#3653);
#3058=AXIS2_PLACEMENT_3D('',#4614,#3654,#3655);
#3059=AXIS2_PLACEMENT_3D('',#4616,#3656,#3657);
#3060=AXIS2_PLACEMENT_3D('',#4619,#3659,#3660);
#3061=AXIS2_PLACEMENT_3D('',#4620,#3661,#3662);
#3062=AXIS2_PLACEMENT_3D('',#4622,#3664,#3665);
#3063=AXIS2_PLACEMENT_3D('',#4629,#3670,#3671);
#3064=AXIS2_PLACEMENT_3D('',#4633,#3674,#3675);
#3065=AXIS2_PLACEMENT_3D('',#4639,#3678,#3679);
#3066=AXIS2_PLACEMENT_3D('',#4648,#3684,#3685);
#3067=AXIS2_PLACEMENT_3D('',#4652,#3687,#3688);
#3068=AXIS2_PLACEMENT_3D('',#4654,#3689,#3690);
#3069=AXIS2_PLACEMENT_3D('',#4656,#3691,#3692);
#3070=AXIS2_PLACEMENT_3D('',#4658,#3693,#3694);
#3071=AXIS2_PLACEMENT_3D('',#4659,#3695,#3696);
#3072=AXIS2_PLACEMENT_3D('',#4660,#3697,#3698);
#3073=AXIS2_PLACEMENT_3D('',#4664,#3701,#3702);
#3074=AXIS2_PLACEMENT_3D('',#4670,#3706,#3707);
#3075=AXIS2_PLACEMENT_3D('',#4680,#3713,#3714);
#3076=AXIS2_PLACEMENT_3D('',#4694,#3722,#3723);
#3077=AXIS2_PLACEMENT_3D('',#4704,#3729,#3730);
#3078=AXIS2_PLACEMENT_3D('',#4711,#3735,#3736);
#3079=AXIS2_PLACEMENT_3D('',#4713,#3738,#3739);
#3080=AXIS2_PLACEMENT_3D('',#4717,#3741,#3742);
#3081=AXIS2_PLACEMENT_3D('',#4719,#3743,#3744);
#3082=AXIS2_PLACEMENT_3D('',#4721,#3745,#3746);
#3083=AXIS2_PLACEMENT_3D('',#4723,#3748,#3749);
#3084=AXIS2_PLACEMENT_3D('',#4725,#3751,#3752);
#3085=AXIS2_PLACEMENT_3D('',#4727,#3754,#3755);
#3086=AXIS2_PLACEMENT_3D('',#4728,#3756,#3757);
#3087=AXIS2_PLACEMENT_3D('',#4731,#3760,#3761);
#3088=AXIS2_PLACEMENT_3D('',#4732,#3762,#3763);
#3089=AXIS2_PLACEMENT_3D('',#4734,#3765,#3766);
#3090=AXIS2_PLACEMENT_3D('',#4736,#3768,#3769);
#3091=AXIS2_PLACEMENT_3D('',#4739,#3772,#3773);
#3092=AXIS2_PLACEMENT_3D('',#4742,#3776,#3777);
#3093=AXIS2_PLACEMENT_3D('',#4743,#3778,#3779);
#3094=AXIS2_PLACEMENT_3D('',#4745,#3781,#3782);
#3095=AXIS2_PLACEMENT_3D('',#4746,#3783,#3784);
#3096=AXIS2_PLACEMENT_3D('',#4747,#3785,#3786);
#3097=AXIS2_PLACEMENT_3D('',#4748,#3787,#3788);
#3098=AXIS2_PLACEMENT_3D('',#4749,#3789,#3790);
#3099=AXIS2_PLACEMENT_3D('',#4750,#3791,#3792);
#3100=AXIS2_PLACEMENT_3D('',#4753,#3793,#3794);
#3101=AXIS2_PLACEMENT_3D('',#4756,#3797,#3798);
#3102=AXIS2_PLACEMENT_3D('',#4760,#3800,#3801);
#3103=AXIS2_PLACEMENT_3D('',#4764,#3803,#3804);
#3104=AXIS2_PLACEMENT_3D('',#4766,#3805,#3806);
#3105=AXIS2_PLACEMENT_3D('',#4768,#3807,#3808);
#3106=AXIS2_PLACEMENT_3D('',#4770,#3809,#3810);
#3107=AXIS2_PLACEMENT_3D('',#4771,#3811,#3812);
#3108=AXIS2_PLACEMENT_3D('',#4772,#3813,#3814);
#3109=AXIS2_PLACEMENT_3D('',#4774,#3816,#3817);
#3110=AXIS2_PLACEMENT_3D('',#4776,#3819,#3820);
#3111=AXIS2_PLACEMENT_3D('',#4778,#3822,#3823);
#3112=AXIS2_PLACEMENT_3D('',#4782,#3827,#3828);
#3113=AXIS2_PLACEMENT_3D('',#4783,#3829,#3830);
#3114=AXIS2_PLACEMENT_3D('',#4789,#3834,#3835);
#3115=AXIS2_PLACEMENT_3D('',#4793,#3838,#3839);
#3116=AXIS2_PLACEMENT_3D('',#4797,#3842,#3843);
#3117=AXIS2_PLACEMENT_3D('',#4798,#3844,#3845);
#3118=AXIS2_PLACEMENT_3D('',#4800,#3847,#3848);
#3119=AXIS2_PLACEMENT_3D('',#4801,#3849,#3850);
#3120=AXIS2_PLACEMENT_3D('',#4803,#3852,#3853);
#3121=AXIS2_PLACEMENT_3D('',#4804,#3854,#3855);
#3122=AXIS2_PLACEMENT_3D('',#4806,#3857,#3858);
#3123=AXIS2_PLACEMENT_3D('',#4807,#3859,#3860);
#3124=AXIS2_PLACEMENT_3D('',#4808,#3861,#3862);
#3125=AXIS2_PLACEMENT_3D('',#4817,#3867,#3868);
#3126=AXIS2_PLACEMENT_3D('',#4823,#3872,#3873);
#3127=AXIS2_PLACEMENT_3D('',#4829,#3877,#3878);
#3128=AXIS2_PLACEMENT_3D('',#4835,#3882,#3883);
#3129=AXIS2_PLACEMENT_3D('',#4836,#3884,#3885);
#3130=AXIS2_PLACEMENT_3D('',#4837,#3886,#3887);
#3131=AXIS2_PLACEMENT_3D('',#4838,#3888,#3889);
#3132=AXIS2_PLACEMENT_3D('',#4839,#3890,#3891);
#3133=DIRECTION('axis',(0.,0.,1.));
#3134=DIRECTION('refdir',(1.,0.,0.));
#3135=DIRECTION('center_axis',(0.,0.,1.));
#3136=DIRECTION('ref_axis',(1.,0.,0.));
#3137=DIRECTION('',(1.,0.,0.));
#3138=DIRECTION('',(-7.70377115072674E-34,-1.,0.));
#3139=DIRECTION('',(-1.,0.,0.));
#3140=DIRECTION('',(7.70377115072674E-34,1.,0.));
#3141=DIRECTION('center_axis',(0.,-1.,0.));
#3142=DIRECTION('ref_axis',(1.,0.,0.));
#3143=DIRECTION('',(1.,0.,0.));
#3144=DIRECTION('',(0.,0.,-1.));
#3145=DIRECTION('',(1.,0.,0.));
#3146=DIRECTION('',(0.,0.,1.));
#3147=DIRECTION('',(1.,0.,0.));
#3148=DIRECTION('',(0.,0.,-1.));
#3149=DIRECTION('',(1.,0.,0.));
#3150=DIRECTION('',(0.,0.,1.));
#3151=DIRECTION('',(-1.,0.,0.));
#3152=DIRECTION('',(0.,0.,-1.));
#3153=DIRECTION('',(-0.999999999999999,0.,4.95653159454906E-8));
#3154=DIRECTION('',(0.,0.,1.));
#3155=DIRECTION('',(-1.,0.,0.));
#3156=DIRECTION('',(0.,0.,1.));
#3157=DIRECTION('',(1.,0.,0.));
#3158=DIRECTION('',(0.,0.,1.));
#3159=DIRECTION('',(0.,0.,1.));
#3160=DIRECTION('',(0.,0.,-1.));
#3161=DIRECTION('',(-1.,0.,0.));
#3162=DIRECTION('center_axis',(0.,0.,-1.));
#3163=DIRECTION('ref_axis',(-1.,7.70377115072674E-34,0.));
#3164=DIRECTION('',(7.70377115072674E-34,1.,0.));
#3165=DIRECTION('',(1.,0.,0.));
#3166=DIRECTION('',(-7.70377115072674E-34,-1.,0.));
#3167=DIRECTION('center_axis',(1.,-7.70377115072674E-34,0.));
#3168=DIRECTION('ref_axis',(7.70377115072674E-34,1.,0.));
#3169=DIRECTION('',(0.,0.,1.));
#3170=DIRECTION('center_axis',(-1.,7.70377115072674E-34,0.));
#3171=DIRECTION('ref_axis',(-7.70377115072674E-34,-1.,0.));
#3172=DIRECTION('',(0.,0.,-1.));
#3173=DIRECTION('center_axis',(0.,-1.,0.));
#3174=DIRECTION('ref_axis',(1.,0.,0.));
#3175=DIRECTION('',(0.,0.,1.));
#3176=DIRECTION('',(-1.,0.,0.));
#3177=DIRECTION('',(0.,0.,1.));
#3178=DIRECTION('',(1.,0.,0.));
#3179=DIRECTION('center_axis',(0.,1.,0.));
#3180=DIRECTION('ref_axis',(-1.,0.,0.));
#3181=DIRECTION('',(1.,0.,0.));
#3182=DIRECTION('',(0.,0.,-1.));
#3183=DIRECTION('',(-1.,0.,0.));
#3184=DIRECTION('',(0.,0.,1.));
#3185=DIRECTION('center_axis',(-1.,0.,0.));
#3186=DIRECTION('ref_axis',(0.,-1.,0.));
#3187=DIRECTION('',(0.,1.,0.));
#3188=DIRECTION('',(0.,-1.,0.));
#3189=DIRECTION('center_axis',(1.,0.,0.));
#3190=DIRECTION('ref_axis',(0.,1.,0.));
#3191=DIRECTION('',(0.,1.,0.));
#3192=DIRECTION('',(0.,-1.,0.));
#3193=DIRECTION('center_axis',(0.,0.,1.));
#3194=DIRECTION('ref_axis',(1.,0.,0.));
#3195=DIRECTION('',(0.,1.,0.));
#3196=DIRECTION('center_axis',(0.,0.,1.));
#3197=DIRECTION('ref_axis',(1.,0.,0.));
#3198=DIRECTION('',(-1.,0.,0.));
#3199=DIRECTION('',(0.,1.,0.));
#3200=DIRECTION('',(1.,0.,0.));
#3201=DIRECTION('',(0.,-1.,0.));
#3202=DIRECTION('',(0.,1.,0.));
#3203=DIRECTION('',(0.,1.,0.));
#3204=DIRECTION('',(-1.,0.,0.));
#3205=DIRECTION('',(0.,1.,0.));
#3206=DIRECTION('',(-1.,0.,0.));
#3207=DIRECTION('',(-1.,0.,0.));
#3208=DIRECTION('',(0.,-1.,0.));
#3209=DIRECTION('',(-1.,0.,0.));
#3210=DIRECTION('',(0.,-1.,0.));
#3211=DIRECTION('',(0.,1.,0.));
#3212=DIRECTION('',(-1.,0.,0.));
#3213=DIRECTION('',(0.,1.,0.));
#3214=DIRECTION('',(-1.,0.,0.));
#3215=DIRECTION('',(0.,1.,0.));
#3216=DIRECTION('',(1.,0.,0.));
#3217=DIRECTION('',(0.,-1.,0.));
#3218=DIRECTION('',(1.,0.,0.));
#3219=DIRECTION('',(0.,-1.,0.));
#3220=DIRECTION('',(0.,-1.,0.));
#3221=DIRECTION('',(0.,-1.,0.));
#3222=DIRECTION('',(1.,0.,0.));
#3223=DIRECTION('center_axis',(0.,1.,0.));
#3224=DIRECTION('ref_axis',(-1.,0.,0.));
#3225=DIRECTION('',(0.,0.,1.));
#3226=DIRECTION('',(-1.,0.,0.));
#3227=DIRECTION('',(0.,0.,1.));
#3228=DIRECTION('center_axis',(0.,0.,1.));
#3229=DIRECTION('ref_axis',(1.,0.,0.));
#3230=DIRECTION('',(0.,-1.,0.));
#3231=DIRECTION('',(-1.,0.,0.));
#3232=DIRECTION('',(0.,1.,0.));
#3233=DIRECTION('',(0.,-1.,0.));
#3234=DIRECTION('',(1.,0.,0.));
#3235=DIRECTION('center_axis',(-1.,0.,0.));
#3236=DIRECTION('ref_axis',(0.,-1.,0.));
#3237=DIRECTION('',(0.,0.,1.));
#3238=DIRECTION('center_axis',(1.,0.,0.));
#3239=DIRECTION('ref_axis',(0.,1.,0.));
#3240=DIRECTION('',(0.,0.,1.));
#3241=DIRECTION('center_axis',(0.,1.,0.));
#3242=DIRECTION('ref_axis',(-1.,0.,0.));
#3243=DIRECTION('',(0.,0.,1.));
#3244=DIRECTION('center_axis',(0.,-1.,0.));
#3245=DIRECTION('ref_axis',(1.,0.,0.));
#3246=DIRECTION('',(0.,0.,-1.));
#3247=DIRECTION('center_axis',(1.,0.,0.));
#3248=DIRECTION('ref_axis',(0.,1.,0.));
#3249=DIRECTION('',(0.,1.,0.));
#3250=DIRECTION('',(0.,1.,0.));
#3251=DIRECTION('',(0.,1.,0.));
#3252=DIRECTION('',(0.,0.,1.));
#3253=DIRECTION('',(0.,-1.,0.));
#3254=DIRECTION('center_axis',(-1.,0.,0.));
#3255=DIRECTION('ref_axis',(0.,-0.707106781186543,-0.707106781186552));
#3256=DIRECTION('',(0.,0.,1.));
#3257=DIRECTION('center_axis',(-1.,0.,0.));
#3258=DIRECTION('ref_axis',(0.,0.0571909584179291,0.9983632576749));
#3259=DIRECTION('',(0.,0.,1.));
#3260=DIRECTION('',(0.,1.,0.));
#3261=DIRECTION('',(0.,0.,-1.));
#3262=DIRECTION('center_axis',(-1.,0.,0.));
#3263=DIRECTION('ref_axis',(0.,-0.0571909584179291,0.9983632576749));
#3264=DIRECTION('',(0.,0.,-1.));
#3265=DIRECTION('center_axis',(-1.,0.,0.));
#3266=DIRECTION('ref_axis',(0.,0.707106781186543,-0.707106781186552));
#3267=DIRECTION('center_axis',(1.,0.,0.));
#3268=DIRECTION('ref_axis',(0.,1.,0.));
#3269=DIRECTION('',(0.,0.,1.));
#3270=DIRECTION('',(0.,0.,1.));
#3271=DIRECTION('',(0.,1.,0.));
#3272=DIRECTION('center_axis',(-1.,0.,0.));
#3273=DIRECTION('ref_axis',(0.,-1.,0.));
#3274=DIRECTION('',(0.,0.,-1.));
#3275=DIRECTION('',(0.,-1.,0.));
#3276=DIRECTION('',(0.,0.,1.));
#3277=DIRECTION('center_axis',(0.,-1.,0.));
#3278=DIRECTION('ref_axis',(1.,0.,0.));
#3279=DIRECTION('',(1.,0.,0.));
#3280=DIRECTION('',(0.,0.,1.));
#3281=DIRECTION('center_axis',(0.,1.,0.));
#3282=DIRECTION('ref_axis',(-1.,0.,0.));
#3283=DIRECTION('',(0.,0.,-1.));
#3284=DIRECTION('',(-1.,0.,0.));
#3285=DIRECTION('center_axis',(0.,0.,1.));
#3286=DIRECTION('ref_axis',(1.,0.,0.));
#3287=DIRECTION('',(0.,1.,0.));
#3288=DIRECTION('',(-1.,0.,0.));
#3289=DIRECTION('center_axis',(1.,0.,0.));
#3290=DIRECTION('ref_axis',(0.,1.,0.));
#3291=DIRECTION('',(0.,-1.,0.));
#3292=DIRECTION('',(0.,0.,1.));
#3293=DIRECTION('center_axis',(-1.,0.,0.));
#3294=DIRECTION('ref_axis',(0.,-1.,0.));
#3295=DIRECTION('',(0.,0.,1.));
#3296=DIRECTION('',(0.,-1.,0.));
#3297=DIRECTION('center_axis',(0.,-1.,0.));
#3298=DIRECTION('ref_axis',(1.,0.,0.));
#3299=DIRECTION('',(1.,0.,0.));
#3300=DIRECTION('center_axis',(0.,-1.,0.));
#3301=DIRECTION('ref_axis',(1.,0.,0.));
#3302=DIRECTION('',(-0.707106781186548,0.,0.707106781186548));
#3303=DIRECTION('',(-1.,0.,0.));
#3304=DIRECTION('',(0.,0.,1.));
#3305=DIRECTION('',(1.,0.,0.));
#3306=DIRECTION('center_axis',(-1.,0.,0.));
#3307=DIRECTION('ref_axis',(0.,-1.,0.));
#3308=DIRECTION('',(0.,1.,0.));
#3309=DIRECTION('',(0.,0.,-1.));
#3310=DIRECTION('',(0.,-1.,0.));
#3311=DIRECTION('center_axis',(0.,1.,0.));
#3312=DIRECTION('ref_axis',(-1.,0.,0.));
#3313=DIRECTION('',(0.707106781186547,0.,-0.707106781186547));
#3314=DIRECTION('',(-1.,0.,0.));
#3315=DIRECTION('',(0.,0.,1.));
#3316=DIRECTION('',(1.,0.,0.));
#3317=DIRECTION('center_axis',(0.,1.,0.));
#3318=DIRECTION('ref_axis',(-1.,0.,0.));
#3319=DIRECTION('',(-1.,0.,0.));
#3320=DIRECTION('',(0.,0.,1.));
#3321=DIRECTION('',(0.,0.,1.));
#3322=DIRECTION('center_axis',(1.,0.,0.));
#3323=DIRECTION('ref_axis',(0.,1.,0.));
#3324=DIRECTION('',(0.,-1.,0.));
#3325=DIRECTION('',(0.,1.,0.));
#3326=DIRECTION('',(0.,0.,1.));
#3327=DIRECTION('center_axis',(0.,-1.,0.));
#3328=DIRECTION('ref_axis',(1.,0.,0.));
#3329=DIRECTION('',(1.,0.,0.));
#3330=DIRECTION('',(0.,0.,1.));
#3331=DIRECTION('',(0.,0.,-1.));
#3332=DIRECTION('center_axis',(1.,0.,0.));
#3333=DIRECTION('ref_axis',(0.,1.,0.));
#3334=DIRECTION('',(0.,1.,0.));
#3335=DIRECTION('',(0.,0.,1.));
#3336=DIRECTION('center_axis',(-1.,0.,0.));
#3337=DIRECTION('ref_axis',(0.,-1.,0.));
#3338=DIRECTION('',(0.,-1.,0.));
#3339=DIRECTION('',(0.,0.,-1.));
#3340=DIRECTION('center_axis',(0.,0.,1.));
#3341=DIRECTION('ref_axis',(1.,0.,0.));
#3342=DIRECTION('',(0.,1.,0.));
#3343=DIRECTION('',(-1.,0.,0.));
#3344=DIRECTION('center_axis',(0.,0.,-1.));
#3345=DIRECTION('ref_axis',(0.,-1.,0.));
#3346=DIRECTION('',(1.,0.,0.));
#3347=DIRECTION('',(0.,-1.,0.));
#3348=DIRECTION('',(-1.,0.,0.));
#3349=DIRECTION('',(0.,1.,0.));
#3350=DIRECTION('',(0.,1.,0.));
#3351=DIRECTION('',(-1.,0.,0.));
#3352=DIRECTION('',(0.,-1.,0.));
#3353=DIRECTION('',(1.,0.,0.));
#3354=DIRECTION('center_axis',(0.,0.,-1.));
#3355=DIRECTION('ref_axis',(0.,-1.,0.));
#3356=DIRECTION('',(0.,1.,0.));
#3357=DIRECTION('',(1.,0.,0.));
#3358=DIRECTION('center_axis',(0.,1.,0.));
#3359=DIRECTION('ref_axis',(-1.,0.,0.));
#3360=DIRECTION('',(-1.,0.,0.));
#3361=DIRECTION('',(0.,0.,-1.));
#3362=DIRECTION('',(1.,0.,0.));
#3363=DIRECTION('',(0.,0.,-1.));
#3364=DIRECTION('center_axis',(-1.,0.,0.));
#3365=DIRECTION('ref_axis',(0.,-1.,0.));
#3366=DIRECTION('',(0.,0.,1.));
#3367=DIRECTION('',(0.,-1.,0.));
#3368=DIRECTION('',(0.,0.,1.));
#3369=DIRECTION('',(0.,-1.,0.));
#3370=DIRECTION('',(0.,0.,-1.));
#3371=DIRECTION('',(0.,1.,0.));
#3372=DIRECTION('center_axis',(-1.,0.,0.));
#3373=DIRECTION('ref_axis',(0.,-1.,0.));
#3374=DIRECTION('',(0.,0.,1.));
#3375=DIRECTION('center_axis',(0.707106781186548,0.,0.707106781186548));
#3376=DIRECTION('ref_axis',(0.707106781186548,0.,-0.707106781186548));
#3377=DIRECTION('',(0.,1.,0.));
#3378=DIRECTION('',(0.707106781186548,0.,-0.707106781186548));
#3379=DIRECTION('',(0.,1.,0.));
#3380=DIRECTION('',(-0.707106781186547,0.,0.707106781186547));
#3381=DIRECTION('',(0.,1.,0.));
#3382=DIRECTION('center_axis',(0.,0.,-1.));
#3383=DIRECTION('ref_axis',(-1.,0.,0.));
#3384=DIRECTION('',(1.,0.,0.));
#3385=DIRECTION('',(0.,1.,0.));
#3386=DIRECTION('',(1.,0.,0.));
#3387=DIRECTION('center_axis',(1.,0.,0.));
#3388=DIRECTION('ref_axis',(0.,1.,0.));
#3389=DIRECTION('',(0.,1.,0.));
#3390=DIRECTION('',(0.,0.,1.));
#3391=DIRECTION('',(0.,1.,0.));
#3392=DIRECTION('',(0.,0.,1.));
#3393=DIRECTION('center_axis',(0.,0.,1.));
#3394=DIRECTION('ref_axis',(1.,0.,0.));
#3395=DIRECTION('center_axis',(0.,0.,1.));
#3396=DIRECTION('ref_axis',(1.,0.,0.));
#3397=DIRECTION('',(0.,0.,1.));
#3398=DIRECTION('center_axis',(0.,0.,1.));
#3399=DIRECTION('ref_axis',(1.,0.,0.));
#3400=DIRECTION('center_axis',(-1.,0.,0.));
#3401=DIRECTION('ref_axis',(0.,-1.,0.));
#3402=DIRECTION('',(0.,-1.,0.));
#3403=DIRECTION('',(0.,0.,1.));
#3404=DIRECTION('',(0.,-1.,0.));
#3405=DIRECTION('center_axis',(0.,0.,1.));
#3406=DIRECTION('ref_axis',(-1.,0.,0.));
#3407=DIRECTION('center_axis',(0.,0.,1.));
#3408=DIRECTION('ref_axis',(-1.,0.,0.));
#3409=DIRECTION('center_axis',(0.,0.,1.));
#3410=DIRECTION('ref_axis',(-1.,0.,0.));
#3411=DIRECTION('center_axis',(0.,0.,-1.));
#3412=DIRECTION('ref_axis',(1.,0.,0.));
#3413=DIRECTION('center_axis',(0.,0.,1.));
#3414=DIRECTION('ref_axis',(1.,0.,0.));
#3415=DIRECTION('',(-1.,0.,0.));
#3416=DIRECTION('',(0.,-1.,0.));
#3417=DIRECTION('',(1.,0.,0.));
#3418=DIRECTION('',(0.,-1.,0.));
#3419=DIRECTION('center_axis',(-1.,0.,0.));
#3420=DIRECTION('ref_axis',(0.,-1.,0.));
#3421=DIRECTION('',(0.,0.,-1.));
#3422=DIRECTION('',(0.,-1.,0.));
#3423=DIRECTION('',(0.,0.,1.));
#3424=DIRECTION('',(0.,-1.,0.));
#3425=DIRECTION('center_axis',(0.,1.,0.));
#3426=DIRECTION('ref_axis',(-1.,0.,0.));
#3427=DIRECTION('',(-1.,0.,0.));
#3428=DIRECTION('',(0.,0.,-1.));
#3429=DIRECTION('',(1.,0.,0.));
#3430=DIRECTION('',(0.,0.,1.));
#3431=DIRECTION('',(-1.,0.,0.));
#3432=DIRECTION('',(1.,0.,0.));
#3433=DIRECTION('',(0.,0.,1.));
#3434=DIRECTION('center_axis',(-1.,0.,0.));
#3435=DIRECTION('ref_axis',(0.,-1.,0.));
#3436=DIRECTION('',(0.,0.,1.));
#3437=DIRECTION('',(0.,-1.,0.));
#3438=DIRECTION('',(0.,1.,0.));
#3439=DIRECTION('',(0.,0.,1.));
#3440=DIRECTION('',(0.,-1.,0.));
#3441=DIRECTION('',(0.,1.,0.));
#3442=DIRECTION('',(0.,0.,1.));
#3443=DIRECTION('center_axis',(0.,0.,-1.));
#3444=DIRECTION('ref_axis',(-0.951092744283515,0.308905473844755,0.));
#3445=DIRECTION('center_axis',(0.,0.,1.));
#3446=DIRECTION('ref_axis',(-1.,0.,0.));
#3447=DIRECTION('center_axis',(0.,0.,1.));
#3448=DIRECTION('ref_axis',(-1.,0.,0.));
#3449=DIRECTION('center_axis',(0.,0.,1.));
#3450=DIRECTION('ref_axis',(-1.,0.,0.));
#3451=DIRECTION('center_axis',(0.,0.,-1.));
#3452=DIRECTION('ref_axis',(-1.,0.,0.));
#3453=DIRECTION('center_axis',(0.,0.,1.));
#3454=DIRECTION('ref_axis',(-1.,0.,0.));
#3455=DIRECTION('',(-1.,0.,0.));
#3456=DIRECTION('center_axis',(0.,0.,1.));
#3457=DIRECTION('ref_axis',(0.999871783811743,0.016012992759716,0.));
#3458=DIRECTION('center_axis',(0.,0.,1.));
#3459=DIRECTION('ref_axis',(0.,1.,0.));
#3460=DIRECTION('',(-1.,0.,0.));
#3461=DIRECTION('',(0.,-1.,0.));
#3462=DIRECTION('center_axis',(0.,0.,1.));
#3463=DIRECTION('ref_axis',(-0.707106781186548,0.707106781186548,0.));
#3464=DIRECTION('',(-1.,0.,0.));
#3465=DIRECTION('',(0.,1.,0.));
#3466=DIRECTION('',(1.,0.,0.));
#3467=DIRECTION('center_axis',(0.,0.,1.));
#3468=DIRECTION('ref_axis',(1.,0.,0.));
#3469=DIRECTION('',(1.,0.,0.));
#3470=DIRECTION('center_axis',(0.,0.,1.));
#3471=DIRECTION('ref_axis',(0.8,-0.6,0.));
#3472=DIRECTION('center_axis',(0.,0.,1.));
#3473=DIRECTION('ref_axis',(1.,0.,0.));
#3474=DIRECTION('',(0.,-1.,0.));
#3475=DIRECTION('',(1.,0.,0.));
#3476=DIRECTION('',(1.,0.,0.));
#3477=DIRECTION('center_axis',(-0.408248290463842,0.408248290463861,-0.816496580927737));
#3478=DIRECTION('ref_axis',(0.577350269189623,-0.577350269189623,-0.577350269189632));
#3479=DIRECTION('center_axis',(0.,0.,-1.));
#3480=DIRECTION('ref_axis',(0.,-1.,0.));
#3481=DIRECTION('center_axis',(1.,0.,0.));
#3482=DIRECTION('ref_axis',(0.,0.,-1.));
#3483=DIRECTION('center_axis',(0.,-1.,0.));
#3484=DIRECTION('ref_axis',(1.,0.,0.));
#3485=DIRECTION('center_axis',(1.,0.,0.));
#3486=DIRECTION('ref_axis',(0.,-0.707106781186543,-0.707106781186552));
#3487=DIRECTION('',(1.,0.,0.));
#3488=DIRECTION('',(-1.,0.,0.));
#3489=DIRECTION('center_axis',(-0.408248290463849,-0.408248290463849,-0.81649658092774));
#3490=DIRECTION('ref_axis',(0.577350269189624,0.577350269189624,-0.577350269189629));
#3491=DIRECTION('center_axis',(0.,1.,0.));
#3492=DIRECTION('ref_axis',(0.,0.,-1.));
#3493=DIRECTION('center_axis',(1.,0.,0.));
#3494=DIRECTION('ref_axis',(0.,1.,0.));
#3495=DIRECTION('center_axis',(0.,0.,-1.));
#3496=DIRECTION('ref_axis',(1.,0.,0.));
#3497=DIRECTION('center_axis',(1.,0.,0.));
#3498=DIRECTION('ref_axis',(0.,0.707106781186543,-0.707106781186552));
#3499=DIRECTION('',(1.,0.,0.));
#3500=DIRECTION('',(-1.,0.,0.));
#3501=DIRECTION('center_axis',(0.,0.,1.));
#3502=DIRECTION('ref_axis',(0.707106781186564,0.707106781186531,0.));
#3503=DIRECTION('center_axis',(0.,0.,-1.));
#3504=DIRECTION('ref_axis',(0.707106781186564,0.707106781186531,0.));
#3505=DIRECTION('',(0.,0.,-1.));
#3506=DIRECTION('',(0.,0.,1.));
#3507=DIRECTION('center_axis',(0.,1.,0.));
#3508=DIRECTION('ref_axis',(0.70710678118656,0.,-0.707106781186535));
#3509=DIRECTION('',(0.,-1.,0.));
#3510=DIRECTION('',(0.,1.,0.));
#3511=DIRECTION('center_axis',(0.,0.,-1.));
#3512=DIRECTION('ref_axis',(0.707106781186564,-0.707106781186531,0.));
#3513=DIRECTION('',(0.,0.,-1.));
#3514=DIRECTION('',(0.,0.,1.));
#3515=DIRECTION('center_axis',(0.,0.,-1.));
#3516=DIRECTION('ref_axis',(0.707106781186564,-0.707106781186531,0.));
#3517=DIRECTION('center_axis',(0.,0.,-1.));
#3518=DIRECTION('ref_axis',(0.,1.,0.));
#3519=DIRECTION('center_axis',(0.,-1.,0.));
#3520=DIRECTION('ref_axis',(0.,0.,-1.));
#3521=DIRECTION('',(1.,0.,0.));
#3522=DIRECTION('center_axis',(-1.,0.,0.));
#3523=DIRECTION('ref_axis',(0.,0.0571909584179291,0.9983632576749));
#3524=DIRECTION('',(-1.,0.,0.));
#3525=DIRECTION('center_axis',(1.,0.,0.));
#3526=DIRECTION('ref_axis',(0.,-0.0571909584179291,0.9983632576749));
#3527=DIRECTION('',(1.,0.,0.));
#3528=DIRECTION('',(1.,0.,0.));
#3529=DIRECTION('center_axis',(0.,-1.,0.));
#3530=DIRECTION('ref_axis',(-0.707106781186527,0.,0.707106781186568));
#3531=DIRECTION('center_axis',(0.,1.,0.));
#3532=DIRECTION('ref_axis',(-0.707106781186527,0.,0.707106781186568));
#3533=DIRECTION('',(0.,-1.,0.));
#3534=DIRECTION('center_axis',(0.,-1.,0.));
#3535=DIRECTION('ref_axis',(-0.707106781186527,0.,0.707106781186568));
#3536=DIRECTION('',(0.,-1.,0.));
#3537=DIRECTION('center_axis',(-1.,0.,0.));
#3538=DIRECTION('ref_axis',(0.,-1.,0.));
#3539=DIRECTION('',(0.,0.,1.));
#3540=DIRECTION('',(0.,0.,-1.));
#3541=DIRECTION('center_axis',(0.,1.,0.));
#3542=DIRECTION('ref_axis',(-1.,0.,0.));
#3543=DIRECTION('',(-1.,0.,0.));
#3544=DIRECTION('',(1.,0.,0.));
#3545=DIRECTION('',(1.,0.,0.));
#3546=DIRECTION('center_axis',(0.,-1.,0.));
#3547=DIRECTION('ref_axis',(0.382683432365091,0.,0.923879532511286));
#3548=DIRECTION('',(0.,0.,1.));
#3549=DIRECTION('',(1.,0.,0.));
#3550=DIRECTION('',(0.,0.,1.));
#3551=DIRECTION('',(-1.,0.,0.));
#3552=DIRECTION('center_axis',(0.,0.,-1.));
#3553=DIRECTION('ref_axis',(-1.,0.,0.));
#3554=DIRECTION('center_axis',(0.,1.,0.));
#3555=DIRECTION('ref_axis',(0.,0.,1.));
#3556=DIRECTION('center_axis',(0.,0.,1.));
#3557=DIRECTION('ref_axis',(0.,-1.,0.));
#3558=DIRECTION('',(0.,-1.,0.));
#3559=DIRECTION('center_axis',(1.,0.,0.));
#3560=DIRECTION('ref_axis',(0.,0.,-1.));
#3561=DIRECTION('center_axis',(0.,1.,0.));
#3562=DIRECTION('ref_axis',(-1.,0.,0.));
#3563=DIRECTION('center_axis',(0.,0.,1.));
#3564=DIRECTION('ref_axis',(1.,0.,0.));
#3565=DIRECTION('center_axis',(0.,0.,1.));
#3566=DIRECTION('ref_axis',(1.,0.,0.));
#3567=DIRECTION('',(0.,0.,1.));
#3568=DIRECTION('center_axis',(0.,0.,1.));
#3569=DIRECTION('ref_axis',(1.,0.,0.));
#3570=DIRECTION('center_axis',(0.,0.,1.));
#3571=DIRECTION('ref_axis',(1.,0.,0.));
#3572=DIRECTION('',(0.,0.,1.));
#3573=DIRECTION('center_axis',(1.,0.,0.));
#3574=DIRECTION('ref_axis',(0.,1.,0.));
#3575=DIRECTION('',(0.,0.,1.));
#3576=DIRECTION('',(0.,1.,0.));
#3577=DIRECTION('',(0.,0.,1.));
#3578=DIRECTION('center_axis',(0.,-1.,0.));
#3579=DIRECTION('ref_axis',(1.,0.,0.));
#3580=DIRECTION('',(0.,0.,1.));
#3581=DIRECTION('',(1.,0.,0.));
#3582=DIRECTION('center_axis',(-1.,0.,0.));
#3583=DIRECTION('ref_axis',(0.,-1.,0.));
#3584=DIRECTION('',(0.,0.,1.));
#3585=DIRECTION('',(0.,-1.,0.));
#3586=DIRECTION('center_axis',(0.,1.,0.));
#3587=DIRECTION('ref_axis',(-1.,0.,0.));
#3588=DIRECTION('',(-1.,0.,0.));
#3589=DIRECTION('center_axis',(0.,0.,1.));
#3590=DIRECTION('ref_axis',(1.,0.,0.));
#3591=DIRECTION('center_axis',(0.,0.,1.));
#3592=DIRECTION('ref_axis',(0.707106781186547,0.707106781186547,0.));
#3593=DIRECTION('center_axis',(0.,0.,-1.));
#3594=DIRECTION('ref_axis',(0.707106781186547,0.707106781186547,0.));
#3595=DIRECTION('',(0.,0.,-1.));
#3596=DIRECTION('center_axis',(0.,0.,1.));
#3597=DIRECTION('ref_axis',(0.707106781186547,0.707106781186547,0.));
#3598=DIRECTION('',(0.,0.,1.));
#3599=DIRECTION('center_axis',(0.,1.,0.));
#3600=DIRECTION('ref_axis',(-1.,0.,0.));
#3601=DIRECTION('',(-1.,0.,0.));
#3602=DIRECTION('',(1.,0.,0.));
#3603=DIRECTION('',(0.,0.,-1.));
#3604=DIRECTION('',(-1.,0.,0.));
#3605=DIRECTION('center_axis',(0.,0.,-1.));
#3606=DIRECTION('ref_axis',(0.,1.,0.));
#3607=DIRECTION('',(0.,1.,0.));
#3608=DIRECTION('',(0.,-1.,0.));
#3609=DIRECTION('center_axis',(0.,0.,1.));
#3610=DIRECTION('ref_axis',(1.,0.,0.));
#3611=DIRECTION('',(0.,1.,0.));
#3612=DIRECTION('',(0.,1.,0.));
#3613=DIRECTION('center_axis',(1.,0.,0.));
#3614=DIRECTION('ref_axis',(0.,0.,-1.));
#3615=DIRECTION('center_axis',(1.,0.,0.));
#3616=DIRECTION('ref_axis',(0.,1.,0.));
#3617=DIRECTION('',(0.,-1.,0.));
#3618=DIRECTION('',(0.,0.,1.));
#3619=DIRECTION('center_axis',(0.,0.,1.));
#3620=DIRECTION('ref_axis',(0.,-1.,0.));
#3621=DIRECTION('',(1.,0.,0.));
#3622=DIRECTION('center_axis',(0.,0.,1.));
#3623=DIRECTION('ref_axis',(1.,0.,0.));
#3624=DIRECTION('',(0.,1.,0.));
#3625=DIRECTION('',(1.,0.,0.));
#3626=DIRECTION('center_axis',(0.,0.,-1.));
#3627=DIRECTION('ref_axis',(-0.707106781186548,0.707106781186548,0.));
#3628=DIRECTION('',(0.,-1.,0.));
#3629=DIRECTION('',(-1.,0.,0.));
#3630=DIRECTION('',(0.,1.,0.));
#3631=DIRECTION('',(-1.,0.,0.));
#3632=DIRECTION('center_axis',(0.,0.,1.));
#3633=DIRECTION('ref_axis',(-1.03927465537232E-15,-1.,0.));
#3634=DIRECTION('center_axis',(0.,0.,1.));
#3635=DIRECTION('ref_axis',(-0.350925747539887,-0.936403289033935,0.));
#3636=DIRECTION('center_axis',(0.,0.,1.));
#3637=DIRECTION('ref_axis',(-0.555782200654143,-0.831327940969169,0.));
#3638=DIRECTION('',(0.,1.,0.));
#3639=DIRECTION('',(-1.,0.,0.));
#3640=DIRECTION('center_axis',(0.,0.,-1.));
#3641=DIRECTION('ref_axis',(0.999871783811743,0.016012992759716,0.));
#3642=DIRECTION('center_axis',(0.,0.,1.));
#3643=DIRECTION('ref_axis',(0.999871783811743,0.016012992759716,0.));
#3644=DIRECTION('',(0.,0.,1.));
#3645=DIRECTION('center_axis',(0.,0.,1.));
#3646=DIRECTION('ref_axis',(0.999871783811743,0.016012992759716,0.));
#3647=DIRECTION('',(0.,0.,-1.));
#3648=DIRECTION('',(0.,0.,-1.));
#3649=DIRECTION('center_axis',(0.,-1.,0.));
#3650=DIRECTION('ref_axis',(-1.,0.,0.));
#3651=DIRECTION('',(-1.,0.,0.));
#3652=DIRECTION('center_axis',(0.,0.,1.));
#3653=DIRECTION('ref_axis',(-1.,0.,0.));
#3654=DIRECTION('center_axis',(0.,0.,-1.));
#3655=DIRECTION('ref_axis',(-0.136990968213322,0.990572296517512,0.));
#3656=DIRECTION('center_axis',(0.,0.,1.));
#3657=DIRECTION('ref_axis',(-0.136990968213322,0.990572296517512,0.));
#3658=DIRECTION('',(0.,0.,1.));
#3659=DIRECTION('center_axis',(0.,0.,1.));
#3660=DIRECTION('ref_axis',(-0.136990968213322,0.990572296517512,0.));
#3661=DIRECTION('center_axis',(0.,0.,1.));
#3662=DIRECTION('ref_axis',(-1.,0.,0.));
#3663=DIRECTION('',(0.,-1.,0.));
#3664=DIRECTION('center_axis',(-1.,0.,0.));
#3665=DIRECTION('ref_axis',(0.,0.,1.));
#3666=DIRECTION('',(0.,1.,0.));
#3667=DIRECTION('',(0.,1.,0.));
#3668=DIRECTION('',(0.,0.,-1.));
#3669=DIRECTION('',(0.,1.,0.));
#3670=DIRECTION('center_axis',(0.,-1.,0.));
#3671=DIRECTION('ref_axis',(0.,0.,-1.));
#3672=DIRECTION('',(1.,0.,0.));
#3673=DIRECTION('',(0.,0.,1.));
#3674=DIRECTION('center_axis',(0.,0.,1.));
#3675=DIRECTION('ref_axis',(1.,0.,0.));
#3676=DIRECTION('',(1.,0.,0.));
#3677=DIRECTION('',(0.,-1.,0.));
#3678=DIRECTION('center_axis',(0.,0.,1.));
#3679=DIRECTION('ref_axis',(-1.,0.,0.));
#3680=DIRECTION('',(1.,0.,0.));
#3681=DIRECTION('',(0.,1.,0.));
#3682=DIRECTION('',(1.,0.,0.));
#3683=DIRECTION('',(0.,-1.,0.));
#3684=DIRECTION('center_axis',(0.,0.,1.));
#3685=DIRECTION('ref_axis',(-0.428515389006292,0.90353448267611,0.));
#3686=DIRECTION('',(-0.40412347446318,-0.914704442641342,0.));
#3687=DIRECTION('center_axis',(0.,0.,-1.));
#3688=DIRECTION('ref_axis',(-0.96603950374371,-0.2583944217792,0.));
#3689=DIRECTION('center_axis',(0.,0.,1.));
#3690=DIRECTION('ref_axis',(-0.985304776834359,0.170805435356706,0.));
#3691=DIRECTION('center_axis',(0.,0.,1.));
#3692=DIRECTION('ref_axis',(0.0450025529581985,-0.998986871899348,0.));
#3693=DIRECTION('center_axis',(0.,0.,1.));
#3694=DIRECTION('ref_axis',(0.,1.,0.));
#3695=DIRECTION('center_axis',(0.,0.,1.));
#3696=DIRECTION('ref_axis',(0.8,-0.6,0.));
#3697=DIRECTION('center_axis',(-4.95653159454906E-8,0.,-0.999999999999999));
#3698=DIRECTION('ref_axis',(-0.999999999999999,0.,4.95653159454906E-8));
#3699=DIRECTION('',(0.,1.,0.));
#3700=DIRECTION('',(0.999999999999999,0.,-4.95653159454906E-8));
#3701=DIRECTION('center_axis',(1.,0.,0.));
#3702=DIRECTION('ref_axis',(0.,0.,-1.));
#3703=DIRECTION('',(0.,0.,1.));
#3704=DIRECTION('',(0.,1.,0.));
#3705=DIRECTION('',(0.,0.,1.));
#3706=DIRECTION('center_axis',(0.,1.,0.));
#3707=DIRECTION('ref_axis',(0.,0.,-1.));
#3708=DIRECTION('',(1.,0.,0.));
#3709=DIRECTION('',(0.,0.,-1.));
#3710=DIRECTION('',(1.,0.,0.));
#3711=DIRECTION('',(0.,0.,-1.));
#3712=DIRECTION('',(1.,0.,0.));
#3713=DIRECTION('center_axis',(0.,0.,-1.));
#3714=DIRECTION('ref_axis',(0.,1.,0.));
#3715=DIRECTION('',(1.,0.,0.));
#3716=DIRECTION('',(1.,0.,0.));
#3717=DIRECTION('',(0.,1.,0.));
#3718=DIRECTION('',(1.,0.,0.));
#3719=DIRECTION('',(0.,-1.,0.));
#3720=DIRECTION('',(-1.,0.,0.));
#3721=DIRECTION('',(0.,-1.,0.));
#3722=DIRECTION('center_axis',(0.,0.,-1.));
#3723=DIRECTION('ref_axis',(-1.,0.,0.));
#3724=DIRECTION('',(0.,1.,0.));
#3725=DIRECTION('',(0.,1.,0.));
#3726=DIRECTION('',(1.,0.,0.));
#3727=DIRECTION('',(0.,1.,0.));
#3728=DIRECTION('',(1.,0.,0.));
#3729=DIRECTION('center_axis',(0.,-1.,0.));
#3730=DIRECTION('ref_axis',(0.,0.,-1.));
#3731=DIRECTION('',(0.,0.,1.));
#3732=DIRECTION('',(1.,0.,0.));
#3733=DIRECTION('',(0.,0.,-1.));
#3734=DIRECTION('',(0.,0.,-1.));
#3735=DIRECTION('center_axis',(-1.,0.,0.));
#3736=DIRECTION('ref_axis',(0.,1.,0.));
#3737=DIRECTION('',(0.,1.,0.));
#3738=DIRECTION('center_axis',(0.,0.,1.));
#3739=DIRECTION('ref_axis',(-1.,0.,0.));
#3740=DIRECTION('',(0.,1.,0.));
#3741=DIRECTION('center_axis',(0.,0.,1.));
#3742=DIRECTION('ref_axis',(-0.555782200654143,-0.831327940969169,0.));
#3743=DIRECTION('center_axis',(0.,0.,1.));
#3744=DIRECTION('ref_axis',(-0.350925747539887,-0.936403289033935,0.));
#3745=DIRECTION('center_axis',(0.,0.,1.));
#3746=DIRECTION('ref_axis',(-1.03927465537232E-15,-1.,0.));
#3747=DIRECTION('',(0.,1.,0.));
#3748=DIRECTION('center_axis',(1.,0.,0.));
#3749=DIRECTION('ref_axis',(0.,0.,-1.));
#3750=DIRECTION('',(0.,0.,-1.));
#3751=DIRECTION('center_axis',(1.,0.,0.));
#3752=DIRECTION('ref_axis',(0.,0.,1.));
#3753=DIRECTION('',(0.,0.,1.));
#3754=DIRECTION('center_axis',(0.,0.,-1.));
#3755=DIRECTION('ref_axis',(0.,1.,0.));
#3756=DIRECTION('center_axis',(0.,0.,-1.));
#3757=DIRECTION('ref_axis',(-0.350925747539887,-0.936403289033935,0.));
#3758=DIRECTION('',(0.,0.,1.));
#3759=DIRECTION('',(0.,0.,-1.));
#3760=DIRECTION('center_axis',(0.,0.,-1.));
#3761=DIRECTION('ref_axis',(-0.555782200654143,-0.831327940969169,0.));
#3762=DIRECTION('center_axis',(0.,0.,-1.));
#3763=DIRECTION('ref_axis',(-1.03927465537232E-15,-1.,0.));
#3764=DIRECTION('',(0.,0.,-1.));
#3765=DIRECTION('center_axis',(0.,0.,1.));
#3766=DIRECTION('ref_axis',(-0.707106781186548,0.707106781186548,0.));
#3767=DIRECTION('',(0.,0.,1.));
#3768=DIRECTION('center_axis',(-1.,0.,0.));
#3769=DIRECTION('ref_axis',(0.,0.,1.));
#3770=DIRECTION('',(0.,0.,1.));
#3771=DIRECTION('',(0.,0.,1.));
#3772=DIRECTION('center_axis',(0.,1.,0.));
#3773=DIRECTION('ref_axis',(0.,0.,-1.));
#3774=DIRECTION('',(0.,0.,1.));
#3775=DIRECTION('',(0.,0.,-1.));
#3776=DIRECTION('center_axis',(-1.,0.,0.));
#3777=DIRECTION('ref_axis',(0.,0.,1.));
#3778=DIRECTION('center_axis',(0.,1.,0.));
#3779=DIRECTION('ref_axis',(0.,0.,-1.));
#3780=DIRECTION('',(0.,0.,-1.));
#3781=DIRECTION('center_axis',(-1.,0.,0.));
#3782=DIRECTION('ref_axis',(0.,0.,1.));
#3783=DIRECTION('center_axis',(0.,-1.,0.));
#3784=DIRECTION('ref_axis',(0.382683432365091,0.,0.923879532511286));
#3785=DIRECTION('center_axis',(0.,1.,0.));
#3786=DIRECTION('ref_axis',(0.382683432365091,0.,0.923879532511286));
#3787=DIRECTION('center_axis',(0.,1.,0.));
#3788=DIRECTION('ref_axis',(1.,0.,0.));
#3789=DIRECTION('center_axis',(0.,1.,0.));
#3790=DIRECTION('ref_axis',(0.,0.,-1.));
#3791=DIRECTION('center_axis',(0.,0.,-1.));
#3792=DIRECTION('ref_axis',(-0.96603950374371,-0.2583944217792,0.));
#3793=DIRECTION('center_axis',(0.,0.,1.));
#3794=DIRECTION('ref_axis',(-0.96603950374371,-0.2583944217792,0.));
#3795=DIRECTION('',(0.,0.,1.));
#3796=DIRECTION('',(0.,0.,-1.));
#3797=DIRECTION('center_axis',(0.,0.,-1.));
#3798=DIRECTION('ref_axis',(1.,0.,0.));
#3799=DIRECTION('',(0.40412347446318,0.914704442641342,0.));
#3800=DIRECTION('center_axis',(0.,0.,1.));
#3801=DIRECTION('ref_axis',(-0.428515389006292,0.90353448267611,0.));
#3802=DIRECTION('',(0.,-1.,0.));
#3803=DIRECTION('center_axis',(0.,0.,1.));
#3804=DIRECTION('ref_axis',(1.,0.,0.));
#3805=DIRECTION('center_axis',(0.,0.,1.));
#3806=DIRECTION('ref_axis',(0.8,-0.6,0.));
#3807=DIRECTION('center_axis',(0.,0.,1.));
#3808=DIRECTION('ref_axis',(0.,1.,0.));
#3809=DIRECTION('center_axis',(0.,0.,-1.));
#3810=DIRECTION('ref_axis',(0.0450025529581985,-0.998986871899348,0.));
#3811=DIRECTION('center_axis',(0.,0.,-1.));
#3812=DIRECTION('ref_axis',(-0.985304776834359,0.170805435356706,0.));
#3813=DIRECTION('center_axis',(0.914704442641342,-0.40412347446318,0.));
#3814=DIRECTION('ref_axis',(-0.40412347446318,-0.914704442641342,0.));
#3815=DIRECTION('',(0.,0.,-1.));
#3816=DIRECTION('center_axis',(0.,0.,-1.));
#3817=DIRECTION('ref_axis',(-0.985304776834359,0.170805435356706,0.));
#3818=DIRECTION('',(0.,0.,-1.));
#3819=DIRECTION('center_axis',(0.,0.,-1.));
#3820=DIRECTION('ref_axis',(0.0450025529581985,-0.998986871899348,0.));
#3821=DIRECTION('',(0.,0.,-1.));
#3822=DIRECTION('center_axis',(-1.,0.,0.));
#3823=DIRECTION('ref_axis',(0.,-1.,0.));
#3824=DIRECTION('',(0.,0.,-1.));
#3825=DIRECTION('',(0.,0.,1.));
#3826=DIRECTION('',(0.,0.,-1.));
#3827=DIRECTION('center_axis',(0.,0.,-1.));
#3828=DIRECTION('ref_axis',(-0.428515389006292,0.90353448267611,0.));
#3829=DIRECTION('center_axis',(0.,1.,0.));
#3830=DIRECTION('ref_axis',(1.,0.,0.));
#3831=DIRECTION('',(0.,0.,-1.));
#3832=DIRECTION('',(1.,0.,0.));
#3833=DIRECTION('',(0.,0.,-1.));
#3834=DIRECTION('center_axis',(-1.,0.,0.));
#3835=DIRECTION('ref_axis',(0.,1.,0.));
#3836=DIRECTION('',(0.,0.,-1.));
#3837=DIRECTION('',(0.,1.,0.));
#3838=DIRECTION('center_axis',(0.,-1.,0.));
#3839=DIRECTION('ref_axis',(-1.,0.,0.));
#3840=DIRECTION('',(0.,0.,-1.));
#3841=DIRECTION('',(-1.,0.,0.));
#3842=DIRECTION('center_axis',(0.,0.,-1.));
#3843=DIRECTION('ref_axis',(0.989974329218907,0.141247398162144,0.));
#3844=DIRECTION('center_axis',(0.,0.,-1.));
#3845=DIRECTION('ref_axis',(-1.,0.,0.));
#3846=DIRECTION('',(0.,0.,-1.));
#3847=DIRECTION('center_axis',(0.,0.,1.));
#3848=DIRECTION('ref_axis',(-1.,0.,0.));
#3849=DIRECTION('center_axis',(0.,0.,-1.));
#3850=DIRECTION('ref_axis',(1.,0.,0.));
#3851=DIRECTION('',(0.,0.,-1.));
#3852=DIRECTION('center_axis',(0.,1.,0.));
#3853=DIRECTION('ref_axis',(-1.,0.,0.));
#3854=DIRECTION('center_axis',(0.,0.,1.));
#3855=DIRECTION('ref_axis',(0.8,-0.6,0.));
#3856=DIRECTION('',(0.,0.,1.));
#3857=DIRECTION('center_axis',(0.,0.,1.));
#3858=DIRECTION('ref_axis',(0.,1.,0.));
#3859=DIRECTION('center_axis',(0.,1.,0.));
#3860=DIRECTION('ref_axis',(-1.,0.,0.));
#3861=DIRECTION('center_axis',(0.,-1.,0.));
#3862=DIRECTION('ref_axis',(-1.,0.,0.));
#3863=DIRECTION('',(-1.,0.,0.));
#3864=DIRECTION('',(0.,0.,-1.));
#3865=DIRECTION('',(-1.,0.,0.));
#3866=DIRECTION('',(0.,0.,-1.));
#3867=DIRECTION('center_axis',(1.,0.,0.));
#3868=DIRECTION('ref_axis',(0.,-1.,0.));
#3869=DIRECTION('',(0.,-1.,0.));
#3870=DIRECTION('',(0.,-1.,0.));
#3871=DIRECTION('',(0.,0.,-1.));
#3872=DIRECTION('center_axis',(0.,-1.,0.));
#3873=DIRECTION('ref_axis',(-1.,0.,0.));
#3874=DIRECTION('',(-1.,0.,0.));
#3875=DIRECTION('',(-1.,0.,0.));
#3876=DIRECTION('',(0.,0.,-1.));
#3877=DIRECTION('center_axis',(1.,0.,0.));
#3878=DIRECTION('ref_axis',(0.,-1.,0.));
#3879=DIRECTION('',(0.,-1.,0.));
#3880=DIRECTION('',(0.,-1.,0.));
#3881=DIRECTION('',(0.,0.,-1.));
#3882=DIRECTION('center_axis',(0.,0.,-1.));
#3883=DIRECTION('ref_axis',(-0.19573363251522,0.980657098634582,0.));
#3884=DIRECTION('center_axis',(0.,0.,1.));
#3885=DIRECTION('ref_axis',(-0.19573363251522,0.980657098634582,0.));
#3886=DIRECTION('center_axis',(0.,0.,-1.));
#3887=DIRECTION('ref_axis',(-0.19573363251522,0.980657098634582,0.));
#3888=DIRECTION('center_axis',(0.,0.,1.));
#3889=DIRECTION('ref_axis',(-1.,0.,0.));
#3890=DIRECTION('center_axis',(0.,0.,1.));
#3891=DIRECTION('ref_axis',(-1.,0.,0.));
#3892=CARTESIAN_POINT('',(0.,0.,0.));
#3893=CARTESIAN_POINT('Origin',(472.366683982464,223.328943066022,50.));
#3894=CARTESIAN_POINT('',(459.583344921539,267.87867965644,50.));
#3895=CARTESIAN_POINT('',(485.150023043389,267.87867965644,50.));
#3896=CARTESIAN_POINT('',(422.244002163012,267.87867965644,50.));
#3897=CARTESIAN_POINT('',(459.583344921539,180.11932034356,50.));
#3898=CARTESIAN_POINT('',(459.583344921539,267.890012724092,50.));
#3899=CARTESIAN_POINT('',(485.150023043389,180.11932034356,50.));
#3900=CARTESIAN_POINT('',(502.244181819452,180.11932034356,50.));
#3901=CARTESIAN_POINT('',(485.150023043389,178.767873407951,50.));
#3902=CARTESIAN_POINT('Origin',(372.12132034356,267.87867965644,0.));
#3903=CARTESIAN_POINT('',(382.12132034356,267.87867965644,55.));
#3904=CARTESIAN_POINT('',(384.242640687119,267.87867965644,55.));
#3905=CARTESIAN_POINT('',(374.62132034356,267.87867965644,55.));
#3906=CARTESIAN_POINT('',(384.242640687119,267.87867965644,35.));
#3907=CARTESIAN_POINT('',(384.242640687119,267.87867965644,17.5));
#3908=CARTESIAN_POINT('',(520.000359312881,267.87867965644,35.));
#3909=CARTESIAN_POINT('',(412.12141017178,267.87867965644,35.));
#3910=CARTESIAN_POINT('',(520.000359312881,267.87867965644,55.));
#3911=CARTESIAN_POINT('',(520.000359312881,267.87867965644,17.5));
#3912=CARTESIAN_POINT('',(522.12167965644,267.87867965644,55.));
#3913=CARTESIAN_POINT('',(449.6215,267.87867965644,55.));
#3914=CARTESIAN_POINT('',(522.12167965644,267.87867965644,35.));
#3915=CARTESIAN_POINT('',(522.12167965644,267.87867965644,17.5));
#3916=CARTESIAN_POINT('',(532.12167965644,267.87867965644,35.));
#3917=CARTESIAN_POINT('',(412.12141017178,267.87867965644,35.));
#3918=CARTESIAN_POINT('',(532.12167965644,267.87867965644,80.));
#3919=CARTESIAN_POINT('',(532.12167965644,267.87867965644,0.));
#3920=CARTESIAN_POINT('',(431.499990288168,267.87867965644,80.));
#3921=CARTESIAN_POINT('',(434.043577569163,267.87867965644,80.));
#3922=CARTESIAN_POINT('',(431.499990288168,267.87867965644,78.4999982453883));
#3923=CARTESIAN_POINT('',(431.499990288168,267.87867965644,41.5000006183982));
#3924=CARTESIAN_POINT('',(374.12167965644,267.87867965644,78.5000010893624));
#3925=CARTESIAN_POINT('',(401.810657261303,267.87867965644,78.4999997169494));
#3926=CARTESIAN_POINT('',(374.12167965644,267.87867965644,83.));
#3927=CARTESIAN_POINT('',(374.12167965644,267.87867965644,39.2500005446812));
#3928=CARTESIAN_POINT('',(372.12132034356,267.87867965644,83.));
#3929=CARTESIAN_POINT('',(373.1215,267.87867965644,83.));
#3930=CARTESIAN_POINT('',(372.12132034356,267.87867965644,35.));
#3931=CARTESIAN_POINT('',(372.12132034356,267.87867965644,0.));
#3932=CARTESIAN_POINT('',(382.12132034356,267.87867965644,35.));
#3933=CARTESIAN_POINT('',(412.12141017178,267.87867965644,35.));
#3934=CARTESIAN_POINT('',(382.12132034356,267.87867965644,17.5));
#3935=CARTESIAN_POINT('',(459.583344921539,267.87867965644,44.));
#3936=CARTESIAN_POINT('',(459.583344921539,267.87867965644,22.));
#3937=CARTESIAN_POINT('',(485.150023043389,267.87867965644,44.));
#3938=CARTESIAN_POINT('',(485.150023043389,267.87867965644,22.));
#3939=CARTESIAN_POINT('',(422.244002163012,267.87867965644,44.));
#3940=CARTESIAN_POINT('Origin',(472.366683982464,223.328943066022,44.));
#3941=CARTESIAN_POINT('',(485.150023043389,180.11932034356,44.));
#3942=CARTESIAN_POINT('',(485.150023043389,178.767873407951,44.));
#3943=CARTESIAN_POINT('',(459.583344921539,180.11932034356,44.));
#3944=CARTESIAN_POINT('',(502.244181819452,180.11932034356,44.));
#3945=CARTESIAN_POINT('',(459.583344921539,267.890012724092,44.));
#3946=CARTESIAN_POINT('Origin',(485.150023043389,178.767873407951,44.));
#3947=CARTESIAN_POINT('',(485.150023043389,180.11932034356,22.));
#3948=CARTESIAN_POINT('Origin',(459.583344921539,267.890012724092,44.));
#3949=CARTESIAN_POINT('',(459.583344921539,180.11932034356,22.));
#3950=CARTESIAN_POINT('Origin',(370.,255.757359312881,35.));
#3951=CARTESIAN_POINT('',(372.12132034356,255.757359312881,35.));
#3952=CARTESIAN_POINT('',(372.12132034356,255.757359312881,55.));
#3953=CARTESIAN_POINT('',(372.12132034356,255.757359312881,17.5));
#3954=CARTESIAN_POINT('',(384.242640687119,255.757359312881,35.));
#3955=CARTESIAN_POINT('',(384.242640687119,255.757359312881,35.));
#3956=CARTESIAN_POINT('',(384.242640687119,255.757359312881,55.));
#3957=CARTESIAN_POINT('',(384.242640687119,255.757359312881,35.));
#3958=CARTESIAN_POINT('',(384.242640687119,255.757359312881,55.));
#3959=CARTESIAN_POINT('Origin',(382.12132034356,257.87867965644,35.));
#3960=CARTESIAN_POINT('',(372.12132034356,257.87867965644,35.));
#3961=CARTESIAN_POINT('',(382.12132034356,257.87867965644,35.));
#3962=CARTESIAN_POINT('',(382.12132034356,257.87867965644,35.));
#3963=CARTESIAN_POINT('',(372.12132034356,257.87867965644,55.));
#3964=CARTESIAN_POINT('',(372.12132034356,257.87867965644,17.5));
#3965=CARTESIAN_POINT('',(382.12132034356,257.87867965644,55.));
#3966=CARTESIAN_POINT('',(382.12132034356,257.87867965644,55.));
#3967=CARTESIAN_POINT('',(382.12132034356,257.87867965644,35.));
#3968=CARTESIAN_POINT('Origin',(382.12132034356,267.87867965644,35.));
#3969=CARTESIAN_POINT('',(382.12132034356,267.87867965644,35.));
#3970=CARTESIAN_POINT('',(382.12132034356,267.87867965644,55.));
#3971=CARTESIAN_POINT('Origin',(384.242640687119,255.757359312881,35.));
#3972=CARTESIAN_POINT('',(384.242640687119,270.,55.));
#3973=CARTESIAN_POINT('',(384.242640687119,270.,35.));
#3974=CARTESIAN_POINT('Origin',(377.12132034356,262.87867965644,55.));
#3975=CARTESIAN_POINT('',(372.12132034356,221.499,55.));
#3976=CARTESIAN_POINT('Origin',(452.1215,223.999,35.));
#3977=CARTESIAN_POINT('',(534.243,270.,35.));
#3978=CARTESIAN_POINT('',(370.,270.,35.));
#3979=CARTESIAN_POINT('',(493.18225,270.,35.));
#3980=CARTESIAN_POINT('',(534.243,177.998,35.));
#3981=CARTESIAN_POINT('',(534.243,200.9985,35.));
#3982=CARTESIAN_POINT('',(370.,177.998,35.));
#3983=CARTESIAN_POINT('',(411.06075,177.998,35.));
#3984=CARTESIAN_POINT('',(370.,246.9995,35.));
#3985=CARTESIAN_POINT('',(372.12132034356,202.05916017178,35.));
#3986=CARTESIAN_POINT('',(372.12132034356,180.11932034356,35.));
#3987=CARTESIAN_POINT('',(372.12132034356,190.11932034356,35.));
#3988=CARTESIAN_POINT('',(372.12132034356,202.05916017178,35.));
#3989=CARTESIAN_POINT('',(382.12132034356,180.11932034356,35.));
#3990=CARTESIAN_POINT('',(492.12158982822,180.11932034356,35.));
#3991=CARTESIAN_POINT('',(382.12132034356,190.11932034356,35.));
#3992=CARTESIAN_POINT('',(382.12132034356,180.11932034356,35.));
#3993=CARTESIAN_POINT('',(382.12132034356,190.11932034356,35.));
#3994=CARTESIAN_POINT('',(532.12167965644,180.11932034356,35.));
#3995=CARTESIAN_POINT('',(522.12167965644,180.11932034356,35.));
#3996=CARTESIAN_POINT('',(492.12158982822,180.11932034356,35.));
#3997=CARTESIAN_POINT('',(532.12167965644,190.11932034356,35.));
#3998=CARTESIAN_POINT('',(532.12167965644,245.93883982822,35.));
#3999=CARTESIAN_POINT('',(522.12167965644,190.11932034356,35.));
#4000=CARTESIAN_POINT('',(522.12167965644,190.11932034356,35.));
#4001=CARTESIAN_POINT('',(522.12167965644,180.11932034356,35.));
#4002=CARTESIAN_POINT('',(372.12132034356,192.240640687119,35.));
#4003=CARTESIAN_POINT('',(372.12132034356,202.05916017178,35.));
#4004=CARTESIAN_POINT('',(384.242640687119,192.240640687119,35.));
#4005=CARTESIAN_POINT('',(384.242640687119,192.240640687119,35.));
#4006=CARTESIAN_POINT('',(384.242640687119,180.11932034356,35.));
#4007=CARTESIAN_POINT('',(384.242640687119,177.998,35.));
#4008=CARTESIAN_POINT('',(520.000359312881,180.11932034356,35.));
#4009=CARTESIAN_POINT('',(492.12158982822,180.11932034356,35.));
#4010=CARTESIAN_POINT('',(520.000359312881,192.240640687119,35.));
#4011=CARTESIAN_POINT('',(520.000359312881,177.998,35.));
#4012=CARTESIAN_POINT('',(532.12167965644,192.240640687119,35.));
#4013=CARTESIAN_POINT('',(520.000359312881,192.240640687119,35.));
#4014=CARTESIAN_POINT('',(532.12167965644,255.757359312881,35.));
#4015=CARTESIAN_POINT('',(532.12167965644,245.93883982822,35.));
#4016=CARTESIAN_POINT('',(520.000359312881,255.757359312881,35.));
#4017=CARTESIAN_POINT('',(520.000359312881,255.757359312881,35.));
#4018=CARTESIAN_POINT('',(520.000359312881,270.,35.));
#4019=CARTESIAN_POINT('',(532.12167965644,257.87867965644,35.));
#4020=CARTESIAN_POINT('',(532.12167965644,245.93883982822,35.));
#4021=CARTESIAN_POINT('',(522.12167965644,257.87867965644,35.));
#4022=CARTESIAN_POINT('',(522.12167965644,267.87867965644,35.));
#4023=CARTESIAN_POINT('',(522.12167965644,257.87867965644,35.));
#4024=CARTESIAN_POINT('Origin',(534.243,270.,0.));
#4025=CARTESIAN_POINT('',(370.,270.,85.));
#4026=CARTESIAN_POINT('',(370.,270.,0.));
#4027=CARTESIAN_POINT('',(534.243,270.,85.));
#4028=CARTESIAN_POINT('',(370.,270.,85.));
#4029=CARTESIAN_POINT('',(534.243,270.,0.));
#4030=CARTESIAN_POINT('Origin',(527.12167965644,262.87867965644,55.));
#4031=CARTESIAN_POINT('',(532.12167965644,257.87867965644,55.));
#4032=CARTESIAN_POINT('',(532.12167965644,255.757359312881,55.));
#4033=CARTESIAN_POINT('',(532.12167965644,265.37867965644,55.));
#4034=CARTESIAN_POINT('',(522.12167965644,257.87867965644,55.));
#4035=CARTESIAN_POINT('',(522.12167965644,257.87867965644,55.));
#4036=CARTESIAN_POINT('',(522.12167965644,267.87867965644,55.));
#4037=CARTESIAN_POINT('',(520.000359312881,255.757359312881,55.));
#4038=CARTESIAN_POINT('',(520.000359312881,270.,55.));
#4039=CARTESIAN_POINT('',(520.000359312881,255.757359312881,55.));
#4040=CARTESIAN_POINT('Origin',(520.000359312881,270.,35.));
#4041=CARTESIAN_POINT('',(520.000359312881,255.757359312881,35.));
#4042=CARTESIAN_POINT('Origin',(522.12167965644,257.87867965644,35.));
#4043=CARTESIAN_POINT('',(522.12167965644,257.87867965644,35.));
#4044=CARTESIAN_POINT('Origin',(532.12167965644,257.87867965644,35.));
#4045=CARTESIAN_POINT('',(532.12167965644,257.87867965644,17.5));
#4046=CARTESIAN_POINT('Origin',(520.000359312881,255.757359312881,35.));
#4047=CARTESIAN_POINT('',(532.12167965644,255.757359312881,17.5));
#4048=CARTESIAN_POINT('Origin',(534.243,177.998,0.));
#4049=CARTESIAN_POINT('',(534.243007584691,226.000003367662,85.));
#4050=CARTESIAN_POINT('',(534.243,270.,85.));
#4051=CARTESIAN_POINT('',(534.243007584691,210.000003129244,85.));
#4052=CARTESIAN_POINT('',(534.243007584691,211.86400222069,85.));
#4053=CARTESIAN_POINT('',(534.243,177.998,85.));
#4054=CARTESIAN_POINT('',(534.243,270.,85.));
#4055=CARTESIAN_POINT('',(534.243,177.998,0.));
#4056=CARTESIAN_POINT('',(534.243,205.033533905933,52.8629176867473));
#4057=CARTESIAN_POINT('',(534.243,180.205106781187,52.8629176867473));
#4058=CARTESIAN_POINT('',(534.243,178.351553390593,52.8629176867473));
#4059=CARTESIAN_POINT('',(534.243,178.705106781187,54.3629176867473));
#4060=CARTESIAN_POINT('Origin',(534.243,180.205106781187,54.3629176867473));
#4061=CARTESIAN_POINT('',(534.243,178.705106781187,59.2771312491204));
#4062=CARTESIAN_POINT('',(534.243,178.705106781187,29.6385656245602));
#4063=CARTESIAN_POINT('',(534.243,180.11932034356,57.779586362608));
#4064=CARTESIAN_POINT('Origin',(534.243,178.61932034356,57.779586362608));
#4065=CARTESIAN_POINT('',(534.243,180.11932034356,59.2771312491204));
#4066=CARTESIAN_POINT('',(534.243,180.11932034356,0.));
#4067=CARTESIAN_POINT('',(534.243,205.11932034356,59.2771312491204));
#4068=CARTESIAN_POINT('',(534.243,191.55866017178,59.2771312491204));
#4069=CARTESIAN_POINT('',(534.243,205.11932034356,57.779586362608));
#4070=CARTESIAN_POINT('',(534.243,205.11932034356,37.1385656245602));
#4071=CARTESIAN_POINT('',(534.243,206.533533905933,59.2771312491204));
#4072=CARTESIAN_POINT('Origin',(534.243,206.61932034356,57.779586362608));
#4073=CARTESIAN_POINT('',(534.243,206.533533905933,54.3629176867473));
#4074=CARTESIAN_POINT('',(534.243,206.533533905933,26.4314588433736));
#4075=CARTESIAN_POINT('Origin',(534.243,205.033533905933,54.3629176867473));
#4076=CARTESIAN_POINT('Origin',(384.242640687119,177.998,35.));
#4077=CARTESIAN_POINT('',(384.242640687119,180.11932034356,55.));
#4078=CARTESIAN_POINT('',(384.242640687119,180.11932034356,17.5));
#4079=CARTESIAN_POINT('',(384.242640687119,192.240640687119,55.));
#4080=CARTESIAN_POINT('',(384.242640687119,192.240640687119,35.));
#4081=CARTESIAN_POINT('',(384.242640687119,177.998,55.));
#4082=CARTESIAN_POINT('Origin',(382.12132034356,190.11932034356,35.));
#4083=CARTESIAN_POINT('',(382.12132034356,180.11932034356,55.));
#4084=CARTESIAN_POINT('',(382.12132034356,180.11932034356,17.5));
#4085=CARTESIAN_POINT('',(382.12132034356,190.11932034356,55.));
#4086=CARTESIAN_POINT('',(382.12132034356,180.11932034356,55.));
#4087=CARTESIAN_POINT('',(382.12132034356,190.11932034356,35.));
#4088=CARTESIAN_POINT('Origin',(372.12132034356,190.11932034356,35.));
#4089=CARTESIAN_POINT('',(372.12132034356,190.11932034356,55.));
#4090=CARTESIAN_POINT('',(382.12132034356,190.11932034356,55.));
#4091=CARTESIAN_POINT('',(372.12132034356,190.11932034356,17.5));
#4092=CARTESIAN_POINT('Origin',(384.242640687119,192.240640687119,35.));
#4093=CARTESIAN_POINT('',(372.12132034356,192.240640687119,55.));
#4094=CARTESIAN_POINT('',(372.12132034356,192.240640687119,17.5));
#4095=CARTESIAN_POINT('',(384.242640687119,192.240640687119,55.));
#4096=CARTESIAN_POINT('Origin',(377.12132034356,185.11932034356,55.));
#4097=CARTESIAN_POINT('',(372.12132034356,182.61932034356,55.));
#4098=CARTESIAN_POINT('',(454.6215,180.11932034356,55.));
#4099=CARTESIAN_POINT('Origin',(372.12132034356,180.11932034356,0.));
#4100=CARTESIAN_POINT('',(372.12132034356,180.11932034356,83.));
#4101=CARTESIAN_POINT('',(372.12132034356,192.55966017178,83.));
#4102=CARTESIAN_POINT('',(372.12132034356,180.11932034356,0.));
#4103=CARTESIAN_POINT('Origin',(370.,270.,0.));
#4104=CARTESIAN_POINT('',(370.,177.998,85.));
#4105=CARTESIAN_POINT('',(370.,177.998,0.));
#4106=CARTESIAN_POINT('',(370.,177.998,85.));
#4107=CARTESIAN_POINT('Origin',(370.,177.998,0.));
#4108=CARTESIAN_POINT('',(534.243,177.998,85.));
#4109=CARTESIAN_POINT('Origin',(522.12167965644,190.11932034356,35.));
#4110=CARTESIAN_POINT('',(527.12167965644,190.11932034356,54.2771312491204));
#4111=CARTESIAN_POINT('',(526.398810905561,190.11932034356,55.));
#4112=CARTESIAN_POINT('',(525.69096246872,190.11932034356,55.7078484368403));
#4113=CARTESIAN_POINT('',(532.12167965644,190.11932034356,54.2771312491204));
#4114=CARTESIAN_POINT('',(525.87167965644,190.11932034356,54.2771312491204));
#4115=CARTESIAN_POINT('',(532.12167965644,190.11932034356,55.));
#4116=CARTESIAN_POINT('',(532.12167965644,190.11932034356,35.));
#4117=CARTESIAN_POINT('',(522.12167965644,190.11932034356,55.));
#4118=CARTESIAN_POINT('Origin',(532.12167965644,190.11932034356,35.));
#4119=CARTESIAN_POINT('',(532.12167965644,180.11932034356,54.2771312491204));
#4120=CARTESIAN_POINT('',(532.12167965644,191.36932034356,54.2771312491204));
#4121=CARTESIAN_POINT('',(532.12167965644,180.11932034356,55.));
#4122=CARTESIAN_POINT('',(532.12167965644,180.11932034356,17.5));
#4123=CARTESIAN_POINT('',(532.12167965644,190.11932034356,55.));
#4124=CARTESIAN_POINT('Origin',(534.243,192.240640687119,35.));
#4125=CARTESIAN_POINT('',(526.398810905561,192.240640687119,55.));
#4126=CARTESIAN_POINT('',(527.12167965644,192.240640687119,54.2771312491204));
#4127=CARTESIAN_POINT('',(528.72129255461,192.240640687119,52.6775183509504));
#4128=CARTESIAN_POINT('',(534.243,192.240640687119,55.));
#4129=CARTESIAN_POINT('',(520.000359312881,192.240640687119,55.));
#4130=CARTESIAN_POINT('',(534.243,192.240640687119,54.2771312491204));
#4131=CARTESIAN_POINT('',(534.243,192.240640687119,35.));
#4132=CARTESIAN_POINT('',(531.93233982822,192.240640687119,54.2771312491204));
#4133=CARTESIAN_POINT('Origin',(534.243,192.240640687119,35.));
#4134=CARTESIAN_POINT('',(532.12167965644,192.240640687119,49.2771312491204));
#4135=CARTESIAN_POINT('',(520.000359312881,192.240640687119,49.2771312491204));
#4136=CARTESIAN_POINT('',(533.18233982822,192.240640687119,49.2771312491204));
#4137=CARTESIAN_POINT('',(532.12167965644,192.240640687119,17.5));
#4138=CARTESIAN_POINT('',(520.000359312881,192.240640687119,35.));
#4139=CARTESIAN_POINT('Origin',(534.243,177.998,35.));
#4140=CARTESIAN_POINT('',(534.243,180.11932034356,54.2771312491204));
#4141=CARTESIAN_POINT('',(534.243,185.30866017178,54.2771312491204));
#4142=CARTESIAN_POINT('',(534.243,180.11932034356,55.));
#4143=CARTESIAN_POINT('',(534.243,192.240640687119,55.));
#4144=CARTESIAN_POINT('',(534.243,180.11932034356,17.5));
#4145=CARTESIAN_POINT('Origin',(522.12167965644,190.11932034356,35.));
#4146=CARTESIAN_POINT('',(522.12167965644,190.11932034356,49.2771312491204));
#4147=CARTESIAN_POINT('',(532.12167965644,190.11932034356,49.2771312491204));
#4148=CARTESIAN_POINT('',(527.12167965644,190.11932034356,49.2771312491204));
#4149=CARTESIAN_POINT('',(522.12167965644,190.11932034356,35.));
#4150=CARTESIAN_POINT('',(532.12167965644,190.11932034356,17.5));
#4151=CARTESIAN_POINT('Origin',(522.12167965644,180.11932034356,35.));
#4152=CARTESIAN_POINT('',(522.12167965644,180.11932034356,49.2771312491204));
#4153=CARTESIAN_POINT('',(522.12167965644,197.61932034356,49.2771312491204));
#4154=CARTESIAN_POINT('',(522.12167965644,180.11932034356,17.5));
#4155=CARTESIAN_POINT('Origin',(520.000359312881,192.240640687119,35.));
#4156=CARTESIAN_POINT('',(520.000359312881,180.11932034356,49.2771312491204));
#4157=CARTESIAN_POINT('',(520.000359312881,203.679980515339,49.2771312491204));
#4158=CARTESIAN_POINT('',(520.000359312881,180.11932034356,17.5));
#4159=CARTESIAN_POINT('Origin',(527.12167965644,185.11932034356,55.));
#4160=CARTESIAN_POINT('',(526.398810905561,182.61932034356,55.));
#4161=CARTESIAN_POINT('',(529.62167965644,180.11932034356,55.));
#4162=CARTESIAN_POINT('Origin',(532.12167965644,215.11932034356,49.2771312491204));
#4163=CARTESIAN_POINT('',(494.12167965644,180.11932034356,49.2771312491204));
#4164=CARTESIAN_POINT('',(532.12167965644,180.11932034356,49.2771312491204));
#4165=CARTESIAN_POINT('',(494.12167965644,215.11932034356,49.2771312491204));
#4166=CARTESIAN_POINT('',(494.12167965644,215.11932034356,49.2771312491204));
#4167=CARTESIAN_POINT('',(532.12167965644,215.11932034356,49.2771312491204));
#4168=CARTESIAN_POINT('',(532.12167965644,215.11932034356,49.2771312491204));
#4169=CARTESIAN_POINT('',(532.12167965644,241.499,49.2771312491204));
#4170=CARTESIAN_POINT('',(512.121679656441,190.36932034356,49.2771312491204));
#4171=CARTESIAN_POINT('',(512.121679656441,204.86932034356,49.2771312491204));
#4172=CARTESIAN_POINT('',(512.12167965644,202.74432034356,49.2771312491204));
#4173=CARTESIAN_POINT('',(506.121679656441,204.86932034356,49.2771312491204));
#4174=CARTESIAN_POINT('',(522.12167965644,204.86932034356,49.2771312491204));
#4175=CARTESIAN_POINT('',(506.121679656441,190.36932034356,49.2771312491204));
#4176=CARTESIAN_POINT('',(506.121679656441,209.99432034356,49.2771312491204));
#4177=CARTESIAN_POINT('',(519.12167965644,190.36932034356,49.2771312491204));
#4178=CARTESIAN_POINT('Origin',(532.12167965644,215.11932034356,49.2771312491204));
#4179=CARTESIAN_POINT('',(532.12167965644,180.11932034356,49.2771312491204));
#4180=CARTESIAN_POINT('',(532.12167965644,241.499,49.2771312491204));
#4181=CARTESIAN_POINT('',(532.12167965644,180.11932034356,49.2771312491204));
#4182=CARTESIAN_POINT('Origin',(532.12167965644,180.11932034356,0.));
#4183=CARTESIAN_POINT('',(374.12167965644,180.11932034356,83.));
#4184=CARTESIAN_POINT('',(452.1215,180.11932034356,83.));
#4185=CARTESIAN_POINT('',(374.12167965644,180.11932034356,77.5));
#4186=CARTESIAN_POINT('',(374.12167965644,180.11932034356,40.0000005960464));
#4187=CARTESIAN_POINT('',(494.12167965644,180.11932034356,77.5));
#4188=CARTESIAN_POINT('',(513.12167965644,180.11932034356,77.5));
#4189=CARTESIAN_POINT('',(494.12167965644,180.11932034356,37.1385656245602));
#4190=CARTESIAN_POINT('Origin',(532.12167965644,267.87867965644,0.));
#4191=CARTESIAN_POINT('',(532.12167965644,215.11932034356,75.2771312491203));
#4192=CARTESIAN_POINT('',(532.12167965644,215.11932034356,37.1385656245602));
#4193=CARTESIAN_POINT('',(532.12167965644,211.922598038342,75.2771312491203));
#4194=CARTESIAN_POINT('',(532.12167965644,223.999,75.2771312491203));
#4195=CARTESIAN_POINT('',(532.12167965644,211.922598038342,83.));
#4196=CARTESIAN_POINT('',(532.12167965644,211.922598038342,37.6385656245602));
#4197=CARTESIAN_POINT('',(532.12167965644,226.000003367662,83.));
#4198=CARTESIAN_POINT('',(532.12167965644,240.803340484288,83.));
#4199=CARTESIAN_POINT('',(532.12167965644,226.000003367662,80.));
#4200=CARTESIAN_POINT('',(532.12167965644,226.000003367662,42.5));
#4201=CARTESIAN_POINT('',(532.12167965644,257.409010584246,80.));
#4202=CARTESIAN_POINT('Origin',(532.12167965644,267.87867965644,0.));
#4203=CARTESIAN_POINT('',(532.12167965644,180.11932034356,0.));
#4204=CARTESIAN_POINT('Origin',(517.12167965644,180.11932034356,64.2771312491203));
#4205=CARTESIAN_POINT('',(527.12167965644,205.11932034356,54.2771312491204));
#4206=CARTESIAN_POINT('',(527.12167965644,180.11932034356,54.2771312491204));
#4207=CARTESIAN_POINT('',(515.469136392624,205.11932034356,65.929674512937));
#4208=CARTESIAN_POINT('',(517.12167965644,205.11932034356,64.2771312491203));
#4209=CARTESIAN_POINT('',(515.469136392624,180.11932034356,65.929674512937));
#4210=CARTESIAN_POINT('',(515.469136392624,180.11932034356,65.929674512937));
#4211=CARTESIAN_POINT('',(527.12167965644,180.11932034356,54.2771312491204));
#4212=CARTESIAN_POINT('',(536.94096246872,180.11932034356,44.4578484368403));
#4213=CARTESIAN_POINT('',(527.12167965644,180.11932034356,54.2771312491204));
#4214=CARTESIAN_POINT('Origin',(529.62167965644,192.61932034356,54.2771312491204));
#4215=CARTESIAN_POINT('',(547.243,180.11932034356,54.2771312491204));
#4216=CARTESIAN_POINT('',(534.243,180.11932034356,54.2771312491204));
#4217=CARTESIAN_POINT('',(547.243,205.11932034356,54.2771312491204));
#4218=CARTESIAN_POINT('',(547.243,198.86932034356,54.2771312491204));
#4219=CARTESIAN_POINT('',(532.12167965644,205.11932034356,54.2771312491204));
#4220=CARTESIAN_POINT('Origin',(473.62167965644,221.499,77.));
#4221=CARTESIAN_POINT('',(473.62167965644,221.499,77.));
#4222=CARTESIAN_POINT('',(473.62167965644,226.499,77.));
#4223=CARTESIAN_POINT('',(473.621679656441,222.749,77.));
#4224=CARTESIAN_POINT('',(473.62167965644,221.499,79.));
#4225=CARTESIAN_POINT('',(473.62167965644,221.499,77.));
#4226=CARTESIAN_POINT('',(473.62167965644,226.499,79.));
#4227=CARTESIAN_POINT('',(473.62167965644,226.499,79.));
#4228=CARTESIAN_POINT('',(473.62167965644,226.499,77.));
#4229=CARTESIAN_POINT('Origin',(472.12167965644,221.499,77.));
#4230=CARTESIAN_POINT('',(470.62167965644,221.499,77.));
#4231=CARTESIAN_POINT('Origin',(472.12167965644,221.499,77.));
#4232=CARTESIAN_POINT('',(470.62167965644,221.499,79.));
#4233=CARTESIAN_POINT('',(470.62167965644,221.499,77.));
#4234=CARTESIAN_POINT('Origin',(472.12167965644,221.499,79.));
#4235=CARTESIAN_POINT('Origin',(470.62167965644,226.499,77.));
#4236=CARTESIAN_POINT('',(470.62167965644,226.499,77.));
#4237=CARTESIAN_POINT('',(470.62167965644,225.249,77.));
#4238=CARTESIAN_POINT('',(470.62167965644,226.499,79.));
#4239=CARTESIAN_POINT('',(470.62167965644,226.499,77.));
#4240=CARTESIAN_POINT('',(470.62167965644,221.499,79.));
#4241=CARTESIAN_POINT('Origin',(472.12167965644,226.499,77.));
#4242=CARTESIAN_POINT('Origin',(472.12167965644,226.499,77.));
#4243=CARTESIAN_POINT('Origin',(472.12167965644,226.499,79.));
#4244=CARTESIAN_POINT('Origin',(472.12167965644,223.999,79.));
#4245=CARTESIAN_POINT('Origin',(521.097634495408,208.520959190951,85.0001312491204));
#4246=CARTESIAN_POINT('',(532.121679656441,210.000003129244,85.0000656241897));
#4247=CARTESIAN_POINT('',(510.073589334376,210.000003129244,85.0001312491204));
#4248=CARTESIAN_POINT('',(515.048821040049,210.000003129244,85.0001312491204));
#4249=CARTESIAN_POINT('',(510.073589334376,205.11932034356,85.0001312491204));
#4250=CARTESIAN_POINT('',(510.073589334376,211.922598038342,85.0001312491204));
#4251=CARTESIAN_POINT('',(532.12167965644,205.11932034356,85.));
#4252=CARTESIAN_POINT('',(510.073589334376,205.11932034356,85.0001312491204));
#4253=CARTESIAN_POINT('',(532.12167965644,267.87867965644,85.));
#4254=CARTESIAN_POINT('Origin',(532.12167965644,267.87867965644,0.));
#4255=CARTESIAN_POINT('',(532.12167965644,205.11932034356,59.2771312491204));
#4256=CARTESIAN_POINT('',(532.12167965644,205.11932034356,74.2771312491203));
#4257=CARTESIAN_POINT('',(532.12167965644,180.11932034356,59.2771312491204));
#4258=CARTESIAN_POINT('',(532.12167965644,236.499,59.2771312491204));
#4259=CARTESIAN_POINT('',(532.12167965644,180.11932034356,85.));
#4260=CARTESIAN_POINT('',(532.12167965644,180.11932034356,0.));
#4261=CARTESIAN_POINT('',(532.12167965644,267.87867965644,85.));
#4262=CARTESIAN_POINT('Origin',(532.12167965644,211.922598038342,75.2771312491203));
#4263=CARTESIAN_POINT('',(510.255136300973,211.922598038342,77.));
#4264=CARTESIAN_POINT('',(510.073589334376,211.922598038342,77.));
#4265=CARTESIAN_POINT('',(502.12167965644,211.922598038342,77.));
#4266=CARTESIAN_POINT('',(510.255136300973,211.922598038342,80.));
#4267=CARTESIAN_POINT('',(510.255136300973,211.922598038342,80.));
#4268=CARTESIAN_POINT('',(510.073589334376,211.922598038342,80.));
#4269=CARTESIAN_POINT('',(502.12167965644,211.922598038342,80.));
#4270=CARTESIAN_POINT('',(510.073589334376,211.922598038342,83.));
#4271=CARTESIAN_POINT('',(510.073589334376,211.922598038342,75.2771312491203));
#4272=CARTESIAN_POINT('',(516.17484261888,211.922598038342,83.));
#4273=CARTESIAN_POINT('',(510.073589334376,211.922598038342,75.2771312491203));
#4274=CARTESIAN_POINT('',(532.12167965644,211.922598038342,75.2771312491203));
#4275=CARTESIAN_POINT('',(510.073589334376,211.922598038342,75.2771312491203));
#4276=CARTESIAN_POINT('Origin',(510.073589334376,211.922598038342,75.2771312491203));
#4277=CARTESIAN_POINT('',(510.073589334376,210.000003129244,83.));
#4278=CARTESIAN_POINT('',(510.073589334376,210.000003129244,80.1385656245602));
#4279=CARTESIAN_POINT('',(510.073589334376,212.825299675239,83.));
#4280=CARTESIAN_POINT('',(510.073589334376,211.363630919603,80.));
#4281=CARTESIAN_POINT('',(510.073589334376,217.960799019171,80.));
#4282=CARTESIAN_POINT('',(510.073589334376,211.363630919603,77.));
#4283=CARTESIAN_POINT('',(510.073589334376,211.363630919603,80.));
#4284=CARTESIAN_POINT('',(510.073589334376,217.960799019171,77.));
#4285=CARTESIAN_POINT('',(510.073589334376,205.11932034356,75.2771312491203));
#4286=CARTESIAN_POINT('',(510.073589334376,196.020959190951,75.2771312491203));
#4287=CARTESIAN_POINT('',(510.073589334376,205.11932034356,75.2771312491203));
#4288=CARTESIAN_POINT('Origin',(472.12167965644,223.999,80.));
#4289=CARTESIAN_POINT('',(511.915005735008,228.059935804073,80.));
#4290=CARTESIAN_POINT('Origin',(472.12167965644,223.999,80.));
#4291=CARTESIAN_POINT('',(512.071598123474,226.000003367662,80.));
#4292=CARTESIAN_POINT('Origin',(472.12167965644,223.999,80.));
#4293=CARTESIAN_POINT('Origin',(472.12167965644,223.999,80.));
#4294=CARTESIAN_POINT('Origin',(472.12167965644,223.999,77.));
#4295=CARTESIAN_POINT('Origin',(472.12167965644,223.999,80.));
#4296=CARTESIAN_POINT('',(512.000007629395,226.000003367662,80.));
#4297=CARTESIAN_POINT('',(502.12167965644,226.000003367662,80.));
#4298=CARTESIAN_POINT('Origin',(471.138778602814,225.345608899142,80.));
#4299=CARTESIAN_POINT('Origin',(532.12167965644,180.11932034356,75.2771312491203));
#4300=CARTESIAN_POINT('',(494.12167965644,215.11932034356,75.2771312491203));
#4301=CARTESIAN_POINT('',(532.12167965644,215.11932034356,75.2771312491203));
#4302=CARTESIAN_POINT('',(494.12167965644,189.891306123169,75.2771312491203));
#4303=CARTESIAN_POINT('',(494.12167965644,180.11932034356,75.2771312491203));
#4304=CARTESIAN_POINT('',(494.62167965644,190.391306123169,75.2771312491203));
#4305=CARTESIAN_POINT('Origin',(494.62167965644,189.891306123169,75.2771312491203));
#4306=CARTESIAN_POINT('',(495.316593128807,190.391306123169,75.2771312491203));
#4307=CARTESIAN_POINT('',(513.719136392624,190.391306123169,75.2771312491203));
#4308=CARTESIAN_POINT('',(495.316593128807,205.11932034356,75.2771312491203));
#4309=CARTESIAN_POINT('',(495.316593128807,180.11932034356,75.2771312491203));
#4310=CARTESIAN_POINT('',(529.62167965644,205.11932034356,75.2771312491203));
#4311=CARTESIAN_POINT('Origin',(500.228005581319,213.728001312137,83.));
#4312=CARTESIAN_POINT('',(509.000007584691,210.000003129244,83.));
#4313=CARTESIAN_POINT('',(509.000007584691,210.000003129244,83.));
#4314=CARTESIAN_POINT('',(508.314403586163,207.47295203268,83.));
#4315=CARTESIAN_POINT('Origin',(504.000007510185,210.000003129244,83.));
#4316=CARTESIAN_POINT('',(500.000007450581,218.689949639093,83.));
#4317=CARTESIAN_POINT('Origin',(500.000007450581,210.000003129244,83.));
#4318=CARTESIAN_POINT('',(500.000007450581,226.000003367662,83.));
#4319=CARTESIAN_POINT('',(500.000007450581,226.000003367662,83.));
#4320=CARTESIAN_POINT('',(512.000007629395,226.000003367662,83.));
#4321=CARTESIAN_POINT('',(509.000007584691,226.000003367662,83.));
#4322=CARTESIAN_POINT('',(509.000007584691,226.000003367662,83.));
#4323=CARTESIAN_POINT('Origin',(547.743,180.205106781187,54.3629176867473));
#4324=CARTESIAN_POINT('',(547.743,178.705106781187,54.3629176867473));
#4325=CARTESIAN_POINT('',(549.243,180.205106781187,54.3629176867473));
#4326=CARTESIAN_POINT('Origin',(547.743,180.205106781187,54.3629176867473));
#4327=CARTESIAN_POINT('',(547.743,180.205106781187,52.8629176867473));
#4328=CARTESIAN_POINT('Origin',(547.743,180.205106781187,54.3629176867473));
#4329=CARTESIAN_POINT('Origin',(547.743,180.205106781187,54.3629176867473));
#4330=CARTESIAN_POINT('Origin',(534.243,180.205106781187,54.3629176867473));
#4331=CARTESIAN_POINT('',(534.243,180.205106781187,52.8629176867473));
#4332=CARTESIAN_POINT('',(534.243,178.705106781187,54.3629176867473));
#4333=CARTESIAN_POINT('Origin',(547.743,205.033533905933,54.3629176867473));
#4334=CARTESIAN_POINT('',(547.743,205.033533905933,52.8629176867473));
#4335=CARTESIAN_POINT('',(549.243,205.033533905933,54.3629176867473));
#4336=CARTESIAN_POINT('Origin',(547.743,205.033533905933,54.3629176867473));
#4337=CARTESIAN_POINT('',(547.743,206.533533905933,54.3629176867473));
#4338=CARTESIAN_POINT('Origin',(547.743,205.033533905933,54.3629176867473));
#4339=CARTESIAN_POINT('Origin',(547.743,205.033533905933,54.3629176867473));
#4340=CARTESIAN_POINT('Origin',(534.243,205.033533905933,54.3629176867473));
#4341=CARTESIAN_POINT('',(534.243,206.533533905933,54.3629176867473));
#4342=CARTESIAN_POINT('',(534.243,205.033533905933,52.8629176867473));
#4343=CARTESIAN_POINT('Origin',(547.743,205.033533905933,54.4664710773405));
#4344=CARTESIAN_POINT('',(548.743,206.151567894683,59.2771312491204));
#4345=CARTESIAN_POINT('',(549.243,205.033533905933,59.2771312491204));
#4346=CARTESIAN_POINT('Origin',(547.743,205.033533905933,59.2771312491204));
#4347=CARTESIAN_POINT('',(549.243,205.033533905933,54.4664710773405));
#4348=CARTESIAN_POINT('',(547.743,206.533533905933,59.2771312491204));
#4349=CARTESIAN_POINT('',(547.743,206.533533905933,54.4664710773405));
#4350=CARTESIAN_POINT('',(548.47808513476,206.341069696898,59.25355263686));
#4351=CARTESIAN_POINT('Ctrl Pts',(547.743,206.533533905933,59.2771312491204));
#4352=CARTESIAN_POINT('Ctrl Pts',(547.92571967151,206.533533905933,59.2771312491204));
#4353=CARTESIAN_POINT('Ctrl Pts',(548.120846192914,206.497987336074,59.2764256674186));
#4354=CARTESIAN_POINT('Ctrl Pts',(548.361629542678,206.401616995413,59.2639099806087));
#4355=CARTESIAN_POINT('Ctrl Pts',(548.421177936011,206.373062424095,59.2595921217428));
#4356=CARTESIAN_POINT('Ctrl Pts',(548.47808513476,206.341069696898,59.25355263686));
#4357=CARTESIAN_POINT('Ctrl Pts',(548.47808513476,206.341069696898,59.25355263686));
#4358=CARTESIAN_POINT('Ctrl Pts',(548.52390036741,206.315312775597,59.2617732819171));
#4359=CARTESIAN_POINT('Ctrl Pts',(548.56789051733,206.28736553448,59.2674474420583));
#4360=CARTESIAN_POINT('Ctrl Pts',(548.655296989622,206.225559825202,59.2752856000159));
#4361=CARTESIAN_POINT('Ctrl Pts',(548.70012238326,206.189918800981,59.2771312491204));
#4362=CARTESIAN_POINT('Ctrl Pts',(548.743,206.151567894683,59.2771312491204));
#4363=CARTESIAN_POINT('Origin',(547.743,185.662213562373,54.3629176867473));
#4364=CARTESIAN_POINT('',(549.243,185.662213562373,54.3629176867473));
#4365=CARTESIAN_POINT('',(547.743,185.662213562373,52.8629176867473));
#4366=CARTESIAN_POINT('Origin',(547.743,180.205106781187,57.6735778585271));
#4367=CARTESIAN_POINT('',(548.47808513476,178.897570990222,59.25355263686));
#4368=CARTESIAN_POINT('',(547.743,178.705106781187,59.2771312491204));
#4369=CARTESIAN_POINT('Ctrl Pts',(548.47808513476,178.897570990222,59.25355263686));
#4370=CARTESIAN_POINT('Ctrl Pts',(548.421177936011,178.865578263024,59.2595921217428));
#4371=CARTESIAN_POINT('Ctrl Pts',(548.361629542678,178.837023691706,59.2639099806087));
#4372=CARTESIAN_POINT('Ctrl Pts',(548.120846192914,178.740653351046,59.2764256674186));
#4373=CARTESIAN_POINT('Ctrl Pts',(547.92571967151,178.705106781186,59.2771312491204));
#4374=CARTESIAN_POINT('Ctrl Pts',(547.743,178.705106781186,59.2771312491204));
#4375=CARTESIAN_POINT('',(547.743,178.705106781187,57.6735778585271));
#4376=CARTESIAN_POINT('',(549.243,180.205106781187,59.2771312491204));
#4377=CARTESIAN_POINT('',(549.243,180.205106781187,57.6735778585271));
#4378=CARTESIAN_POINT('',(548.743,179.087072792437,59.2771312491204));
#4379=CARTESIAN_POINT('Origin',(547.743,180.205106781187,59.2771312491204));
#4380=CARTESIAN_POINT('Ctrl Pts',(548.743,179.087072792437,59.2771312491204));
#4381=CARTESIAN_POINT('Ctrl Pts',(548.70012238326,179.048721886139,59.2771312491204));
#4382=CARTESIAN_POINT('Ctrl Pts',(548.655296989622,179.013080861917,59.2752856000159));
#4383=CARTESIAN_POINT('Ctrl Pts',(548.56789051733,178.95127515264,59.2674474420583));
#4384=CARTESIAN_POINT('Ctrl Pts',(548.52390036741,178.923327911523,59.261773281917));
#4385=CARTESIAN_POINT('Ctrl Pts',(548.47808513476,178.897570990222,59.25355263686));
#4386=CARTESIAN_POINT('Origin',(534.243,178.705106781187,52.8629176867473));
#4387=CARTESIAN_POINT('Origin',(534.243,178.705106781187,59.2771312491204));
#4388=CARTESIAN_POINT('',(534.243,178.705106781187,59.2771312491204));
#4389=CARTESIAN_POINT('Origin',(534.243,178.61932034356,57.779586362608));
#4390=CARTESIAN_POINT('',(547.243002009195,180.11932034356,57.779586362608));
#4391=CARTESIAN_POINT('Ctrl Pts',(547.243002009195,180.11932034356,57.779586362608));
#4392=CARTESIAN_POINT('Ctrl Pts',(547.243142726685,180.11932034356,57.8655603727652));
#4393=CARTESIAN_POINT('Ctrl Pts',(547.250770943396,180.111834145515,57.9523554436438));
#4394=CARTESIAN_POINT('Ctrl Pts',(547.283247133068,180.079673808867,58.136710337865));
#4395=CARTESIAN_POINT('Ctrl Pts',(547.31080202844,180.052293974101,58.2336519988965));
#4396=CARTESIAN_POINT('Ctrl Pts',(547.418149707304,179.945500910062,58.507323140082));
#4397=CARTESIAN_POINT('Ctrl Pts',(547.5238846289,179.840177854173,58.6666873563224));
#4398=CARTESIAN_POINT('Ctrl Pts',(547.803912480537,179.561393194627,58.9730147463295));
#4399=CARTESIAN_POINT('Ctrl Pts',(548.007229118029,179.358851100672,59.1001738515626));
#4400=CARTESIAN_POINT('Ctrl Pts',(548.292921353398,179.076893967149,59.2116621303182));
#4401=CARTESIAN_POINT('Ctrl Pts',(548.386602546727,178.984669971235,59.2368310832635));
#4402=CARTESIAN_POINT('Ctrl Pts',(548.474804241935,178.9006908196,59.2529611273598));
#4403=CARTESIAN_POINT('Ctrl Pts',(548.476445992185,178.899128978177,59.2532585248686));
#4404=CARTESIAN_POINT('Ctrl Pts',(548.47808513476,178.897570990222,59.25355263686));
#4405=CARTESIAN_POINT('',(534.243,180.11932034356,57.779586362608));
#4406=CARTESIAN_POINT('Origin',(534.243,206.61932034356,57.779586362608));
#4407=CARTESIAN_POINT('',(534.243,206.533533905933,59.2771312491204));
#4408=CARTESIAN_POINT('',(547.243002009195,205.11932034356,57.779586362608));
#4409=CARTESIAN_POINT('',(534.243,205.11932034356,57.779586362608));
#4410=CARTESIAN_POINT('Ctrl Pts',(548.47808513476,206.341069696898,59.25355263686));
#4411=CARTESIAN_POINT('Ctrl Pts',(548.476445992185,206.339511708942,59.2532585248686));
#4412=CARTESIAN_POINT('Ctrl Pts',(548.474804241934,206.337949867519,59.2529611273598));
#4413=CARTESIAN_POINT('Ctrl Pts',(548.386602546727,206.253970715884,59.2368310832635));
#4414=CARTESIAN_POINT('Ctrl Pts',(548.292921353398,206.16174671997,59.2116621303182));
#4415=CARTESIAN_POINT('Ctrl Pts',(548.007229118029,205.879789586447,59.1001738515626));
#4416=CARTESIAN_POINT('Ctrl Pts',(547.803912480537,205.677247492492,58.9730147463295));
#4417=CARTESIAN_POINT('Ctrl Pts',(547.5238846289,205.398462832946,58.6666873563224));
#4418=CARTESIAN_POINT('Ctrl Pts',(547.418149707304,205.293139777057,58.507323140082));
#4419=CARTESIAN_POINT('Ctrl Pts',(547.31080202844,205.186346713018,58.2336519988965));
#4420=CARTESIAN_POINT('Ctrl Pts',(547.283247133068,205.158966878252,58.136710337865));
#4421=CARTESIAN_POINT('Ctrl Pts',(547.250770943397,205.126806541604,57.9523554436438));
#4422=CARTESIAN_POINT('Ctrl Pts',(547.243142726685,205.11932034356,57.8655603727652));
#4423=CARTESIAN_POINT('Ctrl Pts',(547.243002009195,205.11932034356,57.779586362608));
#4424=CARTESIAN_POINT('Origin',(548.743,192.61932034356,57.7771312491203));
#4425=CARTESIAN_POINT('',(547.243,205.11932034356,57.7771312491203));
#4426=CARTESIAN_POINT('Origin',(548.743,205.11932034356,57.7771312491203));
#4427=CARTESIAN_POINT('',(547.243,180.11932034356,57.7771312491203));
#4428=CARTESIAN_POINT('',(547.243,192.61932034356,57.7771312491203));
#4429=CARTESIAN_POINT('Origin',(548.743,180.11932034356,57.7771312491203));
#4430=CARTESIAN_POINT('',(548.743,192.61932034356,59.2771312491204));
#4431=CARTESIAN_POINT('Origin',(547.243,205.11932034356,54.2771312491204));
#4432=CARTESIAN_POINT('',(547.243,205.11932034356,64.2771312491203));
#4433=CARTESIAN_POINT('',(547.243,180.11932034356,27.1385656245602));
#4434=CARTESIAN_POINT('Origin',(532.12167965644,180.11932034356,0.));
#4435=CARTESIAN_POINT('',(495.316593128807,180.11932034356,84.9996312491204));
#4436=CARTESIAN_POINT('',(532.12167965644,180.11932034356,85.));
#4437=CARTESIAN_POINT('',(532.12167965644,180.11932034356,59.2771312491204));
#4438=CARTESIAN_POINT('',(534.243,180.11932034356,54.2771312491204));
#4439=CARTESIAN_POINT('',(495.316593128807,180.11932034356,74.2771312491203));
#4440=CARTESIAN_POINT('Origin',(495.316593128807,180.11932034356,45.7771312491204));
#4441=CARTESIAN_POINT('',(495.316593128807,180.11932034356,75.2771312491203));
#4442=CARTESIAN_POINT('',(495.316593128807,180.11932034356,74.2771312491203));
#4443=CARTESIAN_POINT('',(509.316593128807,180.11932034356,75.2771312491203));
#4444=CARTESIAN_POINT('',(513.719136392624,180.11932034356,75.2771312491203));
#4445=CARTESIAN_POINT('',(509.316593128807,180.11932034356,84.9996312491204));
#4446=CARTESIAN_POINT('',(509.316593128807,180.11932034356,40.0693156245602));
#4447=CARTESIAN_POINT('',(513.719136392624,180.11932034356,84.9996312491204));
#4448=CARTESIAN_POINT('Origin',(529.62167965644,192.61932034356,54.2771312491204));
#4449=CARTESIAN_POINT('Origin',(534.243,206.533533905933,52.8629176867473));
#4450=CARTESIAN_POINT('Origin',(534.243,180.11932034356,59.2771312491204));
#4451=CARTESIAN_POINT('',(549.243,205.11932034356,59.2771312491204));
#4452=CARTESIAN_POINT('Origin',(549.243,192.61932034356,56.0700244679338));
#4453=CARTESIAN_POINT('Origin',(532.12167965644,180.11932034356,0.));
#4454=CARTESIAN_POINT('Origin',(509.12167965644,194.36932034356,68.2771312491204));
#4455=CARTESIAN_POINT('',(506.62167965644,194.36932034356,68.2771312491204));
#4456=CARTESIAN_POINT('Origin',(509.12167965644,194.36932034356,68.2771312491204));
#4457=CARTESIAN_POINT('',(506.62167965644,194.36932034356,71.9390313827636));
#4458=CARTESIAN_POINT('',(506.62167965644,194.36932034356,68.2771312491204));
#4459=CARTESIAN_POINT('Ctrl Pts',(506.62167965644,194.36932034356,71.9390313827636));
#4460=CARTESIAN_POINT('Ctrl Pts',(506.62167965644,194.680634432293,71.9390313827636));
#4461=CARTESIAN_POINT('Ctrl Pts',(506.683575866142,195.010765685845,71.9125414606813));
#4462=CARTESIAN_POINT('Ctrl Pts',(506.928884754819,195.613286708348,71.8044754676513));
#4463=CARTESIAN_POINT('Ctrl Pts',(507.11209601646,195.88570443204,71.7225983478037));
#4464=CARTESIAN_POINT('Ctrl Pts',(507.550651493135,196.34304919616,71.5190045539615));
#4465=CARTESIAN_POINT('Ctrl Pts',(507.844226666753,196.545290716175,71.3785605474576));
#4466=CARTESIAN_POINT('Ctrl Pts',(508.474923310345,196.808262584644,71.0601914127141));
#4467=CARTESIAN_POINT('Ctrl Pts',(508.811782784103,196.86932034356,70.8820178903944));
#4468=CARTESIAN_POINT('Ctrl Pts',(509.445538122048,196.86932034356,70.5311198418763));
#4469=CARTESIAN_POINT('Ctrl Pts',(509.789211557713,196.803112129265,70.3317814454368));
#4470=CARTESIAN_POINT('Ctrl Pts',(510.423228903212,196.531474535825,69.9468868549886));
#4471=CARTESIAN_POINT('Ctrl Pts',(510.713774855395,196.326181813983,69.7615671047897));
#4472=CARTESIAN_POINT('Ctrl Pts',(511.140565357361,195.871287200649,69.4817018572356));
#4473=CARTESIAN_POINT('Ctrl Pts',(511.318215486178,195.605420578819,69.3614352382359));
#4474=CARTESIAN_POINT('Ctrl Pts',(511.558987426804,195.01138237227,69.1962674524881));
#4475=CARTESIAN_POINT('Ctrl Pts',(511.62167965644,194.682803440016,69.1522067212208));
#4476=CARTESIAN_POINT('Ctrl Pts',(511.62167965644,194.055837247103,69.1522067212208));
#4477=CARTESIAN_POINT('Ctrl Pts',(511.558987426804,193.727258314849,69.1962674524881));
#4478=CARTESIAN_POINT('Ctrl Pts',(511.318215486178,193.1332201083,69.3614352382359));
#4479=CARTESIAN_POINT('Ctrl Pts',(511.140565357361,192.86735348647,69.4817018572356));
#4480=CARTESIAN_POINT('Ctrl Pts',(510.713774855395,192.412458873136,69.7615671047897));
#4481=CARTESIAN_POINT('Ctrl Pts',(510.423228903212,192.207166151295,69.9468868549886));
#4482=CARTESIAN_POINT('Ctrl Pts',(509.789211557713,191.935528557855,70.3317814454368));
#4483=CARTESIAN_POINT('Ctrl Pts',(509.445538122048,191.86932034356,70.5311198418763));
#4484=CARTESIAN_POINT('Ctrl Pts',(508.811782784103,191.86932034356,70.8820178903944));
#4485=CARTESIAN_POINT('Ctrl Pts',(508.474923310345,191.930378102475,71.0601914127142));
#4486=CARTESIAN_POINT('Ctrl Pts',(507.844226666753,192.193349970944,71.3785605474576));
#4487=CARTESIAN_POINT('Ctrl Pts',(507.550651493135,192.395591490959,71.5190045539615));
#4488=CARTESIAN_POINT('Ctrl Pts',(507.11209601646,192.852936255079,71.7225983478037));
#4489=CARTESIAN_POINT('Ctrl Pts',(506.928884754819,193.125353978771,71.8044754676513));
#4490=CARTESIAN_POINT('Ctrl Pts',(506.683575866142,193.727875001274,71.9125414606813));
#4491=CARTESIAN_POINT('Ctrl Pts',(506.62167965644,194.058006254827,71.9390313827636));
#4492=CARTESIAN_POINT('Ctrl Pts',(506.62167965644,194.36932034356,71.9390313827636));
#4493=CARTESIAN_POINT('Origin',(509.12167965644,200.86932034356,68.2771312491204));
#4494=CARTESIAN_POINT('',(506.62167965644,200.86932034356,68.2771312491204));
#4495=CARTESIAN_POINT('Origin',(509.12167965644,200.86932034356,68.2771312491204));
#4496=CARTESIAN_POINT('',(506.62167965644,200.86932034356,71.9390313827636));
#4497=CARTESIAN_POINT('',(506.62167965644,200.86932034356,68.2771312491204));
#4498=CARTESIAN_POINT('Ctrl Pts',(506.62167965644,200.86932034356,71.9390313827636));
#4499=CARTESIAN_POINT('Ctrl Pts',(506.62167965644,201.180634432293,71.9390313827636));
#4500=CARTESIAN_POINT('Ctrl Pts',(506.683575866142,201.510765685845,71.9125414606813));
#4501=CARTESIAN_POINT('Ctrl Pts',(506.928884754819,202.113286708348,71.8044754676513));
#4502=CARTESIAN_POINT('Ctrl Pts',(507.11209601646,202.38570443204,71.7225983478037));
#4503=CARTESIAN_POINT('Ctrl Pts',(507.550651493135,202.84304919616,71.5190045539615));
#4504=CARTESIAN_POINT('Ctrl Pts',(507.844226666753,203.045290716175,71.3785605474576));
#4505=CARTESIAN_POINT('Ctrl Pts',(508.474923310345,203.308262584644,71.0601914127141));
#4506=CARTESIAN_POINT('Ctrl Pts',(508.811782784103,203.36932034356,70.8820178903944));
#4507=CARTESIAN_POINT('Ctrl Pts',(509.445538122048,203.36932034356,70.5311198418763));
#4508=CARTESIAN_POINT('Ctrl Pts',(509.789211557713,203.303112129265,70.3317814454368));
#4509=CARTESIAN_POINT('Ctrl Pts',(510.423228903212,203.031474535825,69.9468868549886));
#4510=CARTESIAN_POINT('Ctrl Pts',(510.713774855395,202.826181813983,69.7615671047897));
#4511=CARTESIAN_POINT('Ctrl Pts',(511.140565357361,202.371287200649,69.4817018572356));
#4512=CARTESIAN_POINT('Ctrl Pts',(511.318215486178,202.105420578819,69.3614352382359));
#4513=CARTESIAN_POINT('Ctrl Pts',(511.558987426804,201.51138237227,69.1962674524881));
#4514=CARTESIAN_POINT('Ctrl Pts',(511.62167965644,201.182803440016,69.1522067212208));
#4515=CARTESIAN_POINT('Ctrl Pts',(511.62167965644,200.555837247103,69.1522067212208));
#4516=CARTESIAN_POINT('Ctrl Pts',(511.558987426804,200.227258314849,69.1962674524881));
#4517=CARTESIAN_POINT('Ctrl Pts',(511.318215486178,199.6332201083,69.3614352382359));
#4518=CARTESIAN_POINT('Ctrl Pts',(511.140565357361,199.36735348647,69.4817018572356));
#4519=CARTESIAN_POINT('Ctrl Pts',(510.713774855395,198.912458873136,69.7615671047897));
#4520=CARTESIAN_POINT('Ctrl Pts',(510.423228903212,198.707166151295,69.9468868549886));
#4521=CARTESIAN_POINT('Ctrl Pts',(509.789211557713,198.435528557855,70.3317814454368));
#4522=CARTESIAN_POINT('Ctrl Pts',(509.445538122048,198.36932034356,70.5311198418763));
#4523=CARTESIAN_POINT('Ctrl Pts',(508.811782784103,198.36932034356,70.8820178903944));
#4524=CARTESIAN_POINT('Ctrl Pts',(508.474923310345,198.430378102475,71.0601914127142));
#4525=CARTESIAN_POINT('Ctrl Pts',(507.844226666753,198.693349970944,71.3785605474576));
#4526=CARTESIAN_POINT('Ctrl Pts',(507.550651493135,198.895591490959,71.5190045539615));
#4527=CARTESIAN_POINT('Ctrl Pts',(507.11209601646,199.352936255079,71.7225983478037));
#4528=CARTESIAN_POINT('Ctrl Pts',(506.928884754819,199.625353978771,71.8044754676513));
#4529=CARTESIAN_POINT('Ctrl Pts',(506.683575866142,200.227875001274,71.9125414606813));
#4530=CARTESIAN_POINT('Ctrl Pts',(506.62167965644,200.558006254827,71.9390313827636));
#4531=CARTESIAN_POINT('Ctrl Pts',(506.62167965644,200.86932034356,71.9390313827636));
#4532=CARTESIAN_POINT('Origin',(512.121679656441,190.36932034356,49.2771312491204));
#4533=CARTESIAN_POINT('',(512.121679656441,190.36932034356,68.2771312491204));
#4534=CARTESIAN_POINT('',(512.121679656441,190.36932034356,49.2771312491204));
#4535=CARTESIAN_POINT('',(512.121679656441,204.86932034356,68.2771312491204));
#4536=CARTESIAN_POINT('',(512.121679656441,190.36932034356,68.2771312491204));
#4537=CARTESIAN_POINT('',(512.121679656441,204.86932034356,49.2771312491204));
#4538=CARTESIAN_POINT('Origin',(506.121679656441,190.36932034356,49.2771312491204));
#4539=CARTESIAN_POINT('',(506.121679656441,190.36932034356,68.2771312491204));
#4540=CARTESIAN_POINT('',(506.121679656441,190.36932034356,49.2771312491204));
#4541=CARTESIAN_POINT('',(506.121679656441,190.36932034356,68.2771312491204));
#4542=CARTESIAN_POINT('Origin',(506.121679656441,204.86932034356,49.2771312491204));
#4543=CARTESIAN_POINT('',(506.121679656441,204.86932034356,68.2771312491204));
#4544=CARTESIAN_POINT('',(506.121679656441,204.86932034356,49.2771312491204));
#4545=CARTESIAN_POINT('',(506.121679656441,204.86932034356,68.2771312491204));
#4546=CARTESIAN_POINT('Origin',(512.121679656441,204.86932034356,49.2771312491204));
#4547=CARTESIAN_POINT('',(512.121679656441,204.86932034356,68.2771312491204));
#4548=CARTESIAN_POINT('Origin',(509.12167965644,197.61932034356,68.2771312491204));
#4549=CARTESIAN_POINT('Origin',(499.316593128807,180.391306123169,75.9925062491203));
#4550=CARTESIAN_POINT('',(499.316593128807,190.391306123169,84.9996312491204));
#4551=CARTESIAN_POINT('',(509.316593128807,180.391306123169,84.9996312491204));
#4552=CARTESIAN_POINT('Origin',(499.316593128807,180.391306123169,84.9996312491204));
#4553=CARTESIAN_POINT('',(509.316593128807,180.391306123169,75.2771312491203));
#4554=CARTESIAN_POINT('',(509.316593128807,180.391306123169,75.9925062491203));
#4555=CARTESIAN_POINT('',(499.316593128807,190.391306123169,75.2771312491203));
#4556=CARTESIAN_POINT('Origin',(499.316593128807,180.391306123169,75.2771312491203));
#4557=CARTESIAN_POINT('',(499.316593128807,190.391306123169,75.9925062491203));
#4558=CARTESIAN_POINT('Origin',(495.316593128807,190.391306123169,74.2771312491203));
#4559=CARTESIAN_POINT('',(495.316593128807,190.391306123169,84.9996312491204));
#4560=CARTESIAN_POINT('',(495.316593128807,190.391306123169,84.9996312491204));
#4561=CARTESIAN_POINT('',(495.316593128807,190.391306123169,75.2771312491203));
#4562=CARTESIAN_POINT('',(494.62167965644,190.391306123169,85.0001312491204));
#4563=CARTESIAN_POINT('',(494.62167965644,190.391306123169,68.0271312491203));
#4564=CARTESIAN_POINT('',(495.316593128807,190.391306123169,85.0001312491204));
#4565=CARTESIAN_POINT('Origin',(495.316593128807,180.11932034356,75.2771312491203));
#4566=CARTESIAN_POINT('',(509.316593128807,180.11932034356,75.2771312491203));
#4567=CARTESIAN_POINT('',(495.316593128807,180.11932034356,75.2771312491203));
#4568=CARTESIAN_POINT('Origin',(495.316593128807,190.391306123169,84.9996312491204));
#4569=CARTESIAN_POINT('',(495.316593128807,185.255313233364,84.9996312491204));
#4570=CARTESIAN_POINT('',(509.316593128807,190.391306123169,84.9996312491204));
#4571=CARTESIAN_POINT('Origin',(509.316593128807,185.255313233364,77.7078812491203));
#4572=CARTESIAN_POINT('Origin',(495.316593128807,180.11932034356,74.2771312491203));
#4573=CARTESIAN_POINT('',(495.316593128807,205.11932034356,74.2771312491203));
#4574=CARTESIAN_POINT('',(495.316593128807,180.11932034356,74.2771312491203));
#4575=CARTESIAN_POINT('',(495.316593128807,205.11932034356,74.2771312491203));
#4576=CARTESIAN_POINT('Origin',(532.12167965644,205.11932034356,59.2771312491204));
#4577=CARTESIAN_POINT('',(532.12167965644,205.11932034356,59.2771312491204));
#4578=CARTESIAN_POINT('Origin',(494.719136392624,185.255313233364,85.0001312491204));
#4579=CARTESIAN_POINT('',(450.500006712973,180.11932034356,85.));
#4580=CARTESIAN_POINT('',(450.500006712973,190.500002831221,85.));
#4581=CARTESIAN_POINT('',(450.500006712973,195.30966017178,85.));
#4582=CARTESIAN_POINT('',(472.538851148812,180.11932034356,85.));
#4583=CARTESIAN_POINT('',(494.12167965644,189.891306123169,85.0001312491204));
#4584=CARTESIAN_POINT('Origin',(494.62167965644,189.891306123169,85.0001312491204));
#4585=CARTESIAN_POINT('',(494.12167965644,188.61932034356,85.0001312491204));
#4586=CARTESIAN_POINT('',(494.12167965644,190.391306123169,85.0001312491204));
#4587=CARTESIAN_POINT('',(492.12167965644,188.61932034356,85.0001312491204));
#4588=CARTESIAN_POINT('',(494.12167965644,188.61932034356,85.0001312491204));
#4589=CARTESIAN_POINT('',(492.12167965644,188.000002801418,85.0001312491204));
#4590=CARTESIAN_POINT('',(492.12167965644,188.61932034356,85.0001312491204));
#4591=CARTESIAN_POINT('',(490.12167965644,188.000002801418,85.0001312491204));
#4592=CARTESIAN_POINT('',(492.12167965644,188.000002801418,85.0001312491204));
#4593=CARTESIAN_POINT('',(469.568876000388,183.289123689539,85.0001312491204));
#4594=CARTESIAN_POINT('Origin',(464.753300131688,251.488421051163,85.0001312491204));
#4595=CARTESIAN_POINT('',(459.249847362589,185.655628513389,85.0001312491204));
#4596=CARTESIAN_POINT('Origin',(473.245159808287,223.000442044689,85.0001312491204));
#4597=CARTESIAN_POINT('',(451.000006720424,190.000002831221,85.0001312491204));
#4598=CARTESIAN_POINT('Origin',(475.815277909719,227.118190995771,85.0001312491204));
#4599=CARTESIAN_POINT('',(451.000006720424,190.500002831221,85.0001312491204));
#4600=CARTESIAN_POINT('',(451.000006720424,190.000002831221,85.0001312491204));
#4601=CARTESIAN_POINT('',(472.609571552798,190.500002831221,85.0001312491204));
#4602=CARTESIAN_POINT('Origin',(471.138778602814,225.345608899142,85.));
#4603=CARTESIAN_POINT('',(512.000007629395,226.000003367662,85.));
#4604=CARTESIAN_POINT('',(459.809989933092,264.610438160963,85.));
#4605=CARTESIAN_POINT('Origin',(471.138778602814,225.345608899142,85.));
#4606=CARTESIAN_POINT('',(459.809989933092,264.610438160963,80.));
#4607=CARTESIAN_POINT('',(459.809989933092,264.610438160963,84.9999999999999));
#4608=CARTESIAN_POINT('Origin',(471.138778602814,225.345608899142,80.));
#4609=CARTESIAN_POINT('',(512.000007629395,226.000003367662,85.));
#4610=CARTESIAN_POINT('',(512.000007629395,226.000003367662,85.));
#4611=CARTESIAN_POINT('Origin',(532.12167965644,226.000003367662,85.));
#4612=CARTESIAN_POINT('',(532.12167965644,226.000003367662,80.));
#4613=CARTESIAN_POINT('Origin',(472.12167965644,223.999,77.));
#4614=CARTESIAN_POINT('Origin',(478.038858906929,221.65875676966,85.));
#4615=CARTESIAN_POINT('',(431.499990288168,225.016182284995,85.));
#4616=CARTESIAN_POINT('Origin',(478.038858906929,221.65875676966,85.));
#4617=CARTESIAN_POINT('',(431.499990288168,225.016182284995,80.));
#4618=CARTESIAN_POINT('',(431.499990288168,225.016182284995,85.));
#4619=CARTESIAN_POINT('Origin',(478.038858906929,221.65875676966,80.));
#4620=CARTESIAN_POINT('Origin',(451.573437788072,246.447430970718,80.));
#4621=CARTESIAN_POINT('',(431.499990288168,214.783375657139,80.));
#4622=CARTESIAN_POINT('Origin',(374.12167965644,181.61932034356,82.5000656245602));
#4623=CARTESIAN_POINT('',(374.12167965644,195.80966017178,83.));
#4624=CARTESIAN_POINT('',(374.12167965644,183.11932034356,78.5000010893624));
#4625=CARTESIAN_POINT('',(374.12167965644,183.11932034356,78.5000010893624));
#4626=CARTESIAN_POINT('',(374.12167965644,183.11932034356,77.5));
#4627=CARTESIAN_POINT('',(374.12167965644,183.11932034356,80.));
#4628=CARTESIAN_POINT('',(374.12167965644,183.11932034356,77.5000011920929));
#4629=CARTESIAN_POINT('Origin',(509.000007584691,210.000003129244,85.));
#4630=CARTESIAN_POINT('',(509.000007584691,210.000003129244,85.));
#4631=CARTESIAN_POINT('',(509.000007584691,210.000003129244,85.));
#4632=CARTESIAN_POINT('',(509.000007584691,210.000003129244,83.));
#4633=CARTESIAN_POINT('Origin',(500.228005581319,213.728001312137,85.));
#4634=CARTESIAN_POINT('',(450.956022641184,190.500002831221,85.));
#4635=CARTESIAN_POINT('',(410.780333442376,190.500002831221,85.));
#4636=CARTESIAN_POINT('',(450.956022641184,205.,85.));
#4637=CARTESIAN_POINT('',(450.956022641184,191.000002831221,85.));
#4638=CARTESIAN_POINT('',(450.242633445155,210.,85.));
#4639=CARTESIAN_POINT('Origin',(468.12132034356,210.,85.));
#4640=CARTESIAN_POINT('',(431.499990288168,210.,85.));
#4641=CARTESIAN_POINT('',(372.12132034356,210.,85.));
#4642=CARTESIAN_POINT('',(431.499990288168,183.11932034356,85.0000012367964));
#4643=CARTESIAN_POINT('',(500.000007450581,226.000003367662,85.));
#4644=CARTESIAN_POINT('',(509.000007584691,226.000003367662,85.));
#4645=CARTESIAN_POINT('',(500.000007450581,218.544007001877,85.));
#4646=CARTESIAN_POINT('',(500.000007450581,226.000003367662,85.));
#4647=CARTESIAN_POINT('',(493.490209196433,205.972039541673,85.));
#4648=CARTESIAN_POINT('Origin',(505.011183724265,207.977827400854,85.));
#4649=CARTESIAN_POINT('',(489.794369787452,197.606772636121,85.));
#4650=CARTESIAN_POINT('',(495.473912793728,210.462010077881,85.));
#4651=CARTESIAN_POINT('',(490.118269141522,196.395834841434,85.));
#4652=CARTESIAN_POINT('Origin',(490.709074230094,197.202649161658,85.));
#4653=CARTESIAN_POINT('',(492.062514663017,195.705372853677,85.));
#4654=CARTESIAN_POINT('Origin',(492.243839537547,199.298552958341,85.));
#4655=CARTESIAN_POINT('',(505.011183724265,203.079879248154,85.));
#4656=CARTESIAN_POINT('Origin',(486.000007122755,221.40568161903,85.));
#4657=CARTESIAN_POINT('',(508.00000756979,207.00000308454,85.));
#4658=CARTESIAN_POINT('Origin',(500.000007450581,210.000003129244,85.));
#4659=CARTESIAN_POINT('Origin',(504.000007510185,210.000003129244,85.));
#4660=CARTESIAN_POINT('Origin',(431.499990288168,183.11932034356,78.4999982453883));
#4661=CARTESIAN_POINT('',(431.499990288168,183.11932034356,78.4999982453883));
#4662=CARTESIAN_POINT('',(431.499990288168,183.11932034356,78.4999982453883));
#4663=CARTESIAN_POINT('',(462.810834811214,183.11932034356,78.4999966934564));
#4664=CARTESIAN_POINT('Origin',(431.499990288168,183.11932034356,83.0000012367964));
#4665=CARTESIAN_POINT('',(431.499990288168,210.,83.));
#4666=CARTESIAN_POINT('',(431.499990288168,210.,81.5000006183982));
#4667=CARTESIAN_POINT('',(431.499990288168,183.11932034356,83.0000012367964));
#4668=CARTESIAN_POINT('',(431.499990288168,194.05966017178,83.));
#4669=CARTESIAN_POINT('',(431.499990288168,183.11932034356,84.0000662429584));
#4670=CARTESIAN_POINT('Origin',(494.12167965644,183.11932034356,85.0001312491204));
#4671=CARTESIAN_POINT('',(450.500006712973,183.11932034356,83.));
#4672=CARTESIAN_POINT('',(433.1215,183.11932034356,83.));
#4673=CARTESIAN_POINT('',(450.500006712973,183.11932034356,81.0001312491204));
#4674=CARTESIAN_POINT('',(450.500006712973,183.11932034356,85.0001312491204));
#4675=CARTESIAN_POINT('',(490.12167965644,183.11932034356,81.0001312491204));
#4676=CARTESIAN_POINT('',(485.779584775252,183.11932034356,81.0001312491204));
#4677=CARTESIAN_POINT('',(490.12167965644,183.11932034356,77.5000011920929));
#4678=CARTESIAN_POINT('',(490.12167965644,183.11932034356,80.0000011920929));
#4679=CARTESIAN_POINT('',(494.12167965644,183.11932034356,77.5));
#4680=CARTESIAN_POINT('Origin',(372.12132034356,205.,83.));
#4681=CARTESIAN_POINT('',(450.242633445155,210.,83.));
#4682=CARTESIAN_POINT('',(372.12132034356,210.,83.));
#4683=CARTESIAN_POINT('',(468.12132034356,210.,83.));
#4684=CARTESIAN_POINT('',(372.12132034356,210.,83.));
#4685=CARTESIAN_POINT('',(468.12132034356,205.,83.));
#4686=CARTESIAN_POINT('',(468.12132034356,210.,83.));
#4687=CARTESIAN_POINT('',(450.956022641184,205.,83.));
#4688=CARTESIAN_POINT('',(372.12132034356,205.,83.));
#4689=CARTESIAN_POINT('',(450.956022641184,190.500002831221,83.));
#4690=CARTESIAN_POINT('',(450.956022641184,191.000002831221,83.));
#4691=CARTESIAN_POINT('',(450.500006712973,190.500002831221,83.));
#4692=CARTESIAN_POINT('',(411.310663528266,190.500002831221,83.));
#4693=CARTESIAN_POINT('',(450.500006712973,194.05966017178,83.));
#4694=CARTESIAN_POINT('Origin',(494.12167965644,183.11932034356,77.5));
#4695=CARTESIAN_POINT('',(494.12167965644,188.61932034356,77.5));
#4696=CARTESIAN_POINT('',(494.12167965644,190.36932034356,77.5));
#4697=CARTESIAN_POINT('',(490.12167965644,188.000002801418,77.5000011920929));
#4698=CARTESIAN_POINT('',(490.12167965644,188.000002801418,77.5000011920929));
#4699=CARTESIAN_POINT('',(492.12167965644,188.000002801418,77.5000011920929));
#4700=CARTESIAN_POINT('',(492.12167965644,188.000002801418,77.5000011920929));
#4701=CARTESIAN_POINT('',(492.12167965644,188.61932034356,77.5));
#4702=CARTESIAN_POINT('',(492.12167965644,183.11932034356,77.5));
#4703=CARTESIAN_POINT('',(494.12167965644,188.61932034356,77.5));
#4704=CARTESIAN_POINT('Origin',(450.500006712973,190.500002831221,85.0001312491204));
#4705=CARTESIAN_POINT('',(451.000006720424,190.500002831221,81.0001312491204));
#4706=CARTESIAN_POINT('',(451.000006720424,190.500002831221,85.0001312491204));
#4707=CARTESIAN_POINT('',(450.500006712973,190.500002831221,81.0001312491204));
#4708=CARTESIAN_POINT('',(463.968748303519,190.500002831221,81.0001312491204));
#4709=CARTESIAN_POINT('',(450.500006712973,190.500002831221,85.0001312491204));
#4710=CARTESIAN_POINT('',(450.956022641184,190.500002831221,84.0000656245602));
#4711=CARTESIAN_POINT('Origin',(450.500006712973,183.11932034356,85.0001312491204));
#4712=CARTESIAN_POINT('',(450.500006712973,190.000002831221,81.0001312491204));
#4713=CARTESIAN_POINT('Origin',(477.437489894064,185.559661572489,81.0001312491204));
#4714=CARTESIAN_POINT('',(451.000006720424,190.000002831221,81.0001312491204));
#4715=CARTESIAN_POINT('',(451.000006720424,190.000002831221,81.0001312491204));
#4716=CARTESIAN_POINT('',(459.249847362589,185.655628513389,81.0001312491204));
#4717=CARTESIAN_POINT('Origin',(475.815277909719,227.118190995771,81.0001312491204));
#4718=CARTESIAN_POINT('',(469.568876000388,183.289123689539,81.0001312491204));
#4719=CARTESIAN_POINT('Origin',(473.245159808287,223.000442044689,81.0001312491204));
#4720=CARTESIAN_POINT('',(490.12167965644,188.000002801418,81.0001312491204));
#4721=CARTESIAN_POINT('Origin',(464.753300131688,251.488421051163,81.0001312491204));
#4722=CARTESIAN_POINT('',(490.12167965644,185.559661572489,81.0001312491204));
#4723=CARTESIAN_POINT('Origin',(451.000006720424,190.000002831221,85.0001312491204));
#4724=CARTESIAN_POINT('',(451.000006720424,190.000002831221,85.0001312491204));
#4725=CARTESIAN_POINT('Origin',(450.956022641184,205.,83.));
#4726=CARTESIAN_POINT('',(450.956022641184,205.,85.));
#4727=CARTESIAN_POINT('Origin',(372.12132034356,205.,83.));
#4728=CARTESIAN_POINT('Origin',(473.245159808287,223.000442044689,85.0001312491204));
#4729=CARTESIAN_POINT('',(469.568876000388,183.289123689539,85.0001312491204));
#4730=CARTESIAN_POINT('',(459.249847362589,185.655628513389,85.0001312491204));
#4731=CARTESIAN_POINT('Origin',(475.815277909719,227.118190995771,85.0001312491204));
#4732=CARTESIAN_POINT('Origin',(464.753300131688,251.488421051163,85.0001312491204));
#4733=CARTESIAN_POINT('',(490.12167965644,188.000002801418,85.0001312491204));
#4734=CARTESIAN_POINT('Origin',(494.62167965644,189.891306123169,68.0271312491203));
#4735=CARTESIAN_POINT('',(494.12167965644,189.891306123169,68.0271312491203));
#4736=CARTESIAN_POINT('Origin',(494.12167965644,197.61932034356,61.7771312491204));
#4737=CARTESIAN_POINT('',(494.12167965644,188.61932034356,70.8885656245602));
#4738=CARTESIAN_POINT('',(494.12167965644,215.11932034356,74.2771312491203));
#4739=CARTESIAN_POINT('Origin',(492.12167965644,188.000002801418,85.0001312491204));
#4740=CARTESIAN_POINT('',(492.12167965644,188.000002801418,83.7500984368403));
#4741=CARTESIAN_POINT('',(490.12167965644,188.000002801418,85.0001312491204));
#4742=CARTESIAN_POINT('Origin',(490.12167965644,185.559661572489,82.5000662206066));
#4743=CARTESIAN_POINT('Origin',(494.12167965644,188.61932034356,85.0001312491204));
#4744=CARTESIAN_POINT('',(492.12167965644,188.61932034356,80.));
#4745=CARTESIAN_POINT('Origin',(492.12167965644,185.86932034356,82.5000656245602));
#4746=CARTESIAN_POINT('Origin',(495.316593128807,180.11932034356,45.7771312491204));
#4747=CARTESIAN_POINT('Origin',(495.316593128807,205.11932034356,45.7771312491204));
#4748=CARTESIAN_POINT('Origin',(527.12167965644,205.11932034356,74.2771312491203));
#4749=CARTESIAN_POINT('Origin',(532.12167965644,215.11932034356,74.2771312491203));
#4750=CARTESIAN_POINT('Origin',(490.709074230094,197.202649161658,85.));
#4751=CARTESIAN_POINT('',(489.794369787452,197.606772636121,81.5));
#4752=CARTESIAN_POINT('',(490.118269141522,196.395834841434,81.5));
#4753=CARTESIAN_POINT('Origin',(490.709074230094,197.202649161658,81.5));
#4754=CARTESIAN_POINT('',(490.118269141522,196.395834841434,85.));
#4755=CARTESIAN_POINT('',(489.794369787452,197.606772636121,85.));
#4756=CARTESIAN_POINT('Origin',(500.072978769189,210.072974447852,81.5));
#4757=CARTESIAN_POINT('',(493.490209196433,205.972039541673,81.5));
#4758=CARTESIAN_POINT('',(494.785706826194,208.90430532739,81.5));
#4759=CARTESIAN_POINT('',(500.000007450581,218.544007001877,81.5));
#4760=CARTESIAN_POINT('Origin',(505.011183724265,207.977827400854,81.5));
#4761=CARTESIAN_POINT('',(500.000007450581,218.689949639093,81.5));
#4762=CARTESIAN_POINT('',(500.000007450581,218.036488907757,81.5));
#4763=CARTESIAN_POINT('',(508.314403586163,207.47295203268,81.5));
#4764=CARTESIAN_POINT('Origin',(500.000007450581,210.000003129244,81.5));
#4765=CARTESIAN_POINT('',(508.00000756979,207.00000308454,81.5));
#4766=CARTESIAN_POINT('Origin',(504.000007510185,210.000003129244,81.5));
#4767=CARTESIAN_POINT('',(505.011183724265,203.079879248154,81.5));
#4768=CARTESIAN_POINT('Origin',(500.000007450581,210.000003129244,81.5));
#4769=CARTESIAN_POINT('',(492.062514663017,195.705372853677,81.5));
#4770=CARTESIAN_POINT('Origin',(486.000007122755,221.40568161903,81.5));
#4771=CARTESIAN_POINT('Origin',(492.243839537547,199.298552958341,81.5));
#4772=CARTESIAN_POINT('Origin',(493.490209196433,205.972039541673,85.));
#4773=CARTESIAN_POINT('',(493.490209196433,205.972039541673,83.));
#4774=CARTESIAN_POINT('Origin',(492.243839537547,199.298552958341,85.));
#4775=CARTESIAN_POINT('',(492.062514663018,195.705372853677,85.));
#4776=CARTESIAN_POINT('Origin',(486.000007122755,221.40568161903,85.));
#4777=CARTESIAN_POINT('',(505.011183724265,203.079879248154,85.));
#4778=CARTESIAN_POINT('Origin',(500.000007450581,226.000003367662,83.));
#4779=CARTESIAN_POINT('',(500.000007450581,218.544007001877,83.));
#4780=CARTESIAN_POINT('',(500.000007450581,226.000003367662,83.));
#4781=CARTESIAN_POINT('',(500.000007450581,218.689949639093,83.));
#4782=CARTESIAN_POINT('Origin',(505.011183724265,207.977827400854,85.));
#4783=CARTESIAN_POINT('Origin',(450.956022641184,205.,85.));
#4784=CARTESIAN_POINT('',(468.12132034356,205.,81.));
#4785=CARTESIAN_POINT('',(468.12132034356,205.,85.));
#4786=CARTESIAN_POINT('',(450.956022641184,205.,81.));
#4787=CARTESIAN_POINT('',(370.,205.,81.));
#4788=CARTESIAN_POINT('',(450.956022641184,205.,85.));
#4789=CARTESIAN_POINT('Origin',(468.12132034356,205.,85.));
#4790=CARTESIAN_POINT('',(468.12132034356,210.,81.));
#4791=CARTESIAN_POINT('',(468.12132034356,210.,85.));
#4792=CARTESIAN_POINT('',(468.12132034356,205.,81.));
#4793=CARTESIAN_POINT('Origin',(468.12132034356,210.,85.));
#4794=CARTESIAN_POINT('',(450.242633445155,210.,81.));
#4795=CARTESIAN_POINT('',(450.242633445155,210.,85.));
#4796=CARTESIAN_POINT('',(468.12132034356,210.,81.));
#4797=CARTESIAN_POINT('Origin',(468.12132034356,210.,85.));
#4798=CARTESIAN_POINT('Origin',(468.12132034356,210.,81.));
#4799=CARTESIAN_POINT('',(450.242633445155,210.,85.));
#4800=CARTESIAN_POINT('Origin',(468.12132034356,210.,81.));
#4801=CARTESIAN_POINT('Origin',(500.000007450581,210.000003129244,83.));
#4802=CARTESIAN_POINT('',(508.314403586163,207.47295203268,83.));
#4803=CARTESIAN_POINT('Origin',(509.000007584691,226.000003367662,83.));
#4804=CARTESIAN_POINT('Origin',(504.000007510185,210.000003129244,83.));
#4805=CARTESIAN_POINT('',(508.00000756979,207.00000308454,83.));
#4806=CARTESIAN_POINT('Origin',(500.000007450581,210.000003129244,83.));
#4807=CARTESIAN_POINT('Origin',(372.12132034356,210.,80.));
#4808=CARTESIAN_POINT('Origin',(492.12167965644,188.000002801418,85.0001312491204));
#4809=CARTESIAN_POINT('',(492.12167965644,188.000002801418,85.0001312491204));
#4810=CARTESIAN_POINT('',(490.12167965644,188.000002801418,85.0001312491204));
#4811=CARTESIAN_POINT('',(492.12167965644,188.000002801418,85.0001312491204));
#4812=CARTESIAN_POINT('',(490.12167965644,188.000002801418,80.5001312491204));
#4813=CARTESIAN_POINT('',(490.12167965644,188.000002801418,85.0001312491204));
#4814=CARTESIAN_POINT('',(492.12167965644,188.000002801418,80.5001312491204));
#4815=CARTESIAN_POINT('',(492.12167965644,188.000002801418,80.5001312491204));
#4816=CARTESIAN_POINT('',(492.12167965644,188.000002801418,85.0001312491204));
#4817=CARTESIAN_POINT('Origin',(492.12167965644,188.61932034356,85.0001312491204));
#4818=CARTESIAN_POINT('',(492.12167965644,188.61932034356,85.0001312491204));
#4819=CARTESIAN_POINT('',(492.12167965644,188.61932034356,85.0001312491204));
#4820=CARTESIAN_POINT('',(492.12167965644,188.61932034356,80.5001312491204));
#4821=CARTESIAN_POINT('',(492.12167965644,188.61932034356,80.5001312491204));
#4822=CARTESIAN_POINT('',(492.12167965644,188.61932034356,85.0001312491204));
#4823=CARTESIAN_POINT('Origin',(494.12167965644,188.61932034356,85.0001312491204));
#4824=CARTESIAN_POINT('',(494.12167965644,188.61932034356,85.0001312491204));
#4825=CARTESIAN_POINT('',(494.12167965644,188.61932034356,85.0001312491204));
#4826=CARTESIAN_POINT('',(494.12167965644,188.61932034356,80.5001312491204));
#4827=CARTESIAN_POINT('',(494.12167965644,188.61932034356,80.5001312491204));
#4828=CARTESIAN_POINT('',(494.12167965644,188.61932034356,85.0001312491204));
#4829=CARTESIAN_POINT('Origin',(494.12167965644,190.089916256135,85.0001312491204));
#4830=CARTESIAN_POINT('',(494.12167965644,190.089916256135,85.0001312491204));
#4831=CARTESIAN_POINT('',(494.12167965644,190.391306123169,85.0001312491204));
#4832=CARTESIAN_POINT('',(494.12167965644,190.089916256135,80.5001312491204));
#4833=CARTESIAN_POINT('',(494.12167965644,190.391306123169,80.5001312491204));
#4834=CARTESIAN_POINT('',(494.12167965644,190.089916256135,85.0001312491204));
#4835=CARTESIAN_POINT('Origin',(497.726402205384,178.317773603837,85.0001312491204));
#4836=CARTESIAN_POINT('Origin',(497.726402205384,178.317773603837,85.0001312491204));
#4837=CARTESIAN_POINT('Origin',(497.726402205384,178.317773603837,80.5001312491204));
#4838=CARTESIAN_POINT('Origin',(492.12167965644,189.044959528776,85.0001312491204));
#4839=CARTESIAN_POINT('Origin',(492.12167965644,189.044959528776,80.5001312491204));
#4840=UNCERTAINTY_MEASURE_WITH_UNIT(LENGTH_MEASURE(0.01),#4844,
'DISTANCE_ACCURACY_VALUE',
'Maximum model space distance between geometric entities at asserted c
onnectivities');
#4841=UNCERTAINTY_MEASURE_WITH_UNIT(LENGTH_MEASURE(0.01),#4844,
'DISTANCE_ACCURACY_VALUE',
'Maximum model space distance between geometric entities at asserted c
onnectivities');
#4842=(
GEOMETRIC_REPRESENTATION_CONTEXT(3)
GLOBAL_UNCERTAINTY_ASSIGNED_CONTEXT((#4840))
GLOBAL_UNIT_ASSIGNED_CONTEXT((#4844,#4846,#4847))
REPRESENTATION_CONTEXT('','3D')
);
#4843=(
GEOMETRIC_REPRESENTATION_CONTEXT(3)
GLOBAL_UNCERTAINTY_ASSIGNED_CONTEXT((#4841))
GLOBAL_UNIT_ASSIGNED_CONTEXT((#4844,#4846,#4847))
REPRESENTATION_CONTEXT('','3D')
);
#4844=(
LENGTH_UNIT()
NAMED_UNIT(*)
SI_UNIT(.MILLI.,.METRE.)
);
#4845=(
LENGTH_UNIT()
NAMED_UNIT(*)
SI_UNIT($,.METRE.)
);
#4846=(
NAMED_UNIT(*)
PLANE_ANGLE_UNIT()
SI_UNIT($,.RADIAN.)
);
#4847=(
NAMED_UNIT(*)
SI_UNIT($,.STERADIAN.)
SOLID_ANGLE_UNIT()
);
#4848=SHAPE_DEFINITION_REPRESENTATION(#4849,#4850);
#4849=PRODUCT_DEFINITION_SHAPE('',$,#4852);
#4850=SHAPE_REPRESENTATION('',(#2928),#4842);
#4851=PRODUCT_DEFINITION_CONTEXT('part definition',#4856,'design');
#4852=PRODUCT_DEFINITION('pill_dispenser','pill_dispenser',#4853,#4851);
#4853=PRODUCT_DEFINITION_FORMATION('',$,#4858);
#4854=PRODUCT_RELATED_PRODUCT_CATEGORY('pill_dispenser',
'pill_dispenser',(#4858));
#4855=APPLICATION_PROTOCOL_DEFINITION('international standard',
'automotive_design',2009,#4856);
#4856=APPLICATION_CONTEXT(
'Core Data for Automotive Mechanical Design Process');
#4857=PRODUCT_CONTEXT('part definition',#4856,'mechanical');
#4858=PRODUCT('pill_dispenser','pill_dispenser',$,(#4857));
#4859=PRESENTATION_STYLE_ASSIGNMENT((#4860));
#4860=SURFACE_STYLE_USAGE(.BOTH.,#4861);
#4861=SURFACE_SIDE_STYLE('',(#4862));
#4862=SURFACE_STYLE_FILL_AREA(#4863);
#4863=FILL_AREA_STYLE('Steel - Satin',(#4864));
#4864=FILL_AREA_STYLE_COLOUR('Steel - Satin',#4865);
#4865=COLOUR_RGB('Steel - Satin',0.627450980392157,0.627450980392157,0.627450980392157);
ENDSEC;
END-ISO-10303-21;
